mean_r,mean_g,mean_b,std_r,std_g,std_b,brightness,brightness_std,edge_density,color_uniformity,stage,stage_name
120.196533203125,99.338623046875,79.490234375,35.62026692370082,35.8375625715917,34.18471341396719,99.67513020833334,20.407649315653302,23.027364417989418,0.009377120731741016,1,Excavation/Foundation
119.869384765625,99.30224609375,80.45654296875,35.1324194262034,35.536175653991144,34.86818882527719,99.87605794270834,20.706101534417026,22.914517195767196,0.009386429394069968,1,Excavation/Foundation
119.937255859375,98.73779296875,79.38330078125,35.40843879334688,35.38808417220425,34.99636636332539,99.352783203125,20.159497917720543,22.291170634920633,0.009363919323508767,1,Excavation/Foundation
119.751953125,99.59033203125,78.788330078125,35.01928871526095,36.18017445670875,35.41237770430416,99.37687174479167,20.234356312229686,22.450975529100532,0.009292657683922949,1,Excavation/Foundation
118.64111328125,99.483154296875,78.776123046875,35.53167750857121,34.888637138451486,35.40592489657253,98.966796875,20.6075771840418,23.071263227513228,0.009360995990052662,1,Excavation/Foundation
119.080078125,99.189208984375,81.021240234375,35.37247304349311,34.992146032282825,34.62375601365439,99.76350911458334,20.143800171327275,22.808945105820108,0.009434996990530567,1,Excavation/Foundation
120.485107421875,98.468505859375,78.604736328125,34.97318689580086,36.25490920844867,34.9433800819493,99.18611653645834,20.653460513056174,23.159970238095237,0.009330840962408769,1,Excavation/Foundation
119.458740234375,100.30859375,79.814453125,35.682687076602576,35.571313500013055,34.48484220477785,99.860595703125,20.228227026992613,22.52674437830688,0.009368660685670448,1,Excavation/Foundation
120.22216796875,98.7783203125,79.15087890625,35.12848148876011,35.65078122378456,34.77571397441969,99.3837890625,20.2158398270722,22.599991732804234,0.009384826791692568,1,Excavation/Foundation
119.710693359375,100.6005859375,79.792724609375,36.11771448630942,34.76452792719078,35.14516152629429,100.03466796875,20.18455947899556,22.782242063492063,0.009343401439154072,1,Excavation/Foundation
119.74951171875,99.771728515625,78.87841796875,34.96142893866691,35.427679849960484,34.93519898277276,99.466552734375,20.675132910425404,23.00954861111111,0.009405187025999965,1,Excavation/Foundation
119.430908203125,99.936279296875,80.256103515625,35.17110258141411,34.905418972651916,34.75189808852043,99.87443033854166,20.197008571077813,22.54770171957672,0.009449257613194005,1,Excavation/Foundation
118.699951171875,99.427490234375,80.268310546875,35.47882648712984,34.860647754526006,34.66602702030203,99.46525065104167,20.464439409130396,23.11073908730159,0.009433472679203955,1,Excavation/Foundation
119.409423828125,99.561279296875,79.554931640625,35.79763679160034,35.87188513704395,34.924995108032704,99.508544921875,20.3049099790818,22.60003306878307,0.009294153898744844,1,Excavation/Foundation
118.906494140625,98.9736328125,79.87255859375,35.16973070448703,35.467501190652314,35.28341402929956,99.25089518229166,20.676532627045923,23.04914847883598,0.009352730628906812,1,Excavation/Foundation
119.805419921875,99.55908203125,78.095458984375,35.17520988631513,36.13508760455111,35.42216680631179,99.1533203125,20.561218610863495,23.164393187830687,0.009282253093566282,1,Excavation/Foundation
118.084716796875,100.004638671875,79.00244140625,35.94945318627882,36.01498749390104,35.155624909671786,99.03059895833331,20.833821273175925,23.170552248677247,0.009248977001118857,1,Excavation/Foundation
119.639892578125,99.184814453125,79.46337890625,36.14473482884935,35.62034336156856,34.799363919589,99.42936197916667,20.76734866772067,23.419684193121697,0.009296752536282324,1,Excavation/Foundation
120.991943359375,99.505126953125,80.15380859375,35.77961491259607,35.95689657373605,35.180925717251085,100.21695963541667,20.590371522552445,23.167782738095237,0.009266343103696284,1,Excavation/Foundation
119.82080078125,99.12548828125,79.9599609375,35.62008761283792,35.32966085720353,35.1185264052106,99.63541666666666,20.22032907495092,22.610201719576718,0.009339834803214354,1,Excavation/Foundation
118.185546875,98.100830078125,80.35791015625,35.10942362165289,35.35203593321706,35.02942855891034,98.88142903645834,19.898920412714237,22.258556547619047,0.009390474788148532,1,Excavation/Foundation
120.645263671875,99.32275390625,79.92724609375,35.155602661107,35.3340480416517,35.84319937232341,99.965087890625,20.332097962997096,22.67985284391534,0.009316812134406886,1,Excavation/Foundation
120.145751953125,99.50830078125,79.524169921875,35.6598307870184,35.392910790468065,35.1536929874889,99.72607421875,20.592440562729834,23.13425925925926,0.009327798317869836,1,Excavation/Foundation
118.748046875,99.93896484375,80.301513671875,35.07444643982714,35.31188032231081,35.54146123133934,99.662841796875,20.34756885979383,22.742890211640216,0.00935210592835794,1,Excavation/Foundation
119.720703125,98.77001953125,80.101318359375,35.85581233791622,35.137437183102776,34.91368036152775,99.53068033854167,20.426898278988915,23.136946097883595,0.009353930573992253,1,Excavation/Foundation
118.872314453125,99.5107421875,78.444091796875,36.10384132624248,35.61789103735871,35.35320247239383,98.9423828125,20.614219892349098,22.95097552910053,0.009252839259329758,1,Excavation/Foundation
119.67041015625,99.302001953125,81.317626953125,35.80255593054631,35.95246096051262,35.167233587485576,100.0966796875,20.453017857919114,22.63169642857143,0.009265929829723159,1,Excavation/Foundation
118.72412109375,100.204345703125,79.57763671875,35.52427597851695,35.382225005632975,35.410832777677676,99.50203450520833,20.69004096999219,23.05179398148148,0.00931815919149956,1,Excavation/Foundation
120.434326171875,99.201904296875,79.597900390625,35.60710328201101,35.63437385291453,34.474878839268825,99.74471028645834,20.255145032703183,22.819403108465607,0.0093706348091741,1,Excavation/Foundation
119.2255859375,100.124267578125,79.580078125,35.34213205912742,35.25210456027274,34.70876928989123,99.643310546875,20.399447252272928,22.988756613756614,0.009407071713976766,1,Excavation/Foundation
118.640869140625,100.498779296875,79.83251953125,35.53881680128391,35.647183313655844,34.461889858745955,99.65738932291666,20.37419239087033,22.681919642857142,0.009376650585836624,1,Excavation/Foundation
119.97705078125,98.860107421875,79.200927734375,35.128502392852,35.53499747152039,35.5475090481729,99.34602864583333,20.01302205906643,22.1531498015873,0.009327400330834729,1,Excavation/Foundation
119.8740234375,99.581787109375,79.626708984375,36.307070498553735,35.10255135527886,34.58657275801953,99.69417317708333,20.214438851888662,22.767898478835978,0.009346126781683024,1,Excavation/Foundation
119.93115234375,100.10498046875,79.845458984375,34.83052083841453,34.94708911619008,35.146780584199526,99.96053059895833,20.348388149499726,22.648726851851848,0.009440696282634376,1,Excavation/Foundation
119.927001953125,99.09033203125,79.30712890625,35.46990352468946,34.95153095223985,35.004692876776474,99.44148763020834,20.37120908625491,22.7687251984127,0.009396188932784462,1,Excavation/Foundation
119.1708984375,99.408447265625,81.072021484375,35.27313337733565,34.952338040581466,34.98538252813828,99.8837890625,20.165410380995908,22.62921626984127,0.009415233592867084,1,Excavation/Foundation
119.179443359375,99.358642578125,78.806640625,34.70107810378737,35.12187956714847,34.783681614851375,99.11490885416667,20.229099112495117,22.44101355820106,0.009469101628107414,1,Excavation/Foundation
120.204833984375,98.692626953125,79.634033203125,35.288781941708756,35.30471435650528,35.16471570214894,99.510498046875,20.297045360871852,22.897114748677247,0.009366960922843106,1,Excavation/Foundation
120.5771484375,99.225341796875,79.94921875,35.12066817808057,35.46940049486608,35.385238405949714,99.917236328125,20.37130542830864,23.00636574074074,0.009347951665728622,1,Excavation/Foundation
119.664306640625,100.037109375,79.63232421875,35.597095093688424,35.43329849767782,35.22322190536922,99.77791341145833,20.274977881897332,22.727306547619047,0.009323695013623456,1,Excavation/Foundation
119.0595703125,98.05029296875,79.101318359375,35.31457220428443,34.60879175456786,35.39763987073402,98.737060546875,20.17880166590958,22.715443121693124,0.009405479293656994,1,Excavation/Foundation
120.19189453125,99.0830078125,80.07177734375,35.64800234262961,35.04285106101263,35.744518870211756,99.7822265625,20.767123772074015,23.29811507936508,0.009307921393440034,1,Excavation/Foundation
119.517333984375,99.333740234375,80.255859375,35.62195288944706,36.32687422947485,35.08993001309599,99.70231119791667,20.527742573027247,23.012979497354493,0.009255937651874786,1,Excavation/Foundation
118.80029296875,99.88720703125,79.822021484375,35.561609719635435,35.29092914744454,35.10002884357577,99.503173828125,19.945665688829866,22.27455357142857,0.009349939149711217,1,Excavation/Foundation
119.411376953125,98.867919921875,79.20849609375,35.37322568234784,35.429354307548955,35.35729302426716,99.16259765625,20.394907216940183,22.698040674603174,0.009331851297246535,1,Excavation/Foundation
119.19775390625,99.283447265625,80.1513671875,34.84727357231571,35.75254005715167,34.718117654090904,99.544189453125,20.13824024177108,22.571015211640212,0.009405751108276565,1,Excavation/Foundation
117.62548828125,99.086669921875,78.43701171875,34.445494120294875,35.61105206730443,35.46759272968671,98.383056640625,20.3826698357365,22.914310515873016,0.009387543613720089,1,Excavation/Foundation
120.3564453125,99.162841796875,80.18505859375,35.935426536120964,35.05611567502974,34.189155744247024,99.90144856770833,20.280585881582976,22.421585648148145,0.009417907578833772,1,Excavation/Foundation
119.415283203125,99.99462890625,78.515625,34.5277098131244,35.28938638548214,35.41740846343257,99.30851236979167,20.12960683179766,22.53439153439153,0.009413137503500132,1,Excavation/Foundation
120.176025390625,97.815673828125,78.7978515625,35.47748407638259,35.56535520220819,35.0252511488564,98.92985026041666,20.299198765150607,22.90302579365079,0.009339850893087821,1,Excavation/Foundation
119.38720703125,99.20263671875,79.51806640625,34.90442408513498,35.89341661543192,35.26251531165871,99.36930338541667,20.574031024481453,23.060102513227513,0.009340525636640012,1,Excavation/Foundation
118.302734375,100.4462890625,79.8984375,35.963253711576115,35.07437752669593,34.77739530386216,99.54915364583334,20.283873346747143,22.855448082010582,0.009361978668848999,1,Excavation/Foundation
119.836669921875,99.368408203125,79.962890625,34.750835099065675,35.97727103679829,35.08931252337437,99.72265625,20.310017501545534,23.022114748677247,0.009361769012506583,1,Excavation/Foundation
120.23779296875,98.6943359375,79.470947265625,35.15255671450532,36.09783969184854,34.42510745264458,99.46769205729167,20.293647448641522,22.85602678571429,0.009374223357986478,1,Excavation/Foundation
119.39794921875,100.1259765625,80.689453125,35.15244890136456,35.24910998742664,34.42522248949058,100.07112630208333,20.027827257599938,22.507936507936506,0.009449403893570784,1,Excavation/Foundation
117.201416015625,100.203857421875,80.22216796875,35.36607810341394,35.94933493662882,35.665553354478625,99.20914713541666,20.570260558751162,22.717344576719576,0.009260891371784732,1,Excavation/Foundation
120.8779296875,100.677001953125,79.688232421875,35.10340808233662,35.49694526904519,34.66654375699076,100.41438802083334,20.417943338454943,22.779596560846556,0.009410268175800644,1,Excavation/Foundation
120.7978515625,100.325927734375,80.39306640625,35.54707974217737,35.468660126794894,35.135706369468764,100.505615234375,20.7836835704679,23.339037698412696,0.0093325851876486,1,Excavation/Foundation
119.39794921875,98.8037109375,79.406005859375,36.061231775974406,34.884855880778595,35.12178106168988,99.20255533854167,20.47646596993276,23.29063326719577,0.009339870233428358,1,Excavation/Foundation
120.920654296875,98.0263671875,80.465576171875,35.19795169990394,35.630993027790055,35.12164667267264,99.80419921875,20.24020434984554,22.74053406084656,0.009350111924641231,1,Excavation/Foundation
119.212890625,100.286376953125,79.81201171875,35.52645484688892,35.25278094580049,34.98351749529502,99.77042643229167,20.69183727853534,23.530505952380953,0.009366562487411466,1,Excavation/Foundation
120.988037109375,99.41064453125,79.756103515625,35.77704810828268,35.74516225974089,34.768259546988894,100.05159505208334,20.301250802134238,22.678323412698415,0.009320492312058337,1,Excavation/Foundation
120.1845703125,99.579833984375,80.65283203125,35.07522769508765,35.42852170176507,35.87458598665599,100.13907877604167,20.371277101560633,22.519841269841272,0.009312865546187087,1,Excavation/Foundation
119.93359375,100.01025390625,77.772705078125,35.502977488127115,35.390426908027074,34.23280743083475,99.23885091145834,20.11695534367433,22.957258597883598,0.009422742815226825,1,Excavation/Foundation
119.8173828125,100.932373046875,79.766357421875,35.30858455319796,34.886878673053225,34.86479676871517,100.17203776041666,20.34141034008149,22.877852182539684,0.009428602193200925,1,Excavation/Foundation
120.53076171875,99.35888671875,79.46435546875,34.7652778213825,35.48007953870883,34.783505920980595,99.78466796875,19.936580693234372,22.058903769841272,0.009431394141698001,1,Excavation/Foundation
120.030029296875,99.947265625,79.11328125,35.98267984227904,35.61792216345506,35.216058284657564,99.69685872395834,20.675592539299444,22.90443121693122,0.009275004413108474,1,Excavation/Foundation
120.352783203125,100.770263671875,79.150146484375,35.636337382768,35.03518327228594,35.23147736114475,100.091064453125,20.185990451810518,22.947089947089943,0.009354274609290872,1,Excavation/Foundation
119.43994140625,99.079833984375,80.1630859375,35.553461702892825,35.455803303028745,34.78999166663438,99.56095377604166,20.412352752199876,23.198164682539684,0.009363361049093973,1,Excavation/Foundation
118.649658203125,99.73583984375,78.894775390625,36.08245311414868,35.604270897331965,34.84849900440056,99.09342447916666,20.692014344441706,23.38463128306878,0.00929927861731701,1,Excavation/Foundation
119.470703125,99.90576171875,79.40185546875,35.767554981426464,35.512375511346,34.929793376245954,99.5927734375,20.44395014463638,22.914806547619044,0.009327512131471696,1,Excavation/Foundation
119.764404296875,100.077880859375,80.980224609375,36.22059573242196,35.21841086517985,34.54123653031693,100.274169921875,20.27487164069473,22.781622023809526,0.009347520352933552,1,Excavation/Foundation
119.379150390625,99.705322265625,78.93505859375,34.49162099422719,35.01068936926248,35.64670639968024,99.33984375,20.23628492534518,22.513144841269842,0.009420718443686667,1,Excavation/Foundation
119.933837890625,99.363037109375,78.961181640625,35.735010618487415,35.254948829176335,35.54552136117996,99.41935221354167,20.59507656359242,22.92774470899471,0.009299256324315984,1,Excavation/Foundation
118.4814453125,99.109619140625,80.628173828125,35.82769430428187,35.77355191824169,35.55615850183037,99.40641276041666,21.05286361793551,23.33870701058201,0.009245783980750686,1,Excavation/Foundation
119.45703125,98.789306640625,78.7646484375,35.678080102217855,34.98567358727269,34.82496382964064,99.003662109375,20.323121225274893,22.603422619047617,0.009390666197293111,1,Excavation/Foundation
119.745361328125,100.313232421875,79.77001953125,35.83816233918685,35.38321570758177,35.0360422625258,99.94287109375,20.340181249616172,23.011243386243386,0.009323364268097586,1,Excavation/Foundation
119.306640625,97.743896484375,79.25146484375,35.70763736315173,35.81535065624668,35.10396456146169,98.767333984375,20.518563103842183,23.181588955026456,0.009291352918765403,1,Excavation/Foundation
119.4091796875,99.210205078125,79.534912109375,35.94814453377027,35.025946065873875,35.05118678742731,99.384765625,20.56017569894424,23.049603174603178,0.009343587089088909,1,Excavation/Foundation
118.759521484375,99.80615234375,80.107421875,35.90346257899992,35.1620206547301,35.59821064556155,99.55769856770834,20.701037810897333,23.564070767195766,0.009288182152854256,1,Excavation/Foundation
119.43896484375,99.64794921875,80.462890625,36.02901642717577,35.23887631575986,35.517382543453806,99.84993489583333,20.77576541023647,23.075768849206348,0.00927770511642674,1,Excavation/Foundation
119.06884765625,99.7880859375,79.81396484375,35.755362445288945,35.75389257993617,34.73804819622339,99.55696614583334,20.462470126494342,22.90897817460317,0.009324243780145782,1,Excavation/Foundation
120.162353515625,99.4990234375,80.168701171875,35.719539562686684,35.76318456373922,35.09472542712413,99.943359375,20.31084110104652,22.549107142857146,0.009295628443972533,1,Excavation/Foundation
119.3974609375,101.704345703125,78.907958984375,35.16673778840115,35.73096549461495,36.07885346187317,100.00325520833333,20.501518782512914,22.903769841269842,0.0092612695769013,1,Excavation/Foundation
120.338623046875,100.082763671875,79.55615234375,34.75162755375998,35.17020189516251,35.95284687582878,99.99251302083334,20.21640325177054,22.49363425925926,0.009356753483504197,1,Excavation/Foundation
119.295654296875,99.78125,79.912353515625,35.715807247840054,35.27382422960757,35.31546425235553,99.6630859375,20.48440448297506,22.964533730158728,0.009319221917643356,1,Excavation/Foundation
119.337890625,99.4853515625,79.2197265625,34.81164566169685,35.70230483567593,35.41964609666127,99.34765625,20.642998011497006,23.0843253968254,0.009351597924798418,1,Excavation/Foundation
119.595947265625,100.626708984375,79.729248046875,35.42764789720691,34.96238994202597,35.194356903245215,99.98396809895834,20.447096480426875,23.039227843915345,0.00938223651235372,1,Excavation/Foundation
119.226318359375,100.232421875,79.4580078125,35.11849779563592,34.75250361363583,35.4600580530396,99.638916015625,20.304929552848943,22.93274636243386,0.009404589825933658,1,Excavation/Foundation
120.60791015625,99.063232421875,79.754638671875,35.63978004708262,35.2782557368232,35.19453613830613,99.80859375,20.57022492774487,22.963210978835978,0.009335972258477997,1,Excavation/Foundation
119.76806640625,100.00146484375,79.7587890625,35.27344931161879,35.79885617338888,35.15104712748442,99.8427734375,20.76566139092345,23.277033730158728,0.009326326547669381,1,Excavation/Foundation
118.91259765625,99.45947265625,80.6611328125,36.02278843470557,35.5851931949499,35.63422184762123,99.677734375,20.82197703788593,23.41588128306878,0.00923854067891301,1,Excavation/Foundation
119.368408203125,98.951171875,80.697021484375,35.616614528531414,35.72839380138308,35.256374796406604,99.67220052083333,20.41753218237025,22.920386904761905,0.009293560834864243,1,Excavation/Foundation
119.10498046875,99.708740234375,79.920166015625,35.32326598328899,34.972413539310566,34.432937305098065,99.57796223958333,20.081288213133174,22.38454861111111,0.009458177265571027,1,Excavation/Foundation
120.754150390625,98.953857421875,78.252197265625,34.92820282939626,35.176821339262005,35.06696467864857,99.320068359375,19.870880754220533,22.438574735449738,0.009418680113812016,1,Excavation/Foundation
119.41748046875,100.0810546875,80.75146484375,35.03874846012572,35.83329692365586,35.179766409842856,100.08333333333333,20.18107052757333,22.393353174603174,0.009341271140070101,1,Excavation/Foundation
119.477294921875,99.40234375,79.369140625,35.41812841493643,36.08326057503099,35.624862456474474,99.416259765625,20.797891398367426,23.330811838624342,0.009248447871101212,1,Excavation/Foundation
117.8876953125,98.101318359375,79.738037109375,36.17448471904493,35.5346405899325,34.90857868315911,98.57568359375,20.46637420132101,22.798941798941797,0.009292151411008252,1,Excavation/Foundation
119.39990234375,99.501708984375,79.561767578125,34.92241316685766,35.37960986153426,35.185718110975685,99.48779296875,20.10085013314595,22.729621362433864,0.009390752299752827,1,Excavation/Foundation
120.010498046875,99.765869140625,79.4150390625,36.19535397750154,36.26302456109823,34.809254342618416,99.73046875,20.74847296185971,23.246858465608465,0.00923637077294479,1,Excavation/Foundation
119.25390625,98.82666015625,79.361572265625,35.30046786681744,35.81650463235935,35.29069262850838,99.14737955729166,20.980453379618766,23.424231150793652,0.00931032248779647,1,Excavation/Foundation
119.009033203125,99.582275390625,78.822021484375,35.45048630058714,35.08281313741955,34.851061640588526,99.13777669270834,20.49722708434442,22.962425595238095,0.009399877856682474,1,Excavation/Foundation
119.718994140625,100.34716796875,79.870849609375,35.16933632225126,35.54736032343293,35.043864391712376,99.97900390625,21.028693239770764,23.154679232804234,0.009366754822969838,1,Excavation/Foundation
119.68212890625,99.8251953125,79.68115234375,35.54082754820867,35.44870317236553,35.057505719401284,99.7294921875,20.101098438211828,22.49847056878307,0.009341687852897546,1,Excavation/Foundation
118.701416015625,99.912109375,79.218017578125,34.78833117981013,35.441799918853405,34.8402685701295,99.27718098958333,19.95448091832626,22.26417824074074,0.009427700877177045,1,Excavation/Foundation
119.647216796875,101.034912109375,79.44482421875,35.55708036289633,36.06931670154695,34.58425488718694,100.04231770833334,20.372460902026955,22.977554563492063,0.00932743138667943,1,Excavation/Foundation
118.907958984375,99.87109375,78.79345703125,35.15982030668413,35.19961193044195,35.840954775519165,99.19083658854166,20.504754212834776,23.01153273809524,0.009328324531907158,1,Excavation/Foundation
119.890625,98.935791015625,79.921142578125,35.457270306357834,35.80520524881055,34.5056024983283,99.58251953125,20.118827620295292,22.30551421957672,0.009366095355757411,1,Excavation/Foundation
118.800048828125,98.96875,79.55078125,35.045057632293044,35.15068011433065,35.23682238416794,99.10652669270834,20.255126417881613,22.821180555555557,0.009395621027729967,1,Excavation/Foundation
120.108642578125,99.81884765625,78.881591796875,35.687461190778805,35.414915039653195,34.970305386060154,99.60302734375,20.219402508407498,22.755042989417987,0.009339450407917796,1,Excavation/Foundation
119.199462890625,99.322021484375,80.04931640625,35.62233418897319,35.64549935727126,35.15714595415951,99.52360026041666,20.31019582802803,22.95283564814815,0.009308821883426468,1,Excavation/Foundation
119.437255859375,100.039306640625,79.302490234375,35.04556142613237,35.113719662029936,34.993429261148194,99.593017578125,20.381973235514153,23.088293650793652,0.009420390649559098,1,Excavation/Foundation
120.501953125,99.5380859375,79.846435546875,36.35138698906897,35.33096191407566,34.72223910783781,99.962158203125,20.51927752317469,23.078249007936506,0.009310589226390841,1,Excavation/Foundation
118.99365234375,100.340576171875,79.2919921875,35.34544865972506,35.68778696880105,34.702603614047305,99.54207356770834,20.307764367772826,22.78753306878307,0.009368924319106612,1,Excavation/Foundation
119.464111328125,99.62109375,79.63818359375,34.641800993391364,35.24599634254522,34.50870229667682,99.574462890625,19.89637297436053,22.298156415343918,0.009487981133014446,1,Excavation/Foundation
120.133056640625,100.158935546875,79.15283203125,34.903223081504386,34.962268769901286,35.28547890105042,99.81494140625,20.366250684535714,22.95138888888889,0.009420545030454771,1,Excavation/Foundation
119.675537109375,98.5126953125,79.607666015625,35.5788139097305,35.91268620188819,35.439795861225406,99.26529947916666,20.284149132514873,22.635995370370374,0.009265153271685013,1,Excavation/Foundation
119.894287109375,100.439208984375,79.677490234375,35.258861455141755,36.21420937563624,35.27798010132101,100.003662109375,20.511702511760667,23.052248677248677,0.009280651941206267,1,Excavation/Foundation
119.676025390625,100.054443359375,79.2177734375,35.83737099164928,34.977995521273726,35.24569782760613,99.6494140625,20.51461479603246,22.71841931216931,0.009340463838649128,1,Excavation/Foundation
119.546142578125,99.038330078125,79.3779296875,34.78420949565311,35.63548701929,34.39595584551047,99.32080078125,20.134713549572357,22.672453703703702,0.009450397721818795,1,Excavation/Foundation
119.40234375,100.909423828125,79.7451171875,36.13307833517075,35.73543531248379,34.567514549004564,100.01896158854166,20.266384447943363,22.690930886243386,0.00930786456634011,1,Excavation/Foundation
119.665771484375,98.64501953125,80.38427734375,35.76191290110497,35.714299599712945,35.761959686384365,99.56502278645833,20.511952221317266,22.79501488095238,0.009238884764891075,1,Excavation/Foundation
118.5126953125,100.56494140625,78.54736328125,35.82336951869255,35.4534614819379,35.13657370044907,99.20833333333334,20.817746773586393,23.06283068783069,0.009309824996078445,1,Excavation/Foundation
119.808837890625,99.918212890625,80.482666015625,35.82101134156201,35.91853983986703,34.84405398300384,100.06990559895833,20.376968243053597,22.62065972222222,0.009295096576021787,1,Excavation/Foundation
118.424560546875,99.32421875,81.380615234375,35.20320714457579,34.840770043185735,35.490087266062574,99.70979817708333,20.26021945926037,22.834366732804234,0.00938666899762787,1,Excavation/Foundation
119.558349609375,98.7568359375,80.005615234375,35.23370652928578,35.31784323718265,34.630876048564204,99.44026692708334,20.361009428893063,23.006489748677247,0.009417754325390692,1,Excavation/Foundation
119.09716796875,98.515869140625,79.09375,35.912217081789855,35.22167165851695,35.026238769581724,98.90226236979166,20.24506759210169,22.563822751322753,0.009331829134933812,1,Excavation/Foundation
119.89697265625,100.302001953125,78.610107421875,35.07766398103556,36.1626554921259,35.10444217945427,99.60302734375,20.40984732929986,22.794353505291006,0.009315778288615096,1,Excavation/Foundation
119.2412109375,100.03759765625,79.58642578125,35.02820321410492,35.51668776580587,34.70656642827961,99.62174479166666,20.133714799025036,22.74103009259259,0.009411635608519334,1,Excavation/Foundation
118.435791015625,99.4306640625,80.02783203125,35.46902227675335,35.29088217093434,34.26697097201307,99.298095703125,19.83746293278867,22.437127976190474,0.009431570967658554,1,Excavation/Foundation
120.0107421875,99.549560546875,80.260009765625,35.09338659979837,35.08036928792502,35.24962630564195,99.94010416666667,20.11361753653022,22.60503472222222,0.009396431304758346,1,Excavation/Foundation
118.632568359375,99.1513671875,79.468505859375,35.67347994973076,34.683601105288915,34.76984853999376,99.08414713541667,20.36576548118438,22.89095568783069,0.009422679086411511,1,Excavation/Foundation
119.068359375,99.589599609375,79.530029296875,34.897362269978224,35.94035014833606,34.76608604468339,99.39599609375,20.395397914827534,22.924313822751323,0.00938052878432002,1,Excavation/Foundation
119.564697265625,98.614501953125,80.103515625,35.389079213015286,34.76175996276628,34.70665331770525,99.42757161458334,20.107795047287212,22.442377645502646,0.009446662455768334,1,Excavation/Foundation
119.455322265625,99.44677734375,79.451171875,35.608013439218304,35.580051130410304,35.13329887774501,99.45109049479167,20.301035637732056,22.567170965608465,0.009317809314735017,1,Excavation/Foundation
118.9443359375,100.136962890625,80.833740234375,35.324808794328895,35.920288554498924,34.19551071988046,99.9716796875,20.120430350545433,22.61421130952381,0.009394910628042373,1,Excavation/Foundation
119.765380859375,100.228515625,79.21484375,35.98137108542387,35.072198515834884,34.87790134625843,99.73624674479166,20.713251930373726,22.919601521164022,0.009351783821348608,1,Excavation/Foundation
119.457763671875,100.777587890625,79.65673828125,35.86591611472983,35.63728674691338,35.34938399373023,99.96402994791666,20.55532231807124,23.093005952380953,0.009271914834467208,1,Excavation/Foundation
119.5888671875,99.912353515625,79.91650390625,34.469591630221494,36.24387587989041,35.1700370338848,99.805908203125,20.39210647634983,22.694568452380953,0.009355980647026479,1,Excavation/Foundation
119.121337890625,99.20947265625,79.167236328125,35.26457164697203,35.04499853028294,35.68722103080009,99.166015625,20.790467609290328,23.611524470899468,0.00934607466924407,1,Excavation/Foundation
120.207275390625,100.5576171875,79.70361328125,35.373202193140735,35.64552041382205,34.78406528687667,100.15616861979167,20.628707274963954,23.233506944444443,0.009363051468225593,1,Excavation/Foundation
120.456298828125,98.48046875,78.913330078125,35.371294311932196,35.4353450812924,35.19442452465329,99.28336588541666,20.553708042065164,23.337094907407405,0.009345701466739515,1,Excavation/Foundation
118.45263671875,97.234375,79.8271484375,35.204719405760635,34.34545249988526,34.92821048897783,98.50472005208333,19.761987875390485,22.28484623015873,0.009480615622817613,1,Excavation/Foundation
119.968017578125,98.767822265625,79.88037109375,35.284242047836536,35.21362747994781,34.87328968503028,99.53873697916667,20.124725484719885,22.5400958994709,0.009401044488001867,1,Excavation/Foundation
119.974609375,99.618408203125,80.247314453125,35.51072461028375,35.17534402324564,35.77938883825995,99.94677734375,20.873593635799104,23.47891865079365,0.009305315619788888,1,Excavation/Foundation
119.408935546875,99.83642578125,79.63916015625,35.39794016892617,35.52767821369996,34.83531525820331,99.628173828125,20.216058700179154,22.845444775132275,0.009366722132313406,1,Excavation/Foundation
118.796875,99.874267578125,80.451416015625,36.22293237823416,35.20536932413456,35.053148582316574,99.70751953125,20.22089686485616,22.606357473544975,0.009303931025784522,1,Excavation/Foundation
120.114501953125,99.77099609375,78.547607421875,35.595428031203745,35.55094823618875,35.55648811137895,99.47770182291667,20.695001466310757,23.21164021164021,0.009284804130029276,1,Excavation/Foundation
119.5556640625,100.3076171875,79.98095703125,34.98903744540418,35.14779204627873,35.987785860140676,99.94807942708333,20.050380490482862,22.45345568783069,0.00933492266661359,1,Excavation/Foundation
118.48681640625,99.973388671875,79.545166015625,35.24904866321368,35.59370918623248,35.42744581623522,99.33512369791667,20.25261597487704,22.968543320105823,0.009322253205714075,1,Excavation/Foundation
150.30126953125,147.748291015625,154.31982421875,31.920992528636862,32.43517983045662,31.86959601201592,150.789794921875,18.570918610429587,20.091352513227513,0.010285339131319734,2,Structure/RCC
147.539306640625,148.0419921875,151.252197265625,32.395571678286565,31.68945991128105,31.99539334603243,148.94449869791666,18.30171904602119,20.245039682539684,0.010300737771423714,2,Structure/RCC
148.442138671875,148.81787109375,155.1943359375,32.07519198896879,32.19453098206679,31.920292991091827,150.818115234375,18.654184773269975,20.3733878968254,0.01028912270566635,2,Structure/RCC
148.538330078125,147.117919921875,152.891357421875,31.884358239368108,32.193408304362556,32.52720711419278,149.515869140625,18.492749667668956,20.495411706349206,0.010245379538799981,2,Structure/RCC
148.215576171875,146.4326171875,155.4248046875,32.60479890567866,31.580322174086184,32.30416070400186,150.02433268229169,18.177346862332758,20.118138227513228,0.010257537871886482,2,Structure/RCC
148.963623046875,151.421142578125,153.321533203125,31.815015478864794,32.05115436845864,31.24834972506409,151.23543294270831,17.910553158081022,19.948330026455025,0.01040425530345456,2,Structure/RCC
149.628173828125,148.75146484375,154.03125,31.367274901575907,32.30391187555476,32.176780678678064,150.80362955729169,18.340371721238064,20.0801917989418,0.010325461920058314,2,Structure/RCC
148.169189453125,147.938720703125,154.551025390625,31.950774484561816,32.236316209182455,32.57756420265735,150.21964518229169,18.601832490631697,20.4052166005291,0.010228645526951137,2,Structure/RCC
148.784912109375,149.503173828125,153.583984375,32.150614133363476,31.398265304719704,32.400603373525406,150.6240234375,18.3323323034326,20.058242394179892,0.010314650176558358,2,Structure/RCC
149.44140625,147.811279296875,152.57568359375,31.28691545185001,32.350531893511224,32.27143386756524,149.94278971354169,19.16875437530649,20.75661375661376,0.01031897167198554,2,Structure/RCC
147.52783203125,148.967529296875,154.35595703125,32.010652017188534,31.85017676727342,31.47070893949489,150.28377278645831,18.760752452864985,20.135830026455025,0.010380816331049893,2,Structure/RCC
149.38525390625,149.223876953125,155.25927734375,32.320070095688514,31.643328221075837,32.17880134075488,151.28946940104169,18.25211061450876,19.979042658730158,0.010294187320500886,2,Structure/RCC
149.835693359375,150.28271484375,154.03173828125,32.14174699378087,31.99260861372316,32.22169707220203,151.38338216145834,18.710378173842614,20.382233796296298,0.010271575032832558,2,Structure/RCC
148.7080078125,149.161376953125,154.73779296875,32.061345531358924,31.900909850282876,31.691330473179303,150.86905924479166,18.45369385719896,19.91856812169312,0.010346227624726246,2,Structure/RCC
149.317138671875,149.520263671875,153.70654296875,31.191230037719357,32.209285399494696,32.130187387635324,150.84798177083334,17.858671040797457,19.727554563492063,0.010359398313036786,2,Structure/RCC
148.2216796875,148.2744140625,153.876953125,32.646502413503654,32.14261721536615,31.211225884051764,150.12434895833331,18.753766971406343,20.632440476190474,0.010309241629111397,2,Structure/RCC
150.0068359375,150.064453125,154.3662109375,31.693777918366067,32.12588529443084,31.987999319850488,151.47916666666666,18.542541528985897,20.237433862433864,0.010329760825107828,2,Structure/RCC
148.349609375,150.5869140625,153.124755859375,31.82180518141078,32.34954302964711,32.13280110227984,150.68709309895834,18.666072014117244,20.33296130952381,0.010277054031681745,2,Structure/RCC
149.3408203125,149.669921875,154.02001953125,31.73164845055465,32.296960927464156,32.23420594356434,151.01025390625,18.29923596176873,20.149718915343918,0.010281421493853206,2,Structure/RCC
149.87939453125,148.243896484375,154.5791015625,31.611265008136854,31.72658980781002,32.070099805528514,150.90079752604166,18.4914481281981,20.146453373015873,0.010372588070416803,2,Structure/RCC
149.337890625,148.8212890625,153.170166015625,30.983529360682702,30.978867480422327,31.305304165871817,150.443115234375,17.836789537314157,20.04803240740741,0.010608087280350552,2,Structure/RCC
149.663818359375,149.5361328125,155.545654296875,31.711306384436952,31.481163190487592,31.04896060655939,151.58186848958331,18.470660006002973,20.16865079365079,0.010499632335365874,2,Structure/RCC
150.154052734375,147.852783203125,154.10986328125,32.291306338094415,32.30805030211654,32.274550677982845,150.70556640625,18.89430164927332,20.697585978835974,0.010217227731073834,2,Structure/RCC
149.1826171875,147.94287109375,154.210205078125,31.205880583538733,31.714249341393383,31.973492184886616,150.44523111979169,18.172167898565366,19.688409391534393,0.010428222211220533,2,Structure/RCC
149.63525390625,149.2578125,152.3857421875,31.847012334944296,31.991307985468392,31.76268711567919,150.42626953125,18.40969655098171,20.264302248677247,0.010351858914738212,2,Structure/RCC
149.873291015625,149.942138671875,155.74169921875,31.7703445754473,32.45289286923945,31.894910745880065,151.85237630208334,18.64351754112709,20.410631613756614,0.010296736692690883,2,Structure/RCC
149.47998046875,150.20947265625,155.69482421875,32.54444211381751,31.80022737418765,31.670292920654184,151.79475911458334,18.099270191753376,19.82862103174603,0.010307688372724062,2,Structure/RCC
149.285400390625,148.35791015625,156.18701171875,31.857644505109068,31.44247484754982,31.38943404373198,151.27677408854166,17.977522823695185,19.98404431216931,0.010450461565616598,2,Structure/RCC
150.0556640625,147.377197265625,154.30712890625,31.696633717354686,31.661841768537883,32.255198950478444,150.57999674479169,18.4125155059523,19.8974041005291,0.010350501684506285,2,Structure/RCC
150.34033203125,149.521240234375,155.28173828125,31.870961666476354,31.53224165352336,30.77557400881628,151.71443684895831,18.114613939909827,19.85491071428571,0.010506543875272533,2,Structure/RCC
150.273681640625,149.4814453125,154.70556640625,31.917634641275658,31.738189047342033,31.544877943714912,151.48689778645831,18.574708439428544,20.338665674603178,0.010394934579810848,2,Structure/RCC
150.1171875,148.9638671875,154.800537109375,31.68925564508961,31.61495738345002,32.54630129872116,151.29386393229169,18.27969898752076,19.976521164021165,0.010325190392081657,2,Structure/RCC
148.64501953125,147.544677734375,154.15283203125,31.249757258426122,31.25249921246381,31.869325196244336,150.11417643229169,18.44831400101799,20.08746693121693,0.010485303719615329,2,Structure/RCC
150.207275390625,150.604736328125,154.02001953125,32.27296384151239,31.808659011565876,32.437960461562135,151.61067708333331,18.675452526215242,20.4775958994709,0.010254350623849232,2,Structure/RCC
149.5185546875,149.4580078125,153.77978515625,31.09638254340964,31.351548978877247,32.37441694625699,150.91878255208331,18.081088176497918,20.025917658730158,0.01043597882938838,2,Structure/RCC
150.20654296875,149.155517578125,153.8037109375,31.976123541180066,31.481617959708156,32.81535770142835,151.05525716145834,18.270076447319514,20.170097552910054,0.010280334524143392,2,Structure/RCC
148.6416015625,151.027587890625,153.517822265625,32.67166155139263,32.23187885151773,32.01443422540992,151.06233723958331,18.633954221239666,20.381200396825395,0.010212629538098875,2,Structure/RCC
150.34912109375,149.5361328125,154.858642578125,32.35163987718627,31.979136922783123,31.880564595669505,151.581298828125,18.43398208803712,20.132027116402114,0.010286865561602692,2,Structure/RCC
149.454833984375,150.224853515625,154.536376953125,32.767885011944735,31.390317436864766,32.10240792660313,151.40535481770834,18.77636729878212,20.301091269841272,0.010281654578766647,2,Structure/RCC
148.568115234375,148.181640625,154.12646484375,31.518274228054526,31.372412039116462,31.31689906104283,150.29207356770834,18.504229999745373,20.209201388888886,0.010503364795490303,2,Structure/RCC
148.495361328125,148.914306640625,155.130126953125,31.499898901845278,31.539274103013753,30.820563577613168,150.84659830729166,17.94267243694079,20.041459986772487,0.010541880422897736,2,Structure/RCC
149.61865234375,148.65478515625,154.62841796875,31.85556367805038,31.77200680717862,31.628591277024213,150.96728515625,18.53202036199323,20.386160714285715,0.010388945306898257,2,Structure/RCC
149.15625,151.01513671875,154.10888671875,31.939151131487513,31.645663416450056,31.15207091974352,151.4267578125,18.599910165143665,20.495535714285715,0.01044529488414975,2,Structure/RCC
148.2412109375,149.99755859375,153.560546875,32.14197206247433,31.861953425218385,31.44434483905139,150.59977213541669,18.18072509937516,19.99652777777778,0.01036825229329914,2,Structure/RCC
150.125244140625,149.666015625,153.612060546875,31.894038239667363,31.628501185635653,31.92351762557009,151.13444010416666,18.58285578583127,20.403025793650794,0.0103684902273664,2,Structure/RCC
148.47900390625,148.85205078125,153.631103515625,31.75486011928406,32.075504272106485,31.103608665626577,150.32071940104169,18.449407006283533,20.284350198412696,0.010423835979415371,2,Structure/RCC
147.852783203125,147.267578125,155.28173828125,31.6314077171384,31.940132346168692,31.698357337816077,150.134033203125,18.548335895280218,20.082671957671955,0.010387463028378932,2,Structure/RCC
148.82421875,149.253662109375,155.008056640625,31.500695357140902,32.12985373818861,31.37536079742617,151.02864583333334,18.36302028675156,20.2843501984127,0.010416025441736447,2,Structure/RCC
149.187255859375,149.54248046875,154.432373046875,31.325024685884202,32.24842765213174,32.576709604047814,151.05403645833334,18.253161558592733,20.219452711640212,0.010293343624031812,2,Structure/RCC
149.799072265625,150.29296875,154.986572265625,31.894118180785842,31.93898463671041,31.82545268863547,151.69287109375,18.460886391201118,20.14384920634921,0.01034569567860512,2,Structure/RCC
150.642578125,149.532470703125,153.919189453125,31.906076817504868,31.095868651895522,32.18244898061502,151.36474609375,18.321774901671255,19.95444775132275,0.010396696945674223,2,Structure/RCC
148.312255859375,150.194091796875,153.371337890625,32.40052242943254,31.844979341079195,32.46857779019373,150.62589518229169,18.922797310174957,20.591724537037038,0.01023393971979999,2,Structure/RCC
148.692626953125,149.47998046875,154.25244140625,31.913679110816723,31.302909733954742,32.32747543294497,150.808349609375,17.90855935605571,19.912987764550266,0.010357964598666811,2,Structure/RCC
149.29541015625,149.93994140625,155.50537109375,31.799145932844397,30.850782924065587,32.05327703695212,151.58024088541666,18.30665276227855,20.1317791005291,0.010448970759757325,2,Structure/RCC
149.548583984375,147.36962890625,155.606689453125,32.6248291265098,32.02394879378033,31.911794697228984,150.84163411458331,18.332899394101656,20.007605820105823,0.010250042339546789,2,Structure/RCC
148.634033203125,150.989990234375,153.42919921875,31.182796550749902,32.40002874528381,31.79541023873374,151.01774088541669,18.057597672406057,19.978877314814817,0.010375786550265909,2,Structure/RCC
148.931396484375,149.13818359375,152.815673828125,32.908311465031424,31.41532746647197,32.15287820081955,150.29508463541666,18.550998404706235,20.42943948412698,0.0102588811071544,2,Structure/RCC
149.43408203125,148.680908203125,154.634033203125,31.69384105897226,31.592011060504554,31.928242970181746,150.91634114583334,17.906513593123115,20.02013062169312,0.010393487555728035,2,Structure/RCC
148.773681640625,150.476318359375,153.89697265625,32.77558638992344,31.442398750411797,31.616817904857847,151.04899088541666,18.422894346194973,20.405175264550266,0.010326865636658519,2,Structure/RCC
149.4853515625,150.175537109375,155.766357421875,31.92214314427023,32.68361887219051,31.704797593464654,151.80908203125,18.87138825542115,20.4702380952381,0.010276377034605017,2,Structure/RCC
150.0078125,149.51708984375,155.32373046875,32.51742978382661,32.46696339116873,31.95721143413647,151.6162109375,18.361651123936866,20.013640873015873,0.010210165577650365,2,Structure/RCC
149.182861328125,149.240478515625,153.01171875,31.934335233613385,31.355089426983746,31.26522065853923,150.47835286458331,18.39776993332572,20.243964947089946,0.010465215967891139,2,Structure/RCC
150.353515625,149.187255859375,154.5146484375,31.593719512592703,31.463176698761757,31.5583425522005,151.351806640625,18.285180622430392,20.35954034391534,0.01045858393422915,2,Structure/RCC
149.80810546875,149.5771484375,154.41357421875,32.048978214817964,31.371169855754363,32.23439168259323,151.26627604166666,18.823174800485553,20.179356812169313,0.010346125516233177,2,Structure/RCC
149.74609375,150.075439453125,153.76171875,32.375663367585396,31.77244412023235,32.341687122847325,151.19441731770831,19.217149049090967,20.81138392857143,0.010257483914019889,2,Structure/RCC
149.295166015625,150.163330078125,153.33544921875,31.42761300902592,31.453081269288305,31.82014693814895,150.93131510416669,18.308089635468857,20.03778108465609,0.010449228943955955,2,Structure/RCC
148.76806640625,150.861083984375,154.4892578125,31.464202063545013,32.06168507122213,31.923697204414744,151.372802734375,18.35045925065049,20.24847056878307,0.010368111038025053,2,Structure/RCC
150.20166015625,150.741455078125,155.318603515625,31.976979286279235,31.144474960079158,31.494609930755715,152.08723958333331,17.94337386699598,19.848875661375658,0.010458493649640853,2,Structure/RCC
149.099609375,148.22021484375,154.960693359375,32.31301135722903,32.09431811742683,31.630521811473926,150.76017252604169,18.384188082550985,20.1437251984127,0.010305257038836928,2,Structure/RCC
149.16796875,148.37451171875,154.908203125,32.431095968495626,32.503295727664586,31.829369469622552,150.81689453125,18.674919148414375,20.310267857142858,0.010228739034541147,2,Structure/RCC
149.0126953125,149.2197265625,155.26171875,31.67712531964573,31.710706515902984,31.740499922451576,151.16471354166666,18.175483349006843,19.850446428571427,0.010402760369517958,2,Structure/RCC
147.400634765625,149.09326171875,156.350830078125,31.301650902251907,31.80342137012252,31.953346030629685,150.9482421875,18.12431395829112,20.174107142857142,0.010410331730068953,2,Structure/RCC
149.114013671875,149.140625,152.157958984375,31.730323302769083,32.1723227263649,32.68154971137967,150.13753255208334,18.748134101284755,20.462549603174605,0.010247561015506059,2,Structure/RCC
149.6337890625,149.812255859375,154.17333984375,31.73530465308716,32.973520925369584,31.502731655144903,151.20646158854166,18.354942299434825,20.183945105820108,0.010286842721765856,2,Structure/RCC
149.361328125,149.02197265625,153.205078125,32.37630168404174,31.697368187514833,31.77288228082867,150.52945963541669,17.790146493253193,19.40790343915344,0.010325612815069853,2,Structure/RCC
149.445556640625,148.71875,154.81787109375,31.45792491291932,31.490256119453047,31.778085402900032,150.99405924479169,17.915847318788355,19.861441798941804,0.010446453593551293,2,Structure/RCC
148.5556640625,150.66796875,155.1611328125,31.451938582139036,32.07997984431292,31.24220860817519,151.46158854166669,18.365670174706903,20.412863756613756,0.010441233253302845,2,Structure/RCC
148.083740234375,150.11376953125,156.062255859375,31.650828899019718,31.34122225988896,32.01386389722191,151.419921875,17.856870608964087,19.63301917989418,0.010416024881543418,2,Structure/RCC
148.42431640625,148.76806640625,154.906982421875,32.47996880472851,31.746138356626783,32.01583302878491,150.69978841145831,18.294242888731333,20.03497023809524,0.010283628628189326,2,Structure/RCC
150.103759765625,149.185546875,154.493896484375,31.681423935532198,32.230436261023954,32.033612136271756,151.26106770833331,18.537335259221503,20.25801917989418,0.010315076877101126,2,Structure/RCC
148.5595703125,148.84912109375,154.07177734375,32.04177214692359,32.048001552739585,32.055512523888524,150.49348958333331,18.437429700239683,20.25830853174603,0.010293860246587674,2,Structure/RCC
150.546142578125,149.22900390625,153.826416015625,32.206681477606224,31.735491249816384,32.144804745339385,151.20052083333331,18.847883787126825,20.61524470899471,0.010300042560090539,2,Structure/RCC
148.33154296875,149.135986328125,155.002197265625,32.17105072951647,31.88359739912026,32.26837904493575,150.8232421875,18.453440500652903,20.07320601851852,0.010275060579615266,2,Structure/RCC
151.50390625,149.455078125,154.8369140625,32.01340180139344,32.127939943200474,31.683443475686,151.93196614583331,18.66239035249753,20.630704365079367,0.010327934089654456,2,Structure/RCC
149.88134765625,149.576904296875,154.20703125,32.322170998056,31.583431236929787,32.31578817552302,151.22176106770831,18.470089564768898,20.271784060846564,0.01028580228875135,2,Structure/RCC
149.072265625,150.247802734375,156.3720703125,32.25090315389545,31.590664569544295,32.12732909253516,151.89737955729166,18.7359791232323,20.524098875661377,0.010312585095175152,2,Structure/RCC
150.061767578125,148.587646484375,155.807861328125,31.82706787028013,31.5484751285625,31.36314589803445,151.48575846354169,18.13483668299544,19.78889715608466,0.010445098126183126,2,Structure/RCC
147.909912109375,149.033203125,154.274169921875,33.0048963488766,31.383548559854418,32.338160398564945,150.40576171875,18.521018330923454,20.52488425925926,0.01023262802238505,2,Structure/RCC
148.9541015625,149.84130859375,154.846435546875,31.944063396853334,31.667087123405153,31.52101391689933,151.21394856770831,18.1782141986798,19.86851025132275,0.010402345623391285,2,Structure/RCC
147.99853515625,149.191650390625,154.193115234375,31.735463543041764,31.5572727510973,31.48319339380739,150.46110026041666,18.08549800564927,19.806382275132272,0.010441036732905258,2,Structure/RCC
148.742919921875,150.471435546875,154.32275390625,31.107520092701158,31.160233015367805,31.26281502605772,151.17903645833331,18.013367281208104,19.90029761904762,0.010578588701393702,2,Structure/RCC
149.992919921875,148.950439453125,153.836181640625,31.17442734960209,31.974404357025456,31.72266400528188,150.926513671875,18.4091574805383,20.14802414021164,0.010430628964055864,2,Structure/RCC
148.20751953125,150.239990234375,154.558837890625,31.866472543457014,31.900185705521835,32.13397331839975,151.00211588541669,18.77313809247141,20.28050595238095,0.01031985017873349,2,Structure/RCC
148.200439453125,150.305908203125,153.885009765625,31.446648609848012,31.5316359654179,31.92325100894916,150.797119140625,18.29029754009385,19.977926587301585,0.010427361709154896,2,Structure/RCC
149.602783203125,149.387451171875,155.107421875,32.42082727324991,31.867041419859447,31.315044550954603,151.36588541666669,18.524596350867274,20.34222056878307,0.010351654690511601,2,Structure/RCC
149.25,150.16650390625,153.986328125,31.341942869141025,32.19962773774262,31.49536964656208,151.13427734375,18.248220196541997,20.088045634920636,0.010412659934406031,2,Structure/RCC
148.111328125,150.064208984375,154.05029296875,31.966387201810655,31.738725672031173,31.51509295398864,150.741943359375,17.945316926952586,20.03215939153439,0.010392827487703864,2,Structure/RCC
150.56591796875,147.539306640625,153.614013671875,31.35990128695634,32.478529835885475,31.355738125303727,150.57307942708331,17.906250851409045,19.773768187830687,0.010395640482328695,2,Structure/RCC
151.278564453125,149.28271484375,155.89599609375,32.11020436109182,32.33796225469183,32.335437089688995,152.15242513020834,18.605222682556857,20.256159060846564,0.010226663388394154,2,Structure/RCC
150.7080078125,149.011474609375,155.155029296875,31.879820320814844,31.53810342970412,31.25112715309618,151.62483723958331,18.137291913014984,19.69109623015873,0.010452701166728225,2,Structure/RCC
150.195068359375,149.200439453125,155.916259765625,31.694530240457826,31.627047392382458,31.777847797168736,151.77058919270831,18.1186911859238,19.93452380952381,0.010405889478791093,2,Structure/RCC
150.5419921875,149.37158203125,154.83984375,30.63543658800114,32.39816698007855,32.74153388865335,151.58447265625,18.22732204368582,19.978877314814813,0.010333232545880781,2,Structure/RCC
150.019287109375,148.5478515625,151.93896484375,33.041269014454286,32.090443099978636,32.015578259219396,150.168701171875,18.898991265694278,20.799065806878307,0.010188768290932364,2,Structure/RCC
149.392822265625,149.548095703125,154.185302734375,31.90265707677425,32.46592461369445,32.38876832000961,151.04207356770831,18.37149625270528,20.2275958994709,0.010229409859134002,2,Structure/RCC
148.879150390625,149.5166015625,156.6767578125,31.667150067835106,31.469536946674676,31.01850202078141,151.69083658854169,17.98173403523239,20.04563492063492,0.010509148372655952,2,Structure/RCC
148.19921875,148.599609375,153.911376953125,32.200313884081915,31.94575999845147,31.54108505340594,150.23673502604166,18.657294700640346,20.54575892857143,0.010342635061420682,2,Structure/RCC
149.47998046875,150.022216796875,155.22607421875,32.35820313546271,32.236291062900854,31.338307475797357,151.57609049479169,18.155406252927104,20.106605489417987,0.010316425221685995,2,Structure/RCC
149.525634765625,147.868408203125,154.73974609375,31.26990502138264,31.799174794062978,31.836130441654362,150.71126302083331,18.242547680831677,19.76442625661376,0.010426962177750595,2,Structure/RCC
148.65966796875,148.9765625,154.18017578125,31.48157004079538,31.92159488833294,31.61846457867382,150.60546875,18.0493872541154,19.99813988095238,0.010414320243531653,2,Structure/RCC
150.359130859375,149.27587890625,154.09765625,31.847187308755693,31.50554986155751,32.01808013364224,151.24422200520831,18.446477238103014,20.54985119047619,0.010376585235818645,2,Structure/RCC
148.92626953125,148.110107421875,153.4462890625,31.050392719524947,31.540823859167393,31.424979581500015,150.160888671875,17.868021390265085,19.690517526455025,0.01052452150698658,2,Structure/RCC
150.12109375,149.581298828125,152.744873046875,32.36364853442765,32.142478098507674,32.148035547054256,150.81575520833334,18.727371044879124,20.259507275132272,0.010240218928476057,2,Structure/RCC
150.024169921875,149.386474609375,153.88525390625,32.14229458768853,31.612719989122787,32.16803138972323,151.0986328125,18.449263087198347,19.95816798941799,0.010317463612784915,2,Structure/RCC
148.477294921875,149.66259765625,154.108154296875,31.866236113019017,31.629175050037773,32.23330739130632,150.74934895833334,18.41361740668454,19.910548941798943,0.01033819133495482,2,Structure/RCC
150.01513671875,149.471923828125,153.648681640625,32.13225333638299,31.63399533646237,31.907303839418823,151.04524739583331,18.549771846911643,20.4312996031746,0.010344090746775217,2,Structure/RCC
149.75439453125,149.8017578125,156.206298828125,31.559185008844416,31.431407163617337,32.211765267567834,151.92081705729166,18.343641947461073,20.199074074074076,0.010394755665144462,2,Structure/RCC
147.658935546875,148.479248046875,156.305908203125,31.830201871975138,32.305836157344565,31.78157915659456,150.814697265625,18.414617094826156,20.422247023809526,0.010318041539153082,2,Structure/RCC
149.98681640625,148.501220703125,155.153076171875,31.855130480216303,32.897338217417136,31.871855777981914,151.21370442708331,18.08168347987698,19.978918650793652,0.010243348728623267,2,Structure/RCC
148.300537109375,150.895751953125,154.8388671875,31.74069068284453,31.886236094380877,32.47536495846484,151.34505208333331,18.39902038730772,19.975901124338623,0.01029841811274622,2,Structure/RCC
150.822998046875,147.409423828125,155.22607421875,31.567468179467845,32.23301695303417,32.320699271289236,151.15283203125,18.800134756149774,20.642195767195766,0.01029641479496788,2,Structure/RCC
147.931396484375,148.101318359375,154.736328125,32.415958505391586,32.08751519009268,31.44079736363383,150.25634765625,18.090332562816577,19.823660714285715,0.01031520469518188,2,Structure/RCC
150.0244140625,148.514892578125,154.369873046875,31.616536195238123,31.472920107389413,32.07992735108779,150.9697265625,18.456546346763577,20.22499173280423,0.010398319735528084,2,Structure/RCC
151.62890625,149.876220703125,153.164794921875,31.453291640998575,32.35103421861178,32.47771081920028,151.556640625,18.21629734298962,19.894634589947092,0.010279390051234544,2,Structure/RCC
150.74169921875,149.821533203125,153.0927734375,32.17170697872831,31.748210382524526,32.23391202593232,151.21866861979169,18.47003243944721,20.269138558201057,0.010292955062169713,2,Structure/RCC
151.55029296875,149.469482421875,155.2236328125,31.697297393051418,31.53198627617955,32.08358206879608,152.08113606770834,18.41385778360893,20.363053902116405,0.010382828839503335,2,Structure/RCC
149.861083984375,150.36865234375,154.314697265625,31.36643136848258,31.645039564569952,32.678361814285964,151.51481119791666,18.696403369214853,20.462590939153436,0.010342349051457287,2,Structure/RCC
148.412353515625,149.1494140625,156.46044921875,31.097277339624554,31.784132730132455,31.47002073826696,151.34073893229169,18.137966041637362,20.138310185185183,0.01048751960537805,2,Structure/RCC
149.628662109375,148.75634765625,154.702880859375,32.13996867899238,31.98674818290592,31.45119376680159,151.029296875,18.589707163902368,20.3135333994709,0.010354334583241975,2,Structure/RCC
148.732666015625,149.173095703125,153.8671875,32.399967256834124,32.405369575591706,32.06360313495808,150.59098307291669,19.03380043202088,20.661541005291006,0.010217746307799624,2,Structure/RCC
150.382568359375,150.2041015625,154.262451171875,31.215682388781445,32.272723080833835,31.16965008111667,151.61637369791666,18.203975716914602,20.49561838624339,0.010453902645654897,2,Structure/RCC
149.271484375,149.838623046875,155.54150390625,31.672519069421693,31.856521642371362,33.006661201578176,151.550537109375,18.46268572399306,20.064029431216934,0.010252656005779041,2,Structure/RCC
149.697265625,148.85205078125,153.843994140625,31.37822369431854,31.108689653634904,31.502957885430625,150.79777018229169,17.85571586341267,19.485739087301585,0.010527438210154677,2,Structure/RCC
148.468994140625,148.5302734375,154.59521484375,31.32429474035185,31.297004672775508,32.27329610010077,150.531494140625,17.752785380369676,19.825768849206348,0.010428116356797768,2,Structure/RCC
149.739501953125,148.078369140625,154.53662109375,31.43135287419155,32.430521601181084,31.365585096196476,150.78483072916669,18.28963429334208,20.122767857142854,0.010392044063641217,2,Structure/RCC
150.052734375,149.335693359375,154.251953125,32.09063325213751,31.4479411619878,31.930114668566457,151.21346028645831,18.3571203410226,20.17712466931217,0.010366057728252245,2,Structure/RCC
148.190673828125,150.2255859375,154.620849609375,31.690058158188872,31.569853562434403,32.58167389034691,151.01236979166669,18.616450282484,20.31948578042328,0.010326142366329866,2,Structure/RCC
148.4130859375,149.76318359375,153.84326171875,31.26378234588291,31.797286883411623,31.85861011688898,150.67317708333331,17.99291282815426,19.81361607142857,0.010425389313395242,2,Structure/RCC
149.44091796875,149.43896484375,155.771728515625,31.55631785892618,31.399597947620308,32.79424181813472,151.550537109375,18.54175872619149,20.505373677248677,0.010335900473457187,2,Structure/RCC
148.67431640625,149.420654296875,154.46728515625,31.44353173562509,31.86742485296538,31.642031667076125,150.85408528645834,18.255281981511462,20.294270833333332,0.010421770266659141,2,Structure/RCC
149.036865234375,148.921875,154.20166015625,32.06904566373343,31.72562656370044,31.291353219481916,150.72013346354169,17.787148151081077,19.594742063492063,0.010407340665292327,2,Structure/RCC
147.177734375,148.06494140625,155.83740234375,32.19444937637843,31.18123185689998,32.02235284193577,150.36002604166669,18.434483432589186,20.301959325396826,0.010373655537619719,2,Structure/RCC
151.662353515625,149.846923828125,155.609375,31.502976185171207,32.105778468135284,31.85100582816224,152.37288411458331,18.501467963707405,20.0875496031746,0.010367017241268331,2,Structure/RCC
150.13232421875,149.532958984375,154.068359375,31.75256156725599,32.071505004233885,31.78434895848269,151.24454752604166,18.303004035052815,19.958705357142858,0.010351065116990268,2,Structure/RCC
149.697021484375,149.145751953125,153.762939453125,31.77669047485428,32.06441113518671,31.094161485220827,150.86857096354169,18.07775078414303,19.752562830687832,0.010423695810444798,2,Structure/RCC
150.13623046875,150.03955078125,153.734130859375,32.4649073738188,32.63230129916449,31.305573509212195,151.30330403645834,18.54102860381564,20.299396494708994,0.010266647190112735,2,Structure/RCC
148.546630859375,148.555419921875,153.98828125,32.52814696680713,32.109513456505525,31.65755117289789,150.36344401041669,18.731837685788037,20.682705026455025,0.010277998100771363,2,Structure/RCC
148.70849609375,149.377685546875,153.527099609375,31.018651239075353,32.30445499636322,32.06798576343191,150.53776041666666,17.96406297377999,19.96102017195767,0.01037440264720435,2,Structure/RCC
150.626953125,148.197265625,155.1474609375,32.06042872351059,32.2183506938118,32.721887286885845,151.32389322916669,18.70810330312524,20.530009920634917,0.010204012213695064,2,Structure/RCC
149.1787109375,147.903076171875,153.348876953125,31.78498005240947,31.792934035720368,32.005097764550776,150.1435546875,18.589203684240935,20.46924603174603,0.010353787698454815,2,Structure/RCC
149.068603515625,148.5283203125,153.427490234375,32.5258225330009,31.832871650090727,31.636841844045353,150.34147135416669,18.339462131497122,20.074818121693124,0.010309752808832609,2,Structure/RCC
178.776123046875,107.96923828125,90.07470703125,26.91573813195515,27.315468070383847,26.606072440976362,125.606689453125,15.747600944364605,16.99227017195767,0.01221937015230506,3,Brickwork/Walls
179.340576171875,109.52294921875,89.240234375,26.779973242248133,27.27466201765127,26.77748300417383,126.03458658854167,15.688334229440333,17.138268849206348,0.012220140712635446,3,Brickwork/Walls
178.983154296875,109.493408203125,89.1875,26.76185228467307,26.35622953789984,26.782681189879963,125.88802083333334,15.428262944083764,16.918030753968253,0.012360822849669197,3,Brickwork/Walls
178.63427734375,109.564453125,88.994384765625,26.884737277890693,27.073850933851794,27.027911963556637,125.73103841145833,15.429457185209355,16.659598214285715,0.01219712998922815,3,Brickwork/Walls
178.164306640625,109.932373046875,88.708251953125,27.040986422229896,27.00112242374539,26.57326234674658,125.60164388020833,15.600346123210771,16.792576058201057,0.012252593909530317,3,Brickwork/Walls
177.6328125,109.429443359375,89.773681640625,26.896329426542458,27.41454945390246,26.8759774662399,125.61197916666666,15.620825614259118,17.053530092592595,0.012167395669469928,3,Brickwork/Walls
178.3505859375,108.946044921875,89.01513671875,26.84863604485668,26.852630024639478,27.060790675320177,125.437255859375,15.899782500780404,17.327298280423282,0.012230612093346091,3,Brickwork/Walls
178.592041015625,109.7734375,89.642578125,26.39600069461646,27.156995054149377,26.827550474223724,126.002685546875,15.565378204438625,16.97164351851852,0.01228794898058211,3,Brickwork/Walls
179.46337890625,110.063720703125,89.80419921875,26.971567543813478,26.88372119076186,27.13016119430664,126.44376627604166,15.645517282345722,16.909267526455025,0.012197286236368123,3,Brickwork/Walls
177.902587890625,108.69189453125,87.86962890625,27.502885735347338,26.796256237838083,26.964424179771843,124.82137044270834,15.279979572173957,16.75801917989418,0.012156049716354915,3,Brickwork/Walls
179.148193359375,110.25634765625,88.97265625,26.692023578451526,27.148404158976547,27.087184440489306,126.125732421875,15.282167936941443,16.774760251322753,0.012205897052490176,3,Brickwork/Walls
179.622314453125,109.797607421875,89.19873046875,26.90401195894502,26.431511661815616,25.99048726122291,126.20621744791666,15.378879590913431,16.91385582010582,0.012449267541359901,3,Brickwork/Walls
179.427978515625,109.495361328125,90.31787109375,25.817383550130295,27.559106897974274,27.503782285333198,126.41373697916667,15.453671526182811,16.74619708994709,0.012212953946251649,3,Brickwork/Walls
178.933349609375,109.9130859375,89.68359375,26.724683206561206,26.878520202747207,26.409041723266125,126.17667643229166,15.382227075011961,16.950934193121693,0.012343812942889372,3,Brickwork/Walls
179.386474609375,109.459716796875,90.029541015625,27.171498571884722,27.088204779959966,26.76502492001494,126.29191080729167,15.367059959119818,16.776041666666664,0.01219144544661749,3,Brickwork/Walls
179.16796875,108.77587890625,89.102294921875,27.020176730760358,26.312009426264584,26.52563682168316,125.68204752604167,15.412848167881846,16.73098544973545,0.012367387139069094,3,Brickwork/Walls
180.531005859375,109.4951171875,89.525634765625,26.812554916245567,27.04135424566218,26.88139144724546,126.51725260416667,15.461915426289616,16.693287037037038,0.012234615796935284,3,Brickwork/Walls
179.3662109375,109.68359375,88.42333984375,26.74665339204618,26.666514809493965,26.95762158465939,125.82438151041666,15.40161766013214,16.644469246031747,0.01228942231760911,3,Brickwork/Walls
178.971923828125,110.61669921875,90.060302734375,27.46039304776878,27.174297341050845,26.721153515910423,126.54964192708333,15.842697987271015,17.20949074074074,0.012142429153622767,3,Brickwork/Walls
179.55322265625,109.33447265625,90.431640625,27.35831039771301,26.50684321863358,27.086607241210547,126.43977864583333,15.315419496160183,16.924065806878303,0.012202300347617065,3,Brickwork/Walls
180.1826171875,109.331787109375,90.7001953125,26.91996330607324,26.348263353913435,26.271697876933136,126.73819986979166,15.297376288942607,16.992435515873016,0.012416202346223905,3,Brickwork/Walls
179.571044921875,109.30126953125,88.447021484375,26.61575234577403,27.07017714341357,26.445775262116673,125.77311197916666,15.247765935048651,16.917617394179896,0.012325637715432375,3,Brickwork/Walls
179.868896484375,108.030029296875,90.3125,26.681006772891195,26.96522512087474,26.77240592008869,126.07047526041666,15.359738735938198,16.697296626984127,0.01228220008158666,3,Brickwork/Walls
179.270751953125,109.94580078125,89.1982421875,27.15584874597467,26.94826481440293,27.048409597494732,126.13826497395834,15.51217273000971,16.85606812169312,0.012172480668406276,3,Brickwork/Walls
179.4697265625,108.70166015625,88.46728515625,26.315275267897768,27.20722806466383,26.96337040878789,125.54622395833333,15.71475888347686,17.22317294973545,0.012272065746931501,3,Brickwork/Walls
180.32861328125,110.7099609375,88.949462890625,26.478763631779263,27.442631183042092,26.724837294592664,126.66267903645833,15.504341781904989,16.736896494708994,0.012247962632983495,3,Brickwork/Walls
178.653564453125,110.155029296875,87.197998046875,26.15576186801364,26.73777902603796,27.018116496881472,125.33553059895833,15.407520180571955,16.97156084656085,0.012359158522342413,3,Brickwork/Walls
179.734619140625,109.483154296875,88.126953125,26.93021458817405,27.180696156758682,26.986270310063276,125.78157552083334,15.61262639061324,16.871155753968253,0.012180686195913485,3,Brickwork/Walls
179.967041015625,110.578369140625,88.278076171875,26.855509604683057,27.232823408119064,27.177109505326545,126.27449544270833,15.724396852509042,16.943989748677247,0.012155772453051985,3,Brickwork/Walls
178.797607421875,109.025146484375,89.337890625,27.056929712135574,27.015541000412124,26.922570359631102,125.72021484375,15.491516894751461,16.964905753968253,0.012195859492523671,3,Brickwork/Walls
179.324951171875,109.34228515625,88.9130859375,26.192172586151994,26.90360086139606,27.713601633078834,125.860107421875,15.489794864804967,16.747478505291003,0.012223537938218622,3,Brickwork/Walls
179.64111328125,109.3447265625,89.34423828125,27.056926192947433,26.50981561145526,26.939949787202128,126.11002604166666,15.511651134533059,16.884383267195766,0.01226893130456788,3,Brickwork/Walls
179.2861328125,109.083740234375,89.939697265625,26.765112609768913,27.2851527362185,27.019343951410107,126.10319010416666,15.72702581392005,16.819568452380953,0.012184778367547446,3,Brickwork/Walls
179.118896484375,109.58642578125,90.391357421875,26.26381285303275,26.583913268118284,26.576162176073662,126.36555989583333,15.076430815553442,16.47428902116402,0.012434116543883995,3,Brickwork/Walls
179.96484375,108.71044921875,87.831298828125,26.87746599105998,26.445941844309072,26.94653645691748,125.502197265625,15.706124317990186,16.992228835978835,0.012304671901871988,3,Brickwork/Walls
180.15869140625,108.740966796875,90.81396484375,26.275075683884,27.391450205817943,26.381276287869188,126.57120768229166,15.306522607277387,16.974661044973544,0.01233839750285957,3,Brickwork/Walls
179.031005859375,109.303955078125,88.37451171875,27.20727128732886,27.254231035884263,26.737025452264113,125.56982421875,16.05073157066294,17.35987103174603,0.012165668012101987,3,Brickwork/Walls
179.31689453125,108.695556640625,89.27587890625,27.093680934971974,26.161090871159356,26.107678995801912,125.76277669270834,15.22464030340627,16.89711474867725,0.012443622488127793,3,Brickwork/Walls
179.2509765625,108.815185546875,89.3662109375,26.638613359230536,27.03666444806554,26.841170039335196,125.810791015625,15.640493418643626,16.81477347883598,0.012267462903700675,3,Brickwork/Walls
179.147705078125,108.317138671875,90.037109375,27.28740461802883,26.946901622397636,26.845461416700164,125.833984375,15.760936445265564,17.15368716931217,0.012183270354483933,3,Brickwork/Walls
179.95263671875,108.356201171875,88.447509765625,26.47585506175087,27.3342005757582,26.409969757419173,125.58544921875,15.353222172231597,16.888268849206348,0.012312234515287958,3,Brickwork/Walls
179.062744140625,109.910400390625,89.085693359375,27.105952029737715,26.40833995493895,27.151012340266135,126.01961263020831,15.39960065057425,16.785507605820108,0.01224510222873893,3,Brickwork/Walls
177.803466796875,109.458984375,90.079345703125,27.120223832330264,27.530713980021584,26.737982901670435,125.78059895833333,15.690314430104785,17.027819113756614,0.012137554313535312,3,Brickwork/Walls
179.939208984375,108.127685546875,89.21337890625,26.73530126535503,27.331837675099607,26.5414967828421,125.76009114583334,15.319556415218214,16.55902777777778,0.012253605162456244,3,Brickwork/Walls
179.265625,108.261474609375,89.387939453125,26.90022889220694,27.263610064755312,26.9555232819284,125.63834635416667,15.399933234258585,16.972718253968253,0.012177396082192331,3,Brickwork/Walls
178.718017578125,108.254150390625,88.596923828125,27.119244917551235,27.59484014269371,26.774054246070797,125.189697265625,16.243882768722862,17.469948743386244,0.01212295498976584,3,Brickwork/Walls
178.252197265625,110.034912109375,89.0185546875,27.337590735877516,26.30498337359756,27.10046498860438,125.7685546875,15.657775787637682,16.998346560846556,0.012233457564504654,3,Brickwork/Walls
180.267578125,109.920166015625,89.0498046875,27.00224570365901,26.989965286089454,27.10500162780115,126.41251627604167,15.16525350504725,16.675512566137566,0.012180681513007103,3,Brickwork/Walls
179.416748046875,110.537109375,89.989990234375,26.319474706000516,26.5191114355626,26.69648464466281,126.64794921875,15.76145544618718,17.150132275132275,0.012416950655627063,3,Brickwork/Walls
179.744384765625,108.49169921875,89.078369140625,26.160148356303914,26.238305234252092,26.04832237423694,125.771484375,14.971648358396084,16.294477513227513,0.012587043185278566,3,Brickwork/Walls
178.7763671875,109.9267578125,89.01708984375,26.76330875277613,26.868749397315092,26.922128026374338,125.90673828125,15.841730714354457,17.352554563492063,0.01226178626608102,3,Brickwork/Walls
179.430419921875,109.4736328125,88.9951171875,27.16381947186787,26.192240920908684,26.993180844347375,125.96638997395834,15.742391788702145,17.177124669312168,0.012292677654916435,3,Brickwork/Walls
180.718017578125,108.5205078125,89.189208984375,26.262326487849062,27.10314804809815,27.15464233516724,126.142578125,15.360918179879937,16.922660383597886,0.012266910774686788,3,Brickwork/Walls
179.616455078125,110.611083984375,89.328857421875,26.532641540582215,26.18229483242761,26.23554302907513,126.518798828125,15.169013966362481,16.390170304232804,0.012507742386019038,3,Brickwork/Walls
180.638427734375,110.306884765625,88.491455078125,26.20550316929835,27.167967327235807,27.059891351464444,126.47892252604167,15.699061994067154,17.07928240740741,0.01227997932673557,3,Brickwork/Walls
178.344970703125,109.010498046875,90.03857421875,26.770598251829572,26.29951871637363,26.81897278219559,125.79801432291666,15.623416599153261,16.812210648148145,0.012362606664084385,3,Brickwork/Walls
178.753173828125,108.862548828125,89.775634765625,26.937733190062644,26.072922147023053,26.889053412954663,125.797119140625,15.370284653766241,16.634011243386244,0.01236098393246071,3,Brickwork/Walls
178.238037109375,108.74755859375,89.235595703125,27.11988230190049,27.104069976184583,27.313079451387278,125.40706380208334,15.868932362916265,17.336681547619047,0.012115773720548272,3,Brickwork/Walls
179.457763671875,109.021484375,89.142333984375,26.347385819661245,26.63627672255229,26.811034065800538,125.87386067708334,15.203719559278458,16.585813492063494,0.012377050004304483,3,Brickwork/Walls
179.7509765625,108.726806640625,89.52880859375,27.451831020718377,27.462373480550955,26.69343922031547,126.002197265625,15.577846228926939,16.91600529100529,0.012105417307027086,3,Brickwork/Walls
180.619140625,108.74267578125,88.7607421875,27.210217966078012,26.563900607712803,26.444801404513473,126.04085286458334,15.465540909047688,17.018766534391535,0.012312402088911382,3,Brickwork/Walls
180.025390625,109.82666015625,88.888671875,26.713867241049396,26.291758678192654,26.835241459200326,126.24690755208334,15.632493556790143,16.929646164021165,0.01236998108046856,3,Brickwork/Walls
179.39892578125,109.948974609375,90.489990234375,26.892327967908507,26.93399382495356,27.305453492472747,126.61263020833333,15.227971730664619,16.78290343915344,0.012175555642452512,3,Brickwork/Walls
180.403076171875,108.114990234375,87.572021484375,26.911963684675474,27.01172904057834,26.633282316835984,125.36336263020834,15.569123839238273,16.77331349206349,0.01226136697056164,3,Brickwork/Walls
178.795166015625,109.544189453125,88.88525390625,26.75227768617506,26.150985141189853,26.98581834830508,125.74153645833333,15.365084172076319,16.641286375661377,0.012362607974595,3,Brickwork/Walls
178.435791015625,109.12646484375,89.73388671875,26.82026181103711,27.74811935495891,26.967047747024374,125.765380859375,15.841517021458017,17.242394179894177,0.012116009005706457,3,Brickwork/Walls
180.65771484375,109.000244140625,89.046875,27.50041777120051,26.84904724251906,27.044943244128376,126.23494466145834,15.971065335761958,17.066054894179892,0.01213674594118772,3,Brickwork/Walls
179.254150390625,110.173583984375,89.867431640625,26.767884415742873,26.557948055685582,27.52851422710582,126.43172200520834,15.616883433799194,17.168857473544975,0.01221682220106103,3,Brickwork/Walls
180.34423828125,109.70849609375,89.4873046875,26.9361614372663,26.462034015219636,27.195272505373808,126.51334635416666,15.698704146909437,17.027199074074076,0.012255883038535217,3,Brickwork/Walls
179.515625,107.55859375,89.35595703125,26.778683694136742,26.4577250573431,27.205916062699554,125.47672526041667,15.239599380432566,16.77393353174603,0.012278627879074204,3,Brickwork/Walls
179.20849609375,109.7685546875,90.07568359375,27.031999376967864,27.06124866226745,27.211100290596246,126.35091145833333,15.627856170702378,17.05324074074074,0.012150026338736538,3,Brickwork/Walls
179.63525390625,109.333251953125,90.306396484375,27.261264288356,26.95197058707143,26.673346255976913,126.42496744791666,15.29803956876102,16.679852843915345,0.012212013081792834,3,Brickwork/Walls
179.123779296875,108.466796875,89.025634765625,26.906804599650812,26.07930683911557,26.836874794173898,125.53873697916666,15.464707913591354,16.751488095238095,0.012372717794884436,3,Brickwork/Walls
177.807373046875,109.089111328125,88.1806640625,26.3512510512557,27.434441006002377,26.546881017296947,125.02571614583333,15.516532909801551,16.777075066137563,0.012295196895877512,3,Brickwork/Walls
178.5087890625,109.16845703125,88.862548828125,27.67553037154176,27.36311709064087,27.038472729907937,125.51326497395833,16.032540620958617,17.370411706349206,0.012037008477036808,3,Brickwork/Walls
178.802490234375,110.549560546875,89.0068359375,26.530270956058057,26.80454035412552,26.640225476264433,126.11962890625,15.295831734125423,16.603959986772487,0.01234948497321782,3,Brickwork/Walls
179.96923828125,109.471923828125,89.812744140625,26.98247099908864,26.131516322676777,26.460158428687738,126.41796875,15.296063614756,16.847842261904763,0.012410928973384442,3,Brickwork/Walls
179.62744140625,108.4970703125,90.668212890625,26.95225757474637,26.519984195497386,26.605526280120408,126.26424153645833,15.474345774482918,17.064980158730158,0.012333837302709375,3,Brickwork/Walls
179.10986328125,109.2041015625,89.502685546875,26.519876470831893,26.60493563917577,26.77900721017936,125.93888346354167,15.401110627561057,16.776868386243386,0.012360355894230091,3,Brickwork/Walls
178.937255859375,109.385009765625,91.291748046875,26.827751320362133,26.98443308295541,27.061301760983703,126.53800455729166,15.603461505344383,17.2666583994709,0.01221396628932143,3,Brickwork/Walls
180.001953125,109.638427734375,89.17333984375,26.633223790344132,26.50899718043585,27.02407296661291,126.271240234375,15.529159949159377,16.968005952380953,0.012320385119115377,3,Brickwork/Walls
179.1396484375,109.94873046875,88.79052734375,27.373154373311706,26.292252236831395,27.059199208980363,125.95963541666666,15.488618288332317,16.832093253968253,0.012236216864884542,3,Brickwork/Walls
179.877685546875,109.587890625,88.828857421875,26.799720696472413,27.06251966374412,26.442020100870277,126.09814453125,14.94591206169255,16.440765542328045,0.012299478456957516,3,Brickwork/Walls
179.367919921875,109.293212890625,87.90234375,27.157394182049433,26.69380620804471,27.475294910962027,125.52115885416666,16.104767581310487,17.542948082010582,0.012146757812817655,3,Brickwork/Walls
179.23046875,109.3134765625,88.595458984375,27.133956063487563,27.0709043319763,26.49876856079452,125.713134765625,15.776853588785052,17.029017857142858,0.012239358432112843,3,Brickwork/Walls
178.816650390625,109.58154296875,87.789794921875,27.22682726935177,27.189909935613017,27.37938755073341,125.39599609375,15.775978259528745,17.152405753968253,0.012077859959637519,3,Brickwork/Walls
179.109130859375,108.285400390625,89.63623046875,26.859980443773726,27.038038196356926,26.85724333181617,125.67692057291667,15.383591811652618,17.00475363756614,0.012231628593437032,3,Brickwork/Walls
180.1767578125,109.65869140625,90.32666015625,27.312294529331844,26.524719688199955,27.125247193893344,126.720703125,15.457201742344308,16.986689814814813,0.012200737056049613,3,Brickwork/Walls
179.412353515625,109.07080078125,90.070068359375,26.4309265935528,26.89045462147069,26.459574903933916,126.18440755208333,15.561661900699393,16.80749834656085,0.01237915528664216,3,Brickwork/Walls
179.40380859375,110.44873046875,90.27099609375,26.503095801379764,27.04754401161343,26.713656286830567,126.70784505208333,15.405538187870476,16.91906415343915,0.012305527125610193,3,Brickwork/Walls
177.1845703125,109.44921875,89.739013671875,27.11038121711393,26.606312385684877,26.70412614060619,125.45760091145833,15.561837379063878,17.15930886243386,0.012281870941013205,3,Brickwork/Walls
178.13623046875,109.668701171875,88.86572265625,26.382496636205303,26.677798603934846,26.324634168895976,125.556884765625,15.549777884215574,17.057126322751323,0.012440142789844752,3,Brickwork/Walls
179.671142578125,109.027099609375,88.374755859375,27.26008642283536,26.352144977364684,27.30393418021914,125.69099934895833,15.289134289475456,16.816716269841272,0.012207602649788027,3,Brickwork/Walls
178.62255859375,109.21533203125,88.84326171875,26.635013501683233,27.23307995499348,26.63030580029904,125.56038411458333,15.834849147014504,17.069361772486772,0.012270179649134719,3,Brickwork/Walls
180.361083984375,108.853759765625,90.011962890625,27.193654820506435,26.980920460057973,26.722242159479674,126.408935546875,15.841359924637304,17.318907076719576,0.012210486698486065,3,Brickwork/Walls
178.864013671875,108.225830078125,88.82861328125,26.592571468888412,27.044939214277022,27.003669485000295,125.30615234375,15.385246314653376,16.893105158730158,0.012248720534663818,3,Brickwork/Walls
179.26025390625,109.267578125,88.781005859375,26.958050135776357,27.37036532530707,27.46986346868595,125.76961263020833,16.146703874438238,17.389632936507937,0.012077545728314156,3,Brickwork/Walls
179.23974609375,109.787353515625,89.883544921875,26.30455904397623,26.182398933148924,26.194796170573724,126.30354817708334,15.446126567916826,16.93733465608466,0.012549924517806049,3,Brickwork/Walls
180.25830078125,109.822265625,88.2568359375,25.97773008547717,27.012767386889358,26.964050360873244,126.11246744791667,15.225033380513242,16.79257605820106,0.01235261052979907,3,Brickwork/Walls
178.400634765625,109.3056640625,91.28076171875,26.51466998109627,26.743141774684887,27.270397702014442,126.32902018229167,15.47579482732157,16.925140542328045,0.012265693146587087,3,Brickwork/Walls
179.905029296875,108.768310546875,89.03955078125,26.609343146250772,26.283075918981318,26.458775389475274,125.904296875,15.566507146155482,16.861359126984127,0.012445365707210282,3,Brickwork/Walls
178.298583984375,110.014892578125,90.31689453125,25.942035709344395,26.715670927996396,27.0967264751402,126.21012369791666,14.821846395900113,16.330853174603178,0.012383221099541656,3,Brickwork/Walls
179.060546875,108.899658203125,90.595458984375,26.95217382549463,26.11257629013604,27.33561787795919,126.18522135416667,15.841175850868998,17.286706349206348,0.012284956747108909,3,Brickwork/Walls
178.674560546875,109.052490234375,90.37255859375,25.92608554001114,26.42415126670903,26.835943074899063,126.033203125,15.249705925001242,16.683035714285715,0.012470976937376537,3,Brickwork/Walls
179.5048828125,110.01123046875,89.565673828125,26.431976661245788,26.775686244736505,26.933594979333883,126.360595703125,15.336722268756034,16.676049933862437,0.012324186561334615,3,Brickwork/Walls
180.5947265625,109.6845703125,89.159423828125,25.79584457215652,26.845179971570197,26.61625487359465,126.47957356770834,14.978920933905659,16.472966269841272,0.012459928959218831,3,Brickwork/Walls
179.174072265625,109.211669921875,89.60693359375,27.00324093719058,26.670403455020107,27.081605748072395,125.99755859375,15.591517754765713,17.169477513227513,0.012231630363604896,3,Brickwork/Walls
181.30224609375,109.077880859375,89.977783203125,25.927783474345873,26.543293405418215,26.566548304885444,126.78597005208334,15.34295732963156,17.041253306878307,0.01249412382854896,3,Brickwork/Walls
179.437255859375,109.896240234375,89.824951171875,26.46123101381656,26.48953628773374,26.74380901813347,126.38614908854167,14.820737065724801,16.485284391534393,0.012392406597914943,3,Brickwork/Walls
180.584716796875,109.464599609375,90.0478515625,26.750203540731746,27.35816971102679,27.796056502730135,126.69905598958334,16.170868801853565,17.294766865079364,0.012062081639803539,3,Brickwork/Walls
180.249755859375,108.634765625,90.81787109375,26.141075626326717,27.771931478924333,26.47300240632441,126.56746419270833,15.462897160624957,16.764550264550266,0.012287124113853633,3,Brickwork/Walls
179.37939453125,109.602783203125,88.86669921875,27.254069098868662,26.80181135414462,26.870553855391,125.94962565104166,15.822249285452706,16.815352182539684,0.012206072538633806,3,Brickwork/Walls
179.56640625,109.93603515625,89.65576171875,26.874418314471683,27.17259487802028,26.787259681716645,126.38606770833333,15.767204871746856,17.01095403439153,0.012219818969212912,3,Brickwork/Walls
179.517333984375,110.00439453125,90.643310546875,26.860619196055136,26.86944855862035,27.34540118545355,126.7216796875,15.244123869322015,16.9463458994709,0.012183908455393197,3,Brickwork/Walls
178.61279296875,110.19775390625,90.867919921875,26.903790400284688,27.20637733347299,26.80091325565861,126.55948893229166,15.216786981232685,16.909432870370367,0.012208360430858064,3,Brickwork/Walls
178.395263671875,109.5966796875,89.345458984375,25.89790402031255,26.790463495207113,26.659904934882825,125.77913411458333,15.553017970806902,16.851975859788357,0.012445818304522748,3,Brickwork/Walls
178.335205078125,107.880615234375,89.777587890625,26.244608651277776,26.684804006322807,26.59001508074466,125.33113606770833,15.335511710868227,16.77905919312169,0.01241936297969709,3,Brickwork/Walls
179.6171875,110.07470703125,89.60498046875,26.45246395179651,26.286754122504014,26.945487407007153,126.43229166666667,15.133184231151034,16.646577380952383,0.012393922665202901,3,Brickwork/Walls
180.014892578125,110.746826171875,89.949951171875,26.688881750093834,27.43179778953391,27.43357006660231,126.90388997395833,16.03138746876446,17.16881613756614,0.012113246801586017,3,Brickwork/Walls
179.170166015625,111.004150390625,90.400634765625,26.702381656048047,26.73172624153522,26.89347819674777,126.85831705729166,15.5816159770384,16.85573743386243,0.01229595083321556,3,Brickwork/Walls
179.983154296875,110.218017578125,89.172607421875,26.891845364006933,26.759965973119314,26.7846544955043,126.45792643229167,15.521131100241133,16.738425925925924,0.012279511270236299,3,Brickwork/Walls
178.5224609375,109.240234375,89.8974609375,26.26125100028627,26.267300889867204,27.111265845413076,125.88671875,15.564843344794118,16.89537863756614,0.01240082167942383,3,Brickwork/Walls
179.494140625,107.954833984375,88.202880859375,26.453682710522077,26.9008898020197,27.021793893379364,125.21728515625,15.53221718454316,16.892650462962962,0.012288580139002588,3,Brickwork/Walls
179.119140625,108.29638671875,88.886474609375,26.623541348757016,27.0863878880001,26.315989463419545,125.43400065104166,15.78622499929284,17.152819113756614,0.012341729856841718,3,Brickwork/Walls
179.593994140625,110.2412109375,89.138671875,27.308646271744745,26.783254025414468,26.159550430097877,126.32462565104167,15.969220717705138,17.134589947089946,0.012307472556481186,3,Brickwork/Walls
178.547119140625,110.0146484375,88.044677734375,26.968799364480184,27.17114774532498,27.648855049362822,125.53548177083334,15.726025477807823,17.185639880952383,0.012078928235698123,3,Brickwork/Walls
179.387939453125,108.333740234375,89.07373046875,27.130969264202193,26.275939458163705,26.79659590506279,125.59847005208334,15.432959220387652,16.94411375661376,0.012314739426433855,3,Brickwork/Walls
178.400634765625,110.4501953125,89.0078125,27.027635047071684,27.504473357062356,27.695257404740683,125.952880859375,15.78301622580919,17.067377645502646,0.012015278752140533,3,Brickwork/Walls
179.691162109375,108.095703125,89.284423828125,26.498895908918342,26.116459449801294,27.487593287274528,125.6904296875,15.584164680568,17.080605158730158,0.01233000793059812,3,Brickwork/Walls
179.765625,110.001953125,88.67529296875,26.814362005567556,26.82623657618699,27.38257127946729,126.14762369791666,15.793944831957736,17.275834986772487,0.012191677079682956,3,Brickwork/Walls
179.048583984375,108.902587890625,88.704833984375,27.213920943371743,27.778851364780586,27.24966915065383,125.552001953125,15.477468706165856,16.725777116402117,0.012013102721102502,3,Brickwork/Walls
179.109619140625,110.172607421875,88.812255859375,26.33662131549686,26.79586353116911,26.369328036983347,126.031494140625,15.551783698922277,17.11251653439153,0.01242208049954499,3,Brickwork/Walls
179.850830078125,109.673828125,89.9296875,26.898054506321323,26.473998863303763,26.727099161522258,126.48478190104167,15.227725100140084,16.541377314814813,0.012330585077518968,3,Brickwork/Walls
178.8369140625,109.626953125,89.9541015625,27.5514923570755,27.019551227380752,27.26977211966457,126.13932291666666,15.857212357250786,17.049107142857142,0.01207134419790915,3,Brickwork/Walls
177.4609375,108.096923828125,89.692138671875,26.501132005229394,27.041293840502835,27.03475766107901,125.08333333333334,15.73278966276854,17.092055224867725,0.012258329559962138,3,Brickwork/Walls
179.43408203125,109.9326171875,88.919677734375,27.324011635421435,27.179944183286683,27.306539743928923,126.095458984375,15.86268787223511,17.342013888888886,0.012075763986264396,3,Brickwork/Walls
179.89794921875,109.242431640625,90.998291015625,26.190386842919985,27.061716327156688,26.608760214001844,126.712890625,15.523200702402352,16.979993386243386,0.012366922119667842,3,Brickwork/Walls
178.749755859375,109.938232421875,90.18359375,26.66634343157509,27.01617793680608,25.659846435943667,126.29052734375,15.356433619104088,16.806671626984127,0.012446732991931685,3,Brickwork/Walls
179.234619140625,110.245849609375,89.101318359375,26.200723517552476,26.930254923323602,27.180490084446205,126.19392903645834,15.641701665162373,17.057911706349202,0.01229838813805923,3,Brickwork/Walls
178.718505859375,109.124755859375,90.20703125,26.651259961457146,27.089871630554594,27.12946588695626,126.01676432291667,15.653215530921344,17.0250496031746,0.012214397241413724,3,Brickwork/Walls
179.680908203125,110.066650390625,88.314453125,26.35121829851121,26.086875986615464,26.823092060194657,126.02067057291667,14.997782902757615,16.826099537037038,0.01245932243883775,3,Brickwork/Walls
178.72216796875,108.997802734375,89.697021484375,26.94570924771533,27.301069280229644,26.482457543337905,125.8056640625,15.24748436793232,16.909267526455025,0.012235523639641225,3,Brickwork/Walls
179.162353515625,108.670654296875,88.8857421875,27.856264000585924,27.0606357282531,27.02501972702393,125.57291666666666,15.449814799658602,17.039599867724867,0.012056629585623998,3,Brickwork/Walls
180.6181640625,110.23583984375,90.810546875,27.154266723976058,27.16851967994116,26.591147164299393,127.22151692708333,15.755478727684398,17.213913690476193,0.012207935285725427,3,Brickwork/Walls
178.975830078125,110.962158203125,88.43359375,26.218957683072595,26.81584666669196,26.83213304319023,126.12386067708334,15.154120386741914,16.435350529100532,0.012365993225893096,3,Brickwork/Walls
179.745849609375,109.609619140625,90.475341796875,27.014827152779826,26.73627340665222,26.347788046471162,126.61027018229167,15.177622881078271,16.50595238095238,0.012330625205722113,3,Brickwork/Walls
179.04345703125,109.30322265625,90.822021484375,26.634810878790464,27.01534664701226,27.267479582620044,126.38956705729167,15.604945834993515,16.905381944444443,0.012207383358438937,3,Brickwork/Walls
178.535400390625,108.89208984375,90.236083984375,26.947317612330984,26.945385228006632,26.510614337571408,125.88785807291667,15.248306846603986,16.903521825396822,0.012284511671858216,3,Brickwork/Walls
181.841796875,109.705810546875,89.8603515625,27.65985801136261,26.899582242690965,27.07091616883614,127.135986328125,16.053029069635954,17.410300925925924,0.012102089877019903,3,Brickwork/Walls
179.6884765625,110.117919921875,89.851318359375,26.52129384789962,27.038095433252135,27.074993746035585,126.55257161458333,16.015932514164035,16.94820601851852,0.012249740402484112,3,Brickwork/Walls
199.0986328125,194.986328125,183.797607421875,22.07808713916467,21.891139327330226,21.133291737592486,192.62752278645831,12.372979321053265,13.706969246031747,0.015128016710536847,4,Plastering/Facade
199.063232421875,195.201171875,184.517822265625,21.703561588946613,21.682806557021372,21.59245371343535,192.92740885416669,12.62724486936182,13.709118716931215,0.01515637854417795,4,Plastering/Facade
198.81787109375,193.484375,184.22216796875,21.754400438451714,22.10798361346247,21.089790294711598,192.1748046875,12.508330078768406,13.559606481481481,0.01516250237246593,4,Plastering/Facade
200.248779296875,194.133056640625,185.086669921875,21.7057936505918,21.349334029625155,21.674878307680697,193.15616861979166,12.83073729286481,13.793733465608465,0.015213751846974152,4,Plastering/Facade
199.341552734375,194.1123046875,185.826904296875,21.06232130699311,21.2953694203908,21.76543024829017,193.09358723958334,12.472290385205627,13.654224537037038,0.015355529419014444,4,Plastering/Facade
199.712646484375,194.902099609375,184.5947265625,21.223989049191083,21.51202051973827,21.55350381906285,193.06982421875,12.142235066425666,13.258267195767196,0.01531639536134016,4,Plastering/Facade
199.92333984375,194.76806640625,184.75341796875,21.712869756533653,21.266352067187974,21.105731274096254,193.14827473958334,12.275043414052728,13.340649801587304,0.015364534387803486,4,Plastering/Facade
198.162109375,194.43896484375,184.31201171875,21.655282487491064,20.810240241968653,21.875620800473587,192.30436197916669,12.332945186074618,13.518063822751323,0.01530429291525778,4,Plastering/Facade
198.794677734375,194.517333984375,185.25830078125,21.402328130553077,21.528487493359485,21.286782950052732,192.85677083333331,12.491863400006704,13.52848048941799,0.015333284602098146,4,Plastering/Facade
199.18359375,194.923095703125,183.11669921875,21.513712568759743,22.22174280535276,22.611508720225707,192.40779622395831,12.61895288793762,13.53897982804233,0.014848479266254988,4,Plastering/Facade
199.6552734375,193.875,184.556640625,21.002797235656658,21.253722100493363,21.439087833956453,192.69563802083331,12.578008603017498,13.547743055555555,0.015456999999562016,4,Plastering/Facade
199.279296875,193.898193359375,184.801025390625,21.328888976558652,21.426624351751016,21.805261803242562,192.65950520833331,12.388421398137057,13.541377314814817,0.015253022832531049,4,Plastering/Facade
198.796875,194.741943359375,183.453369140625,21.690601138151404,21.71471541960899,21.04732793166282,192.33072916666669,12.515348378740109,13.563864087301589,0.015278221495872399,4,Plastering/Facade
199.6787109375,194.745849609375,184.08544921875,21.72260073548556,21.501682968306692,21.56821761136082,192.836669921875,12.154633824833557,13.333126653439153,0.015199300528336714,4,Plastering/Facade
198.718017578125,195.07373046875,185.189453125,21.498372203451325,21.482765470382947,20.65942312271637,192.99373372395831,12.206519561487013,13.47676917989418,0.015470162815378333,4,Plastering/Facade
199.78076171875,195.556640625,184.60791015625,21.224945731256526,21.982330769469137,22.226958222042622,193.31510416666669,12.14549133621926,13.147982804232804,0.015052480158355476,4,Plastering/Facade
198.924072265625,194.7119140625,184.749267578125,21.4748864642174,21.530490612707013,21.56444453303274,192.79508463541666,12.637050411923527,13.637814153439153,0.01525091841714183,4,Plastering/Facade
200.003173828125,194.697021484375,184.22802734375,21.260549763704137,21.84648254804866,21.068613625319593,192.97607421875,12.324414463977924,13.382316468253968,0.015343154419451523,4,Plastering/Facade
199.605224609375,192.96728515625,183.800537109375,21.70431539320768,21.726401620959887,22.430753026863332,192.12434895833331,12.498341886961125,13.467137896825397,0.014956296943311742,4,Plastering/Facade
199.705078125,193.856201171875,184.4619140625,21.22644451783898,21.921815431640347,22.055472381279092,192.67439778645834,13.052329403596703,13.95796130952381,0.0151048885734105,4,Plastering/Facade
199.472412109375,194.508056640625,183.734130859375,21.510608316788506,21.547219076583684,21.8289776391827,192.571533203125,12.793994264921752,13.58118386243386,0.015177545784863853,4,Plastering/Facade
200.0966796875,194.083984375,184.829833984375,21.853682217775678,21.417350619585417,21.45091368273159,193.00349934895831,12.288118030943718,13.256944444444445,0.015215617506007336,4,Plastering/Facade
199.864013671875,193.799072265625,184.102783203125,21.305610000283682,21.860205021738334,21.50942135664115,192.588623046875,12.511269300004267,13.614624669312171,0.015226439296454274,4,Plastering/Facade
199.37255859375,193.767333984375,183.25390625,21.58404423918796,21.546355308312545,22.099682822044322,192.13126627604169,12.247317816050321,13.477017195767194,0.015098879002147205,4,Plastering/Facade
199.441650390625,194.31982421875,185.17236328125,21.377067553761574,21.450780725164783,20.91221836240184,192.97794596354169,12.297073614435709,13.461846891534393,0.015446385088544668,4,Plastering/Facade
199.685546875,195.098876953125,184.322509765625,21.202883106895573,21.017100057632017,21.68722399747606,193.03564453125,11.829514911600596,13.130580357142858,0.01540660958503534,4,Plastering/Facade
198.885986328125,194.045654296875,184.453369140625,21.438011084100143,21.2738748155937,21.813479861955862,192.461669921875,12.25473114021682,13.478381283068781,0.015261265440890891,4,Plastering/Facade
200.412109375,194.266845703125,183.7568359375,21.238395035301917,21.259403581388373,21.50892238891708,192.81193033854169,12.235414973977182,13.44357638888889,0.015383024778526233,4,Plastering/Facade
199.5244140625,193.884033203125,185.98779296875,21.526654753840695,21.108246845845525,21.83275714567764,193.132080078125,12.586590170438834,13.657862103174605,0.01527471761117188,4,Plastering/Facade
199.596923828125,194.524658203125,184.198486328125,21.688206497634646,21.180017515880827,21.72343491858326,192.77335611979169,12.42181864765002,13.43299437830688,0.015245840954186138,4,Plastering/Facade
198.7626953125,194.185546875,184.951904296875,21.617453410474614,22.321300918650053,22.476504253196623,192.63338216145834,12.374381999062697,13.44386574074074,0.014833437133210612,4,Plastering/Facade
199.10498046875,194.166259765625,183.86669921875,22.025713280332855,21.567253648899282,22.191874666512923,192.37931315104166,12.760226469893109,13.729290674603174,0.014973457690490518,4,Plastering/Facade
199.01025390625,194.3837890625,183.622314453125,21.09775175776809,22.04392744511525,21.714414587856307,192.33878580729166,12.659357368938048,13.572089947089946,0.01518462366106225,4,Plastering/Facade
200.33203125,194.71923828125,184.262939453125,21.311024723843605,21.380168440514787,22.156028594456302,193.104736328125,12.339506361169185,13.456473214285715,0.015186669585890829,4,Plastering/Facade
199.578369140625,193.96484375,184.850341796875,21.717765509981632,21.175702706919456,21.902222233151647,192.7978515625,12.168146570334079,13.33378802910053,0.015198563814131972,4,Plastering/Facade
200.2958984375,194.77001953125,183.438720703125,21.18153821850965,21.564545636651925,22.045189622064367,192.83487955729169,12.407266602127756,13.364335317460316,0.015199584187197048,4,Plastering/Facade
198.993408203125,194.61865234375,185.09130859375,21.944147530607996,21.55531093335985,22.1100863985921,192.901123046875,12.525948104191738,13.73272156084656,0.015012863427656934,4,Plastering/Facade
198.863525390625,194.184326171875,184.5068359375,21.424289334984273,21.385139189615693,22.277347838274164,192.51822916666666,12.79038333978824,13.71238425925926,0.015131620197498006,4,Plastering/Facade
199.81494140625,193.428466796875,184.610595703125,21.47737798325553,21.866142407432104,22.268842421850316,192.61800130208331,12.417716038501021,13.549479166666668,0.015012228327858946,4,Plastering/Facade
198.771484375,194.26708984375,184.71337890625,21.92748229569188,21.870969515469945,21.446150694206583,192.583984375,12.414147430805857,13.480820105820104,0.01509556948309805,4,Plastering/Facade
199.20361328125,193.98095703125,184.413330078125,21.259879289707847,21.655565209729374,21.269885182303927,192.53263346354166,12.280769293169596,13.622230489417989,0.015340875084660447,4,Plastering/Facade
199.2275390625,193.69921875,184.2275390625,21.625315735557173,21.544305262258945,21.342308319685962,192.384765625,12.402064790033128,13.612392526455025,0.015264395514189831,4,Plastering/Facade
200.01513671875,193.52880859375,184.27001953125,21.197424974917247,20.932360613322526,21.648274586621067,192.60465494791666,12.161644851811731,13.357142857142856,0.015437325497253488,4,Plastering/Facade
199.93212890625,194.87451171875,184.84521484375,20.879029433312585,21.464118285758186,21.51595897872448,193.21728515625,12.502067478650662,13.39442791005291,0.015418035352528111,4,Plastering/Facade
200.11767578125,193.524658203125,184.119873046875,21.766355651509677,21.180663014245297,21.663780156911855,192.58740234375,12.349311323737238,13.323908730158731,0.015241393458762858,4,Plastering/Facade
198.39306640625,194.65869140625,184.18896484375,21.16165668476898,20.91601539132352,21.24837850667261,192.41357421875,12.059752322102078,13.237103174603176,0.015545801287976635,4,Plastering/Facade
198.357177734375,194.081298828125,184.82666015625,21.65203585088344,21.57157829436503,21.410851060672922,192.42171223958331,12.480553516517297,13.72379298941799,0.015235897738522021,4,Plastering/Facade
199.544189453125,194.70947265625,183.724609375,22.09619197137784,22.255673612026072,21.612980760353537,192.659423828125,12.822033489676553,13.846436838624339,0.014933208311516143,4,Plastering/Facade
198.78076171875,195.3056640625,184.568115234375,21.334775314050873,21.848126956609942,21.719407565639216,192.88484700520831,12.401102013556606,13.484002976190476,0.015173974971195686,4,Plastering/Facade
199.476318359375,194.117919921875,185.072998046875,21.887349766586574,21.600668464081153,22.282012464952025,192.88907877604169,12.698858151361287,13.638020833333332,0.014976779096577561,4,Plastering/Facade
198.263427734375,193.705810546875,185.045654296875,21.457493190768744,22.067647802128686,21.959860302681843,192.33829752604166,12.54550753967217,13.748181216931217,0.015040986395626227,4,Plastering/Facade
198.84423828125,195.013671875,184.259033203125,21.393224960825144,21.926531013787475,21.484574804590707,192.70564778645831,12.324861365785884,13.562169312169312,0.015196568191770716,4,Plastering/Facade
198.030029296875,194.2314453125,184.752685546875,21.524305542820752,21.655441621387492,21.790329833050954,192.33805338541669,12.513004496944479,13.456762566137566,0.015158387643560672,4,Plastering/Facade
199.804931640625,193.238037109375,184.77001953125,21.31889761692184,22.01054497934309,22.003935629853665,192.60432942708331,12.590286724206395,13.659887566137566,0.015075366681780916,4,Plastering/Facade
199.631591796875,194.98876953125,184.15869140625,22.05069549651995,21.853245228147962,21.835270006490244,192.92635091145834,12.487544839382018,13.47668650793651,0.01498369532759751,4,Plastering/Facade
199.237060546875,194.1669921875,183.96484375,20.9993188029455,21.793518879974705,21.473383196717883,192.456298828125,12.039365946555357,13.107473544973544,0.015321861546789547,4,Plastering/Facade
200.3427734375,194.923583984375,184.280517578125,20.270682592769155,21.22840746828247,20.676159829112077,193.18229166666666,11.8116514337333,13.097015542328041,0.01582898368805184,4,Plastering/Facade
199.363037109375,194.257080078125,183.5146484375,21.55346937149195,21.197570285419655,21.83584174338211,192.37825520833331,12.74171419536075,13.691674933862434,0.015246951503864637,4,Plastering/Facade
198.2041015625,193.937255859375,184.594970703125,21.859097853260895,21.589209424234188,21.155390586752304,192.24544270833331,12.032283995041949,13.200686177248677,0.015243043190481169,4,Plastering/Facade
199.290283203125,193.798583984375,185.654052734375,20.759880067755894,21.46800417069609,21.383546312791093,192.914306640625,12.21491340764007,13.246155753968253,0.01547713758182314,4,Plastering/Facade
200.66357421875,194.551025390625,183.98974609375,21.70401031577944,22.031656333206353,21.49563664694318,193.068115234375,12.342295056050553,13.539186507936508,0.015098600665185263,4,Plastering/Facade
199.020751953125,193.69091796875,183.66650390625,21.25646291932918,21.53981314517859,20.97585365617937,192.12605794270834,12.259493124842734,13.465897817460316,0.015438738919227115,4,Plastering/Facade
200.682861328125,194.1220703125,184.68359375,20.952612531398714,21.856280857028402,22.241724768522584,193.162841796875,12.313915973524018,13.48797123015873,0.015139903726923445,4,Plastering/Facade
199.07763671875,194.04248046875,184.0595703125,21.846596020802686,21.783999380359997,21.85566927602238,192.39322916666669,12.416349607511656,13.555100859788359,0.015040700584629965,4,Plastering/Facade
198.729248046875,194.143798828125,185.093994140625,21.238523647825758,21.421643088245002,22.653840455144756,192.65568033854169,12.837505822116926,13.835689484126984,0.015079770358568648,4,Plastering/Facade
200.047607421875,194.560546875,184.85302734375,21.156594558175176,20.51416112669923,21.569663226266766,193.15372721354166,12.179531124139638,13.33316798941799,0.015566523645856404,4,Plastering/Facade
199.537109375,194.962646484375,184.699462890625,21.51952442522922,21.534511301176433,21.330689170600266,193.06640625,12.41180632019771,13.509589947089946,0.015294092031054668,4,Plastering/Facade
199.627197265625,193.345947265625,184.252197265625,21.069115999030846,21.171516329553054,21.31890528875923,192.408447265625,11.987222166414009,13.151331018518519,0.015489578099632521,4,Plastering/Facade
198.382080078125,195.2275390625,184.400146484375,21.182331623714727,21.634695338305242,21.505626761394733,192.669921875,12.551907858143046,13.600653108465607,0.015308624849108865,4,Plastering/Facade
200.78271484375,194.314453125,184.5419921875,21.511991433666093,22.01378399181812,21.844424934492757,193.21305338541666,12.742051706552697,13.74557705026455,0.015067002880452764,4,Plastering/Facade
199.925537109375,193.73193359375,184.37060546875,21.238153228177463,21.278001215206757,21.253626878553753,192.676025390625,12.533520345431898,13.424603174603174,0.015439298691306419,4,Plastering/Facade
200.371826171875,194.643310546875,183.65185546875,21.164918764633466,21.9260669365462,22.22740439913893,192.88899739583331,12.526952038712432,13.60978835978836,0.015078773753212624,4,Plastering/Facade
199.853515625,195.378662109375,184.171875,21.051833986683462,21.325828030320388,21.882169584004348,193.13468424479169,12.142013913032482,13.351521164021165,0.015323361637123056,4,Plastering/Facade
199.193603515625,193.529541015625,185.09375,21.20700770693175,21.45164225539378,21.899640140450938,192.60563151041666,12.22482784208961,13.412863756613756,0.01525360100808439,4,Plastering/Facade
198.66455078125,194.207763671875,183.044921875,21.817575815077166,21.264770791964207,21.529230075647074,191.972412109375,12.65384380324147,13.75996197089947,0.015241212763964092,4,Plastering/Facade
199.031982421875,193.0244140625,182.96044921875,21.24915445412631,21.140812999174187,21.184005938695886,191.67228190104169,12.336491182386554,13.300140542328041,0.015486115341385278,4,Plastering/Facade
199.323486328125,194.033447265625,185.282470703125,21.451004655636556,21.743917621855708,21.33047824355448,192.87980143229166,12.670707620381583,13.630001653439155,0.015261257345215313,4,Plastering/Facade
198.489990234375,194.849365234375,183.9443359375,21.824973989637243,21.521349197407677,21.64874795989126,192.42789713541669,12.65365022872636,13.696469907407408,0.015152646744989912,4,Plastering/Facade
199.06201171875,195.39794921875,184.99755859375,21.392070172507562,20.530936919544033,21.429275798006696,193.15250651041666,11.93475532046717,13.229042658730158,0.015539464259697442,4,Plastering/Facade
200.364013671875,194.637939453125,184.9921875,21.757834973143883,21.407276801382785,21.41120922253327,193.33138020833334,12.379530003695054,13.600157076719576,0.015249406871191114,4,Plastering/Facade
199.3486328125,194.37646484375,184.2685546875,21.102175124991223,21.23874639521293,21.565797923994644,192.66455078125,12.317656398499722,13.47172619047619,0.015406725352368391,4,Plastering/Facade
200.43310546875,195.541015625,185.666015625,21.065314577444337,21.639429735577735,22.201982011039146,193.88004557291666,12.95664968622958,13.698247354497354,0.01517295814516765,4,Plastering/Facade
200.85009765625,194.878173828125,184.858154296875,21.857872535709834,20.867947727752753,21.192561317290792,193.52880859375,12.625356032342152,13.617890211640212,0.015403957641120156,4,Plastering/Facade
200.716552734375,194.697021484375,184.40576171875,21.33691964810021,21.075599851420474,21.89193331221222,193.27311197916669,12.699566123506264,13.70014880952381,0.015312891494289275,4,Plastering/Facade
199.7744140625,194.2490234375,184.55224609375,21.698211728960576,21.389477896183575,21.675850276043104,192.85856119791666,12.086992686383239,13.30336474867725,0.015205994104066568,4,Plastering/Facade
199.45068359375,195.25146484375,184.987060546875,21.858018174506913,21.33530094031035,22.42205637017773,193.229736328125,13.091476453202212,13.952008928571427,0.01501154940161297,4,Plastering/Facade
199.631103515625,194.239501953125,183.384521484375,21.140166508170903,21.62740485512708,21.347966838786522,192.41837565104166,12.34825910119481,13.592509920634921,0.015357317586725983,4,Plastering/Facade
198.956298828125,195.157958984375,184.828125,22.024063419461264,21.3767748745544,21.88192412736195,192.98079427083331,12.3930848694318,13.566302910052912,0.015086878752015902,4,Plastering/Facade
199.873046875,194.75048828125,186.00439453125,21.39962251633315,21.306731480971134,21.6657059132479,193.54264322916666,12.516301181670405,13.506117724867726,0.01529705506248829,4,Plastering/Facade
199.840576171875,194.53955078125,184.947265625,21.413256701367285,21.710798863657747,22.06624331610828,193.109130859375,12.56962377324867,13.623015873015872,0.01510795413986319,4,Plastering/Facade
199.38232421875,194.27587890625,184.615478515625,21.0472594171547,21.06549181758134,21.644090306159303,192.75789388020831,12.290327216567553,13.378761574074074,0.015442383788413746,4,Plastering/Facade
199.763916015625,193.93798828125,183.722900390625,21.460462298997584,21.135238417965333,21.189346411660726,192.47493489583334,12.065907468675386,13.287698412698411,0.015435660608760678,4,Plastering/Facade
198.7470703125,194.717041015625,183.365966796875,21.638486835051133,21.965766214385432,21.508676118759844,192.27669270833334,12.49647925067362,13.586268187830688,0.01512563446487029,4,Plastering/Facade
199.1953125,195.381591796875,185.05712890625,21.118017001836222,21.46659248177695,22.25884563368731,193.21134440104169,12.556567335077245,13.528769841269842,0.01518753835470047,4,Plastering/Facade
200.171630859375,194.384765625,184.3515625,21.31187191790025,20.774009602026,21.735502475698457,192.96931966145831,12.250294848059633,13.254050925925924,0.01542700785388195,4,Plastering/Facade
199.850830078125,193.830810546875,184.51513671875,21.078767000379383,21.500361959327016,21.081982027130312,192.73225911458331,12.003590813687502,13.079489087301589,0.015465246184891156,4,Plastering/Facade
199.234375,194.16650390625,184.701904296875,21.66669233271717,21.519059754069264,21.369956831201215,192.700927734375,11.962590125360162,13.241071428571429,0.015254201602045565,4,Plastering/Facade
198.84130859375,194.9501953125,184.8017578125,21.663829225810527,21.24935568786388,21.259998953524086,192.86442057291669,12.786767407609824,13.797949735449734,0.015343734043094642,4,Plastering/Facade
199.7763671875,194.681396484375,184.320556640625,21.284881483612338,21.02553334274083,20.921648086958307,192.92610677083331,11.983641278020077,13.255166997354497,0.015568548706735678,4,Plastering/Facade
199.08056640625,193.940185546875,185.509033203125,21.853054913539754,21.268284559187475,21.448416873279747,192.84326171875,12.348149231686357,13.43667328042328,0.015250933596932562,4,Plastering/Facade
199.669921875,195.03125,183.86669921875,21.5632344438722,21.56924713278143,21.513844662256865,192.85595703125,12.041417884896664,13.27190806878307,0.015233144903808355,4,Plastering/Facade
198.306396484375,194.49267578125,185.243896484375,21.526285669153136,21.993283888486722,20.93709973621668,192.68098958333331,12.435314878955836,13.676793981481481,0.015277282067479952,4,Plastering/Facade
198.874267578125,193.3623046875,184.16162109375,21.48123413292901,22.25479637911602,21.184717085603364,192.13273111979169,12.554723471728677,13.591187169312171,0.01516973087295013,4,Plastering/Facade
198.400390625,194.15625,184.197998046875,21.01379150560798,21.251505001852223,21.609642891867942,192.25154622395831,12.215388777198829,13.235615079365079,0.015414272587518686,4,Plastering/Facade
199.250244140625,194.74609375,184.68408203125,21.940540764574557,20.89966227427398,21.39536220684335,192.89347330729169,12.45164112438504,13.409887566137566,0.015329061628174354,4,Plastering/Facade
198.86572265625,193.87646484375,184.14599609375,21.487710806149302,21.381552193922225,21.34705944291531,192.29606119791666,12.085996460395778,13.291418650793652,0.015333584638634235,4,Plastering/Facade
199.032958984375,195.1494140625,183.657958984375,21.440942180696585,20.70920640984167,21.297808126436514,192.61344401041666,12.416594109333888,13.561549272486772,0.01551639572363064,4,Plastering/Facade
200.856201171875,195.181640625,184.672607421875,22.05226337462676,21.726532212846337,21.348965130578662,193.57014973958331,12.716314724684619,13.71742724867725,0.015122241992492224,4,Plastering/Facade
199.01806640625,195.9072265625,184.43408203125,22.219918345061828,21.629260023936197,21.736201409087005,193.11979166666666,12.34991604960502,13.608796296296298,0.01501831187766426,4,Plastering/Facade
199.586669921875,195.580810546875,185.019775390625,21.88526116575702,21.306595427660746,21.03516980439071,193.395751953125,12.682923040790385,13.581349206349206,0.015331068350428412,4,Plastering/Facade
199.173095703125,194.306884765625,184.795166015625,21.778931206975805,21.330381324386874,20.86628013217665,192.75838216145831,12.064371919906753,13.396618716931217,0.015390394439005157,4,Plastering/Facade
199.40283203125,193.857421875,184.318359375,21.039695364764647,21.611621665426256,21.686615499879174,192.52620442708331,12.20996936754853,13.407738095238095,0.015305045037043009,4,Plastering/Facade
199.577880859375,194.220703125,183.792236328125,21.55532690926985,21.162656459241248,21.152684990410176,192.5302734375,12.193161317367332,13.336681547619047,0.015415287452676228,4,Plastering/Facade
198.20068359375,194.34521484375,185.608154296875,21.89710400019143,21.430665058197672,21.671126336915844,192.718017578125,12.556419756562363,13.676339285714285,0.015151768738104341,4,Plastering/Facade
200.278076171875,193.40087890625,184.28515625,20.755201433213323,22.207351137405464,22.4932983590521,192.65470377604166,12.750463512354086,13.802331349206348,0.015047584012704663,4,Plastering/Facade
200.34765625,193.9951171875,184.222900390625,21.188957231759563,21.47607170423963,21.639183683632435,192.855224609375,11.949040848354498,13.222304894179896,0.015312947815856246,4,Plastering/Facade
200.30322265625,194.368896484375,183.3564453125,21.08288723457337,21.580922821717813,21.176686433474355,192.67618815104169,11.959462574121856,13.316840277777779,0.015422460563019293,4,Plastering/Facade
198.471435546875,195.14208984375,184.8837890625,21.688089070029147,21.48683113069033,21.50326262713999,192.83243815104169,12.91049706744515,13.8875248015873,0.01522575620919613,4,Plastering/Facade
199.735595703125,194.448974609375,184.153076171875,21.441682867627694,21.34993353700455,21.60531879208171,192.77921549479169,12.590876295064103,13.597883597883598,0.015291236462259284,4,Plastering/Facade
199.990478515625,195.5283203125,184.006591796875,20.889956682595354,21.071589718680457,22.002745423187285,193.17513020833331,12.09501204585162,13.110036375661377,0.015393071669311077,4,Plastering/Facade
199.4423828125,194.74267578125,184.1806640625,21.553034620522805,21.070072244838048,21.692476850345397,192.78857421875,11.879618239698079,13.264136904761905,0.015310281913005899,4,Plastering/Facade
200.01611328125,193.7119140625,184.61328125,21.46007680816095,21.39847063589159,21.219103443645974,192.78043619791669,12.51773140239513,13.30993716931217,0.015366258406064068,4,Plastering/Facade
200.003662109375,194.17529296875,185.4443359375,21.927720760736396,21.381795678511352,21.191321261890348,193.207763671875,12.42603304145269,13.286210317460316,0.015266980318064309,4,Plastering/Facade
198.770751953125,194.6357421875,185.606201171875,20.97383586843687,21.66701643979352,20.942384006449515,193.00423177083331,12.521148927321772,13.67332175925926,0.015483894228024275,4,Plastering/Facade
199.194091796875,193.92041015625,183.972412109375,21.332278081349184,21.209347912990438,21.40011250157732,192.3623046875,12.08292368490429,13.230324074074074,0.015398417460950364,4,Plastering/Facade
199.6328125,194.526123046875,185.004638671875,21.593533770172815,20.70113318740479,21.383204473624815,193.05452473958331,12.471115069654003,13.429976851851851,0.01546123856385249,4,Plastering/Facade
199.10986328125,193.32470703125,184.585205078125,21.051523483988824,21.99622736900255,22.153562642403855,192.33992513020831,12.763311106882147,13.869295634920636,0.015105440469388226,4,Plastering/Facade
200.71875,194.7568359375,184.272705078125,21.207459717190318,21.353503722778342,21.114124352545144,193.24943033854166,12.223732519969367,13.279637896825397,0.015461904021037151,4,Plastering/Facade
199.775390625,195.608642578125,185.01513671875,21.11793381828966,21.93109801335693,21.75067943849101,193.46638997395834,12.752300094200198,13.724413029100528,0.0151976350761563,4,Plastering/Facade
198.793212890625,193.64697265625,184.481689453125,21.89282672790956,21.441220992099886,21.64701861051247,192.30729166666669,12.230427648290531,13.313781415343914,0.015155862971214427,4,Plastering/Facade
200.290283203125,193.9853515625,185.493896484375,21.23825418296213,21.79305589914546,21.656598614010164,193.25651041666666,13.014755287131576,13.729910714285714,0.015223501856729096,4,Plastering/Facade
199.3203125,193.260986328125,182.602294921875,21.92847119890244,21.78587875413009,21.167908636931013,191.72786458333334,12.751487030211901,13.726603835978835,0.015178593166087042,4,Plastering/Facade
200.150146484375,194.142822265625,183.40380859375,21.19794094184279,21.448256281189078,22.58258552709064,192.56559244791669,12.742850789438265,13.583498677248677,0.015099175290189826,4,Plastering/Facade
199.140380859375,194.645751953125,185.49072265625,21.778236212126917,21.316033580808607,21.494046956213083,193.09228515625,12.508220003314813,13.55282738095238,0.015246617836292938,4,Plastering/Facade
200.41650390625,194.345458984375,183.716064453125,20.807862684477676,21.985469808477816,21.719855991168444,192.82600911458331,12.17540579412666,13.492104828042327,0.015264102131776626,4,Plastering/Facade
200.020751953125,194.607177734375,185.604248046875,21.260310206099216,21.086995150939696,21.61033804616954,193.41072591145831,12.33808348199358,13.6124751984127,0.015394647151725444,4,Plastering/Facade
198.41552734375,193.632080078125,185.188232421875,21.72783517522158,21.286369065154407,21.376541158820107,192.41194661458331,12.601693734152255,13.322999338624339,0.015292683909553568,4,Plastering/Facade
199.555419921875,194.417236328125,184.245361328125,20.88819649589235,21.622493211344008,22.748328041375608,192.73933919270831,12.656329636133558,13.701306216931217,0.01509228530664339,4,Plastering/Facade
198.9541015625,193.755615234375,183.96240234375,21.647338597006215,21.168008011990768,21.22688431367742,192.22403971354169,12.412524494359541,13.599950396825395,0.01537462638987356,4,Plastering/Facade
199.8193359375,195.762451171875,183.963134765625,21.064761960060718,21.66055526847434,22.241447582472446,193.181640625,12.058286872146827,13.34734623015873,0.015159148745053138,4,Plastering/Facade
199.006103515625,194.856689453125,183.93603515625,22.226280190496833,21.269848707507993,21.270642783805666,192.599609375,12.816640839139382,13.618386243386244,0.01520524688117808,4,Plastering/Facade
199.435546875,195.238037109375,184.22802734375,21.785435978990133,21.38061257761188,21.429099475053828,192.96720377604166,12.449105754491505,13.6297123015873,0.015245030006143226,4,Plastering/Facade
199.80322265625,194.418212890625,184.494873046875,21.363548864438155,21.799952747081587,21.579974194014962,192.90543619791669,11.867402483910004,13.201595568783068,0.015210634785388297,4,Plastering/Facade
199.538330078125,193.741943359375,183.909423828125,21.740535286765848,20.900516743123944,21.701136046822835,192.39656575520831,12.282303113007028,13.426421957671959,0.01530404826397895,4,Plastering/Facade
199.511962890625,194.524169921875,184.835205078125,22.035413025440388,21.963068295205854,21.238598523516075,192.95711263020834,13.004541052027157,13.724785052910054,0.015097283913371874,4,Plastering/Facade
199.626220703125,195.370849609375,183.994384765625,21.882156998262367,21.817153870042294,21.007246650347064,192.99715169270831,12.619997699308362,13.378554894179894,0.015219181125356264,4,Plastering/Facade
198.563720703125,194.613525390625,184.58447265625,21.54875789960394,21.444384432863384,21.939718840674466,192.58723958333331,12.306558155312956,13.463955026455029,0.015166943800208643,4,Plastering/Facade
200.841796875,193.93994140625,184.449951171875,21.44297422575143,21.274797259529098,22.31541986754458,193.07722981770831,12.218895555742005,13.271536044973544,0.015143899295383923,4,Plastering/Facade
199.74072265625,194.09326171875,183.95458984375,21.11278451058192,21.652260940010763,21.39346991736519,192.59619140625,12.579966550483364,13.875578703703706,0.015347188227860645,4,Plastering/Facade
199.00634765625,194.141357421875,184.7587890625,21.463722090011792,21.292989339977744,21.38766120123073,192.635498046875,12.484859740684747,13.641658399470899,0.01535052007732058,4,Plastering/Facade
209.136962890625,198.739501953125,189.16748046875,14.538759516408772,13.739565008651086,14.296893002024506,199.0146484375,7.771224454389478,8.222966269841269,0.022948824050699132,5,Finishing/Handover-ready
209.3515625,199.605712890625,189.0615234375,13.587999412251376,14.168973882342565,13.703387754872448,199.339599609375,7.944365524677685,8.353546626984128,0.02355137769165454,5,Finishing/Handover-ready
210.324462890625,199.396240234375,189.834716796875,13.736141709628008,14.13999396122705,14.363693781228063,199.851806640625,8.1919408209533,8.369833002645501,0.023126825722293038,5,Finishing/Handover-ready
209.430419921875,198.566162109375,189.863037109375,13.793947609150113,14.302637756513064,13.641959805631544,199.28653971354169,8.151632834336159,8.54852843915344,0.02339808236316964,5,Finishing/Handover-ready
208.853759765625,199.14306640625,190.201904296875,14.181694521353045,13.925321920772701,13.502929597008881,199.39957682291669,7.92126756621965,8.500124007936508,0.023468699046968078,5,Finishing/Handover-ready
209.210205078125,199.16748046875,188.437744140625,14.119831166997198,14.098193489507345,14.084775107646323,198.9384765625,8.050601660053763,8.444568452380953,0.023093195023104977,5,Finishing/Handover-ready
209.484619140625,199.17333984375,189.57958984375,14.006198326247022,13.81333892311409,13.555009935924867,199.41251627604166,8.209621873320566,8.473999669312171,0.023599072236156832,5,Finishing/Handover-ready
209.959716796875,199.54150390625,189.277587890625,13.683524976378381,13.152676774406645,13.204977519522831,199.59293619791669,7.861601946940877,8.321800595238095,0.024365771592812686,5,Finishing/Handover-ready
210.473876953125,199.753173828125,189.2744140625,13.685691276344865,13.425534814077334,13.947057038934853,199.83382161458331,7.586677217501324,8.196180555555555,0.023776529273064673,5,Finishing/Handover-ready
209.328125,199.67138671875,189.37109375,13.473416752419373,14.038048938470265,13.271595180966791,199.45686848958334,7.805412446343332,8.368220899470899,0.02393314369827712,5,Finishing/Handover-ready
209.52294921875,199.6181640625,189.412109375,13.488781532800092,13.482779893648917,13.893624530042084,199.51774088541669,7.61325868668792,8.07965443121693,0.023886195108252052,5,Finishing/Handover-ready
209.147705078125,199.9130859375,189.2958984375,13.667647903919718,13.448261121637241,13.23526387117707,199.45222981770834,7.3796402037946,8.002480158730158,0.024183110899835717,5,Finishing/Handover-ready
208.88037109375,199.043212890625,189.23583984375,13.254931476851905,13.156689342040377,13.680650564962178,199.05314127604169,7.6947883814750515,8.160135582010582,0.024335476388217113,5,Finishing/Handover-ready
209.471435546875,199.883056640625,190.814208984375,13.854456373880849,14.327630717780002,14.471868024563658,200.05623372395834,8.466049992873385,8.427662037037038,0.0229074318085863,5,Finishing/Handover-ready
209.35986328125,199.320556640625,190.136474609375,13.07008191969576,13.693635442908366,14.011267008968924,199.60563151041669,7.804552678074537,8.278108465608465,0.02393777077461884,5,Finishing/Handover-ready
209.037109375,199.89111328125,189.2822265625,13.407855740219505,13.9232290703335,13.273800724262038,199.40348307291666,7.539214237774661,8.268146494708995,0.024035638775239468,5,Finishing/Handover-ready
209.126220703125,199.052001953125,190.127197265625,13.676488006556275,13.795644441724939,14.266495474405847,199.43513997395834,7.875638821087234,8.242104828042326,0.023398037059331224,5,Finishing/Handover-ready
208.35888671875,199.401123046875,189.23291015625,13.333742190092579,13.600841853701215,13.472264293832184,198.99763997395834,7.987255192827291,8.270791997354497,0.024150594410038934,5,Finishing/Handover-ready
208.541748046875,199.080810546875,189.29931640625,14.093116507069404,14.458945210790404,14.692494480650643,198.97395833333331,8.549981661672179,8.746279761904763,0.02260165059659173,5,Finishing/Handover-ready
209.209228515625,198.6064453125,190.220458984375,14.535111139930248,14.544009769547626,13.83847534193465,199.34537760416666,8.462063416326362,8.545924272486772,0.022769916510807148,5,Finishing/Handover-ready
209.379150390625,199.484619140625,189.94140625,13.472140845673486,13.787068561623784,14.071853985348232,199.60172526041666,7.760732184360274,8.144593253968253,0.023623313941452687,5,Finishing/Handover-ready
208.538330078125,199.06494140625,189.27880859375,13.592295020713424,13.625884482346615,13.764034036413566,198.960693359375,8.153592260479767,8.304150132275131,0.023819611108874813,5,Finishing/Handover-ready
209.863525390625,198.2890625,189.095703125,14.040579362035633,14.756170501559467,13.723184828944236,199.082763671875,8.410144840745973,8.56969246031746,0.022977975657932935,5,Finishing/Handover-ready
209.392578125,199.824951171875,189.465087890625,13.68540165114899,14.378867431438996,13.354659324590388,199.56087239583331,7.611760268020427,8.127025462962962,0.023574381474256535,5,Finishing/Handover-ready
209.0732421875,199.897216796875,189.601318359375,14.058176656112634,14.276101098208866,13.22980803063875,199.52392578125,7.684392187164724,8.217592592592592,0.02349398516514934,5,Finishing/Handover-ready
209.0908203125,198.914794921875,189.025146484375,14.355389262907064,14.211753630940015,13.7915601483733,199.01025390625,8.483436751156859,8.474165013227514,0.023063420486222886,5,Finishing/Handover-ready
209.435302734375,199.3056640625,190.266845703125,12.88048706673473,13.499487372661452,13.876736040450893,199.66927083333331,7.818438281350579,8.226521164021165,0.024238481167529736,5,Finishing/Handover-ready
208.845703125,200.02685546875,189.197021484375,13.529756741137856,13.846933235695124,13.19062836544642,199.35652669270831,8.07764171144203,8.28926917989418,0.024057361405074553,5,Finishing/Handover-ready
208.804931640625,198.14794921875,189.791259765625,14.195922097368165,13.871254621650893,14.092767141966053,198.91471354166666,8.158464503832981,8.461640211640212,0.02316963162002536,5,Finishing/Handover-ready
209.04052734375,199.782470703125,189.56298828125,14.635807242108601,14.186271124819097,13.76165831241552,199.46199544270831,8.167013364929105,8.372891865079364,0.02294433832870407,5,Finishing/Handover-ready
209.34912109375,199.927734375,189.577880859375,13.174393264943886,13.025240383748907,13.032178811378511,199.61824544270831,7.324506717700505,7.888558201058201,0.02485595201539741,5,Finishing/Handover-ready
208.55615234375,199.549072265625,189.42431640625,13.738819006579183,14.037635452605485,14.48870231076224,199.176513671875,8.327446530005433,8.470775462962962,0.023113287334593127,5,Finishing/Handover-ready
209.803955078125,199.48095703125,189.2587890625,14.019897062897146,13.197350018908764,13.172400304562201,199.51456705729169,7.618732798185497,8.23263888888889,0.024160631055034187,5,Finishing/Handover-ready
210.25927734375,200.10791015625,189.771240234375,13.638545512499416,13.740144761043389,13.552997932339775,200.046142578125,7.595086815550423,8.093791335978835,0.023848312404929847,5,Finishing/Handover-ready
209.697021484375,199.624755859375,189.848876953125,13.51762994216977,13.975199938437433,14.272216224725865,199.72355143229169,8.040991499085814,8.34201388888889,0.023383582880676324,5,Finishing/Handover-ready
209.723876953125,199.8466796875,189.55712890625,13.23560819994153,13.164799356637568,12.723784244744984,199.709228515625,8.035829157664194,8.355034722222221,0.02492262037205695,5,Finishing/Handover-ready
209.9326171875,198.937744140625,188.81494140625,13.49798706730302,13.973582818522187,14.105591318405594,199.22843424479169,8.051337683821954,8.21866732804233,0.023486770177167944,5,Finishing/Handover-ready
208.87060546875,199.776123046875,188.650146484375,13.092551228858438,13.585447400177312,13.810375790351609,199.09895833333331,7.919189907648558,8.218377976190478,0.024103137661925456,5,Finishing/Handover-ready
209.49609375,199.322998046875,189.342529296875,13.223495172796069,14.646632585336464,14.20401392464142,199.38720703125,8.506372405214844,8.39401455026455,0.023215784712894608,5,Finishing/Handover-ready
209.647705078125,199.932861328125,189.84326171875,14.509902316733427,13.813194065434825,13.059353819147821,199.80794270833331,8.023890506345957,8.42886078042328,0.023594671739128183,5,Finishing/Handover-ready
208.70556640625,199.487548828125,189.28955078125,13.176951804528674,13.3972267582537,13.125898339545278,199.160888671875,7.77003523270995,8.26694775132275,0.02456997814524546,5,Finishing/Handover-ready
211.17919921875,199.408203125,189.6181640625,13.87618297826349,13.206069238800403,13.696101825814655,200.06852213541666,8.096975093935947,8.363136574074074,0.023935840051852352,5,Finishing/Handover-ready
209.5634765625,199.169677734375,188.97265625,13.411889621750293,13.871718660897155,13.744147702543652,199.23527018229169,7.7105192946879395,8.188822751322752,0.023793799515547772,5,Finishing/Handover-ready
209.00341796875,199.438720703125,189.638916015625,13.641993704137956,13.99421458041767,13.40582164222331,199.3603515625,7.991045012840132,8.333209325396826,0.023785721140049988,5,Finishing/Handover-ready
209.3134765625,199.686767578125,190.295166015625,13.364513778604637,14.054312918878722,13.70450698817163,199.76513671875,7.583670568478289,8.166501322751323,0.023739811465599833,5,Finishing/Handover-ready
209.548828125,198.99658203125,188.87353515625,13.649260174610527,14.562231356062492,14.070436052439714,199.1396484375,8.19322499470775,8.359995039682541,0.02310433143440148,5,Finishing/Handover-ready
209.875732421875,198.870849609375,188.459228515625,13.756619037199945,14.102189472240699,13.674072958698584,199.068603515625,7.759388043037644,8.243758267195767,0.023511221565110416,5,Finishing/Handover-ready
209.11181640625,199.662841796875,189.11181640625,13.800057922117333,13.869591644779616,13.810350406173383,199.29549153645834,8.139617277900783,8.365947420634921,0.02354048965710776,5,Finishing/Handover-ready
209.3125,198.70068359375,189.171630859375,13.399747111652891,13.32383831714606,13.870990618507937,199.06160481770834,8.187269888257699,8.463541666666666,0.024041596165391057,5,Finishing/Handover-ready
208.521728515625,199.022216796875,189.301513671875,14.320617803637479,13.546262045240068,14.20332809445721,198.948486328125,8.376232638121353,8.585689484126984,0.023217905084545874,5,Finishing/Handover-ready
209.611572265625,198.26708984375,189.23046875,14.099699162510287,13.855717560239007,14.254817215340696,199.036376953125,8.162709996464322,8.347759589947088,0.023142665726660093,5,Finishing/Handover-ready
210.227294921875,199.440673828125,189.841796875,13.835594631795368,14.083331651471205,13.494279426482551,199.83658854166666,8.380895535474439,8.500992063492063,0.023577562300841116,5,Finishing/Handover-ready
209.31005859375,199.499755859375,189.5537109375,13.129911893257006,13.448505665236393,13.047353879626048,199.45450846354169,7.617275570526045,8.145585317460316,0.024614917196666277,5,Finishing/Handover-ready
209.61328125,199.642578125,188.828125,14.342843087308333,14.097895856191501,13.800095179132823,199.361328125,8.223041479289265,8.392733134920633,0.02312628838666622,5,Finishing/Handover-ready
208.625244140625,198.969970703125,188.856201171875,13.45295032693532,13.615852240153908,13.289669229335804,198.817138671875,7.683307368920064,8.199652777777779,0.024178843089807747,5,Finishing/Handover-ready
209.3955078125,199.659423828125,188.6259765625,13.110476314583368,13.500179905487407,14.195817668619892,199.22696940104166,7.377710239084588,8.05869708994709,0.02391974034123257,5,Finishing/Handover-ready
209.613037109375,199.284912109375,189.705810546875,14.328914439627106,13.72147705284699,14.17259422882928,199.53458658854166,7.8326370723707335,8.369295634920636,0.023135838103547034,5,Finishing/Handover-ready
209.717041015625,200.499755859375,190.0771484375,13.990292485239058,13.85330510890435,13.8765450038398,200.09798177083334,7.725006759459532,8.197007275132275,0.023408161564685635,5,Finishing/Handover-ready
209.968017578125,199.051513671875,189.13427734375,13.558168323802667,14.090546083091846,13.287481511086119,199.38460286458331,7.884383017529643,8.27046130952381,0.02384574895528944,5,Finishing/Handover-ready
208.994873046875,199.346923828125,190.001220703125,13.298067407004172,14.015146149500335,13.17104084228953,199.44767252604169,7.80076038152138,8.299892526455027,0.02410553147193771,5,Finishing/Handover-ready
209.056396484375,199.522705078125,189.474609375,14.687167320136144,14.250067574775825,14.023081553412649,199.35123697916669,7.592721451679839,8.111483134920633,0.02274778893312792,5,Finishing/Handover-ready
209.402099609375,199.782470703125,189.635009765625,13.185673951101835,12.855655041726815,12.948321067108889,199.60652669270831,7.323412422611285,8.040633267195767,0.025006470386741912,5,Finishing/Handover-ready
208.726318359375,199.1044921875,189.53076171875,13.106927688734299,14.111851573066216,13.749273098891793,199.12052408854166,7.91502092178821,8.327587632275131,0.023827648502855233,5,Finishing/Handover-ready
208.857177734375,199.973388671875,189.374267578125,13.600801412639871,13.662828251192739,13.880218330031392,199.401611328125,8.036347185933282,8.321428571428573,0.02372825566724701,5,Finishing/Handover-ready
208.875244140625,199.3466796875,188.843505859375,13.862124954031277,13.52982197686004,14.20558015819224,199.02180989583331,8.372302220257737,8.422619047619047,0.023475541148403178,5,Finishing/Handover-ready
210.080810546875,200.368408203125,188.158203125,13.331982623418723,13.36573379388484,13.989318996648487,199.53580729166666,7.600978095710749,8.099289021164022,0.02398827333414346,5,Finishing/Handover-ready
208.630615234375,200.051513671875,188.934326171875,13.116553465632622,13.694937072500004,14.061174709601058,199.20548502604169,7.807044016613237,8.142113095238095,0.023881928558491368,5,Finishing/Handover-ready
210.220458984375,198.886474609375,189.65966796875,13.033871940374562,13.517026757993358,12.93300398504753,199.5888671875,7.4679125356653016,8.190517526455025,0.024701175867850752,5,Finishing/Handover-ready
209.13623046875,198.66015625,189.164794921875,13.361686417351446,13.404145900404693,13.40118424312192,198.987060546875,7.77163413943869,8.049644510582011,0.024291291512980866,5,Finishing/Handover-ready
209.228271484375,199.165771484375,188.979248046875,13.275068103216881,13.99679477436149,13.888869370950124,199.12443033854166,7.878279048290014,8.279968584656086,0.023718753130406132,5,Finishing/Handover-ready
210.0068359375,199.850830078125,189.208740234375,13.32739967796451,14.073432011019303,13.761381361174395,199.68880208333334,7.775160661013957,8.240162037037036,0.023717920091394434,5,Finishing/Handover-ready
208.81396484375,200.08740234375,190.065673828125,14.08340669176457,13.899477897759578,13.710359529664947,199.65568033854166,8.49813052380067,8.524594907407407,0.023422909657749236,5,Finishing/Handover-ready
209.611572265625,198.50830078125,189.21484375,13.698652451000182,14.003938112528584,13.794095996134939,199.111572265625,7.83108224676417,8.249958664021163,0.023531246338371316,5,Finishing/Handover-ready
209.113037109375,200.091064453125,189.644287109375,13.942217039311902,13.856644609843396,13.900215740639359,199.61612955729169,7.598022720141363,8.17414847883598,0.023419709771972875,5,Finishing/Handover-ready
210.214111328125,199.625244140625,189.760498046875,13.476698136683687,13.595435866688463,14.326310618014126,199.86661783854169,8.004585071012372,8.468212632275133,0.023585770868009347,5,Finishing/Handover-ready
209.693603515625,199.126220703125,189.650390625,12.828043852629584,13.702401134462807,13.65649455744087,199.49007161458331,7.601298628319061,8.31506283068783,0.024279541307475706,5,Finishing/Handover-ready
209.496826171875,199.794921875,190.484130859375,13.545495881539924,13.693097228627513,13.778654167601996,199.92529296875,8.208208175130999,8.489293981481481,0.02379975045459682,5,Finishing/Handover-ready
209.465576171875,198.677490234375,190.287109375,14.103093720884692,14.361686808935485,14.512221743259614,199.47672526041666,7.978452750157598,8.413773148148149,0.02273915793055642,5,Finishing/Handover-ready
208.904052734375,199.719970703125,190.05615234375,14.237018593058522,14.014970079428165,13.986767296780604,199.56005859375,8.624740570577252,8.695353835978835,0.02312739988890447,5,Finishing/Handover-ready
208.412841796875,199.397216796875,189.478759765625,13.728897909979082,13.057609059975542,13.64863338886695,199.09627278645834,7.603851534353517,8.170965608465607,0.024134104321601492,5,Finishing/Handover-ready
208.933349609375,199.97607421875,189.203369140625,13.377124579755716,13.109083124669382,14.058468115632886,199.37093098958331,7.858558484287479,8.23582175925926,0.02407047305727669,5,Finishing/Handover-ready
209.71337890625,199.24658203125,190.39794921875,13.87135286768625,13.774879410383766,14.381412825477067,199.78597005208331,7.972261113246585,8.318617724867725,0.023240872178653407,5,Finishing/Handover-ready
209.8544921875,199.208251953125,189.529296875,13.194063803999185,12.833836665077776,13.088905767600103,199.53068033854166,7.470074303895233,8.124007936507937,0.024927208664126985,5,Finishing/Handover-ready
209.40576171875,199.8681640625,189.5078125,14.028131822434412,13.665675456845648,13.748381918287466,199.59391276041666,7.827740124893989,8.347635582010582,0.023561461340861106,5,Finishing/Handover-ready
209.611572265625,199.110595703125,188.9658203125,13.665391422249613,13.310729233632367,13.095812177666279,199.22932942708334,7.497383168015378,8.162739748677248,0.024347527155653675,5,Finishing/Handover-ready
209.34814453125,200.058837890625,189.4228515625,13.313889542893193,13.996867849165463,13.972224304842852,199.60994466145834,7.945456140620747,8.329117063492063,0.023650176971159058,5,Finishing/Handover-ready
210.18115234375,200.3486328125,190.022216796875,13.632752820078338,13.810963506379572,14.424616971459297,200.18400065104166,7.72184718350129,8.127190806878307,0.023327242350441132,5,Finishing/Handover-ready
209.17919921875,199.504150390625,189.92236328125,14.331613089033258,14.199591569584234,13.594516066088993,199.53523763020831,8.100956389249877,8.572958002645503,0.02318801826834411,5,Finishing/Handover-ready
209.948974609375,199.56201171875,189.6845703125,13.357687536822628,13.520241706298659,13.95593708403322,199.73185221354169,8.107841723643794,8.211102843915345,0.023904077910936395,5,Finishing/Handover-ready
209.281494140625,199.870361328125,190.16552734375,13.836239120581821,14.46421164198483,13.928210999118697,199.7724609375,8.565707723527446,8.437458664021165,0.02313280030533643,5,Finishing/Handover-ready
209.2216796875,199.55810546875,189.123046875,13.535549934243525,13.830147900221506,13.739146856393694,199.30094401041666,7.697482028403465,8.245907738095237,0.023750236043908444,5,Finishing/Handover-ready
209.1953125,199.7060546875,188.863525390625,13.319501441583455,13.679846692425295,13.59892780963341,199.25496419270831,7.258392441757444,7.978670634920634,0.024039457821636936,5,Finishing/Handover-ready
209.4990234375,199.0927734375,189.251708984375,13.699088951781636,14.22651527392757,13.146926328387936,199.28116861979166,7.820628908531128,8.31886574074074,0.023768477598802698,5,Finishing/Handover-ready
208.493408203125,199.32373046875,189.99072265625,14.301543141763197,13.767236474547204,13.486372312436096,199.269287109375,7.8338246931186895,8.292824074074073,0.023498917397225608,5,Finishing/Handover-ready
209.319091796875,198.64697265625,189.170166015625,13.60832504400494,13.62409976295002,13.209109167975761,199.04541015625,7.6996607733943865,8.263806216931217,0.024130380902524777,5,Finishing/Handover-ready
208.794189453125,199.802001953125,187.837890625,13.400052305286723,13.119887616527388,13.967791838074731,198.81136067708331,7.706739351923642,8.184234457671959,0.024103511027971397,5,Finishing/Handover-ready
209.7470703125,199.288330078125,189.86669921875,13.744103537223923,13.72716927530667,13.517884725955394,199.634033203125,7.494094430489847,8.051256613756614,0.023815671916814014,5,Finishing/Handover-ready
209.9990234375,199.232177734375,189.0263671875,13.448923161449606,14.097735361673715,13.390735781555222,199.419189453125,8.31267502129612,8.645502645502646,0.02384506754842515,5,Finishing/Handover-ready
209.46240234375,199.454345703125,189.513671875,13.264439820813939,13.18458815829781,13.928013468315717,199.476806640625,7.54977725149872,8.099537037037038,0.02416799183843467,5,Finishing/Handover-ready
208.0390625,199.86181640625,189.52978515625,13.92714152279978,14.11839402430986,13.650602792348298,199.1435546875,7.624605644603829,8.151909722222221,0.023421321901513588,5,Finishing/Handover-ready
210.21484375,200.48974609375,188.94921875,13.276790956424144,13.830230854270171,13.41647553554578,199.88460286458331,8.326662532801807,8.489335317460316,0.024082749862363147,5,Finishing/Handover-ready
209.8203125,198.660888671875,189.573974609375,13.832438857486187,13.704719248456435,13.546591924065913,199.35172526041669,8.243078184288677,8.446924603174603,0.023762140951957295,5,Finishing/Handover-ready
208.6591796875,199.09619140625,189.2041015625,14.428248987951982,13.736322215011326,13.951430915265826,198.98649088541669,8.320336988847858,8.473958333333332,0.023193244987276016,5,Finishing/Handover-ready
209.2939453125,199.457763671875,189.114990234375,12.871321624915185,13.658115335949045,13.5212040472224,199.28889973958334,7.545423100816136,8.092964616402117,0.02436015554064085,5,Finishing/Handover-ready
209.884033203125,199.43603515625,190.621337890625,13.795308126729086,13.347950535522823,14.605453142278698,199.98046875,8.167842339209916,8.301132605820106,0.023392517757553053,5,Finishing/Handover-ready
209.274169921875,199.842041015625,189.9404296875,13.963218171801014,13.151765867883682,13.860312687097599,199.685546875,7.960805645400746,8.444031084656086,0.023823536174360168,5,Finishing/Handover-ready
209.21484375,200.307373046875,190.243408203125,13.685385623470241,13.98061242446767,14.073800338297984,199.921875,8.166953983572556,8.467964616402117,0.023397396285379863,5,Finishing/Handover-ready
209.312255859375,199.5546875,189.852783203125,13.4955832687091,13.290454071761197,13.418593424064344,199.5732421875,7.435931947823666,8.001901455026456,0.024269116879472512,5,Finishing/Handover-ready
209.685791015625,199.4560546875,189.640380859375,13.287173431255537,13.272884220404368,13.98385370018119,199.59407552083331,8.18704897323388,8.320477843915343,0.024070915988888546,5,Finishing/Handover-ready
209.376708984375,199.050537109375,190.037841796875,13.472028114317686,14.279083352624601,13.284918009307933,199.48836263020831,8.098653543917168,8.399470899470899,0.023789116442716987,5,Finishing/Handover-ready
209.22021484375,200.005615234375,188.930908203125,13.647517286262808,13.997199695957685,13.640163643234988,199.38557942708334,7.79525070412314,8.30642361111111,0.02364911488949552,5,Finishing/Handover-ready
209.183349609375,200.24169921875,190.733642578125,13.591372856480211,14.68790489612646,13.86974143781841,200.05289713541666,8.016095141660186,8.308945105820108,0.023175497815762718,5,Finishing/Handover-ready
209.208984375,199.507080078125,190.115234375,13.158412728403295,13.725526823814223,14.22739786275299,199.61043294270831,7.967320860903083,8.266534391534393,0.023746574233581615,5,Finishing/Handover-ready
209.16845703125,199.253173828125,189.066162109375,13.262779110300466,13.202306360902535,13.43756422648495,199.16259765625,7.717469581525108,8.133060515873016,0.024448293873160148,5,Finishing/Handover-ready
209.850830078125,200.06201171875,189.860595703125,13.741277925925697,13.819694190375113,14.25674353994936,199.92447916666669,8.468701552111318,8.584656084656084,0.023354819019963956,5,Finishing/Handover-ready
209.515869140625,198.349853515625,189.0986328125,13.886669576265428,13.42735499952354,13.579034351236038,198.98811848958331,8.247709192253811,8.464616402116402,0.023870302756882355,5,Finishing/Handover-ready
208.67822265625,199.39892578125,189.675048828125,14.02099689295662,14.52367204350553,13.818671645016103,199.250732421875,8.112359090595872,8.382523148148149,0.023060953943828053,5,Finishing/Handover-ready
209.32177734375,199.73193359375,189.419189453125,13.888453302016723,13.573275377164505,14.47132512610762,199.490966796875,7.794533145754727,8.311259920634921,0.02329207711464521,5,Finishing/Handover-ready
209.39501953125,199.946533203125,189.89697265625,13.454575437186081,13.679928795447253,13.996847811121253,199.74617513020831,8.161543023473987,8.421254960317459,0.023735293350222227,5,Finishing/Handover-ready
209.92529296875,199.508544921875,189.1669921875,14.489701518992094,14.01428976471195,14.024390874136529,199.53361002604166,8.09068333482919,8.357886904761905,0.022973516368558034,5,Finishing/Handover-ready
208.837890625,199.46142578125,188.483154296875,14.289268462968533,14.077473844484594,14.174612449632837,198.927490234375,8.013286461372388,8.431836970899472,0.02296667169818043,5,Finishing/Handover-ready
209.049560546875,198.78271484375,189.707275390625,12.916431925035198,13.629985973199805,13.218620928682055,199.17985026041666,7.967775663428091,8.355117394179896,0.02453082417622285,5,Finishing/Handover-ready
209.24072265625,199.78076171875,188.82666015625,13.158593981558894,14.597155016510394,13.915524722358432,199.28271484375,7.843908299051498,8.326430224867725,0.02343496954301781,5,Finishing/Handover-ready
209.822265625,199.04541015625,189.763916015625,13.815509865209222,13.696767996235804,13.933354088273097,199.54386393229166,7.823878991003157,8.316178902116402,0.023559550277979565,5,Finishing/Handover-ready
210.301025390625,198.120361328125,189.03466796875,14.082432364202004,14.486672736650641,14.591901960314932,199.15201822916666,8.402438226430068,8.525504298941799,0.022644411134349725,5,Finishing/Handover-ready
209.67041015625,199.783447265625,189.904296875,13.605553906305941,13.454013451758911,14.97441245631578,199.78605143229169,8.19412301644535,8.511615410052912,0.023237451063399688,5,Finishing/Handover-ready
208.873779296875,199.94287109375,188.34228515625,13.481357787227058,14.482399675142606,14.600190262991811,199.052978515625,8.566277953292358,8.565724206349207,0.0229547608105735,5,Finishing/Handover-ready
209.223388671875,199.351318359375,189.7392578125,14.020724401244498,13.340890473034063,13.736388214079701,199.43798828125,8.262429874357913,8.307250330687832,0.023754095839204757,5,Finishing/Handover-ready
209.714599609375,199.83837890625,190.556884765625,13.355466962592738,13.796645018927792,13.704601419265712,200.03662109375,7.9536836082805955,8.284184854497354,0.02389103010608606,5,Finishing/Handover-ready
208.766357421875,200.137451171875,188.67529296875,14.374638277146737,14.385522770427052,14.551029378324298,199.19303385416669,7.945384404196635,8.261780753968253,0.02256766271428223,5,Finishing/Handover-ready
209.88330078125,199.88818359375,189.44775390625,14.125157439780738,13.718329898945182,14.436576838518121,199.73974609375,7.503122765729943,8.100198412698413,0.023105326182159033,5,Finishing/Handover-ready
210.370361328125,198.85400390625,189.8232421875,13.159303775124446,13.754373366428212,14.047891955538034,199.68253580729169,7.856635257628898,8.40943287037037,0.023831329988785687,5,Finishing/Handover-ready
208.78271484375,199.481689453125,189.131591796875,13.853980208937193,14.58727963754288,14.313114684036114,199.13199869791666,8.50696663280543,8.625454695767196,0.022854857616638007,5,Finishing/Handover-ready
209.3935546875,198.980224609375,190.200927734375,13.535287267978347,14.050406242331594,14.01608343448461,199.52490234375,8.022840555880524,8.254009589947092,0.023473199282176622,5,Finishing/Handover-ready
209.872802734375,199.864013671875,189.181396484375,13.519307032998864,13.541451621426637,13.567217483232566,199.639404296875,7.625977569461469,8.21887400793651,0.024022306457876688,5,Finishing/Handover-ready
209.30810546875,198.66455078125,190.33544921875,13.807383551975962,13.10501727308629,13.651253133060349,199.43603515625,7.387424009677801,8.151000330687832,0.024059482378703964,5,Finishing/Handover-ready
209.861572265625,199.21826171875,189.28369140625,12.882833928448383,14.136945947706609,13.541118934509065,199.45450846354166,8.39914396365451,8.552703373015873,0.024061077325483907,5,Finishing/Handover-ready
209.210205078125,199.27099609375,189.72607421875,13.227261715752261,13.341656692655235,13.376539186346616,199.40242513020831,7.997410712419268,8.221602182539684,0.024422733527543206,5,Finishing/Handover-ready
209.74072265625,199.689697265625,190.123046875,13.681921732354265,14.132210939593437,13.188018210114162,199.85115559895834,8.238536811258362,8.360532407407407,0.023808304551067087,5,Finishing/Handover-ready
209.994873046875,199.59130859375,189.9794921875,14.034441559471707,13.687498667468699,14.447205522120063,199.855224609375,7.85678478851276,8.15769675925926,0.0231646928065924,5,Finishing/Handover-ready
209.392822265625,199.5146484375,189.71875,13.777838907626414,13.691897134510937,13.967701302916668,199.54207356770834,7.895947984367978,8.394758597883598,0.023564099591337546,5,Finishing/Handover-ready
209.3759765625,199.742431640625,189.236572265625,13.30808865523899,13.564185391578953,13.384066741746025,199.45166015625,7.649472372812578,8.182829034391535,0.02423869836457223,5,Finishing/Handover-ready
209.19091796875,200.14697265625,188.399169921875,13.502501776910025,13.435824045748546,13.612328873409036,199.24568684895831,8.07560072015365,8.383473875661377,0.024067009468677302,5,Finishing/Handover-ready
209.909912109375,200.644775390625,189.58203125,14.064581074905421,14.24612875898289,13.167606046621513,200.04557291666669,7.972581182617908,8.419477513227514,0.023541422941836223,5,Finishing/Handover-ready
209.00244140625,199.490478515625,189.281005859375,13.248765195133679,13.322176177011595,13.492850774951968,199.25797526041666,7.80009893418465,8.329282407407408,0.0243523539281963,5,Finishing/Handover-ready
209.358154296875,199.139892578125,189.902587890625,13.501479118609744,13.801579760835734,13.784864645792577,199.46687825520834,7.3885078861266225,8.054563492063492,0.023759784666030133,5,Finishing/Handover-ready
208.4306640625,199.49609375,189.556640625,13.495155277553163,13.98653036375394,14.133940576307785,199.1611328125,8.141041307956062,8.428199404761903,0.023465570936199373,5,Finishing/Handover-ready
209.6142578125,200.07470703125,189.224853515625,13.862805446221293,13.97075226533925,12.948835518576027,199.637939453125,7.942144067868045,8.36698082010582,0.02393352612647199,5,Finishing/Handover-ready
210.234375,198.769287109375,189.107421875,14.143197279854192,13.489045181979133,14.13431950553409,199.370361328125,8.078295346613393,8.348090277777779,0.02338275404890016,5,Finishing/Handover-ready
209.7978515625,199.7529296875,190.207763671875,13.544961127545413,13.228073367300363,13.659540803400898,199.91951497395834,8.050557411418255,8.199859457671957,0.02413559844643105,5,Finishing/Handover-ready
