entity_id,entity_name,entity_type,pan_hash,is_ring_member,is_structuring_member,ring_id,incorporation_age_days
1,Pinnacle Consultancy Pvt Ltd,Pvt Ltd Company,PAN000001,0,0,,540.0
2,Priya Rao,Individual,PAN000002,0,0,,
3,Pinnacle Ventures Pvt Ltd,Partnership Firm,PAN000003,0,0,,895.0
4,Orbis Holdings LLP,Pvt Ltd Company,PAN000004,0,0,,1678.0
5,Kavya Sharma,Individual,PAN000005,0,0,,
6,Amit Singh,Individual,PAN000006,0,0,,
7,Amit Menon,Individual,PAN000007,0,0,,
8,Sunrise Consultancy Pvt Ltd,Pvt Ltd Company,PAN000008,0,0,,2978.0
9,Vikram Rao,Individual,PAN000009,0,0,,
10,Pooja Pillai,Individual,PAN000010,0,0,,
11,Pinnacle Trading Pvt Ltd,Trust,PAN000011,0,0,,3318.0
12,Amit Kulkarni,Individual,PAN000012,0,0,,
13,Sunrise Infra LLP,LLP,PAN000013,0,0,,3764.0
14,Alpine Realty LLP,Pvt Ltd Company,PAN000014,0,0,,2005.0
15,Divya Reddy,Individual,PAN000015,0,0,,
16,Suresh Verma,Individual,PAN000016,0,0,,
17,Rohan Rao,Individual,PAN000017,0,0,,
18,Anjali Desai,Individual,PAN000018,0,0,,
19,Meera Pillai,Individual,PAN000019,0,0,,
20,Sunrise Infra Pvt Ltd,Pvt Ltd Company,PAN000020,0,0,,1551.0
21,Priya Gupta,Individual,PAN000021,0,0,,
22,Anjali Nair,Individual,PAN000022,0,0,,
23,Vikram Singh,NRI Individual,PAN000023,0,0,,975.0
24,Suresh Joshi,Individual,PAN000024,0,0,,
25,Divya Patel,Individual,PAN000025,0,0,,
26,Sneha Nair,Individual,PAN000026,0,0,,
27,Ajay Kulkarni,Individual,PAN000027,0,0,,
28,Meridian Realty LLP,LLP,PAN000028,0,0,,1460.0
29,Priya Gupta,Individual,PAN000029,0,0,,
30,Neha Pillai,Individual,PAN000030,0,0,,
31,Sneha Nair,NRI Individual,PAN000031,0,0,,1103.0
32,Vertex Enterprises LLP,LLP,PAN000032,0,0,,2992.0
33,Ajay Sharma,Individual,PAN000033,0,0,,
34,Orbis Enterprises LLP,Pvt Ltd Company,PAN000034,0,0,,1754.0
35,Crestline Realty LLP,Pvt Ltd Company,PAN000035,0,0,,1804.0
36,Alpine Holdings LLP,Pvt Ltd Company,PAN000036,0,0,,2674.0
37,Rahul Desai,Individual,PAN000037,0,0,,
38,Priya Rao,Individual,PAN000038,0,0,,
39,Neha Patel,Individual,PAN000039,0,0,,
40,Meridian Infra Pvt Ltd,Partnership Firm,PAN000040,0,0,,412.0
41,Rohan Sharma,Individual,PAN000041,0,0,,
42,Pinnacle Infra Pvt Ltd,Trust,PAN000042,0,0,,3113.0
43,Sunrise Consultancy LLP,Pvt Ltd Company,PAN000043,0,0,,160.0
44,Meera Singh,Individual,PAN000044,0,0,,
45,Anjali Pillai,Individual,PAN000045,0,0,,
46,Neha Iyer,Individual,PAN000046,0,0,,
47,Crestline Realty LLP,Pvt Ltd Company,PAN000047,0,0,,1957.0
48,Priya Singh,Individual,PAN000048,0,0,,
49,Orbis Ventures Pvt Ltd,Pvt Ltd Company,PAN000049,0,0,,2688.0
50,Divya Rao,Individual,PAN000050,0,0,,
51,Sneha Pillai,Individual,PAN000051,0,0,,
52,Rahul Joshi,Individual,PAN000052,0,0,,
53,Amit Sharma,Individual,PAN000053,0,0,,
54,Sneha Verma,NRI Individual,PAN000054,0,0,,1737.0
55,Orbis Consultancy Pvt Ltd,LLP,PAN000055,0,0,,3624.0
56,Meera Nair,Individual,PAN000056,0,0,,
57,Vikram Kulkarni,Individual,PAN000057,0,0,,
58,Kavya Desai,Individual,PAN000058,0,0,,
59,Sneha Gupta,Individual,PAN000059,0,0,,
60,Amit Desai,Individual,PAN000060,0,0,,
61,Neha Singh,Individual,PAN000061,0,0,,
62,Summit Ventures LLP,Pvt Ltd Company,PAN000062,0,0,,52.0
63,Neha Nair,NRI Individual,PAN000063,0,0,,602.0
64,Sneha Verma,Individual,PAN000064,0,0,,
65,Ajay Kulkarni,Individual,PAN000065,0,0,,
66,Zenith Realty LLP,Pvt Ltd Company,PAN000066,0,0,,418.0
67,Suresh Verma,Individual,PAN000067,0,0,,
68,Karan Singh,Individual,PAN000068,0,0,,
69,Neha Sharma,Individual,PAN000069,0,0,,
70,Divya Sharma,Individual,PAN000070,0,0,,
71,Kavya Verma,Individual,PAN000071,0,0,,
72,Rahul Kulkarni,Individual,PAN000072,0,0,,
73,Suresh Reddy,NRI Individual,PAN000073,0,0,,740.0
74,Cascade Ventures LLP,Pvt Ltd Company,PAN000074,0,0,,138.0
75,Anjali Gupta,Individual,PAN000075,0,0,,
76,Rohan Sharma,Individual,PAN000076,0,0,,
77,Pooja Kulkarni,Individual,PAN000077,0,0,,
78,Summit Consultancy Pvt Ltd,LLP,PAN000078,0,0,,3919.0
79,Divya Iyer,Individual,PAN000079,0,0,,
80,Pooja Reddy,Individual,PAN000080,0,0,,
81,Alpine Trading LLP,LLP,PAN000081,0,0,,2458.0
82,Neha Sharma,NRI Individual,PAN000082,0,0,,1130.0
83,Ajay Gupta,Individual,PAN000083,0,0,,
84,Novus Ventures LLP,Pvt Ltd Company,PAN000084,0,0,,2737.0
85,Anjali Nair,Individual,PAN000085,0,0,,
86,Zenith Ventures LLP,Pvt Ltd Company,PAN000086,0,0,,1343.0
87,Rohan Nair,NRI Individual,PAN000087,0,0,,283.0
88,Anjali Sharma,NRI Individual,PAN000088,0,0,,3749.0
89,Novus Trading Pvt Ltd,Trust,PAN000089,0,0,,3223.0
90,Anjali Rao,Individual,PAN000090,0,0,,
91,Pinnacle Infra Pvt Ltd,Partnership Firm,PAN000091,0,0,,264.0
92,Ajay Reddy,Individual,PAN000092,0,0,,
93,Meridian Ventures Pvt Ltd,LLP,PAN000093,0,0,,847.0
94,Sneha Menon,Individual,PAN000094,0,0,,
95,Pinnacle Ventures Pvt Ltd,Trust,PAN000095,0,0,,3365.0
96,Pooja Desai,Individual,PAN000096,0,0,,
97,Vertex Ventures LLP,Pvt Ltd Company,PAN000097,0,0,,2047.0
98,Crestline Infra Pvt Ltd,Pvt Ltd Company,PAN000098,0,0,,1884.0
99,Rahul Verma,Individual,PAN000099,0,0,,
100,Rohan Rao,Individual,PAN000100,0,0,,
101,Divya Rao,Individual,PAN000101,0,0,,
102,Pooja Iyer,Individual,PAN000102,0,0,,
103,Ajay Singh,Individual,PAN000103,0,0,,
104,Karan Pillai,NRI Individual,PAN000104,0,0,,1702.0
105,Priya Reddy,Individual,PAN000105,0,0,,
106,Crestline Trading Pvt Ltd,LLP,PAN000106,0,0,,3179.0
107,Novus Infra LLP,LLP,PAN000107,0,0,,108.0
108,Divya Sharma,Individual,PAN000108,0,0,,
109,Amit Singh,Individual,PAN000109,0,0,,
110,Vikram Nair,Individual,PAN000110,0,0,,
111,Arjun Patel,Individual,PAN000111,0,0,,
112,Kavya Sharma,Individual,PAN000112,0,0,,
113,Kavya Verma,Individual,PAN000113,0,0,,
114,Novus Infra LLP,Partnership Firm,PAN000114,0,0,,2525.0
115,Summit Consultancy LLP,Partnership Firm,PAN000115,0,0,,1937.0
116,Suresh Reddy,Individual,PAN000116,0,0,,
117,Arjun Kulkarni,NRI Individual,PAN000117,0,0,,2987.0
118,Ajay Singh,NRI Individual,PAN000118,0,0,,1319.0
119,Amit Rao,Individual,PAN000119,0,0,,
120,Rahul Gupta,Individual,PAN000120,0,0,,
121,Neha Verma,Individual,PAN000121,0,0,,
122,Pooja Menon,Individual,PAN000122,0,0,,
123,Zenith Trading Pvt Ltd,Pvt Ltd Company,PAN000123,0,0,,3956.0
124,Pinnacle Enterprises LLP,Pvt Ltd Company,PAN000124,0,0,,2276.0
125,Zenith Ventures LLP,LLP,PAN000125,0,0,,1342.0
126,Divya Patel,Individual,PAN000126,0,0,,
127,Pooja Nair,Individual,PAN000127,0,0,,
128,Vertex Enterprises Pvt Ltd,Pvt Ltd Company,PAN000128,0,0,,2681.0
129,Orbis Realty Pvt Ltd,Pvt Ltd Company,PAN000129,0,0,,1314.0
130,Summit Enterprises LLP,Pvt Ltd Company,PAN000130,0,0,,194.0
131,Arjun Sharma,Individual,PAN000131,0,0,,
132,Crestline Enterprises Pvt Ltd,LLP,PAN000132,0,0,,2887.0
133,Ajay Patel,Individual,PAN000133,0,0,,
134,Kavya Joshi,Individual,PAN000134,0,0,,
135,Arjun Gupta,Individual,PAN000135,0,0,,
136,Crestline Enterprises Pvt Ltd,Pvt Ltd Company,PAN000136,0,0,,2635.0
137,Vikram Pillai,Individual,PAN000137,0,0,,
138,Pooja Singh,Individual,PAN000138,0,0,,
139,Karan Nair,NRI Individual,PAN000139,0,0,,3307.0
140,Meera Iyer,Individual,PAN000140,0,0,,
141,Ajay Menon,Individual,PAN000141,0,0,,
142,Suresh Menon,Individual,PAN000142,0,0,,
143,Rahul Rao,NRI Individual,PAN000143,0,0,,910.0
144,Alpine Holdings Pvt Ltd,Pvt Ltd Company,PAN000144,0,0,,970.0
145,Pooja Verma,Individual,PAN000145,0,0,,
146,Summit Enterprises LLP,LLP,PAN000146,0,0,,2869.0
147,Arjun Nair,Individual,PAN000147,0,0,,
148,Sunrise Realty Pvt Ltd,Pvt Ltd Company,PAN000148,0,0,,1051.0
149,Vikram Pillai,Individual,PAN000149,0,0,,
150,Karan Nair,Individual,PAN000150,0,0,,
151,Arjun Nair,Individual,PAN000151,0,0,,
152,Rahul Reddy,Individual,PAN000152,0,0,,
153,Neha Singh,Individual,PAN000153,0,0,,
154,Cascade Infra LLP,LLP,PAN000154,0,0,,3252.0
155,Ajay Iyer,Individual,PAN000155,0,0,,
156,Orbis Consultancy LLP,Pvt Ltd Company,PAN000156,0,0,,2351.0
157,Pinnacle Consultancy LLP,LLP,PAN000157,0,0,,3221.0
158,Summit Holdings LLP,Partnership Firm,PAN000158,0,0,,1655.0
159,Anjali Gupta,NRI Individual,PAN000159,0,0,,2496.0
160,Karan Pillai,Individual,PAN000160,0,0,,
161,Arjun Sharma,Individual,PAN000161,0,0,,
162,Meridian Ventures Pvt Ltd,Partnership Firm,PAN000162,0,0,,1453.0
163,Rohan Patel,Individual,PAN000163,0,0,,
164,Pooja Nair,Individual,PAN000164,0,0,,
165,Priya Nair,Individual,PAN000165,0,0,,
166,Alpine Realty LLP,Pvt Ltd Company,PAN000166,0,0,,2439.0
167,Rahul Kulkarni,NRI Individual,PAN000167,0,0,,2319.0
168,Horizon Holdings LLP,Pvt Ltd Company,PAN000168,0,0,,2030.0
169,Meera Kulkarni,Individual,PAN000169,0,0,,
170,Suresh Sharma,Individual,PAN000170,0,0,,
171,Vikram Sharma,Individual,PAN000171,0,0,,
172,Vikram Reddy,Individual,PAN000172,0,0,,
173,Horizon Realty Pvt Ltd,Pvt Ltd Company,PAN000173,0,0,,3560.0
174,Sneha Iyer,Individual,PAN000174,0,0,,
175,Summit Enterprises LLP,Pvt Ltd Company,PAN000175,0,0,,1643.0
176,Priya Rao,Individual,PAN000176,0,0,,
177,Anjali Patel,Individual,PAN000177,0,0,,
178,Sneha Menon,NRI Individual,PAN000178,0,0,,1797.0
179,Sunrise Realty Pvt Ltd,Pvt Ltd Company,PAN000179,0,0,,1990.0
180,Crestline Consultancy LLP,LLP,PAN000180,0,0,,1835.0
181,Meridian Ventures Pvt Ltd,LLP,PAN000181,0,0,,1006.0
182,Divya Iyer,Individual,PAN000182,0,0,,
183,Divya Menon,Individual,PAN000183,0,0,,
184,Novus Enterprises Pvt Ltd,Pvt Ltd Company,PAN000184,0,0,,1596.0
185,Arjun Singh,Individual,PAN000185,0,0,,
186,Anjali Reddy,Individual,PAN000186,0,0,,
187,Orbis Holdings Pvt Ltd,Pvt Ltd Company,PAN000187,0,0,,3073.0
188,Rohan Pillai,Individual,PAN000188,0,0,,
189,Horizon Holdings Pvt Ltd,Pvt Ltd Company,PAN000189,0,0,,2515.0
190,Zenith Ventures LLP,Pvt Ltd Company,PAN000190,0,0,,1845.0
191,Kavya Verma,Individual,PAN000191,0,0,,
192,Rohan Pillai,Individual,PAN000192,0,0,,
193,Karan Joshi,Individual,PAN000193,0,0,,
194,Sneha Patel,Individual,PAN000194,0,0,,
195,Vikram Iyer,Individual,PAN000195,0,0,,
196,Neha Iyer,Individual,PAN000196,0,0,,
197,Orbis Infra Pvt Ltd,Pvt Ltd Company,PAN000197,0,0,,3212.0
198,Meridian Trading LLP,LLP,PAN000198,0,0,,894.0
199,Cascade Realty Pvt Ltd,Partnership Firm,PAN000199,0,0,,3889.0
200,Orbis Holdings LLP,Trust,PAN000200,0,0,,1127.0
201,Sneha Menon,Individual,PAN000201,0,0,,
202,Kavya Menon,Individual,PAN000202,0,0,,
203,Rohan Reddy,Individual,PAN000203,0,0,,
204,Kavya Gupta,Individual,PAN000204,0,0,,
205,Neha Nair,Individual,PAN000205,0,0,,
206,Sunrise Enterprises LLP,Trust,PAN000206,0,0,,3442.0
207,Divya Reddy,Individual,PAN000207,0,0,,
208,Pooja Joshi,Individual,PAN000208,0,0,,
209,Kavya Singh,Individual,PAN000209,0,0,,
210,Karan Rao,Individual,PAN000210,0,0,,
211,Arjun Pillai,Individual,PAN000211,0,0,,
212,Arjun Joshi,Individual,PAN000212,0,0,,
213,Horizon Infra Pvt Ltd,LLP,PAN000213,0,0,,2177.0
214,Crestline Ventures Pvt Ltd,Pvt Ltd Company,PAN000214,0,0,,2127.0
215,Amit Nair,Individual,PAN000215,0,0,,
216,Rahul Joshi,Individual,PAN000216,0,0,,
217,Amit Singh,Individual,PAN000217,0,0,,
218,Ajay Joshi,Individual,PAN000218,0,0,,
219,Vikram Gupta,Individual,PAN000219,0,0,,
220,Meridian Enterprises Pvt Ltd,Pvt Ltd Company,PAN000220,0,0,,2063.0
221,Alpine Enterprises LLP,Partnership Firm,PAN000221,0,0,,1800.0
222,Divya Kulkarni,Individual,PAN000222,0,0,,
223,Neha Patel,Individual,PAN000223,0,0,,
224,Cascade Holdings Pvt Ltd,Pvt Ltd Company,PAN000224,0,0,,3126.0
225,Meera Sharma,Individual,PAN000225,0,0,,
226,Alpine Infra LLP,Partnership Firm,PAN000226,0,0,,1570.0
227,Ajay Rao,Individual,PAN000227,0,0,,
228,Priya Menon,Individual,PAN000228,0,0,,
229,Arjun Patel,Individual,PAN000229,0,0,,
230,Arjun Singh,Individual,PAN000230,0,0,,
231,Summit Trading LLP,Partnership Firm,PAN000231,0,0,,3108.0
232,Pooja Menon,Individual,PAN000232,0,0,,
233,Zenith Trading Pvt Ltd,Partnership Firm,PAN000233,0,0,,3446.0
234,Horizon Infra Pvt Ltd,Pvt Ltd Company,PAN000234,0,0,,1993.0
235,Arjun Joshi,Individual,PAN000235,0,0,,
236,Sunrise Trading Pvt Ltd,Partnership Firm,PAN000236,0,0,,2164.0
237,Neha Pillai,Individual,PAN000237,0,0,,
238,Pooja Nair,Individual,PAN000238,0,0,,
239,Summit Enterprises Pvt Ltd,Pvt Ltd Company,PAN000239,0,0,,321.0
240,Rahul Singh,Individual,PAN000240,0,0,,
241,Sneha Pillai,Individual,PAN000241,0,0,,
242,Meera Singh,Individual,PAN000242,0,0,,
243,Alpine Enterprises Pvt Ltd,Pvt Ltd Company,PAN000243,0,0,,2378.0
244,Pinnacle Consultancy Pvt Ltd,Pvt Ltd Company,PAN000244,0,0,,273.0
245,Rohan Desai,NRI Individual,PAN000245,0,0,,159.0
246,Kavya Reddy,Individual,PAN000246,0,0,,
247,Karan Pillai,Individual,PAN000247,0,0,,
248,Vikram Patel,Individual,PAN000248,0,0,,
249,Alpine Infra Pvt Ltd,Partnership Firm,PAN000249,0,0,,586.0
250,Vertex Realty LLP,LLP,PAN000250,0,0,,3151.0
251,Meera Joshi,Individual,PAN000251,0,0,,
252,Anjali Kulkarni,Individual,PAN000252,0,0,,
253,Karan Gupta,Individual,PAN000253,0,0,,
254,Kavya Pillai,NRI Individual,PAN000254,0,0,,1575.0
255,Zenith Holdings Pvt Ltd,LLP,PAN000255,0,0,,3833.0
256,Vertex Trading LLP,Pvt Ltd Company,PAN000256,0,0,,2835.0
257,Alpine Realty LLP,Pvt Ltd Company,PAN000257,0,0,,1953.0
258,Priya Desai,Individual,PAN000258,0,0,,
259,Sneha Singh,Individual,PAN000259,0,0,,
260,Rahul Nair,Individual,PAN000260,0,0,,
261,Rohan Gupta,Individual,PAN000261,0,0,,
262,Vikram Pillai,Individual,PAN000262,0,0,,
263,Meridian Holdings Pvt Ltd,Trust,PAN000263,0,0,,1462.0
264,Arjun Rao,Individual,PAN000264,0,0,,
265,Zenith Holdings Pvt Ltd,Partnership Firm,PAN000265,0,0,,3213.0
266,Vikram Kulkarni,Individual,PAN000266,0,0,,
267,Neha Gupta,Individual,PAN000267,0,0,,
268,Amit Gupta,Individual,PAN000268,0,0,,
269,Anjali Menon,Individual,PAN000269,0,0,,
270,Karan Reddy,Individual,PAN000270,0,0,,
271,Meera Iyer,Individual,PAN000271,0,0,,
272,Novus Holdings Pvt Ltd,LLP,PAN000272,0,0,,1004.0
273,Pinnacle Consultancy LLP,Pvt Ltd Company,PAN000273,0,0,,2176.0
274,Novus Consultancy LLP,Trust,PAN000274,0,0,,2668.0
275,Priya Patel,Individual,PAN000275,0,0,,
276,Arjun Pillai,Individual,PAN000276,0,0,,
277,Summit Ventures LLP,Trust,PAN000277,0,0,,735.0
278,Neha Rao,Individual,PAN000278,0,0,,
279,Vertex Ventures LLP,Partnership Firm,PAN000279,0,0,,3592.0
280,Neha Desai,NRI Individual,PAN000280,0,0,,3251.0
281,Sneha Nair,Individual,PAN000281,0,0,,
282,Vertex Trading Pvt Ltd,Pvt Ltd Company,PAN000282,0,0,,3364.0
283,Suresh Verma,Individual,PAN000283,0,0,,
284,Priya Patel,Individual,PAN000284,0,0,,
285,Priya Verma,Individual,PAN000285,0,0,,
286,Vertex Holdings Pvt Ltd,Partnership Firm,PAN000286,0,0,,2394.0
287,Neha Gupta,Individual,PAN000287,0,0,,
288,Vertex Ventures Pvt Ltd,Pvt Ltd Company,PAN000288,0,0,,2941.0
289,Pooja Pillai,Individual,PAN000289,0,0,,
290,Suresh Nair,NRI Individual,PAN000290,0,0,,1190.0
291,Vikram Gupta,Individual,PAN000291,0,0,,
292,Summit Realty Pvt Ltd,Pvt Ltd Company,PAN000292,0,0,,706.0
293,Cascade Realty Pvt Ltd,LLP,PAN000293,0,0,,182.0
294,Rohan Singh,Individual,PAN000294,0,0,,
295,Crestline Trading LLP,Trust,PAN000295,0,0,,1462.0
296,Horizon Consultancy Pvt Ltd,Pvt Ltd Company,PAN000296,0,0,,2235.0
297,Pooja Singh,NRI Individual,PAN000297,0,0,,2762.0
298,Amit Gupta,Individual,PAN000298,0,0,,
299,Rahul Gupta,Individual,PAN000299,0,0,,
300,Vertex Trading Pvt Ltd,Pvt Ltd Company,PAN000300,0,0,,146.0
301,Karan Menon,Individual,PAN000301,0,0,,
302,Pinnacle Enterprises LLP,Partnership Firm,PAN000302,0,0,,152.0
303,Sunrise Realty LLP,Partnership Firm,PAN000303,0,0,,1236.0
304,Amit Joshi,Individual,PAN000304,0,0,,
305,Anjali Menon,Individual,PAN000305,0,0,,
306,Pooja Sharma,Individual,PAN000306,0,0,,
307,Rahul Iyer,Individual,PAN000307,0,0,,
308,Crestline Realty Pvt Ltd,Trust,PAN000308,0,0,,2347.0
309,Pooja Kulkarni,Individual,PAN000309,0,0,,
310,Summit Consultancy LLP,Trust,PAN000310,0,0,,1956.0
311,Pinnacle Ventures LLP,LLP,PAN000311,0,0,,1404.0
312,Kavya Joshi,Individual,PAN000312,0,0,,
313,Ajay Verma,Individual,PAN000313,0,0,,
314,Alpine Enterprises LLP,Pvt Ltd Company,PAN000314,0,0,,1262.0
315,Sneha Joshi,Individual,PAN000315,0,0,,
316,Anjali Menon,Individual,PAN000316,0,0,,
317,Priya Singh,Individual,PAN000317,0,0,,
318,Rahul Sharma,Individual,PAN000318,0,0,,
319,Suresh Sharma,Individual,PAN000319,0,0,,
320,Kavya Iyer,Individual,PAN000320,0,0,,
321,Meera Desai,Individual,PAN000321,0,0,,
322,Zenith Infra LLP,Pvt Ltd Company,PAN000322,0,0,,3972.0
323,Divya Rao,Individual,PAN000323,0,0,,
324,Vikram Rao,Individual,PAN000324,0,0,,
325,Amit Nair,Individual,PAN000325,0,0,,
326,Neha Gupta,Individual,PAN000326,0,0,,
327,Alpine Holdings LLP,Trust,PAN000327,0,0,,1603.0
328,Ajay Pillai,Individual,PAN000328,0,0,,
329,Rohan Verma,Individual,PAN000329,0,0,,
330,Pooja Iyer,Individual,PAN000330,0,0,,
331,Sneha Verma,Individual,PAN000331,0,0,,
332,Rahul Rao,Individual,PAN000332,0,0,,
333,Amit Sharma,Individual,PAN000333,0,0,,
334,Sunrise Enterprises Pvt Ltd,LLP,PAN000334,0,0,,3512.0
335,Sneha Menon,Individual,PAN000335,0,0,,
336,Rahul Verma,Individual,PAN000336,0,0,,
337,Ajay Joshi,Individual,PAN000337,0,0,,
338,Crestline Consultancy Pvt Ltd,Pvt Ltd Company,PAN000338,0,0,,1339.0
339,Alpine Enterprises Pvt Ltd,LLP,PAN000339,0,0,,512.0
340,Zenith Holdings LLP,Partnership Firm,PAN000340,0,0,,1286.0
341,Kavya Desai,Individual,PAN000341,0,0,,
342,Horizon Trading Pvt Ltd,Pvt Ltd Company,PAN000342,0,0,,1883.0
343,Priya Singh,Individual,PAN000343,0,0,,
344,Sneha Sharma,Individual,PAN000344,0,0,,
345,Neha Nair,Individual,PAN000345,0,0,,
346,Meridian Ventures LLP,Pvt Ltd Company,PAN000346,0,0,,1166.0
347,Suresh Joshi,Individual,PAN000347,0,0,,
348,Suresh Pillai,Individual,PAN000348,0,0,,
349,Pooja Singh,Individual,PAN000349,0,0,,
350,Arjun Pillai,Individual,PAN000350,0,0,,
351,Karan Patel,Individual,PAN000351,0,0,,
352,Sneha Gupta,Individual,PAN000352,0,0,,
353,Suresh Verma,Individual,PAN000353,0,0,,
354,Divya Verma,Individual,PAN000354,0,0,,
355,Vertex Holdings LLP,Trust,PAN000355,0,0,,3916.0
356,Orbis Realty Pvt Ltd,Pvt Ltd Company,PAN000356,0,0,,3117.0
357,Suresh Singh,Individual,PAN000357,0,0,,
358,Sunrise Consultancy Pvt Ltd,Pvt Ltd Company,PAN000358,0,0,,1858.0
359,Rahul Joshi,Individual,PAN000359,0,0,,
360,Karan Pillai,Individual,PAN000360,0,0,,
361,Meera Sharma,Individual,PAN000361,0,0,,
362,Alpine Realty LLP,Pvt Ltd Company,PAN000362,0,0,,235.0
363,Cascade Infra LLP,LLP,PAN000363,0,0,,3204.0
364,Meridian Holdings LLP,Pvt Ltd Company,PAN000364,0,0,,331.0
365,Alpine Realty LLP,Pvt Ltd Company,PAN000365,0,0,,1638.0
366,Zenith Consultancy Pvt Ltd,Pvt Ltd Company,PAN000366,0,0,,873.0
367,Pinnacle Infra Pvt Ltd,Pvt Ltd Company,PAN000367,0,0,,1778.0
368,Pooja Kulkarni,Individual,PAN000368,0,0,,
369,Pooja Menon,Individual,PAN000369,0,0,,
370,Horizon Realty LLP,Pvt Ltd Company,PAN000370,0,0,,468.0
371,Horizon Ventures Pvt Ltd,LLP,PAN000371,0,0,,1680.0
372,Rahul Pillai,Individual,PAN000372,0,0,,
373,Kavya Patel,Individual,PAN000373,0,0,,
374,Rahul Reddy,Individual,PAN000374,0,0,,
375,Neha Gupta,Individual,PAN000375,0,0,,
376,Alpine Ventures LLP,Pvt Ltd Company,PAN000376,0,0,,2015.0
377,Karan Sharma,Individual,PAN000377,0,0,,
378,Ajay Joshi,Individual,PAN000378,0,0,,
379,Pooja Iyer,Individual,PAN000379,0,0,,
380,Priya Reddy,Individual,PAN000380,0,0,,
381,Rahul Iyer,Individual,PAN000381,0,0,,
382,Pinnacle Trading Pvt Ltd,Pvt Ltd Company,PAN000382,0,0,,360.0
383,Divya Verma,Individual,PAN000383,0,0,,
384,Neha Gupta,Individual,PAN000384,0,0,,
385,Pinnacle Realty Pvt Ltd,Pvt Ltd Company,PAN000385,0,0,,2731.0
386,Rohan Reddy,Individual,PAN000386,0,0,,
387,Cascade Infra Pvt Ltd,Trust,PAN000387,0,0,,2864.0
388,Neha Kulkarni,Individual,PAN000388,0,0,,
389,Ajay Gupta,NRI Individual,PAN000389,0,0,,906.0
390,Rahul Verma,Individual,PAN000390,0,0,,
391,Pinnacle Realty Pvt Ltd,Trust,PAN000391,0,0,,2676.0
392,Divya Patel,Individual,PAN000392,0,0,,
393,Vikram Menon,Individual,PAN000393,0,0,,
394,Crestline Realty Pvt Ltd,LLP,PAN000394,0,0,,3361.0
395,Sunrise Infra LLP,Pvt Ltd Company,PAN000395,0,0,,3452.0
396,Vikram Iyer,Individual,PAN000396,0,0,,
397,Suresh Menon,NRI Individual,PAN000397,0,0,,3064.0
398,Anjali Menon,Individual,PAN000398,0,0,,
399,Sneha Iyer,Individual,PAN000399,0,0,,
400,Pooja Patel,Individual,PAN000400,0,0,,
401,Horizon Trading Pvt Ltd,LLP,PAN000401,0,0,,2933.0
402,Rahul Menon,Individual,PAN000402,0,0,,
403,Priya Nair,Individual,PAN000403,0,0,,
404,Horizon Holdings LLP,Pvt Ltd Company,PAN000404,0,0,,2767.0
405,Crestline Ventures Pvt Ltd,Pvt Ltd Company,PAN000405,0,0,,2565.0
406,Zenith Consultancy LLP,Trust,PAN000406,0,0,,2915.0
407,Suresh Pillai,Individual,PAN000407,0,0,,
408,Pooja Nair,Individual,PAN000408,0,0,,
409,Kavya Iyer,Individual,PAN000409,0,0,,
410,Anjali Desai,NRI Individual,PAN000410,0,0,,3691.0
411,Neha Desai,Individual,PAN000411,0,0,,
412,Alpine Enterprises LLP,LLP,PAN000412,0,0,,1960.0
413,Orbis Ventures Pvt Ltd,Pvt Ltd Company,PAN000413,0,0,,1189.0
414,Karan Singh,Individual,PAN000414,0,0,,
415,Zenith Enterprises Pvt Ltd,Partnership Firm,PAN000415,0,0,,3265.0
416,Rahul Gupta,Individual,PAN000416,0,0,,
417,Neha Nair,Individual,PAN000417,0,0,,
418,Alpine Realty Pvt Ltd,Pvt Ltd Company,PAN000418,0,0,,963.0
419,Sneha Menon,Individual,PAN000419,0,0,,
420,Ajay Reddy,Individual,PAN000420,0,0,,
421,Rohan Iyer,Individual,PAN000421,0,0,,
422,Neha Verma,Individual,PAN000422,0,0,,
423,Pinnacle Holdings Pvt Ltd,Pvt Ltd Company,PAN000423,0,0,,1085.0
424,Rohan Reddy,Individual,PAN000424,0,0,,
425,Anjali Gupta,Individual,PAN000425,0,0,,
426,Vikram Rao,Individual,PAN000426,0,0,,
427,Rahul Desai,Individual,PAN000427,0,0,,
428,Zenith Consultancy LLP,Pvt Ltd Company,PAN000428,0,0,,2112.0
429,Orbis Ventures LLP,LLP,PAN000429,0,0,,3912.0
430,Arjun Reddy,Individual,PAN000430,0,0,,
431,Amit Patel,NRI Individual,PAN000431,0,0,,248.0
432,Ajay Singh,Individual,PAN000432,0,0,,
433,Crestline Consultancy Pvt Ltd,Pvt Ltd Company,PAN000433,0,0,,2307.0
434,Amit Joshi,Individual,PAN000434,0,0,,
435,Sunrise Consultancy Pvt Ltd,Partnership Firm,PAN000435,0,0,,397.0
436,Ajay Desai,Individual,PAN000436,0,0,,
437,Rahul Nair,Individual,PAN000437,0,0,,
438,Suresh Nair,Individual,PAN000438,0,0,,
439,Karan Iyer,Individual,PAN000439,0,0,,
440,Ajay Reddy,Individual,PAN000440,0,0,,
441,Vikram Nair,Individual,PAN000441,0,0,,
442,Anjali Gupta,Individual,PAN000442,0,0,,
443,Karan Joshi,Individual,PAN000443,0,0,,
444,Karan Joshi,Individual,PAN000444,0,0,,
445,Kavya Sharma,Individual,PAN000445,0,0,,
446,Pooja Verma,Individual,PAN000446,0,0,,
447,Rohan Nair,Individual,PAN000447,0,0,,
448,Neha Singh,Individual,PAN000448,0,0,,
449,Karan Singh,Individual,PAN000449,0,0,,
450,Anjali Desai,Individual,PAN000450,0,0,,
451,Crestline Realty Pvt Ltd,Partnership Firm,PAN000451,0,0,,444.0
452,Priya Joshi,Individual,PAN000452,0,0,,
453,Vikram Reddy,Individual,PAN000453,0,0,,
454,Zenith Realty Pvt Ltd,Pvt Ltd Company,PAN000454,0,0,,3858.0
455,Karan Kulkarni,Individual,PAN000455,0,0,,
456,Sunrise Trading Pvt Ltd,Pvt Ltd Company,PAN000456,0,0,,457.0
457,Sneha Menon,Individual,PAN000457,0,0,,
458,Amit Desai,Individual,PAN000458,0,0,,
459,Neha Menon,Individual,PAN000459,0,0,,
460,Cascade Holdings LLP,Pvt Ltd Company,PAN000460,0,0,,2359.0
461,Orbis Ventures Pvt Ltd,Pvt Ltd Company,PAN000461,0,0,,1579.0
462,Karan Nair,Individual,PAN000462,0,0,,
463,Anjali Rao,Individual,PAN000463,0,0,,
464,Zenith Infra LLP,LLP,PAN000464,0,0,,2791.0
465,Priya Patel,Individual,PAN000465,0,0,,
466,Amit Pillai,Individual,PAN000466,0,0,,
467,Rohan Singh,Individual,PAN000467,0,0,,
468,Ajay Kulkarni,Individual,PAN000468,0,0,,
469,Summit Ventures Pvt Ltd,Pvt Ltd Company,PAN000469,0,0,,2405.0
470,Meridian Enterprises Pvt Ltd,Pvt Ltd Company,PAN000470,0,0,,1507.0
471,Suresh Sharma,Individual,PAN000471,0,0,,
472,Zenith Consultancy LLP,Pvt Ltd Company,PAN000472,0,0,,374.0
473,Arjun Verma,Individual,PAN000473,0,0,,
474,Orbis Ventures Pvt Ltd,Pvt Ltd Company,PAN000474,0,0,,678.0
475,Arjun Rao,NRI Individual,PAN000475,0,0,,3724.0
476,Summit Trading Pvt Ltd,Partnership Firm,PAN000476,0,0,,294.0
477,Pooja Desai,Individual,PAN000477,0,0,,
478,Crestline Trading Pvt Ltd,Pvt Ltd Company,PAN000478,0,0,,1328.0
479,Meera Verma,Individual,PAN000479,0,0,,
480,Vikram Gupta,Individual,PAN000480,0,0,,
481,Divya Pillai,Individual,PAN000481,0,0,,
482,Sneha Menon,Individual,PAN000482,0,0,,
483,Karan Patel,Individual,PAN000483,0,0,,
484,Karan Singh,Individual,PAN000484,0,0,,
485,Vikram Gupta,Individual,PAN000485,0,0,,
486,Karan Verma,Individual,PAN000486,0,0,,
487,Novus Holdings LLP,LLP,PAN000487,0,0,,2574.0
488,Pinnacle Enterprises Pvt Ltd,LLP,PAN000488,0,0,,2009.0
489,Cascade Ventures Pvt Ltd,Pvt Ltd Company,PAN000489,0,0,,831.0
490,Sneha Patel,Individual,PAN000490,0,0,,
491,Suresh Sharma,Individual,PAN000491,0,0,,
492,Karan Joshi,Individual,PAN000492,0,0,,
493,Karan Kulkarni,Individual,PAN000493,0,0,,
494,Sunrise Consultancy LLP,LLP,PAN000494,0,0,,2199.0
495,Suresh Pillai,Individual,PAN000495,0,0,,
496,Meera Kulkarni,Individual,PAN000496,0,0,,
497,Arjun Desai,Individual,PAN000497,0,0,,
498,Meera Singh,Individual,PAN000498,0,0,,
499,Vikram Pillai,Individual,PAN000499,0,0,,
500,Priya Reddy,Individual,PAN000500,0,0,,
501,Suresh Rao,Individual,PAN000501,0,0,,
502,Sunrise Enterprises LLP,LLP,PAN000502,0,0,,2168.0
503,Vikram Joshi,Individual,PAN000503,0,0,,
504,Alpine Consultancy Pvt Ltd,Trust,PAN000504,0,0,,2603.0
505,Pooja Menon,Individual,PAN000505,0,0,,
506,Anjali Sharma,NRI Individual,PAN000506,0,0,,1696.0
507,Karan Patel,Individual,PAN000507,0,0,,
508,Vikram Gupta,Individual,PAN000508,0,0,,
509,Horizon Holdings Pvt Ltd,Trust,PAN000509,0,0,,131.0
510,Pinnacle Enterprises Pvt Ltd,Pvt Ltd Company,PAN000510,0,0,,1151.0
511,Cascade Realty Pvt Ltd,Pvt Ltd Company,PAN000511,0,0,,1932.0
512,Priya Sharma,Individual,PAN000512,0,0,,
513,Rahul Joshi,Individual,PAN000513,0,0,,
514,Kavya Nair,Individual,PAN000514,0,0,,
515,Rohan Reddy,Individual,PAN000515,0,0,,
516,Orbis Realty Pvt Ltd,Trust,PAN000516,0,0,,3332.0
517,Vikram Pillai,Individual,PAN000517,0,0,,
518,Divya Pillai,Individual,PAN000518,0,0,,
519,Meera Nair,Individual,PAN000519,0,0,,
520,Neha Pillai,Individual,PAN000520,0,0,,
521,Anjali Iyer,Individual,PAN000521,0,0,,
522,Suresh Reddy,Individual,PAN000522,0,0,,
523,Meera Patel,Individual,PAN000523,0,0,,
524,Suresh Gupta,Individual,PAN000524,0,0,,
525,Anjali Sharma,Individual,PAN000525,0,0,,
526,Suresh Reddy,Individual,PAN000526,0,0,,
527,Summit Enterprises LLP,Partnership Firm,PAN000527,0,0,,1622.0
528,Sunrise Trading Pvt Ltd,Pvt Ltd Company,PAN000528,0,0,,3666.0
529,Neha Nair,Individual,PAN000529,0,0,,
530,Rahul Desai,Individual,PAN000530,0,0,,
531,Meera Desai,Individual,PAN000531,0,0,,
532,Meridian Realty Pvt Ltd,LLP,PAN000532,0,0,,1393.0
533,Karan Iyer,Individual,PAN000533,0,0,,
534,Meera Joshi,Individual,PAN000534,0,0,,
535,Novus Enterprises LLP,Pvt Ltd Company,PAN000535,0,0,,2710.0
536,Neha Menon,Individual,PAN000536,0,0,,
537,Vikram Sharma,Individual,PAN000537,0,0,,
538,Ajay Iyer,Individual,PAN000538,0,0,,
539,Neha Desai,Individual,PAN000539,0,0,,
540,Meera Iyer,Individual,PAN000540,0,0,,
541,Divya Menon,Individual,PAN000541,0,0,,
542,Alpine Ventures Pvt Ltd,Pvt Ltd Company,PAN000542,0,0,,505.0
543,Neha Singh,Individual,PAN000543,0,0,,
544,Amit Gupta,Individual,PAN000544,0,0,,
545,Meera Desai,Individual,PAN000545,0,0,,
546,Meridian Ventures Pvt Ltd,LLP,PAN000546,0,0,,3412.0
547,Cascade Trading LLP,LLP,PAN000547,0,0,,1080.0
548,Alpine Consultancy LLP,Pvt Ltd Company,PAN000548,0,0,,238.0
549,Rohan Rao,Individual,PAN000549,0,0,,
550,Orbis Holdings Pvt Ltd,LLP,PAN000550,0,0,,2312.0
551,Suresh Reddy,Individual,PAN000551,0,0,,
552,Cascade Ventures LLP,Trust,PAN000552,0,0,,3583.0
553,Horizon Realty LLP,Partnership Firm,PAN000553,0,0,,687.0
554,Pooja Sharma,Individual,PAN000554,0,0,,
555,Vikram Menon,Individual,PAN000555,0,0,,
556,Ajay Sharma,Individual,PAN000556,0,0,,
557,Novus Consultancy Pvt Ltd,Trust,PAN000557,0,0,,701.0
558,Priya Sharma,Individual,PAN000558,0,0,,
559,Rahul Pillai,Individual,PAN000559,0,0,,
560,Sneha Reddy,Individual,PAN000560,0,0,,
561,Horizon Ventures LLP,Partnership Firm,PAN000561,0,0,,1221.0
562,Rohan Gupta,Individual,PAN000562,0,0,,
563,Neha Pillai,Individual,PAN000563,0,0,,
564,Karan Kulkarni,Individual,PAN000564,0,0,,
565,Summit Holdings LLP,Pvt Ltd Company,PAN000565,0,0,,2337.0
566,Divya Singh,Individual,PAN000566,0,0,,
567,Orbis Consultancy LLP,Pvt Ltd Company,PAN000567,0,0,,1050.0
568,Horizon Consultancy LLP,Trust,PAN000568,0,0,,3833.0
569,Neha Joshi,Individual,PAN000569,0,0,,
570,Zenith Consultancy Pvt Ltd,Pvt Ltd Company,PAN000570,0,0,,1743.0
571,Divya Gupta,Individual,PAN000571,0,0,,
572,Pooja Rao,Individual,PAN000572,0,0,,
573,Karan Gupta,Individual,PAN000573,0,0,,
574,Divya Patel,Individual,PAN000574,0,0,,
575,Meera Patel,Individual,PAN000575,0,0,,
576,Zenith Consultancy Pvt Ltd,LLP,PAN000576,0,0,,2532.0
577,Suresh Reddy,Individual,PAN000577,0,0,,
578,Sneha Kulkarni,Individual,PAN000578,0,0,,
579,Vertex Consultancy LLP,LLP,PAN000579,0,0,,1439.0
580,Amit Verma,Individual,PAN000580,0,0,,
581,Suresh Rao,Individual,PAN000581,0,0,,
582,Pinnacle Ventures LLP,Pvt Ltd Company,PAN000582,0,0,,3398.0
583,Vikram Nair,Individual,PAN000583,0,0,,
584,Horizon Trading LLP,LLP,PAN000584,0,0,,3031.0
585,Orbis Infra Pvt Ltd,LLP,PAN000585,0,0,,522.0
586,Orbis Enterprises LLP,LLP,PAN000586,0,0,,672.0
587,Zenith Ventures LLP,Partnership Firm,PAN000587,0,0,,1514.0
588,Neha Sharma,Individual,PAN000588,0,0,,
589,Horizon Enterprises LLP,Trust,PAN000589,0,0,,369.0
590,Suresh Kulkarni,Individual,PAN000590,0,0,,
591,Novus Trading LLP,Partnership Firm,PAN000591,0,0,,113.0
592,Vikram Verma,Individual,PAN000592,0,0,,
593,Neha Gupta,Individual,PAN000593,0,0,,
594,Rohan Patel,Individual,PAN000594,0,0,,
595,Anjali Menon,NRI Individual,PAN000595,0,0,,352.0
596,Zenith Trading LLP,Pvt Ltd Company,PAN000596,0,0,,2467.0
597,Divya Kulkarni,Individual,PAN000597,0,0,,
598,Ajay Singh,Individual,PAN000598,0,0,,
599,Amit Joshi,Individual,PAN000599,0,0,,
600,Meera Joshi,Individual,PAN000600,0,0,,
601,Anjali Patel,Individual,PAN000601,0,0,,
602,Sneha Menon,Individual,PAN000602,0,0,,
603,Anjali Reddy,Individual,PAN000603,0,0,,
604,Priya Menon,Individual,PAN000604,0,0,,
605,Kavya Menon,Individual,PAN000605,0,0,,
606,Kavya Verma,NRI Individual,PAN000606,0,0,,3599.0
607,Arjun Rao,Individual,PAN000607,0,0,,
608,Sneha Verma,Individual,PAN000608,0,0,,
609,Rahul Rao,Individual,PAN000609,0,0,,
610,Divya Reddy,Individual,PAN000610,0,0,,
611,Vikram Kulkarni,Individual,PAN000611,0,0,,
612,Crestline Realty LLP,Pvt Ltd Company,PAN000612,0,0,,521.0
613,Pooja Iyer,Individual,PAN000613,0,0,,
614,Neha Kulkarni,Individual,PAN000614,0,0,,
615,Vikram Pillai,Individual,PAN000615,0,0,,
616,Divya Singh,Individual,PAN000616,0,0,,
617,Kavya Patel,Individual,PAN000617,0,0,,
618,Orbis Trading LLP,Pvt Ltd Company,PAN000618,0,0,,738.0
619,Pinnacle Enterprises Pvt Ltd,Pvt Ltd Company,PAN000619,0,0,,2847.0
620,Kavya Nair,Individual,PAN000620,0,0,,
621,Arjun Singh,Individual,PAN000621,0,0,,
622,Kavya Gupta,Individual,PAN000622,0,0,,
623,Arjun Nair,Individual,PAN000623,0,0,,
624,Vertex Ventures Pvt Ltd,Trust,PAN000624,0,0,,3139.0
625,Sneha Gupta,Individual,PAN000625,0,0,,
626,Suresh Rao,NRI Individual,PAN000626,0,0,,1761.0
627,Pinnacle Holdings LLP,Partnership Firm,PAN000627,0,0,,2617.0
628,Anjali Nair,Individual,PAN000628,0,0,,
629,Karan Nair,Individual,PAN000629,0,0,,
630,Pooja Kulkarni,Individual,PAN000630,0,0,,
631,Anjali Kulkarni,Individual,PAN000631,0,0,,
632,Amit Iyer,Individual,PAN000632,0,0,,
633,Pinnacle Consultancy LLP,Partnership Firm,PAN000633,0,0,,1530.0
634,Rahul Nair,Individual,PAN000634,0,0,,
635,Karan Joshi,Individual,PAN000635,0,0,,
636,Anjali Joshi,Individual,PAN000636,0,0,,
637,Rohan Nair,Individual,PAN000637,0,0,,
638,Anjali Patel,Individual,PAN000638,0,0,,
639,Suresh Sharma,Individual,PAN000639,0,0,,
640,Arjun Reddy,Individual,PAN000640,0,0,,
641,Priya Gupta,Individual,PAN000641,0,0,,
642,Rahul Patel,Individual,PAN000642,0,0,,
643,Zenith Realty LLP,Trust,PAN000643,0,0,,461.0
644,Meera Gupta,Individual,PAN000644,0,0,,
645,Neha Menon,Individual,PAN000645,0,0,,
646,Karan Menon,Individual,PAN000646,0,0,,
647,Divya Kulkarni,Individual,PAN000647,0,0,,
648,Meridian Infra LLP,Pvt Ltd Company,PAN000648,0,0,,3204.0
649,Pinnacle Ventures Pvt Ltd,LLP,PAN000649,0,0,,1024.0
650,Divya Nair,NRI Individual,PAN000650,0,0,,568.0
651,Amit Sharma,Individual,PAN000651,0,0,,
652,Novus Holdings LLP,LLP,PAN000652,0,0,,1890.0
653,Meridian Infra Pvt Ltd,Trust,PAN000653,0,0,,1822.0
654,Amit Rao,Individual,PAN000654,0,0,,
655,Suresh Rao,Individual,PAN000655,0,0,,
656,Kavya Rao,Individual,PAN000656,0,0,,
657,Meera Sharma,Individual,PAN000657,0,0,,
658,Amit Reddy,Individual,PAN000658,0,0,,
659,Pinnacle Realty LLP,Partnership Firm,PAN000659,0,0,,428.0
660,Rohan Gupta,Individual,PAN000660,0,0,,
661,Meera Joshi,Individual,PAN000661,0,0,,
662,Sneha Verma,Individual,PAN000662,0,0,,
663,Rahul Singh,Individual,PAN000663,0,0,,
664,Pooja Rao,NRI Individual,PAN000664,0,0,,1681.0
665,Divya Sharma,Individual,PAN000665,0,0,,
666,Divya Patel,Individual,PAN000666,0,0,,
667,Pooja Joshi,Individual,PAN000667,0,0,,
668,Rohan Iyer,Individual,PAN000668,0,0,,
669,Karan Nair,Individual,PAN000669,0,0,,
670,Ajay Menon,Individual,PAN000670,0,0,,
671,Sneha Menon,Individual,PAN000671,0,0,,
672,Alpine Consultancy LLP,LLP,PAN000672,0,0,,3411.0
673,Alpine Consultancy Pvt Ltd,Partnership Firm,PAN000673,0,0,,327.0
674,Sunrise Ventures Pvt Ltd,Pvt Ltd Company,PAN000674,0,0,,3092.0
675,Meera Desai,Individual,PAN000675,0,0,,
676,Ajay Sharma,Individual,PAN000676,0,0,,
677,Priya Pillai,Individual,PAN000677,0,0,,
678,Divya Joshi,Individual,PAN000678,0,0,,
679,Cascade Holdings LLP,LLP,PAN000679,0,0,,3422.0
680,Sunrise Ventures LLP,LLP,PAN000680,0,0,,3616.0
681,Amit Sharma,Individual,PAN000681,0,0,,
682,Pooja Rao,Individual,PAN000682,0,0,,
683,Alpine Ventures Pvt Ltd,Pvt Ltd Company,PAN000683,0,0,,331.0
684,Arjun Singh,Individual,PAN000684,0,0,,
685,Divya Desai,Individual,PAN000685,0,0,,
686,Neha Menon,Individual,PAN000686,0,0,,
687,Karan Gupta,Individual,PAN000687,0,0,,
688,Sneha Pillai,Individual,PAN000688,0,0,,
689,Priya Nair,Individual,PAN000689,0,0,,
690,Divya Kulkarni,Individual,PAN000690,0,0,,
691,Sneha Iyer,Individual,PAN000691,0,0,,
692,Crestline Holdings Pvt Ltd,Partnership Firm,PAN000692,0,0,,475.0
693,Pooja Menon,Individual,PAN000693,0,0,,
694,Pooja Iyer,Individual,PAN000694,0,0,,
695,Sunrise Holdings LLP,Partnership Firm,PAN000695,0,0,,1249.0
696,Priya Menon,Individual,PAN000696,0,0,,
697,Crestline Consultancy Pvt Ltd,Pvt Ltd Company,PAN000697,0,0,,3730.0
698,Suresh Kulkarni,Individual,PAN000698,0,0,,
699,Arjun Gupta,Individual,PAN000699,0,0,,
700,Suresh Menon,Individual,PAN000700,0,0,,
701,Alpine Enterprises Pvt Ltd,Pvt Ltd Company,PAN000701,0,0,,2799.0
702,Arjun Iyer,Individual,PAN000702,0,0,,
703,Sneha Pillai,Individual,PAN000703,0,0,,
704,Karan Menon,Individual,PAN000704,0,0,,
705,Sneha Pillai,Individual,PAN000705,0,0,,
706,Anjali Kulkarni,Individual,PAN000706,0,0,,
707,Crestline Realty Pvt Ltd,Trust,PAN000707,0,0,,2132.0
708,Rahul Patel,Individual,PAN000708,0,0,,
709,Vikram Rao,Individual,PAN000709,0,0,,
710,Kavya Joshi,Individual,PAN000710,0,0,,
711,Novus Enterprises LLP,Pvt Ltd Company,PAN000711,0,0,,2583.0
712,Rohan Verma,Individual,PAN000712,0,0,,
713,Sneha Verma,Individual,PAN000713,0,0,,
714,Summit Consultancy LLP,Trust,PAN000714,0,0,,3009.0
715,Neha Nair,Individual,PAN000715,0,0,,
716,Anjali Menon,NRI Individual,PAN000716,0,0,,774.0
717,Sneha Joshi,Individual,PAN000717,0,0,,
718,Anjali Verma,Individual,PAN000718,0,0,,
719,Sunrise Realty LLP,Partnership Firm,PAN000719,0,0,,1508.0
720,Kavya Gupta,Individual,PAN000720,0,0,,
721,Vikram Iyer,Individual,PAN000721,0,0,,
722,Anjali Rao,Individual,PAN000722,0,0,,
723,Suresh Singh,Individual,PAN000723,0,0,,
724,Anjali Patel,Individual,PAN000724,0,0,,
725,Orbis Trading LLP,Pvt Ltd Company,PAN000725,0,0,,1010.0
726,Kavya Joshi,Individual,PAN000726,0,0,,
727,Vikram Nair,Individual,PAN000727,0,0,,
728,Cascade Ventures Pvt Ltd,Trust,PAN000728,0,0,,3508.0
729,Anjali Joshi,Individual,PAN000729,0,0,,
730,Pinnacle Ventures LLP,LLP,PAN000730,0,0,,2064.0
731,Novus Consultancy LLP,Trust,PAN000731,0,0,,187.0
732,Rohan Iyer,Individual,PAN000732,0,0,,
733,Horizon Infra LLP,Trust,PAN000733,0,0,,1139.0
734,Pinnacle Consultancy LLP,Pvt Ltd Company,PAN000734,0,0,,949.0
735,Ajay Nair,Individual,PAN000735,0,0,,
736,Divya Singh,Individual,PAN000736,0,0,,
737,Pooja Menon,Individual,PAN000737,0,0,,
738,Vikram Joshi,Individual,PAN000738,0,0,,
739,Orbis Realty LLP,Trust,PAN000739,0,0,,2826.0
740,Priya Joshi,Individual,PAN000740,0,0,,
741,Priya Gupta,Individual,PAN000741,0,0,,
742,Cascade Infra Pvt Ltd,Trust,PAN000742,0,0,,3073.0
743,Ajay Kulkarni,Individual,PAN000743,0,0,,
744,Orbis Enterprises LLP,Trust,PAN000744,0,0,,2823.0
745,Suresh Joshi,Individual,PAN000745,0,0,,
746,Meridian Realty LLP,Pvt Ltd Company,PAN000746,0,0,,3584.0
747,Amit Menon,Individual,PAN000747,0,0,,
748,Rahul Pillai,Individual,PAN000748,0,0,,
749,Suresh Nair,Individual,PAN000749,0,0,,
750,Crestline Holdings Pvt Ltd,Pvt Ltd Company,PAN000750,0,0,,2595.0
751,Novus Holdings Pvt Ltd,LLP,PAN000751,0,0,,966.0
752,Summit Realty LLP,Trust,PAN000752,0,0,,3222.0
753,Vertex Ventures Pvt Ltd,Pvt Ltd Company,PAN000753,0,0,,2465.0
754,Rohan Verma,Individual,PAN000754,0,0,,
755,Arjun Kulkarni,Individual,PAN000755,0,0,,
756,Zenith Realty Pvt Ltd,Pvt Ltd Company,PAN000756,0,0,,2199.0
757,Cascade Realty LLP,Pvt Ltd Company,PAN000757,0,0,,342.0
758,Ajay Sharma,Individual,PAN000758,0,0,,
759,Karan Menon,Individual,PAN000759,0,0,,
760,Pooja Menon,Individual,PAN000760,0,0,,
761,Sunrise Realty Pvt Ltd,Pvt Ltd Company,PAN000761,0,0,,1039.0
762,Rahul Desai,Individual,PAN000762,0,0,,
763,Pooja Kulkarni,Individual,PAN000763,0,0,,
764,Meridian Ventures LLP,Pvt Ltd Company,PAN000764,0,0,,1195.0
765,Pooja Iyer,Individual,PAN000765,0,0,,
766,Amit Reddy,Individual,PAN000766,0,0,,
767,Zenith Infra Pvt Ltd,Trust,PAN000767,0,0,,3665.0
768,Meridian Trading Pvt Ltd,LLP,PAN000768,0,0,,1409.0
769,Novus Trading LLP,Pvt Ltd Company,PAN000769,0,0,,2232.0
770,Cascade Consultancy LLP,Partnership Firm,PAN000770,0,0,,93.0
771,Amit Patel,NRI Individual,PAN000771,0,0,,3670.0
772,Pooja Kulkarni,Individual,PAN000772,0,0,,
773,Rahul Verma,NRI Individual,PAN000773,0,0,,1047.0
774,Divya Nair,Individual,PAN000774,0,0,,
775,Ajay Gupta,Individual,PAN000775,0,0,,
776,Meera Pillai,Individual,PAN000776,0,0,,
777,Novus Holdings LLP,Partnership Firm,PAN000777,0,0,,2341.0
778,Ajay Patel,Individual,PAN000778,0,0,,
779,Karan Nair,Individual,PAN000779,0,0,,
780,Arjun Patel,Individual,PAN000780,0,0,,
781,Anjali Joshi,Individual,PAN000781,0,0,,
782,Rohan Pillai,NRI Individual,PAN000782,0,0,,1006.0
783,Sneha Gupta,Individual,PAN000783,0,0,,
784,Priya Nair,Individual,PAN000784,0,0,,
785,Anjali Desai,Individual,PAN000785,0,0,,
786,Suresh Reddy,NRI Individual,PAN000786,0,0,,3757.0
787,Cascade Infra LLP,LLP,PAN000787,0,0,,2643.0
788,Zenith Enterprises LLP,LLP,PAN000788,0,0,,2209.0
789,Ajay Sharma,Individual,PAN000789,0,0,,
790,Meera Pillai,Individual,PAN000790,0,0,,
791,Vikram Kulkarni,NRI Individual,PAN000791,0,0,,285.0
792,Meera Rao,Individual,PAN000792,0,0,,
793,Amit Pillai,Individual,PAN000793,0,0,,
794,Vikram Iyer,Individual,PAN000794,0,0,,
795,Summit Infra LLP,Pvt Ltd Company,PAN000795,0,0,,2570.0
796,Rahul Patel,Individual,PAN000796,0,0,,
797,Priya Desai,Individual,PAN000797,0,0,,
798,Vertex Enterprises LLP,LLP,PAN000798,0,0,,1965.0
799,Amit Singh,Individual,PAN000799,0,0,,
800,Novus Trading Pvt Ltd,Pvt Ltd Company,PAN000800,0,0,,3278.0
801,Meridian Consultancy LLP,Pvt Ltd Company,PAN000801,0,0,,2537.0
802,Rahul Verma,Individual,PAN000802,0,0,,
803,Vikram Verma,Individual,PAN000803,0,0,,
804,Vikram Pillai,Individual,PAN000804,0,0,,
805,Novus Enterprises Pvt Ltd,Partnership Firm,PAN000805,0,0,,3509.0
806,Arjun Nair,Individual,PAN000806,0,0,,
807,Kavya Verma,NRI Individual,PAN000807,0,0,,1026.0
808,Kavya Singh,Individual,PAN000808,0,0,,
809,Ajay Menon,Individual,PAN000809,0,0,,
810,Divya Desai,Individual,PAN000810,0,0,,
811,Priya Nair,Individual,PAN000811,0,0,,
812,Karan Desai,Individual,PAN000812,0,0,,
813,Crestline Enterprises LLP,Partnership Firm,PAN000813,0,0,,1346.0
814,Alpine Enterprises Pvt Ltd,Pvt Ltd Company,PAN000814,0,0,,1938.0
815,Arjun Nair,Individual,PAN000815,0,0,,
816,Sunrise Infra Pvt Ltd,Trust,PAN000816,0,0,,657.0
817,Rohan Joshi,Individual,PAN000817,0,0,,
818,Vikram Kulkarni,Individual,PAN000818,0,0,,
819,Horizon Ventures Pvt Ltd,Pvt Ltd Company,PAN000819,0,0,,347.0
820,Meera Nair,Individual,PAN000820,0,0,,
821,Sunrise Ventures LLP,LLP,PAN000821,0,0,,1402.0
822,Karan Joshi,Individual,PAN000822,0,0,,
823,Divya Menon,NRI Individual,PAN000823,0,0,,3114.0
824,Amit Joshi,NRI Individual,PAN000824,0,0,,3771.0
825,Cascade Realty LLP,Partnership Firm,PAN000825,0,0,,1005.0
826,Priya Singh,Individual,PAN000826,0,0,,
827,Divya Joshi,Individual,PAN000827,0,0,,
828,Amit Menon,Individual,PAN000828,0,0,,
829,Kavya Menon,Individual,PAN000829,0,0,,
830,Sunrise Infra LLP,Pvt Ltd Company,PAN000830,0,0,,3149.0
831,Rahul Iyer,Individual,PAN000831,0,0,,
832,Zenith Trading Pvt Ltd,LLP,PAN000832,0,0,,247.0
833,Meera Singh,Individual,PAN000833,0,0,,
834,Priya Rao,Individual,PAN000834,0,0,,
835,Orbis Realty LLP,Pvt Ltd Company,PAN000835,0,0,,773.0
836,Meera Gupta,Individual,PAN000836,0,0,,
837,Summit Enterprises Pvt Ltd,LLP,PAN000837,0,0,,2068.0
838,Sunrise Enterprises Pvt Ltd,Partnership Firm,PAN000838,0,0,,687.0
839,Alpine Trading Pvt Ltd,LLP,PAN000839,0,0,,3796.0
840,Sunrise Ventures LLP,Partnership Firm,PAN000840,0,0,,3405.0
841,Arjun Rao,Individual,PAN000841,0,0,,
842,Kavya Iyer,NRI Individual,PAN000842,0,0,,629.0
843,Rahul Menon,Individual,PAN000843,0,0,,
844,Suresh Gupta,Individual,PAN000844,0,0,,
845,Zenith Consultancy LLP,Pvt Ltd Company,PAN000845,0,0,,3147.0
846,Kavya Nair,Individual,PAN000846,0,0,,
847,Vertex Infra LLP,LLP,PAN000847,0,0,,1887.0
848,Anjali Kulkarni,Individual,PAN000848,0,0,,
849,Karan Iyer,Individual,PAN000849,0,0,,
850,Vikram Rao,NRI Individual,PAN000850,0,0,,3774.0
851,Neha Joshi,Individual,PAN000851,0,0,,
852,Kavya Nair,Individual,PAN000852,0,0,,
853,Kavya Reddy,Individual,PAN000853,0,0,,
854,Ajay Desai,Individual,PAN000854,0,0,,
855,Vikram Joshi,Individual,PAN000855,0,0,,
856,Cascade Consultancy Pvt Ltd,Pvt Ltd Company,PAN000856,0,0,,1815.0
857,Karan Desai,Individual,PAN000857,0,0,,
858,Vikram Reddy,Individual,PAN000858,0,0,,
859,Crestline Infra LLP,Pvt Ltd Company,PAN000859,0,0,,1120.0
860,Ajay Verma,Individual,PAN000860,0,0,,
861,Amit Sharma,Individual,PAN000861,0,0,,
862,Rahul Joshi,NRI Individual,PAN000862,0,0,,3354.0
863,Rahul Verma,Individual,PAN000863,0,0,,
864,Sunrise Trading Pvt Ltd,Pvt Ltd Company,PAN000864,0,0,,842.0
865,Pooja Rao,Individual,PAN000865,0,0,,
866,Amit Singh,Individual,PAN000866,0,0,,
867,Suresh Rao,Individual,PAN000867,0,0,,
868,Priya Gupta,Individual,PAN000868,0,0,,
869,Summit Ventures LLP,Partnership Firm,PAN000869,0,0,,278.0
870,Vikram Menon,Individual,PAN000870,0,0,,
871,Divya Nair,NRI Individual,PAN000871,0,0,,757.0
872,Neha Menon,Individual,PAN000872,0,0,,
873,Zenith Ventures LLP,LLP,PAN000873,0,0,,3475.0
874,Rahul Pillai,Individual,PAN000874,0,0,,
875,Pinnacle Enterprises LLP,Partnership Firm,PAN000875,0,0,,2616.0
876,Meera Kulkarni,Individual,PAN000876,0,0,,
877,Crestline Trading LLP,Pvt Ltd Company,PAN000877,0,0,,848.0
878,Neha Nair,Individual,PAN000878,0,0,,
879,Anjali Gupta,NRI Individual,PAN000879,0,0,,1777.0
880,Kavya Pillai,Individual,PAN000880,0,0,,
881,Vikram Iyer,Individual,PAN000881,0,0,,
882,Anjali Verma,Individual,PAN000882,0,0,,
883,Anjali Gupta,Individual,PAN000883,0,0,,
884,Priya Desai,Individual,PAN000884,0,0,,
885,Priya Patel,NRI Individual,PAN000885,0,0,,1181.0
886,Anjali Patel,Individual,PAN000886,0,0,,
887,Amit Nair,Individual,PAN000887,0,0,,
888,Neha Joshi,NRI Individual,PAN000888,0,0,,3773.0
889,Ajay Gupta,NRI Individual,PAN000889,0,0,,1978.0
890,Anjali Sharma,Individual,PAN000890,0,0,,
891,Summit Ventures LLP,LLP,PAN000891,0,0,,328.0
892,Novus Infra LLP,Partnership Firm,PAN000892,0,0,,1789.0
893,Crestline Realty LLP,LLP,PAN000893,0,0,,3450.0
894,Amit Rao,Individual,PAN000894,0,0,,
895,Alpine Trading Pvt Ltd,Partnership Firm,PAN000895,0,0,,3801.0
896,Neha Singh,Individual,PAN000896,0,0,,
897,Kavya Kulkarni,Individual,PAN000897,0,0,,
898,Orbis Consultancy LLP,Pvt Ltd Company,PAN000898,0,0,,3062.0
899,Meridian Realty LLP,Partnership Firm,PAN000899,0,0,,802.0
900,Amit Iyer,Individual,PAN000900,0,0,,
901,Neha Desai,Individual,PAN000901,0,0,,
902,Crestline Infra Pvt Ltd,LLP,PAN000902,0,0,,2448.0
903,Kavya Desai,Individual,PAN000903,0,0,,
904,Meridian Infra LLP,LLP,PAN000904,0,0,,2586.0
905,Priya Gupta,Individual,PAN000905,0,0,,
906,Meera Verma,NRI Individual,PAN000906,0,0,,2052.0
907,Sneha Gupta,Individual,PAN000907,0,0,,
908,Anjali Joshi,Individual,PAN000908,0,0,,
909,Meera Sharma,Individual,PAN000909,0,0,,
910,Divya Verma,Individual,PAN000910,0,0,,
911,Kavya Pillai,Individual,PAN000911,0,0,,
912,Summit Consultancy LLP,Partnership Firm,PAN000912,0,0,,216.0
913,Alpine Enterprises Pvt Ltd,Pvt Ltd Company,PAN000913,0,0,,679.0
914,Cascade Enterprises Pvt Ltd,Pvt Ltd Company,PAN000914,0,0,,1674.0
915,Divya Reddy,Individual,PAN000915,0,0,,
916,Meera Gupta,Individual,PAN000916,0,0,,
917,Alpine Infra LLP,Trust,PAN000917,0,0,,2008.0
918,Pinnacle Realty Pvt Ltd,LLP,PAN000918,0,0,,1291.0
919,Karan Nair,Individual,PAN000919,0,0,,
920,Alpine Holdings Pvt Ltd,Partnership Firm,PAN000920,0,0,,1208.0
921,Kavya Rao,Individual,PAN000921,0,0,,
922,Sunrise Trading LLP,LLP,PAN000922,0,0,,275.0
923,Alpine Infra Pvt Ltd,Partnership Firm,PAN000923,0,0,,3313.0
924,Orbis Enterprises LLP,Partnership Firm,PAN000924,0,0,,2788.0
925,Cascade Holdings LLP,Pvt Ltd Company,PAN000925,0,0,,2637.0
926,Divya Kulkarni,Individual,PAN000926,0,0,,
927,Amit Patel,Individual,PAN000927,0,0,,
928,Sneha Pillai,Individual,PAN000928,0,0,,
929,Alpine Ventures LLP,Partnership Firm,PAN000929,0,0,,3318.0
930,Anjali Joshi,Individual,PAN000930,0,0,,
931,Suresh Singh,Individual,PAN000931,0,0,,
932,Ajay Desai,Individual,PAN000932,0,0,,
933,Kavya Joshi,Individual,PAN000933,0,0,,
934,Amit Sharma,Individual,PAN000934,0,0,,
935,Priya Sharma,Individual,PAN000935,0,0,,
936,Sunrise Realty LLP,LLP,PAN000936,0,0,,918.0
937,Neha Reddy,Individual,PAN000937,0,0,,
938,Vikram Joshi,Individual,PAN000938,0,0,,
939,Divya Singh,Individual,PAN000939,0,0,,
940,Arjun Gupta,NRI Individual,PAN000940,0,0,,422.0
941,Vikram Reddy,Individual,PAN000941,0,0,,
942,Meera Gupta,Individual,PAN000942,0,0,,
943,Anjali Kulkarni,Individual,PAN000943,0,0,,
944,Kavya Pillai,Individual,PAN000944,0,0,,
945,Karan Patel,Individual,PAN000945,0,0,,
946,Neha Desai,NRI Individual,PAN000946,0,0,,68.0
947,Horizon Consultancy Pvt Ltd,Pvt Ltd Company,PAN000947,0,0,,1693.0
948,Karan Sharma,Individual,PAN000948,0,0,,
949,Alpine Ventures LLP,LLP,PAN000949,0,0,,3917.0
950,Amit Singh,Individual,PAN000950,0,0,,
951,Pooja Menon,Individual,PAN000951,0,0,,
952,Summit Infra LLP,Pvt Ltd Company,PAN000952,0,0,,2128.0
953,Sunrise Consultancy LLP,Partnership Firm,PAN000953,0,0,,2293.0
954,Divya Sharma,Individual,PAN000954,0,0,,
955,Vikram Joshi,Individual,PAN000955,0,0,,
956,Pinnacle Consultancy LLP,Pvt Ltd Company,PAN000956,0,0,,3627.0
957,Kavya Desai,Individual,PAN000957,0,0,,
958,Neha Sharma,Individual,PAN000958,0,0,,
959,Vertex Infra Pvt Ltd,LLP,PAN000959,0,0,,1264.0
960,Neha Pillai,Individual,PAN000960,0,0,,
961,Rohan Sharma,Individual,PAN000961,0,0,,
962,Crestline Enterprises Pvt Ltd,Trust,PAN000962,0,0,,634.0
963,Sneha Reddy,Individual,PAN000963,0,0,,
964,Cascade Realty LLP,Trust,PAN000964,0,0,,114.0
965,Crestline Trading Pvt Ltd,Trust,PAN000965,0,0,,3529.0
966,Novus Ventures LLP,Pvt Ltd Company,PAN000966,0,0,,3527.0
967,Alpine Realty Pvt Ltd,Pvt Ltd Company,PAN000967,0,0,,1771.0
968,Zenith Realty Pvt Ltd,LLP,PAN000968,0,0,,3511.0
969,Vertex Realty Pvt Ltd,Pvt Ltd Company,PAN000969,0,0,,604.0
970,Pooja Reddy,Individual,PAN000970,0,0,,
971,Suresh Patel,Individual,PAN000971,0,0,,
972,Crestline Holdings LLP,Pvt Ltd Company,PAN000972,0,0,,357.0
973,Vertex Consultancy LLP,Pvt Ltd Company,PAN000973,0,0,,3331.0
974,Alpine Enterprises Pvt Ltd,Partnership Firm,PAN000974,0,0,,1992.0
975,Rohan Sharma,Individual,PAN000975,0,0,,
976,Kavya Menon,Individual,PAN000976,0,0,,
977,Alpine Infra Pvt Ltd,LLP,PAN000977,0,0,,3711.0
978,Alpine Consultancy LLP,Pvt Ltd Company,PAN000978,0,0,,3370.0
979,Summit Consultancy Pvt Ltd,Partnership Firm,PAN000979,0,0,,963.0
980,Sneha Sharma,Individual,PAN000980,0,0,,
981,Rahul Kulkarni,Individual,PAN000981,0,0,,
982,Priya Reddy,Individual,PAN000982,0,0,,
983,Rohan Rao,Individual,PAN000983,0,0,,
984,Divya Rao,NRI Individual,PAN000984,0,0,,2003.0
985,Suresh Verma,NRI Individual,PAN000985,0,0,,2549.0
986,Novus Realty LLP,Pvt Ltd Company,PAN000986,0,0,,3606.0
987,Anjali Gupta,Individual,PAN000987,0,0,,
988,Ajay Desai,Individual,PAN000988,0,0,,
989,Meridian Consultancy Pvt Ltd,Pvt Ltd Company,PAN000989,0,0,,1356.0
990,Pooja Verma,Individual,PAN000990,0,0,,
991,Arjun Iyer,Individual,PAN000991,0,0,,
992,Karan Kulkarni,Individual,PAN000992,0,0,,
993,Zenith Trading LLP,Pvt Ltd Company,PAN000993,0,0,,161.0
994,Vertex Ventures LLP,LLP,PAN000994,0,0,,1406.0
995,Kavya Menon,Individual,PAN000995,0,0,,
996,Meridian Holdings Pvt Ltd,LLP,PAN000996,0,0,,441.0
997,Orbis Ventures Pvt Ltd,Trust,PAN000997,0,0,,1499.0
998,Arjun Pillai,NRI Individual,PAN000998,0,0,,1590.0
999,Priya Gupta,Individual,PAN000999,0,0,,
1000,Anjali Rao,Individual,PAN001000,0,0,,
1001,Kavya Iyer,Individual,PAN001001,0,0,,
1002,Amit Sharma,Individual,PAN001002,0,0,,
1003,Crestline Consultancy LLP,LLP,PAN001003,0,0,,1272.0
1004,Arjun Menon,Individual,PAN001004,0,0,,
1005,Arjun Singh,NRI Individual,PAN001005,0,0,,3435.0
1006,Sunrise Ventures Pvt Ltd,Trust,PAN001006,0,0,,2701.0
1007,Meera Joshi,Individual,PAN001007,0,0,,
1008,Anjali Reddy,Individual,PAN001008,0,0,,
1009,Cascade Consultancy LLP,Pvt Ltd Company,PAN001009,0,0,,1789.0
1010,Novus Trading Pvt Ltd,Trust,PAN001010,0,0,,2790.0
1011,Meridian Infra Pvt Ltd,Pvt Ltd Company,PAN001011,0,0,,3487.0
1012,Arjun Patel,Individual,PAN001012,0,0,,
1013,Amit Sharma,Individual,PAN001013,0,0,,
1014,Kavya Rao,Individual,PAN001014,0,0,,
1015,Neha Reddy,Individual,PAN001015,0,0,,
1016,Vikram Desai,Individual,PAN001016,0,0,,
1017,Priya Desai,Individual,PAN001017,0,0,,
1018,Meera Patel,Individual,PAN001018,0,0,,
1019,Kavya Kulkarni,Individual,PAN001019,0,0,,
1020,Priya Iyer,Individual,PAN001020,0,0,,
1021,Rohan Verma,Individual,PAN001021,0,0,,
1022,Sunrise Realty Pvt Ltd,Partnership Firm,PAN001022,0,0,,360.0
1023,Cascade Ventures Pvt Ltd,LLP,PAN001023,0,0,,644.0
1024,Sneha Kulkarni,Individual,PAN001024,0,0,,
1025,Alpine Infra LLP,Partnership Firm,PAN001025,0,0,,1833.0
1026,Pooja Verma,Individual,PAN001026,0,0,,
1027,Novus Holdings Pvt Ltd,Pvt Ltd Company,PAN001027,0,0,,127.0
1028,Meera Singh,Individual,PAN001028,0,0,,
1029,Pooja Singh,Individual,PAN001029,0,0,,
1030,Alpine Infra Pvt Ltd,LLP,PAN001030,0,0,,1962.0
1031,Vikram Singh,Individual,PAN001031,0,0,,
1032,Amit Reddy,Individual,PAN001032,0,0,,
1033,Suresh Iyer,NRI Individual,PAN001033,0,0,,1511.0
1034,Horizon Trading LLP,Partnership Firm,PAN001034,0,0,,2822.0
1035,Zenith Realty Pvt Ltd,Pvt Ltd Company,PAN001035,0,0,,1125.0
1036,Anjali Iyer,Individual,PAN001036,0,0,,
1037,Neha Sharma,Individual,PAN001037,0,0,,
1038,Meridian Trading Pvt Ltd,Partnership Firm,PAN001038,0,0,,2689.0
1039,Cascade Ventures LLP,Pvt Ltd Company,PAN001039,0,0,,1634.0
1040,Arjun Singh,NRI Individual,PAN001040,0,0,,1345.0
1041,Vikram Singh,Individual,PAN001041,0,0,,
1042,Meera Verma,Individual,PAN001042,0,0,,
1043,Pooja Desai,Individual,PAN001043,0,0,,
1044,Novus Consultancy LLP,LLP,PAN001044,0,0,,576.0
1045,Rahul Iyer,Individual,PAN001045,0,0,,
1046,Kavya Singh,Individual,PAN001046,0,0,,
1047,Divya Patel,Individual,PAN001047,0,0,,
1048,Rohan Menon,Individual,PAN001048,0,0,,
1049,Karan Pillai,Individual,PAN001049,0,0,,
1050,Sunrise Trading Pvt Ltd,LLP,PAN001050,0,0,,3122.0
1051,Kavya Iyer,Individual,PAN001051,0,0,,
1052,Rahul Sharma,Individual,PAN001052,0,0,,
1053,Sneha Pillai,Individual,PAN001053,0,0,,
1054,Meera Singh,Individual,PAN001054,0,0,,
1055,Rahul Verma,Individual,PAN001055,0,0,,
1056,Suresh Iyer,Individual,PAN001056,0,0,,
1057,Ajay Nair,Individual,PAN001057,0,0,,
1058,Novus Realty LLP,Pvt Ltd Company,PAN001058,0,0,,2044.0
1059,Ajay Joshi,Individual,PAN001059,0,0,,
1060,Meera Nair,Individual,PAN001060,0,0,,
1061,Meera Gupta,NRI Individual,PAN001061,0,0,,3477.0
1062,Alpine Consultancy Pvt Ltd,Pvt Ltd Company,PAN001062,0,0,,2058.0
1063,Cascade Realty Pvt Ltd,Trust,PAN001063,0,0,,583.0
1064,Suresh Nair,NRI Individual,PAN001064,0,0,,1548.0
1065,Pooja Kulkarni,Individual,PAN001065,0,0,,
1066,Pinnacle Infra Pvt Ltd,Partnership Firm,PAN001066,0,0,,702.0
1067,Kavya Menon,Individual,PAN001067,0,0,,
1068,Divya Iyer,NRI Individual,PAN001068,0,0,,141.0
1069,Pooja Verma,NRI Individual,PAN001069,0,0,,1949.0
1070,Zenith Holdings LLP,Pvt Ltd Company,PAN001070,0,0,,2202.0
1071,Rahul Kulkarni,Individual,PAN001071,0,0,,
1072,Kavya Pillai,Individual,PAN001072,0,0,,
1073,Sunrise Consultancy LLP,Pvt Ltd Company,PAN001073,0,0,,871.0
1074,Vertex Consultancy Pvt Ltd,LLP,PAN001074,0,0,,582.0
1075,Karan Nair,Individual,PAN001075,0,0,,
1076,Alpine Enterprises LLP,LLP,PAN001076,0,0,,975.0
1077,Zenith Infra LLP,Trust,PAN001077,0,0,,244.0
1078,Pinnacle Ventures LLP,Partnership Firm,PAN001078,0,0,,1460.0
1079,Novus Ventures LLP,Pvt Ltd Company,PAN001079,0,0,,1775.0
1080,Rohan Desai,Individual,PAN001080,0,0,,
1081,Sneha Kulkarni,Individual,PAN001081,0,0,,
1082,Rahul Verma,NRI Individual,PAN001082,0,0,,3183.0
1083,Priya Pillai,Individual,PAN001083,0,0,,
1084,Crestline Realty LLP,LLP,PAN001084,0,0,,2494.0
1085,Amit Singh,Individual,PAN001085,0,0,,
1086,Karan Joshi,Individual,PAN001086,0,0,,
1087,Sunrise Holdings LLP,LLP,PAN001087,0,0,,2403.0
1088,Neha Iyer,NRI Individual,PAN001088,0,0,,43.0
1089,Sneha Verma,Individual,PAN001089,0,0,,
1090,Rohan Desai,Individual,PAN001090,0,0,,
1091,Vikram Rao,Individual,PAN001091,0,0,,
1092,Pooja Pillai,Individual,PAN001092,0,0,,
1093,Suresh Sharma,Individual,PAN001093,0,0,,
1094,Amit Rao,Individual,PAN001094,0,0,,
1095,Rohan Reddy,Individual,PAN001095,0,0,,
1096,Rahul Gupta,Individual,PAN001096,0,0,,
1097,Pinnacle Trading Pvt Ltd,Pvt Ltd Company,PAN001097,0,0,,1985.0
1098,Rohan Singh,Individual,PAN001098,0,0,,
1099,Divya Iyer,Individual,PAN001099,0,0,,
1100,Rohan Desai,Individual,PAN001100,0,0,,
1101,Ajay Joshi,Individual,PAN001101,0,0,,
1102,Anjali Rao,Individual,PAN001102,0,0,,
1103,Suresh Menon,Individual,PAN001103,0,0,,
1104,Arjun Kulkarni,Individual,PAN001104,0,0,,
1105,Cascade Enterprises Pvt Ltd,Pvt Ltd Company,PAN001105,0,0,,2363.0
1106,Sunrise Holdings LLP,Partnership Firm,PAN001106,0,0,,198.0
1107,Crestline Holdings LLP,LLP,PAN001107,0,0,,2607.0
1108,Pinnacle Ventures Pvt Ltd,Partnership Firm,PAN001108,0,0,,2900.0
1109,Sunrise Holdings Pvt Ltd,LLP,PAN001109,0,0,,3116.0
1110,Rohan Pillai,Individual,PAN001110,0,0,,
1111,Vikram Nair,NRI Individual,PAN001111,0,0,,1747.0
1112,Anjali Joshi,Individual,PAN001112,0,0,,
1113,Novus Trading Pvt Ltd,Pvt Ltd Company,PAN001113,0,0,,310.0
1114,Ajay Pillai,Individual,PAN001114,0,0,,
1115,Ajay Verma,Individual,PAN001115,0,0,,
1116,Suresh Nair,NRI Individual,PAN001116,0,0,,1107.0
1117,Zenith Infra Pvt Ltd,Pvt Ltd Company,PAN001117,0,0,,3870.0
1118,Priya Singh,Individual,PAN001118,0,0,,
1119,Rohan Patel,Individual,PAN001119,0,0,,
1120,Novus Ventures LLP,Pvt Ltd Company,PAN001120,0,0,,3156.0
1121,Anjali Kulkarni,Individual,PAN001121,0,0,,
1122,Suresh Menon,Individual,PAN001122,0,0,,
1123,Crestline Enterprises LLP,Pvt Ltd Company,PAN001123,0,0,,2651.0
1124,Divya Nair,Individual,PAN001124,0,0,,
1125,Summit Enterprises LLP,Pvt Ltd Company,PAN001125,0,0,,497.0
1126,Meera Reddy,Individual,PAN001126,0,0,,
1127,Suresh Reddy,Individual,PAN001127,0,0,,
1128,Meridian Trading Pvt Ltd,Pvt Ltd Company,PAN001128,0,0,,338.0
1129,Novus Holdings Pvt Ltd,Pvt Ltd Company,PAN001129,0,0,,2913.0
1130,Alpine Consultancy Pvt Ltd,Pvt Ltd Company,PAN001130,0,0,,376.0
1131,Crestline Consultancy LLP,Pvt Ltd Company,PAN001131,0,0,,1245.0
1132,Rahul Desai,Individual,PAN001132,0,0,,
1133,Ajay Sharma,Individual,PAN001133,0,0,,
1134,Arjun Singh,Individual,PAN001134,0,0,,
1135,Sneha Iyer,Individual,PAN001135,0,0,,
1136,Arjun Rao,Individual,PAN001136,0,0,,
1137,Zenith Consultancy Pvt Ltd,Trust,PAN001137,0,0,,1959.0
1138,Amit Joshi,Individual,PAN001138,0,0,,
1139,Sneha Joshi,Individual,PAN001139,0,0,,
1140,Alpine Ventures LLP,Pvt Ltd Company,PAN001140,0,0,,3080.0
1141,Ajay Singh,Individual,PAN001141,0,0,,
1142,Cascade Holdings LLP,LLP,PAN001142,0,0,,2376.0
1143,Rohan Gupta,Individual,PAN001143,0,0,,
1144,Suresh Joshi,Individual,PAN001144,0,0,,
1145,Amit Pillai,Individual,PAN001145,0,0,,
1146,Crestline Infra Pvt Ltd,Partnership Firm,PAN001146,0,0,,3207.0
1147,Vikram Desai,Individual,PAN001147,0,0,,
1148,Arjun Kulkarni,Individual,PAN001148,0,0,,
1149,Priya Menon,Individual,PAN001149,0,0,,
1150,Vikram Nair,Individual,PAN001150,0,0,,
1151,Kavya Rao,Individual,PAN001151,0,0,,
1152,Horizon Realty LLP,Trust,PAN001152,0,0,,3898.0
1153,Ajay Menon,Individual,PAN001153,0,0,,
1154,Vikram Pillai,Individual,PAN001154,0,0,,
1155,Priya Reddy,NRI Individual,PAN001155,0,0,,3635.0
1156,Amit Gupta,Individual,PAN001156,0,0,,
1157,Novus Infra Pvt Ltd,Pvt Ltd Company,PAN001157,0,0,,143.0
1158,Orbis Realty Pvt Ltd,Pvt Ltd Company,PAN001158,0,0,,3736.0
1159,Karan Iyer,Individual,PAN001159,0,0,,
1160,Rahul Rao,Individual,PAN001160,0,0,,
1161,Sneha Nair,Individual,PAN001161,0,0,,
1162,Rahul Desai,Individual,PAN001162,0,0,,
1163,Karan Pillai,Individual,PAN001163,0,0,,
1164,Meera Reddy,Individual,PAN001164,0,0,,
1165,Arjun Verma,Individual,PAN001165,0,0,,
1166,Vertex Infra Pvt Ltd,Pvt Ltd Company,PAN001166,0,0,,1913.0
1167,Karan Rao,Individual,PAN001167,0,0,,
1168,Novus Enterprises Pvt Ltd,Partnership Firm,PAN001168,0,0,,3527.0
1169,Karan Reddy,Individual,PAN001169,0,0,,
1170,Neha Patel,Individual,PAN001170,0,0,,
1171,Crestline Trading Pvt Ltd,LLP,PAN001171,0,0,,2466.0
1172,Vikram Iyer,Individual,PAN001172,0,0,,
1173,Pooja Reddy,Individual,PAN001173,0,0,,
1174,Anjali Singh,Individual,PAN001174,0,0,,
1175,Priya Rao,Individual,PAN001175,0,0,,
1176,Crestline Ventures LLP,Partnership Firm,PAN001176,0,0,,2930.0
1177,Vikram Rao,Individual,PAN001177,0,0,,
1178,Orbis Ventures Pvt Ltd,Partnership Firm,PAN001178,0,0,,382.0
1179,Sneha Verma,Individual,PAN001179,0,0,,
1180,Sunrise Realty LLP,LLP,PAN001180,0,0,,2007.0
1181,Summit Realty Pvt Ltd,Pvt Ltd Company,PAN001181,0,0,,2475.0
1182,Ajay Joshi,Individual,PAN001182,0,0,,
1183,Meridian Holdings Pvt Ltd,Trust,PAN001183,0,0,,2021.0
1184,Pinnacle Enterprises LLP,Pvt Ltd Company,PAN001184,0,0,,2469.0
1185,Alpine Realty LLP,Pvt Ltd Company,PAN001185,0,0,,2069.0
1186,Divya Patel,Individual,PAN001186,0,0,,
1187,Anjali Gupta,Individual,PAN001187,0,0,,
1188,Rohan Patel,Individual,PAN001188,0,0,,
1189,Zenith Consultancy Pvt Ltd,LLP,PAN001189,0,0,,2912.0
1190,Priya Singh,Individual,PAN001190,0,0,,
1191,Alpine Enterprises Pvt Ltd,Partnership Firm,PAN001191,0,0,,2154.0
1192,Rahul Menon,Individual,PAN001192,0,0,,
1193,Karan Joshi,Individual,PAN001193,0,0,,
1194,Kavya Sharma,Individual,PAN001194,0,0,,
1195,Arjun Menon,Individual,PAN001195,0,0,,
1196,Vikram Nair,Individual,PAN001196,0,0,,
1197,Vikram Reddy,Individual,PAN001197,0,0,,
1198,Summit Infra LLP,Pvt Ltd Company,PAN001198,0,0,,3829.0
1199,Vikram Joshi,Individual,PAN001199,0,0,,
1200,Priya Singh,Individual,PAN001200,0,0,,
1201,Cascade Trading LLP,Pvt Ltd Company,PAN001201,0,0,,771.0
1202,Rohan Desai,Individual,PAN001202,0,0,,
1203,Suresh Reddy,Individual,PAN001203,0,0,,
1204,Priya Kulkarni,Individual,PAN001204,0,0,,
1205,Sneha Iyer,Individual,PAN001205,0,0,,
1206,Sneha Joshi,Individual,PAN001206,0,0,,
1207,Vikram Kulkarni,Individual,PAN001207,0,0,,
1208,Rohan Joshi,Individual,PAN001208,0,0,,
1209,Priya Menon,Individual,PAN001209,0,0,,
1210,Meera Pillai,Individual,PAN001210,0,0,,
1211,Pinnacle Consultancy LLP,Partnership Firm,PAN001211,0,0,,156.0
1212,Amit Reddy,Individual,PAN001212,0,0,,
1213,Karan Reddy,Individual,PAN001213,0,0,,
1214,Novus Infra LLP,Partnership Firm,PAN001214,0,0,,2738.0
1215,Rahul Joshi,Individual,PAN001215,0,0,,
1216,Cascade Infra Pvt Ltd,LLP,PAN001216,0,0,,1921.0
1217,Pooja Gupta,NRI Individual,PAN001217,0,0,,55.0
1218,Meridian Enterprises Pvt Ltd,Pvt Ltd Company,PAN001218,0,0,,2006.0
1219,Divya Patel,NRI Individual,PAN001219,0,0,,218.0
1220,Meera Iyer,Individual,PAN001220,0,0,,
1221,Zenith Realty Pvt Ltd,Pvt Ltd Company,PAN001221,0,0,,2897.0
1222,Sunrise Enterprises Pvt Ltd,LLP,PAN001222,0,0,,424.0
1223,Meera Menon,Individual,PAN001223,0,0,,
1224,Arjun Nair,Individual,PAN001224,0,0,,
1225,Vertex Consultancy Pvt Ltd,Pvt Ltd Company,PAN001225,0,0,,3217.0
1226,Alpine Ventures Pvt Ltd,Pvt Ltd Company,PAN001226,0,0,,3114.0
1227,Neha Singh,Individual,PAN001227,0,0,,
1228,Novus Holdings Pvt Ltd,Pvt Ltd Company,PAN001228,0,0,,1882.0
1229,Kavya Reddy,Individual,PAN001229,0,0,,
1230,Vertex Enterprises LLP,Partnership Firm,PAN001230,0,0,,923.0
1231,Meridian Realty LLP,LLP,PAN001231,0,0,,3920.0
1232,Karan Gupta,Individual,PAN001232,0,0,,
1233,Anjali Singh,Individual,PAN001233,0,0,,
1234,Orbis Trading Pvt Ltd,Pvt Ltd Company,PAN001234,0,0,,802.0
1235,Meera Patel,Individual,PAN001235,0,0,,
1236,Rohan Pillai,NRI Individual,PAN001236,0,0,,1713.0
1237,Pinnacle Enterprises Pvt Ltd,LLP,PAN001237,0,0,,1340.0
1238,Amit Nair,Individual,PAN001238,0,0,,
1239,Vikram Patel,Individual,PAN001239,0,0,,
1240,Summit Infra Pvt Ltd,Pvt Ltd Company,PAN001240,0,0,,1675.0
1241,Sneha Patel,Individual,PAN001241,0,0,,
1242,Alpine Enterprises LLP,Partnership Firm,PAN001242,0,0,,652.0
1243,Crestline Consultancy LLP,Partnership Firm,PAN001243,0,0,,892.0
1244,Amit Sharma,Individual,PAN001244,0,0,,
1245,Meridian Ventures LLP,LLP,PAN001245,0,0,,2021.0
1246,Meera Desai,Individual,PAN001246,0,0,,
1247,Priya Gupta,Individual,PAN001247,0,0,,
1248,Karan Reddy,Individual,PAN001248,0,0,,
1249,Amit Menon,NRI Individual,PAN001249,0,0,,1564.0
1250,Kavya Rao,Individual,PAN001250,0,0,,
1251,Horizon Holdings LLP,Pvt Ltd Company,PAN001251,0,0,,2141.0
1252,Zenith Consultancy LLP,Trust,PAN001252,0,0,,510.0
1253,Pooja Rao,Individual,PAN001253,0,0,,
1254,Rohan Nair,NRI Individual,PAN001254,0,0,,2358.0
1255,Suresh Kulkarni,Individual,PAN001255,0,0,,
1256,Orbis Realty Pvt Ltd,Pvt Ltd Company,PAN001256,0,0,,3327.0
1257,Pooja Reddy,Individual,PAN001257,0,0,,
1258,Rohan Menon,Individual,PAN001258,0,0,,
1259,Divya Patel,Individual,PAN001259,0,0,,
1260,Amit Sharma,Individual,PAN001260,0,0,,
1261,Cascade Holdings LLP,Pvt Ltd Company,PAN001261,0,0,,2390.0
1262,Vertex Enterprises LLP,Partnership Firm,PAN001262,0,0,,249.0
1263,Summit Infra LLP,Partnership Firm,PAN001263,0,0,,2270.0
1264,Anjali Iyer,Individual,PAN001264,0,0,,
1265,Crestline Ventures Pvt Ltd,Pvt Ltd Company,PAN001265,0,0,,3295.0
1266,Amit Verma,Individual,PAN001266,0,0,,
1267,Pinnacle Infra LLP,Partnership Firm,PAN001267,0,0,,3750.0
1268,Alpine Trading Pvt Ltd,Pvt Ltd Company,PAN001268,0,0,,1193.0
1269,Priya Gupta,Individual,PAN001269,0,0,,
1270,Amit Rao,Individual,PAN001270,0,0,,
1271,Suresh Reddy,Individual,PAN001271,0,0,,
1272,Anjali Pillai,Individual,PAN001272,0,0,,
1273,Karan Menon,Individual,PAN001273,0,0,,
1274,Alpine Ventures LLP,LLP,PAN001274,0,0,,478.0
1275,Karan Joshi,Individual,PAN001275,0,0,,
1276,Rohan Desai,Individual,PAN001276,0,0,,
1277,Rohan Kulkarni,Individual,PAN001277,0,0,,
1278,Suresh Nair,Individual,PAN001278,0,0,,
1279,Pinnacle Holdings LLP,Pvt Ltd Company,PAN001279,0,0,,1085.0
1280,Ajay Iyer,Individual,PAN001280,0,0,,
1281,Amit Reddy,Individual,PAN001281,0,0,,
1282,Rahul Menon,Individual,PAN001282,0,0,,
1283,Sneha Nair,NRI Individual,PAN001283,0,0,,3644.0
1284,Zenith Infra LLP,Pvt Ltd Company,PAN001284,0,0,,2778.0
1285,Neha Desai,Individual,PAN001285,0,0,,
1286,Summit Holdings LLP,Pvt Ltd Company,PAN001286,0,0,,2404.0
1287,Rahul Pillai,Individual,PAN001287,0,0,,
1288,Priya Patel,Individual,PAN001288,0,0,,
1289,Rahul Sharma,Individual,PAN001289,0,0,,
1290,Vikram Verma,Individual,PAN001290,0,0,,
1291,Orbis Consultancy Pvt Ltd,LLP,PAN001291,0,0,,1027.0
1292,Neha Nair,Individual,PAN001292,0,0,,
1293,Karan Pillai,Individual,PAN001293,0,0,,
1294,Karan Singh,Individual,PAN001294,0,0,,
1295,Priya Nair,Individual,PAN001295,0,0,,
1296,Rahul Rao,Individual,PAN001296,0,0,,
1297,Horizon Enterprises Pvt Ltd,Pvt Ltd Company,PAN001297,0,0,,2381.0
1298,Ajay Gupta,NRI Individual,PAN001298,0,0,,3827.0
1299,Meera Rao,Individual,PAN001299,0,0,,
1300,Rohan Desai,Individual,PAN001300,0,0,,
1301,Ajay Rao,Individual,PAN001301,0,0,,
1302,Divya Gupta,Individual,PAN001302,0,0,,
1303,Meridian Holdings LLP,Partnership Firm,PAN001303,0,0,,1791.0
1304,Rohan Kulkarni,Individual,PAN001304,0,0,,
1305,Cascade Realty LLP,Pvt Ltd Company,PAN001305,0,0,,1382.0
1306,Alpine Ventures Pvt Ltd,Partnership Firm,PAN001306,0,0,,2819.0
1307,Sneha Patel,Individual,PAN001307,0,0,,
1308,Kavya Joshi,Individual,PAN001308,0,0,,
1309,Meridian Infra LLP,LLP,PAN001309,0,0,,3866.0
1310,Vertex Enterprises Pvt Ltd,LLP,PAN001310,0,0,,2158.0
1311,Neha Desai,Individual,PAN001311,0,0,,
1312,Meera Rao,NRI Individual,PAN001312,0,0,,3036.0
1313,Vertex Enterprises Pvt Ltd,Pvt Ltd Company,PAN001313,0,0,,2760.0
1314,Pooja Verma,Individual,PAN001314,0,0,,
1315,Rahul Desai,Individual,PAN001315,0,0,,
1316,Anjali Nair,Individual,PAN001316,0,0,,
1317,Meera Gupta,Individual,PAN001317,0,0,,
1318,Divya Pillai,NRI Individual,PAN001318,0,0,,653.0
1319,Pooja Verma,Individual,PAN001319,0,0,,
1320,Neha Rao,Individual,PAN001320,0,0,,
1321,Amit Sharma,Individual,PAN001321,0,0,,
1322,Karan Singh,Individual,PAN001322,0,0,,
1323,Amit Pillai,Individual,PAN001323,0,0,,
1324,Alpine Trading LLP,LLP,PAN001324,0,0,,1109.0
1325,Pinnacle Holdings Pvt Ltd,Pvt Ltd Company,PAN001325,0,0,,2864.0
1326,Pooja Singh,Individual,PAN001326,0,0,,
1327,Ajay Reddy,Individual,PAN001327,0,0,,
1328,Vikram Sharma,Individual,PAN001328,0,0,,
1329,Ajay Sharma,Individual,PAN001329,0,0,,
1330,Pinnacle Ventures LLP,Pvt Ltd Company,PAN001330,0,0,,1886.0
1331,Horizon Trading LLP,Pvt Ltd Company,PAN001331,0,0,,2000.0
1332,Kavya Menon,Individual,PAN001332,0,0,,
1333,Kavya Menon,Individual,PAN001333,0,0,,
1334,Rohan Verma,Individual,PAN001334,0,0,,
1335,Ajay Reddy,Individual,PAN001335,0,0,,
1336,Meera Desai,Individual,PAN001336,0,0,,
1337,Pooja Rao,Individual,PAN001337,0,0,,
1338,Ajay Rao,Individual,PAN001338,0,0,,
1339,Priya Patel,Individual,PAN001339,0,0,,
1340,Anjali Gupta,Individual,PAN001340,0,0,,
1341,Sneha Pillai,Individual,PAN001341,0,0,,
1342,Kavya Desai,Individual,PAN001342,0,0,,
1343,Novus Enterprises LLP,Pvt Ltd Company,PAN001343,0,0,,1804.0
1344,Anjali Sharma,Individual,PAN001344,0,0,,
1345,Priya Patel,NRI Individual,PAN001345,0,0,,2499.0
1346,Amit Nair,Individual,PAN001346,0,0,,
1347,Priya Rao,Individual,PAN001347,0,0,,
1348,Sneha Gupta,Individual,PAN001348,0,0,,
1349,Cascade Enterprises Pvt Ltd,Trust,PAN001349,0,0,,2976.0
1350,Zenith Consultancy Pvt Ltd,Partnership Firm,PAN001350,0,0,,3439.0
1351,Pinnacle Holdings LLP,Pvt Ltd Company,PAN001351,0,0,,1810.0
1352,Vertex Enterprises Pvt Ltd,Pvt Ltd Company,PAN001352,0,0,,2440.0
1353,Karan Joshi,Individual,PAN001353,0,0,,
1354,Pinnacle Consultancy LLP,Pvt Ltd Company,PAN001354,0,0,,846.0
1355,Crestline Consultancy Pvt Ltd,Pvt Ltd Company,PAN001355,0,0,,353.0
1356,Novus Ventures LLP,Pvt Ltd Company,PAN001356,0,0,,2541.0
1357,Cascade Consultancy Pvt Ltd,Partnership Firm,PAN001357,0,0,,3487.0
1358,Cascade Infra LLP,Pvt Ltd Company,PAN001358,0,0,,1853.0
1359,Rohan Patel,Individual,PAN001359,0,0,,
1360,Sneha Desai,Individual,PAN001360,0,0,,
1361,Divya Iyer,Individual,PAN001361,0,0,,
1362,Zenith Trading Pvt Ltd,Pvt Ltd Company,PAN001362,0,0,,3324.0
1363,Neha Pillai,Individual,PAN001363,0,0,,
1364,Sneha Nair,Individual,PAN001364,0,0,,
1365,Horizon Enterprises LLP,LLP,PAN001365,0,0,,1098.0
1366,Anjali Nair,Individual,PAN001366,0,0,,
1367,Anjali Joshi,Individual,PAN001367,0,0,,
1368,Sneha Patel,Individual,PAN001368,0,0,,
1369,Cascade Holdings LLP,LLP,PAN001369,0,0,,1750.0
1370,Rohan Pillai,Individual,PAN001370,0,0,,
1371,Arjun Singh,Individual,PAN001371,0,0,,
1372,Arjun Joshi,NRI Individual,PAN001372,0,0,,2087.0
1373,Vikram Patel,Individual,PAN001373,0,0,,
1374,Vikram Gupta,Individual,PAN001374,0,0,,
1375,Sneha Nair,Individual,PAN001375,0,0,,
1376,Priya Menon,Individual,PAN001376,0,0,,
1377,Sneha Nair,Individual,PAN001377,0,0,,
1378,Zenith Realty LLP,Pvt Ltd Company,PAN001378,0,0,,2488.0
1379,Arjun Verma,Individual,PAN001379,0,0,,
1380,Anjali Reddy,Individual,PAN001380,0,0,,
1381,Meridian Ventures Pvt Ltd,Pvt Ltd Company,PAN001381,0,0,,3209.0
1382,Pooja Verma,NRI Individual,PAN001382,0,0,,822.0
1383,Rahul Desai,Individual,PAN001383,0,0,,
1384,Priya Gupta,Individual,PAN001384,0,0,,
1385,Sneha Menon,Individual,PAN001385,0,0,,
1386,Zenith Ventures Pvt Ltd,Pvt Ltd Company,PAN001386,0,0,,2292.0
1387,Ajay Pillai,Individual,PAN001387,0,0,,
1388,Pooja Iyer,Individual,PAN001388,0,0,,
1389,Rohan Iyer,Individual,PAN001389,0,0,,
1390,Kavya Pillai,NRI Individual,PAN001390,0,0,,3459.0
1391,Horizon Consultancy LLP,Pvt Ltd Company,PAN001391,0,0,,2707.0
1392,Vikram Pillai,Individual,PAN001392,0,0,,
1393,Meera Singh,Individual,PAN001393,0,0,,
1394,Cascade Realty Pvt Ltd,LLP,PAN001394,0,0,,1955.0
1395,Priya Iyer,Individual,PAN001395,0,0,,
1396,Neha Rao,Individual,PAN001396,0,0,,
1397,Cascade Trading LLP,Pvt Ltd Company,PAN001397,0,0,,1278.0
1398,Zenith Infra LLP,Pvt Ltd Company,PAN001398,0,0,,3697.0
1399,Kavya Joshi,Individual,PAN001399,0,0,,
1400,Neha Nair,Individual,PAN001400,0,0,,
1401,Alpine Ventures Pvt Ltd,Partnership Firm,PAN001401,0,0,,1312.0
1402,Sneha Pillai,Individual,PAN001402,0,0,,
1403,Pooja Singh,Individual,PAN001403,0,0,,
1404,Suresh Sharma,Individual,PAN001404,0,0,,
1405,Anjali Pillai,NRI Individual,PAN001405,0,0,,3493.0
1406,Horizon Ventures LLP,Partnership Firm,PAN001406,0,0,,594.0
1407,Meera Desai,Individual,PAN001407,0,0,,
1408,Zenith Infra Pvt Ltd,Pvt Ltd Company,PAN001408,0,0,,1290.0
1409,Kavya Patel,Individual,PAN001409,0,0,,
1410,Ajay Rao,Individual,PAN001410,0,0,,
1411,Vikram Rao,Individual,PAN001411,0,0,,
1412,Priya Verma,Individual,PAN001412,0,0,,
1413,Divya Patel,Individual,PAN001413,0,0,,
1414,Cascade Realty LLP,Partnership Firm,PAN001414,0,0,,3873.0
1415,Vikram Singh,Individual,PAN001415,0,0,,
1416,Rohan Sharma,Individual,PAN001416,0,0,,
1417,Sneha Nair,Individual,PAN001417,0,0,,
1418,Kavya Desai,Individual,PAN001418,0,0,,
1419,Rohan Rao,Individual,PAN001419,0,0,,
1420,Vertex Consultancy LLP,Trust,PAN001420,0,0,,1920.0
1421,Anjali Rao,Individual,PAN001421,0,0,,
1422,Vikram Menon,Individual,PAN001422,0,0,,
1423,Kavya Patel,Individual,PAN001423,0,0,,
1424,Ajay Reddy,Individual,PAN001424,0,0,,
1425,Vikram Reddy,Individual,PAN001425,0,0,,
1426,Novus Enterprises LLP,Pvt Ltd Company,PAN001426,0,0,,1572.0
1427,Meera Verma,Individual,PAN001427,0,0,,
1428,Rohan Pillai,Individual,PAN001428,0,0,,
1429,Neha Reddy,Individual,PAN001429,0,0,,
1430,Rahul Kulkarni,Individual,PAN001430,0,0,,
1431,Alpine Trading LLP,Pvt Ltd Company,PAN001431,0,0,,1018.0
1432,Ajay Rao,Individual,PAN001432,0,0,,
1433,Amit Joshi,Individual,PAN001433,0,0,,
1434,Rohan Nair,Individual,PAN001434,0,0,,
1435,Alpine Holdings LLP,Pvt Ltd Company,PAN001435,0,0,,836.0
1436,Kavya Joshi,Individual,PAN001436,0,0,,
1437,Ajay Singh,Individual,PAN001437,0,0,,
1438,Novus Ventures LLP,LLP,PAN001438,0,0,,2617.0
1439,Meridian Consultancy Pvt Ltd,Pvt Ltd Company,PAN001439,0,0,,2752.0
1440,Neha Nair,Individual,PAN001440,0,0,,
1441,Sneha Menon,Individual,PAN001441,0,0,,
1442,Sneha Joshi,Individual,PAN001442,0,0,,
1443,Rahul Menon,Individual,PAN001443,0,0,,
1444,Rohan Singh,Individual,PAN001444,0,0,,
1445,Amit Pillai,Individual,PAN001445,0,0,,
1446,Pinnacle Ventures Pvt Ltd,LLP,PAN001446,0,0,,3712.0
1447,Meridian Trading LLP,LLP,PAN001447,0,0,,2210.0
1448,Zenith Trading Pvt Ltd,Pvt Ltd Company,PAN001448,0,0,,841.0
1449,Meera Iyer,Individual,PAN001449,0,0,,
1450,Pooja Iyer,Individual,PAN001450,0,0,,
1451,Pooja Kulkarni,Individual,PAN001451,0,0,,
1452,Rohan Kulkarni,Individual,PAN001452,0,0,,
1453,Meera Kulkarni,Individual,PAN001453,0,0,,
1454,Kavya Kulkarni,Individual,PAN001454,0,0,,
1455,Vikram Kulkarni,Individual,PAN001455,0,0,,
1456,Sneha Iyer,Individual,PAN001456,0,0,,
1457,Karan Menon,Individual,PAN001457,0,0,,
1458,Suresh Sharma,Individual,PAN001458,0,0,,
1459,Vikram Kulkarni,NRI Individual,PAN001459,0,0,,2052.0
1460,Cascade Realty Pvt Ltd,Trust,PAN001460,0,0,,245.0
1461,Meridian Ventures Pvt Ltd,Pvt Ltd Company,PAN001461,0,0,,2468.0
1462,Rohan Reddy,Individual,PAN001462,0,0,,
1463,Ajay Gupta,Individual,PAN001463,0,0,,
1464,Priya Verma,Individual,PAN001464,0,0,,
1465,Ajay Gupta,Individual,PAN001465,0,0,,
1466,Novus Holdings Pvt Ltd,Pvt Ltd Company,PAN001466,0,0,,1689.0
1467,Novus Ventures LLP,Pvt Ltd Company,PAN001467,0,0,,2584.0
1468,Pooja Desai,Individual,PAN001468,0,0,,
1469,Priya Pillai,Individual,PAN001469,0,0,,
1470,Karan Iyer,Individual,PAN001470,0,0,,
1471,Suresh Gupta,Individual,PAN001471,0,0,,
1472,Sneha Nair,Individual,PAN001472,0,0,,
1473,Amit Sharma,Individual,PAN001473,0,0,,
1474,Zenith Holdings LLP,LLP,PAN001474,0,0,,1015.0
1475,Meera Gupta,Individual,PAN001475,0,0,,
1476,Meera Nair,Individual,PAN001476,0,0,,
1477,Sneha Sharma,NRI Individual,PAN001477,0,0,,1626.0
1478,Divya Sharma,Individual,PAN001478,0,0,,
1479,Novus Holdings LLP,Pvt Ltd Company,PAN001479,0,0,,495.0
1480,Alpine Infra LLP,Trust,PAN001480,0,0,,1956.0
1481,Meridian Ventures LLP,Partnership Firm,PAN001481,0,0,,1757.0
1482,Ajay Sharma,Individual,PAN001482,0,0,,
1483,Alpine Enterprises LLP,Pvt Ltd Company,PAN001483,0,0,,3363.0
1484,Ajay Sharma,NRI Individual,PAN001484,0,0,,2043.0
1485,Horizon Holdings LLP,LLP,PAN001485,0,0,,1697.0
1486,Orbis Infra Pvt Ltd,Trust,PAN001486,0,0,,241.0
1487,Suresh Gupta,Individual,PAN001487,0,0,,
1488,Novus Realty LLP,Partnership Firm,PAN001488,0,0,,3359.0
1489,Kavya Singh,NRI Individual,PAN001489,0,0,,3966.0
1490,Karan Patel,Individual,PAN001490,0,0,,
1491,Sneha Menon,Individual,PAN001491,0,0,,
1492,Rahul Patel,Individual,PAN001492,0,0,,
1493,Orbis Ventures LLP,Partnership Firm,PAN001493,0,0,,675.0
1494,Anjali Sharma,NRI Individual,PAN001494,0,0,,2593.0
1495,Ajay Patel,Individual,PAN001495,0,0,,
1496,Amit Rao,Individual,PAN001496,0,0,,
1497,Rohan Patel,Individual,PAN001497,0,0,,
1498,Priya Patel,Individual,PAN001498,0,0,,
1499,Kavya Iyer,Individual,PAN001499,0,0,,
1500,Sneha Pillai,Individual,PAN001500,0,0,,
1501,Kavya Gupta,Individual,PAN001501,0,0,,
1502,Ajay Rao,Individual,PAN001502,0,0,,
1503,Vikram Menon,Individual,PAN001503,0,0,,
1504,Anjali Iyer,Individual,PAN001504,0,0,,
1505,Ajay Rao,Individual,PAN001505,0,0,,
1506,Arjun Nair,Individual,PAN001506,0,0,,
1507,Suresh Iyer,Individual,PAN001507,0,0,,
1508,Sneha Reddy,Individual,PAN001508,0,0,,
1509,Crestline Infra LLP,Partnership Firm,PAN001509,0,0,,3252.0
1510,Pooja Rao,Individual,PAN001510,0,0,,
1511,Karan Nair,Individual,PAN001511,0,0,,
1512,Rahul Joshi,Individual,PAN001512,0,0,,
1513,Pinnacle Holdings Pvt Ltd,Pvt Ltd Company,PAN001513,0,0,,2132.0
1514,Rohan Menon,Individual,PAN001514,0,0,,
1515,Priya Pillai,Individual,PAN001515,0,0,,
1516,Sneha Rao,Individual,PAN001516,0,0,,
1517,Cascade Realty Pvt Ltd,LLP,PAN001517,0,0,,2195.0
1518,Alpine Trading LLP,LLP,PAN001518,0,0,,2573.0
1519,Rohan Reddy,NRI Individual,PAN001519,0,0,,2288.0
1520,Rahul Rao,Individual,PAN001520,0,0,,
1521,Horizon Trading LLP,Pvt Ltd Company,PAN001521,0,0,,650.0
1522,Anjali Singh,Individual,PAN001522,0,0,,
1523,Sunrise Trading LLP,LLP,PAN001523,0,0,,3000.0
1524,Anjali Gupta,Individual,PAN001524,0,0,,
1525,Karan Joshi,Individual,PAN001525,0,0,,
1526,Pooja Nair,Individual,PAN001526,0,0,,
1527,Karan Verma,Individual,PAN001527,0,0,,
1528,Novus Enterprises LLP,LLP,PAN001528,0,0,,3499.0
1529,Amit Sharma,Individual,PAN001529,0,0,,
1530,Neha Pillai,Individual,PAN001530,0,0,,
1531,Pooja Rao,Individual,PAN001531,0,0,,
1532,Vertex Realty Pvt Ltd,Pvt Ltd Company,PAN001532,0,0,,1740.0
1533,Novus Trading Pvt Ltd,Pvt Ltd Company,PAN001533,0,0,,1722.0
1534,Horizon Infra LLP,Partnership Firm,PAN001534,0,0,,3526.0
1535,Rohan Kulkarni,Individual,PAN001535,0,0,,
1536,Karan Sharma,Individual,PAN001536,0,0,,
1537,Ajay Gupta,Individual,PAN001537,0,0,,
1538,Sunrise Realty Pvt Ltd,LLP,PAN001538,0,0,,3829.0
1539,Sneha Reddy,Individual,PAN001539,0,0,,
1540,Kavya Nair,Individual,PAN001540,0,0,,
1541,Karan Pillai,Individual,PAN001541,0,0,,
1542,Vikram Rao,Individual,PAN001542,0,0,,
1543,Karan Gupta,Individual,PAN001543,0,0,,
1544,Pooja Reddy,NRI Individual,PAN001544,0,0,,2323.0
1545,Summit Enterprises LLP,LLP,PAN001545,0,0,,1999.0
1546,Orbis Consultancy LLP,Pvt Ltd Company,PAN001546,0,0,,1194.0
1547,Orbis Consultancy Pvt Ltd,Pvt Ltd Company,PAN001547,0,0,,1364.0
1548,Orbis Infra Pvt Ltd,Pvt Ltd Company,PAN001548,0,0,,2945.0
1549,Priya Nair,Individual,PAN001549,0,0,,
1550,Orbis Realty LLP,Pvt Ltd Company,PAN001550,0,0,,2506.0
1551,Priya Kulkarni,Individual,PAN001551,0,0,,
1552,Meridian Holdings Pvt Ltd,Trust,PAN001552,0,0,,2479.0
1553,Priya Singh,Individual,PAN001553,0,0,,
1554,Alpine Consultancy LLP,Pvt Ltd Company,PAN001554,0,0,,593.0
1555,Arjun Verma,Individual,PAN001555,0,0,,
1556,Sunrise Realty Pvt Ltd,Partnership Firm,PAN001556,0,0,,489.0
1557,Suresh Rao,Individual,PAN001557,0,0,,
1558,Amit Patel,Individual,PAN001558,0,0,,
1559,Pooja Gupta,Individual,PAN001559,0,0,,
1560,Rohan Joshi,Individual,PAN001560,0,0,,
1561,Sunrise Consultancy LLP,Pvt Ltd Company,PAN001561,0,0,,788.0
1562,Pooja Rao,Individual,PAN001562,0,0,,
1563,Karan Pillai,Individual,PAN001563,0,0,,
1564,Ajay Kulkarni,Individual,PAN001564,0,0,,
1565,Crestline Consultancy Pvt Ltd,Pvt Ltd Company,PAN001565,0,0,,2951.0
1566,Ajay Sharma,Individual,PAN001566,0,0,,
1567,Arjun Patel,Individual,PAN001567,0,0,,
1568,Sneha Singh,Individual,PAN001568,0,0,,
1569,Neha Verma,Individual,PAN001569,0,0,,
1570,Meridian Enterprises LLP,Pvt Ltd Company,PAN001570,0,0,,3287.0
1571,Pooja Gupta,Individual,PAN001571,0,0,,
1572,Summit Consultancy LLP,Partnership Firm,PAN001572,0,0,,287.0
1573,Divya Joshi,Individual,PAN001573,0,0,,
1574,Meera Pillai,Individual,PAN001574,0,0,,
1575,Arjun Verma,Individual,PAN001575,0,0,,
1576,Crestline Realty LLP,Pvt Ltd Company,PAN001576,0,0,,854.0
1577,Amit Nair,Individual,PAN001577,0,0,,
1578,Divya Pillai,Individual,PAN001578,0,0,,
1579,Karan Patel,Individual,PAN001579,0,0,,
1580,Summit Holdings LLP,Pvt Ltd Company,PAN001580,0,0,,2160.0
1581,Suresh Iyer,Individual,PAN001581,0,0,,
1582,Amit Rao,Individual,PAN001582,0,0,,
1583,Orbis Ventures Pvt Ltd,LLP,PAN001583,0,0,,1337.0
1584,Orbis Trading LLP,LLP,PAN001584,0,0,,101.0
1585,Rahul Rao,Individual,PAN001585,0,0,,
1586,Karan Menon,Individual,PAN001586,0,0,,
1587,Vertex Holdings LLP,Pvt Ltd Company,PAN001587,0,0,,3863.0
1588,Neha Kulkarni,Individual,PAN001588,0,0,,
1589,Kavya Verma,Individual,PAN001589,0,0,,
1590,Vikram Menon,Individual,PAN001590,0,0,,
1591,Divya Menon,Individual,PAN001591,0,0,,
1592,Meridian Trading LLP,Pvt Ltd Company,PAN001592,0,0,,2073.0
1593,Novus Realty Pvt Ltd,Pvt Ltd Company,PAN001593,0,0,,2485.0
1594,Zenith Consultancy Pvt Ltd,Partnership Firm,PAN001594,0,0,,257.0
1595,Vertex Ventures Pvt Ltd,Trust,PAN001595,0,0,,1075.0
1596,Rahul Patel,Individual,PAN001596,0,0,,
1597,Horizon Ventures LLP,Trust,PAN001597,0,0,,3347.0
1598,Rahul Menon,Individual,PAN001598,0,0,,
1599,Meera Kulkarni,Individual,PAN001599,0,0,,
1600,Meera Menon,Individual,PAN001600,0,0,,
1601,Horizon Infra Pvt Ltd,Partnership Firm,PAN001601,0,0,,2179.0
1602,Pooja Reddy,Individual,PAN001602,0,0,,
1603,Meera Joshi,Individual,PAN001603,0,0,,
1604,Rohan Reddy,Individual,PAN001604,0,0,,
1605,Neha Iyer,Individual,PAN001605,0,0,,
1606,Cascade Enterprises Pvt Ltd,Trust,PAN001606,0,0,,2700.0
1607,Ajay Nair,NRI Individual,PAN001607,0,0,,3001.0
1608,Kavya Rao,Individual,PAN001608,0,0,,
1609,Amit Rao,Individual,PAN001609,0,0,,
1610,Anjali Desai,Individual,PAN001610,0,0,,
1611,Rahul Singh,Individual,PAN001611,0,0,,
1612,Sunrise Ventures LLP,Pvt Ltd Company,PAN001612,0,0,,198.0
1613,Crestline Consultancy Pvt Ltd,Pvt Ltd Company,PAN001613,0,0,,2718.0
1614,Vikram Menon,Individual,PAN001614,0,0,,
1615,Suresh Desai,Individual,PAN001615,0,0,,
1616,Meridian Holdings LLP,Pvt Ltd Company,PAN001616,0,0,,3420.0
1617,Amit Reddy,Individual,PAN001617,0,0,,
1618,Divya Nair,Individual,PAN001618,0,0,,
1619,Neha Verma,Individual,PAN001619,0,0,,
1620,Cascade Infra Pvt Ltd,LLP,PAN001620,0,0,,453.0
1621,Crestline Realty Pvt Ltd,Pvt Ltd Company,PAN001621,0,0,,3812.0
1622,Divya Singh,Individual,PAN001622,0,0,,
1623,Amit Reddy,Individual,PAN001623,0,0,,
1624,Rahul Sharma,Individual,PAN001624,0,0,,
1625,Amit Patel,Individual,PAN001625,0,0,,
1626,Priya Patel,Individual,PAN001626,0,0,,
1627,Sunrise Infra Pvt Ltd,Pvt Ltd Company,PAN001627,0,0,,3329.0
1628,Summit Realty Pvt Ltd,Pvt Ltd Company,PAN001628,0,0,,408.0
1629,Kavya Menon,NRI Individual,PAN001629,0,0,,2034.0
1630,Cascade Ventures Pvt Ltd,Pvt Ltd Company,PAN001630,0,0,,1642.0
1631,Suresh Reddy,Individual,PAN001631,0,0,,
1632,Rohan Patel,NRI Individual,PAN001632,0,0,,498.0
1633,Ajay Singh,NRI Individual,PAN001633,0,0,,2682.0
1634,Neha Joshi,Individual,PAN001634,0,0,,
1635,Rahul Patel,Individual,PAN001635,0,0,,
1636,Meridian Infra LLP,Trust,PAN001636,0,0,,2316.0
1637,Cascade Infra Pvt Ltd,Pvt Ltd Company,PAN001637,0,0,,989.0
1638,Neha Patel,Individual,PAN001638,0,0,,
1639,Karan Joshi,NRI Individual,PAN001639,0,0,,2476.0
1640,Divya Reddy,Individual,PAN001640,0,0,,
1641,Vikram Joshi,Individual,PAN001641,0,0,,
1642,Zenith Infra Pvt Ltd,Pvt Ltd Company,PAN001642,0,0,,1487.0
1643,Divya Kulkarni,Individual,PAN001643,0,0,,
1644,Vertex Realty LLP,LLP,PAN001644,0,0,,1202.0
1645,Vertex Ventures LLP,Pvt Ltd Company,PAN001645,0,0,,1338.0
1646,Arjun Gupta,Individual,PAN001646,0,0,,
1647,Priya Kulkarni,Individual,PAN001647,0,0,,
1648,Summit Infra Pvt Ltd,Pvt Ltd Company,PAN001648,0,0,,91.0
1649,Rahul Reddy,Individual,PAN001649,0,0,,
1650,Rahul Nair,Individual,PAN001650,0,0,,
1651,Neha Verma,Individual,PAN001651,0,0,,
1652,Karan Desai,Individual,PAN001652,0,0,,
1653,Meera Singh,Individual,PAN001653,0,0,,
1654,Summit Infra Pvt Ltd,Partnership Firm,PAN001654,0,0,,1361.0
1655,Cascade Holdings Pvt Ltd,Pvt Ltd Company,PAN001655,0,0,,3317.0
1656,Anjali Desai,Individual,PAN001656,0,0,,
1657,Meridian Ventures Pvt Ltd,Pvt Ltd Company,PAN001657,0,0,,3610.0
1658,Rahul Kulkarni,NRI Individual,PAN001658,0,0,,343.0
1659,Kavya Menon,Individual,PAN001659,0,0,,
1660,Cascade Consultancy LLP,Pvt Ltd Company,PAN001660,0,0,,564.0
1661,Arjun Kulkarni,Individual,PAN001661,0,0,,
1662,Pooja Sharma,Individual,PAN001662,0,0,,
1663,Priya Menon,Individual,PAN001663,0,0,,
1664,Divya Gupta,Individual,PAN001664,0,0,,
1665,Meera Menon,NRI Individual,PAN001665,0,0,,3135.0
1666,Meera Desai,Individual,PAN001666,0,0,,
1667,Crestline Trading LLP,Partnership Firm,PAN001667,0,0,,1481.0
1668,Zenith Ventures Pvt Ltd,LLP,PAN001668,0,0,,294.0
1669,Novus Infra Pvt Ltd,Trust,PAN001669,0,0,,2982.0
1670,Pooja Reddy,Individual,PAN001670,0,0,,
1671,Pinnacle Ventures Pvt Ltd,Partnership Firm,PAN001671,0,0,,2853.0
1672,Divya Menon,Individual,PAN001672,0,0,,
1673,Vikram Verma,Individual,PAN001673,0,0,,
1674,Vikram Menon,Individual,PAN001674,0,0,,
1675,Novus Realty Pvt Ltd,LLP,PAN001675,0,0,,967.0
1676,Divya Gupta,Individual,PAN001676,0,0,,
1677,Vikram Gupta,Individual,PAN001677,0,0,,
1678,Karan Singh,Individual,PAN001678,0,0,,
1679,Rohan Patel,Individual,PAN001679,0,0,,
1680,Crestline Trading Pvt Ltd,Partnership Firm,PAN001680,0,0,,2383.0
1681,Pinnacle Consultancy LLP,Pvt Ltd Company,PAN001681,0,0,,3623.0
1682,Arjun Verma,Individual,PAN001682,0,0,,
1683,Neha Reddy,Individual,PAN001683,0,0,,
1684,Suresh Gupta,Individual,PAN001684,0,0,,
1685,Zenith Realty Pvt Ltd,Pvt Ltd Company,PAN001685,0,0,,182.0
1686,Suresh Nair,Individual,PAN001686,0,0,,
1687,Alpine Ventures Pvt Ltd,Pvt Ltd Company,PAN001687,0,0,,2660.0
1688,Pinnacle Realty LLP,Pvt Ltd Company,PAN001688,0,0,,1711.0
1689,Suresh Desai,Individual,PAN001689,0,0,,
1690,Meera Verma,Individual,PAN001690,0,0,,
1691,Pooja Menon,Individual,PAN001691,0,0,,
1692,Sneha Menon,Individual,PAN001692,0,0,,
1693,Orbis Infra Pvt Ltd,Pvt Ltd Company,PAN001693,0,0,,1318.0
1694,Meera Rao,Individual,PAN001694,0,0,,
1695,Vertex Infra LLP,Pvt Ltd Company,PAN001695,0,0,,3755.0
1696,Anjali Joshi,Individual,PAN001696,0,0,,
1697,Priya Joshi,Individual,PAN001697,0,0,,
1698,Divya Nair,Individual,PAN001698,0,0,,
1699,Sunrise Enterprises LLP,LLP,PAN001699,0,0,,1484.0
1700,Karan Nair,Individual,PAN001700,0,0,,
1701,Sunrise Trading Pvt Ltd,LLP,PAN001701,0,0,,3181.0
1702,Meridian Enterprises LLP,Pvt Ltd Company,PAN001702,0,0,,288.0
1703,Crestline Enterprises Pvt Ltd,Pvt Ltd Company,PAN001703,0,0,,133.0
1704,Sneha Rao,Individual,PAN001704,0,0,,
1705,Amit Patel,Individual,PAN001705,0,0,,
1706,Horizon Trading Pvt Ltd,Pvt Ltd Company,PAN001706,0,0,,3254.0
1707,Anjali Reddy,Individual,PAN001707,0,0,,
1708,Neha Nair,Individual,PAN001708,0,0,,
1709,Meera Patel,Individual,PAN001709,0,0,,
1710,Meera Nair,Individual,PAN001710,0,0,,
1711,Horizon Consultancy Pvt Ltd,LLP,PAN001711,0,0,,1934.0
1712,Amit Sharma,Individual,PAN001712,0,0,,
1713,Suresh Gupta,Individual,PAN001713,0,0,,
1714,Rahul Reddy,Individual,PAN001714,0,0,,
1715,Priya Sharma,Individual,PAN001715,0,0,,
1716,Rohan Joshi,Individual,PAN001716,0,0,,
1717,Horizon Infra LLP,Pvt Ltd Company,PAN001717,0,0,,3531.0
1718,Vikram Sharma,Individual,PAN001718,0,0,,
1719,Rohan Gupta,Individual,PAN001719,0,0,,
1720,Divya Reddy,Individual,PAN001720,0,0,,
1721,Karan Patel,Individual,PAN001721,0,0,,
1722,Crestline Infra Pvt Ltd,LLP,PAN001722,0,0,,1770.0
1723,Anjali Desai,Individual,PAN001723,0,0,,
1724,Priya Menon,Individual,PAN001724,0,0,,
1725,Meera Nair,Individual,PAN001725,0,0,,
1726,Ajay Kulkarni,Individual,PAN001726,0,0,,
1727,Anjali Desai,Individual,PAN001727,0,0,,
1728,Pinnacle Consultancy LLP,LLP,PAN001728,0,0,,190.0
1729,Orbis Ventures LLP,Pvt Ltd Company,PAN001729,0,0,,3931.0
1730,Arjun Nair,Individual,PAN001730,0,0,,
1731,Sneha Singh,NRI Individual,PAN001731,0,0,,3575.0
1732,Suresh Reddy,Individual,PAN001732,0,0,,
1733,Anjali Verma,Individual,PAN001733,0,0,,
1734,Amit Joshi,Individual,PAN001734,0,0,,
1735,Rahul Singh,Individual,PAN001735,0,0,,
1736,Sunrise Trading Pvt Ltd,Pvt Ltd Company,PAN001736,0,0,,2111.0
1737,Meera Desai,Individual,PAN001737,0,0,,
1738,Rahul Verma,Individual,PAN001738,0,0,,
1739,Horizon Holdings LLP,Pvt Ltd Company,PAN001739,0,0,,2774.0
1740,Neha Iyer,Individual,PAN001740,0,0,,
1741,Suresh Sharma,Individual,PAN001741,0,0,,
1742,Divya Menon,Individual,PAN001742,0,0,,
1743,Vertex Enterprises LLP,Pvt Ltd Company,PAN001743,0,0,,3726.0
1744,Pooja Desai,NRI Individual,PAN001744,0,0,,3669.0
1745,Pooja Joshi,Individual,PAN001745,0,0,,
1746,Sneha Nair,Individual,PAN001746,0,0,,
1747,Cascade Realty LLP,Trust,PAN001747,0,0,,334.0
1748,Rohan Singh,Individual,PAN001748,0,0,,
1749,Rohan Nair,Individual,PAN001749,0,0,,
1750,Zenith Consultancy Pvt Ltd,Pvt Ltd Company,PAN001750,0,0,,2994.0
1751,Rohan Sharma,Individual,PAN001751,0,0,,
1752,Vikram Menon,Individual,PAN001752,0,0,,
1753,Suresh Joshi,Individual,PAN001753,0,0,,
1754,Horizon Trading Pvt Ltd,LLP,PAN001754,0,0,,1581.0
1755,Cascade Ventures Pvt Ltd,Trust,PAN001755,0,0,,1093.0
1756,Crestline Realty Pvt Ltd,Trust,PAN001756,0,0,,3293.0
1757,Novus Trading Pvt Ltd,Pvt Ltd Company,PAN001757,0,0,,529.0
1758,Ajay Nair,Individual,PAN001758,0,0,,
1759,Pinnacle Consultancy Pvt Ltd,Partnership Firm,PAN001759,0,0,,3749.0
1760,Zenith Trading Pvt Ltd,Pvt Ltd Company,PAN001760,0,0,,810.0
1761,Rahul Pillai,NRI Individual,PAN001761,0,0,,2004.0
1762,Vikram Menon,Individual,PAN001762,0,0,,
1763,Horizon Realty Pvt Ltd,Partnership Firm,PAN001763,0,0,,3907.0
1764,Pooja Reddy,Individual,PAN001764,0,0,,
1765,Alpine Consultancy LLP,Pvt Ltd Company,PAN001765,0,0,,2818.0
1766,Cascade Consultancy Pvt Ltd,Pvt Ltd Company,PAN001766,0,0,,3982.0
1767,Sunrise Ventures Pvt Ltd,Partnership Firm,PAN001767,0,0,,644.0
1768,Crestline Consultancy LLP,Pvt Ltd Company,PAN001768,0,0,,2957.0
1769,Horizon Realty Pvt Ltd,Partnership Firm,PAN001769,0,0,,962.0
1770,Novus Realty Pvt Ltd,Partnership Firm,PAN001770,0,0,,1640.0
1771,Vertex Trading LLP,LLP,PAN001771,0,0,,839.0
1772,Karan Desai,Individual,PAN001772,0,0,,
1773,Priya Singh,Individual,PAN001773,0,0,,
1774,Karan Gupta,Individual,PAN001774,0,0,,
1775,Cascade Realty LLP,Pvt Ltd Company,PAN001775,0,0,,221.0
1776,Pooja Patel,NRI Individual,PAN001776,0,0,,686.0
1777,Rahul Patel,Individual,PAN001777,0,0,,
1778,Karan Desai,Individual,PAN001778,0,0,,
1779,Anjali Desai,Individual,PAN001779,0,0,,
1780,Pinnacle Consultancy LLP,Pvt Ltd Company,PAN001780,0,0,,2294.0
1781,Sunrise Ventures LLP,Pvt Ltd Company,PAN001781,0,0,,3051.0
1782,Sneha Sharma,Individual,PAN001782,0,0,,
1783,Ajay Rao,Individual,PAN001783,0,0,,
1784,Meridian Realty LLP,Partnership Firm,PAN001784,0,0,,3208.0
1785,Priya Iyer,Individual,PAN001785,0,0,,
1786,Zenith Enterprises Pvt Ltd,LLP,PAN001786,0,0,,3623.0
1787,Ajay Verma,Individual,PAN001787,0,0,,
1788,Ajay Joshi,Individual,PAN001788,0,0,,
1789,Novus Consultancy LLP,LLP,PAN001789,0,0,,2460.0
1790,Rohan Patel,Individual,PAN001790,0,0,,
1791,Amit Patel,Individual,PAN001791,0,0,,
1792,Rahul Reddy,Individual,PAN001792,0,0,,
1793,Neha Reddy,Individual,PAN001793,0,0,,
1794,Horizon Enterprises LLP,LLP,PAN001794,0,0,,2429.0
1795,Anjali Singh,Individual,PAN001795,0,0,,
1796,Pooja Patel,Individual,PAN001796,0,0,,
1797,Divya Singh,Individual,PAN001797,0,0,,
1798,Meera Reddy,Individual,PAN001798,0,0,,
1799,Divya Reddy,Individual,PAN001799,0,0,,
1800,Neha Joshi,Individual,PAN001800,0,0,,
1801,Karan Kulkarni,Individual,PAN001801,0,0,,
1802,Amit Rao,Individual,PAN001802,0,0,,
1803,Ajay Reddy,Individual,PAN001803,0,0,,
1804,Ajay Rao,Individual,PAN001804,0,0,,
1805,Novus Infra Pvt Ltd,Partnership Firm,PAN001805,0,0,,50.0
1806,Pooja Kulkarni,Individual,PAN001806,0,0,,
1807,Priya Reddy,Individual,PAN001807,0,0,,
1808,Vertex Ventures Pvt Ltd,LLP,PAN001808,0,0,,1697.0
1809,Vikram Menon,Individual,PAN001809,0,0,,
1810,Rahul Patel,Individual,PAN001810,0,0,,
1811,Meera Verma,NRI Individual,PAN001811,0,0,,1416.0
1812,Priya Gupta,Individual,PAN001812,0,0,,
1813,Zenith Infra LLP,Pvt Ltd Company,PAN001813,0,0,,3890.0
1814,Novus Consultancy LLP,Partnership Firm,PAN001814,0,0,,3954.0
1815,Rohan Menon,Individual,PAN001815,0,0,,
1816,Anjali Kulkarni,Individual,PAN001816,0,0,,
1817,Arjun Pillai,Individual,PAN001817,0,0,,
1818,Meera Verma,Individual,PAN001818,0,0,,
1819,Vertex Trading Pvt Ltd,Trust,PAN001819,0,0,,702.0
1820,Sneha Singh,Individual,PAN001820,0,0,,
1821,Divya Patel,Individual,PAN001821,0,0,,
1822,Arjun Sharma,Individual,PAN001822,0,0,,
1823,Novus Consultancy Pvt Ltd,LLP,PAN001823,0,0,,339.0
1824,Zenith Holdings Pvt Ltd,LLP,PAN001824,0,0,,488.0
1825,Karan Verma,Individual,PAN001825,0,0,,
1826,Orbis Ventures LLP,Partnership Firm,PAN001826,0,0,,1115.0
1827,Meera Sharma,NRI Individual,PAN001827,0,0,,2619.0
1828,Pinnacle Consultancy Pvt Ltd,Partnership Firm,PAN001828,0,0,,1722.0
1829,Amit Singh,Individual,PAN001829,0,0,,
1830,Neha Menon,Individual,PAN001830,0,0,,
1831,Suresh Patel,Individual,PAN001831,0,0,,
1832,Priya Menon,Individual,PAN001832,0,0,,
1833,Karan Gupta,Individual,PAN001833,0,0,,
1834,Arjun Patel,Individual,PAN001834,0,0,,
1835,Divya Singh,Individual,PAN001835,0,0,,
1836,Karan Verma,NRI Individual,PAN001836,0,0,,800.0
1837,Meera Sharma,Individual,PAN001837,0,0,,
1838,Amit Pillai,Individual,PAN001838,0,0,,
1839,Rahul Desai,Individual,PAN001839,0,0,,
1840,Zenith Infra Pvt Ltd,Pvt Ltd Company,PAN001840,0,0,,2373.0
1841,Horizon Infra Pvt Ltd,Pvt Ltd Company,PAN001841,0,0,,3466.0
1842,Karan Menon,Individual,PAN001842,0,0,,
1843,Sunrise Trading Pvt Ltd,Pvt Ltd Company,PAN001843,0,0,,1689.0
1844,Rahul Rao,Individual,PAN001844,0,0,,
1845,Kavya Verma,Individual,PAN001845,0,0,,
1846,Suresh Pillai,Individual,PAN001846,0,0,,
1847,Anjali Gupta,Individual,PAN001847,0,0,,
1848,Sunrise Realty LLP,Pvt Ltd Company,PAN001848,0,0,,1527.0
1849,Vikram Singh,Individual,PAN001849,0,0,,
1850,Crestline Holdings LLP,Pvt Ltd Company,PAN001850,0,0,,672.0
1851,Rahul Gupta,Individual,PAN001851,0,0,,
1852,Summit Realty LLP,Trust,PAN001852,0,0,,2939.0
1853,Neha Joshi,Individual,PAN001853,0,0,,
1854,Sneha Rao,Individual,PAN001854,0,0,,
1855,Suresh Iyer,Individual,PAN001855,0,0,,
1856,Sunrise Consultancy Pvt Ltd,Trust,PAN001856,0,0,,2420.0
1857,Suresh Kulkarni,Individual,PAN001857,0,0,,
1858,Vikram Iyer,Individual,PAN001858,0,0,,
1859,Neha Patel,Individual,PAN001859,0,0,,
1860,Vikram Iyer,Individual,PAN001860,0,0,,
1861,Horizon Trading Pvt Ltd,Pvt Ltd Company,PAN001861,0,0,,3629.0
1862,Rahul Patel,Individual,PAN001862,0,0,,
1863,Vikram Rao,Individual,PAN001863,0,0,,
1864,Divya Desai,Individual,PAN001864,0,0,,
1865,Priya Joshi,Individual,PAN001865,0,0,,
1866,Ajay Nair,Individual,PAN001866,0,0,,
1867,Neha Gupta,Individual,PAN001867,0,0,,
1868,Kavya Desai,Individual,PAN001868,0,0,,
1869,Neha Reddy,Individual,PAN001869,0,0,,
1870,Arjun Kulkarni,NRI Individual,PAN001870,0,0,,3937.0
1871,Karan Desai,Individual,PAN001871,0,0,,
1872,Cascade Enterprises Pvt Ltd,Trust,PAN001872,0,0,,3752.0
1873,Anjali Nair,Individual,PAN001873,0,0,,
1874,Meera Patel,Individual,PAN001874,0,0,,
1875,Vikram Patel,Individual,PAN001875,0,0,,
1876,Divya Desai,Individual,PAN001876,0,0,,
1877,Amit Verma,Individual,PAN001877,0,0,,
1878,Suresh Menon,Individual,PAN001878,0,0,,
1879,Amit Menon,Individual,PAN001879,0,0,,
1880,Rahul Verma,Individual,PAN001880,0,0,,
1881,Sneha Pillai,Individual,PAN001881,0,0,,
1882,Kavya Desai,Individual,PAN001882,0,0,,
1883,Sneha Rao,Individual,PAN001883,0,0,,
1884,Anjali Nair,Individual,PAN001884,0,0,,
1885,Vertex Consultancy Pvt Ltd,Pvt Ltd Company,PAN001885,0,0,,2381.0
1886,Divya Verma,Individual,PAN001886,0,0,,
1887,Pooja Rao,Individual,PAN001887,0,0,,
1888,Neha Iyer,NRI Individual,PAN001888,0,0,,1481.0
1889,Arjun Reddy,Individual,PAN001889,0,0,,
1890,Meridian Ventures Pvt Ltd,Pvt Ltd Company,PAN001890,0,0,,463.0
1891,Pooja Iyer,Individual,PAN001891,0,0,,
1892,Cascade Infra LLP,Pvt Ltd Company,PAN001892,0,0,,889.0
1893,Karan Verma,NRI Individual,PAN001893,0,0,,155.0
1894,Meridian Realty LLP,LLP,PAN001894,0,0,,2821.0
1895,Anjali Gupta,Individual,PAN001895,0,0,,
1896,Sunrise Realty LLP,Pvt Ltd Company,PAN001896,0,0,,2771.0
1897,Pooja Nair,Individual,PAN001897,0,0,,
1898,Karan Verma,Individual,PAN001898,0,0,,
1899,Meera Pillai,Individual,PAN001899,0,0,,
1900,Anjali Rao,Individual,PAN001900,0,0,,
1901,Karan Menon,Individual,PAN001901,0,0,,
1902,Rohan Desai,Individual,PAN001902,0,0,,
1903,Vertex Infra Pvt Ltd,Pvt Ltd Company,PAN001903,0,0,,1186.0
1904,Pooja Rao,Individual,PAN001904,0,0,,
1905,Anjali Pillai,Individual,PAN001905,0,0,,
1906,Rohan Singh,Individual,PAN001906,0,0,,
1907,Cascade Enterprises Pvt Ltd,LLP,PAN001907,0,0,,867.0
1908,Neha Rao,Individual,PAN001908,0,0,,
1909,Sneha Patel,Individual,PAN001909,0,0,,
1910,Vertex Trading Pvt Ltd,LLP,PAN001910,0,0,,288.0
1911,Rahul Joshi,Individual,PAN001911,0,0,,
1912,Priya Iyer,Individual,PAN001912,0,0,,
1913,Amit Iyer,Individual,PAN001913,0,0,,
1914,Zenith Ventures LLP,Pvt Ltd Company,PAN001914,0,0,,2730.0
1915,Anjali Sharma,Individual,PAN001915,0,0,,
1916,Sunrise Realty Pvt Ltd,LLP,PAN001916,0,0,,3516.0
1917,Pinnacle Ventures Pvt Ltd,Pvt Ltd Company,PAN001917,0,0,,721.0
1918,Pinnacle Holdings LLP,Pvt Ltd Company,PAN001918,0,0,,2572.0
1919,Anjali Sharma,Individual,PAN001919,0,0,,
1920,Rohan Verma,Individual,PAN001920,0,0,,
1921,Arjun Gupta,Individual,PAN001921,0,0,,
1922,Crestline Consultancy LLP,Pvt Ltd Company,PAN001922,0,0,,2166.0
1923,Sunrise Consultancy Pvt Ltd,Pvt Ltd Company,PAN001923,0,0,,1559.0
1924,Horizon Enterprises Pvt Ltd,Pvt Ltd Company,PAN001924,0,0,,1980.0
1925,Rohan Kulkarni,Individual,PAN001925,0,0,,
1926,Ajay Kulkarni,Individual,PAN001926,0,0,,
1927,Meera Patel,NRI Individual,PAN001927,0,0,,1079.0
1928,Anjali Sharma,Individual,PAN001928,0,0,,
1929,Vikram Gupta,Individual,PAN001929,0,0,,
1930,Arjun Patel,Individual,PAN001930,0,0,,
1931,Pooja Iyer,Individual,PAN001931,0,0,,
1932,Sneha Menon,Individual,PAN001932,0,0,,
1933,Novus Enterprises LLP,Pvt Ltd Company,PAN001933,0,0,,81.0
1934,Amit Patel,Individual,PAN001934,0,0,,
1935,Anjali Verma,NRI Individual,PAN001935,0,0,,3311.0
1936,Vikram Iyer,Individual,PAN001936,0,0,,
1937,Arjun Desai,Individual,PAN001937,0,0,,
1938,Kavya Rao,Individual,PAN001938,0,0,,
1939,Novus Holdings LLP,Pvt Ltd Company,PAN001939,0,0,,2760.0
1940,Summit Holdings LLP,Pvt Ltd Company,PAN001940,0,0,,3353.0
1941,Rohan Desai,Individual,PAN001941,0,0,,
1942,Anjali Kulkarni,Individual,PAN001942,0,0,,
1943,Suresh Menon,Individual,PAN001943,0,0,,
1944,Vertex Enterprises Pvt Ltd,LLP,PAN001944,0,0,,1053.0
1945,Anjali Iyer,Individual,PAN001945,0,0,,
1946,Crestline Holdings Pvt Ltd,Pvt Ltd Company,PAN001946,0,0,,3005.0
1947,Anjali Desai,Individual,PAN001947,0,0,,
1948,Rahul Desai,NRI Individual,PAN001948,0,0,,43.0
1949,Sneha Pillai,Individual,PAN001949,0,0,,
1950,Rohan Reddy,Individual,PAN001950,0,0,,
1951,Orbis Consultancy LLP,Pvt Ltd Company,PAN001951,0,0,,628.0
1952,Divya Pillai,Individual,PAN001952,0,0,,
1953,Zenith Enterprises Pvt Ltd,Pvt Ltd Company,PAN001953,0,0,,3676.0
1954,Vikram Kulkarni,Individual,PAN001954,0,0,,
1955,Rohan Reddy,Individual,PAN001955,0,0,,
1956,Karan Sharma,Individual,PAN001956,0,0,,
1957,Divya Nair,Individual,PAN001957,0,0,,
1958,Vikram Menon,Individual,PAN001958,0,0,,
1959,Pooja Kulkarni,Individual,PAN001959,0,0,,
1960,Rohan Joshi,Individual,PAN001960,0,0,,
1961,Arjun Desai,Individual,PAN001961,0,0,,
1962,Pinnacle Consultancy LLP,Pvt Ltd Company,PAN001962,0,0,,1387.0
1963,Rohan Sharma,Individual,PAN001963,0,0,,
1964,Sneha Desai,Individual,PAN001964,0,0,,
1965,Rohan Reddy,Individual,PAN001965,0,0,,
1966,Pooja Verma,Individual,PAN001966,0,0,,
1967,Neha Singh,Individual,PAN001967,0,0,,
1968,Priya Pillai,Individual,PAN001968,0,0,,
1969,Suresh Sharma,Individual,PAN001969,0,0,,
1970,Cascade Ventures Pvt Ltd,Trust,PAN001970,0,0,,3485.0
1971,Anjali Desai,Individual,PAN001971,0,0,,
1972,Cascade Infra Pvt Ltd,Pvt Ltd Company,PAN001972,0,0,,2627.0
1973,Sunrise Holdings Pvt Ltd,Pvt Ltd Company,PAN001973,0,0,,2285.0
1974,Vertex Consultancy Pvt Ltd,LLP,PAN001974,0,0,,1115.0
1975,Priya Pillai,Individual,PAN001975,0,0,,
1976,Arjun Reddy,Individual,PAN001976,0,0,,
1977,Vikram Desai,Individual,PAN001977,0,0,,
1978,Pinnacle Realty LLP,Partnership Firm,PAN001978,0,0,,439.0
1979,Karan Kulkarni,NRI Individual,PAN001979,0,0,,3392.0
1980,Pooja Reddy,Individual,PAN001980,0,0,,
1981,Anjali Verma,Individual,PAN001981,0,0,,
1982,Pooja Singh,Individual,PAN001982,0,0,,
1983,Sunrise Holdings LLP,Pvt Ltd Company,PAN001983,0,0,,3917.0
1984,Summit Realty LLP,Partnership Firm,PAN001984,0,0,,449.0
1985,Vikram Singh,Individual,PAN001985,0,0,,
1986,Sunrise Trading Pvt Ltd,Pvt Ltd Company,PAN001986,0,0,,3710.0
1987,Priya Kulkarni,Individual,PAN001987,0,0,,
1988,Sunrise Ventures Pvt Ltd,Trust,PAN001988,0,0,,1969.0
1989,Novus Enterprises LLP,Trust,PAN001989,0,0,,2029.0
1990,Amit Kulkarni,Individual,PAN001990,0,0,,
1991,Vikram Verma,Individual,PAN001991,0,0,,
1992,Amit Sharma,Individual,PAN001992,0,0,,
1993,Novus Enterprises Pvt Ltd,Pvt Ltd Company,PAN001993,0,0,,535.0
1994,Crestline Trading LLP,Partnership Firm,PAN001994,0,0,,3937.0
1995,Karan Sharma,Individual,PAN001995,0,0,,
1996,Novus Enterprises LLP,Partnership Firm,PAN001996,0,0,,1315.0
1997,Zenith Realty Pvt Ltd,Pvt Ltd Company,PAN001997,0,0,,3810.0
1998,Sunrise Consultancy Pvt Ltd,LLP,PAN001998,0,0,,1147.0
1999,Vertex Ventures LLP,Pvt Ltd Company,PAN001999,0,0,,883.0
2000,Priya Kulkarni,Individual,PAN002000,0,0,,
2001,Neha Iyer,Individual,PAN002001,0,0,,
2002,Amit Kulkarni,Individual,PAN002002,0,0,,
2003,Sneha Rao,Individual,PAN002003,0,0,,
2004,Arjun Rao,Individual,PAN002004,0,0,,
2005,Ajay Pillai,Individual,PAN002005,0,0,,
2006,Vikram Nair,Individual,PAN002006,0,0,,
2007,Sunrise Enterprises LLP,LLP,PAN002007,0,0,,3836.0
2008,Anjali Reddy,Individual,PAN002008,0,0,,
2009,Sneha Sharma,Individual,PAN002009,0,0,,
2010,Crestline Holdings LLP,LLP,PAN002010,0,0,,2286.0
2011,Arjun Joshi,Individual,PAN002011,0,0,,
2012,Karan Sharma,Individual,PAN002012,0,0,,
2013,Rohan Gupta,Individual,PAN002013,0,0,,
2014,Orbis Realty Pvt Ltd,Pvt Ltd Company,PAN002014,0,0,,1739.0
2015,Pooja Gupta,Individual,PAN002015,0,0,,
2016,Divya Pillai,Individual,PAN002016,0,0,,
2017,Arjun Pillai,Individual,PAN002017,0,0,,
2018,Divya Rao,Individual,PAN002018,0,0,,
2019,Karan Singh,Individual,PAN002019,0,0,,
2020,Crestline Enterprises LLP,LLP,PAN002020,0,0,,487.0
2021,Ajay Kulkarni,Individual,PAN002021,0,0,,
2022,Karan Singh,NRI Individual,PAN002022,0,0,,3322.0
2023,Neha Nair,Individual,PAN002023,0,0,,
2024,Meera Kulkarni,Individual,PAN002024,0,0,,
2025,Rahul Verma,Individual,PAN002025,0,0,,
2026,Rahul Pillai,Individual,PAN002026,0,0,,
2027,Summit Infra LLP,Partnership Firm,PAN002027,0,0,,105.0
2028,Meera Desai,Individual,PAN002028,0,0,,
2029,Cascade Holdings Pvt Ltd,Partnership Firm,PAN002029,0,0,,718.0
2030,Meridian Trading Pvt Ltd,Trust,PAN002030,0,0,,2754.0
2031,Orbis Consultancy LLP,Pvt Ltd Company,PAN002031,0,0,,2870.0
2032,Meridian Consultancy LLP,Pvt Ltd Company,PAN002032,0,0,,3341.0
2033,Pinnacle Enterprises LLP,Pvt Ltd Company,PAN002033,0,0,,1065.0
2034,Meridian Consultancy Pvt Ltd,Trust,PAN002034,0,0,,1703.0
2035,Rahul Singh,Individual,PAN002035,0,0,,
2036,Neha Singh,Individual,PAN002036,0,0,,
2037,Crestline Infra LLP,LLP,PAN002037,0,0,,1957.0
2038,Rohan Nair,NRI Individual,PAN002038,0,0,,2575.0
2039,Pooja Menon,Individual,PAN002039,0,0,,
2040,Alpine Consultancy Pvt Ltd,Partnership Firm,PAN002040,0,0,,3430.0
2041,Novus Consultancy LLP,Partnership Firm,PAN002041,0,0,,2115.0
2042,Pooja Rao,Individual,PAN002042,0,0,,
2043,Amit Joshi,Individual,PAN002043,0,0,,
2044,Rahul Menon,Individual,PAN002044,0,0,,
2045,Orbis Holdings LLP,Pvt Ltd Company,PAN002045,0,0,,1461.0
2046,Alpine Holdings Pvt Ltd,LLP,PAN002046,0,0,,1384.0
2047,Zenith Realty Pvt Ltd,LLP,PAN002047,0,0,,3565.0
2048,Karan Nair,Individual,PAN002048,0,0,,
2049,Meera Kulkarni,Individual,PAN002049,0,0,,
2050,Priya Pillai,Individual,PAN002050,0,0,,
2051,Arjun Pillai,Individual,PAN002051,0,0,,
2052,Suresh Menon,Individual,PAN002052,0,0,,
2053,Rahul Gupta,Individual,PAN002053,0,0,,
2054,Rohan Gupta,Individual,PAN002054,0,0,,
2055,Summit Realty LLP,Pvt Ltd Company,PAN002055,0,0,,2859.0
2056,Rohan Rao,Individual,PAN002056,0,0,,
2057,Vikram Desai,Individual,PAN002057,0,0,,
2058,Kavya Sharma,Individual,PAN002058,0,0,,
2059,Kavya Desai,Individual,PAN002059,0,0,,
2060,Vikram Joshi,Individual,PAN002060,0,0,,
2061,Priya Kulkarni,Individual,PAN002061,0,0,,
2062,Priya Patel,Individual,PAN002062,0,0,,
2063,Rohan Desai,Individual,PAN002063,0,0,,
2064,Ajay Sharma,Individual,PAN002064,0,0,,
2065,Pooja Nair,Individual,PAN002065,0,0,,
2066,Pinnacle Consultancy Pvt Ltd,LLP,PAN002066,0,0,,1186.0
2067,Pooja Rao,Individual,PAN002067,0,0,,
2068,Orbis Enterprises Pvt Ltd,Pvt Ltd Company,PAN002068,0,0,,3131.0
2069,Crestline Trading LLP,LLP,PAN002069,0,0,,1584.0
2070,Vikram Patel,Individual,PAN002070,0,0,,
2071,Rohan Nair,Individual,PAN002071,0,0,,
2072,Arjun Pillai,Individual,PAN002072,0,0,,
2073,Anjali Sharma,Individual,PAN002073,0,0,,
2074,Pooja Nair,Individual,PAN002074,0,0,,
2075,Vertex Realty Pvt Ltd,Partnership Firm,PAN002075,0,0,,973.0
2076,Summit Realty LLP,Partnership Firm,PAN002076,0,0,,3367.0
2077,Neha Reddy,Individual,PAN002077,0,0,,
2078,Neha Rao,Individual,PAN002078,0,0,,
2079,Meridian Trading LLP,Partnership Firm,PAN002079,0,0,,386.0
2080,Neha Reddy,Individual,PAN002080,0,0,,
2081,Sneha Kulkarni,NRI Individual,PAN002081,0,0,,3213.0
2082,Rohan Menon,Individual,PAN002082,0,0,,
2083,Ajay Patel,Individual,PAN002083,0,0,,
2084,Rohan Desai,Individual,PAN002084,0,0,,
2085,Pooja Gupta,Individual,PAN002085,0,0,,
2086,Zenith Ventures LLP,LLP,PAN002086,0,0,,2034.0
2087,Divya Nair,Individual,PAN002087,0,0,,
2088,Novus Realty Pvt Ltd,LLP,PAN002088,0,0,,2403.0
2089,Meera Reddy,Individual,PAN002089,0,0,,
2090,Suresh Singh,Individual,PAN002090,0,0,,
2091,Vertex Holdings Pvt Ltd,Pvt Ltd Company,PAN002091,0,0,,1322.0
2092,Priya Sharma,Individual,PAN002092,0,0,,
2093,Pinnacle Enterprises Pvt Ltd,Pvt Ltd Company,PAN002093,0,0,,701.0
2094,Ajay Nair,Individual,PAN002094,0,0,,
2095,Sneha Menon,NRI Individual,PAN002095,0,0,,3854.0
2096,Kavya Joshi,Individual,PAN002096,0,0,,
2097,Pinnacle Enterprises Pvt Ltd,Trust,PAN002097,0,0,,1822.0
2098,Alpine Realty Pvt Ltd,LLP,PAN002098,0,0,,3027.0
2099,Arjun Nair,Individual,PAN002099,0,0,,
2100,Suresh Gupta,Individual,PAN002100,0,0,,
2101,Pooja Singh,Individual,PAN002101,0,0,,
2102,Zenith Ventures Pvt Ltd,Pvt Ltd Company,PAN002102,0,0,,686.0
2103,Meera Sharma,Individual,PAN002103,0,0,,
2104,Amit Singh,Individual,PAN002104,0,0,,
2105,Rahul Patel,Individual,PAN002105,0,0,,
2106,Amit Rao,Individual,PAN002106,0,0,,
2107,Vikram Rao,Individual,PAN002107,0,0,,
2108,Orbis Infra Pvt Ltd,Pvt Ltd Company,PAN002108,0,0,,3289.0
2109,Pooja Desai,Individual,PAN002109,0,0,,
2110,Ajay Sharma,NRI Individual,PAN002110,0,0,,2581.0
2111,Vikram Joshi,Individual,PAN002111,0,0,,
2112,Novus Enterprises LLP,LLP,PAN002112,0,0,,2197.0
2113,Priya Nair,Individual,PAN002113,0,0,,
2114,Priya Joshi,Individual,PAN002114,0,0,,
2115,Crestline Consultancy Pvt Ltd,LLP,PAN002115,0,0,,1300.0
2116,Kavya Desai,Individual,PAN002116,0,0,,
2117,Anjali Reddy,Individual,PAN002117,0,0,,
2118,Vertex Ventures LLP,Partnership Firm,PAN002118,0,0,,988.0
2119,Neha Pillai,Individual,PAN002119,0,0,,
2120,Arjun Desai,Individual,PAN002120,0,0,,
2121,Rahul Reddy,Individual,PAN002121,0,0,,
2122,Divya Menon,Individual,PAN002122,0,0,,
2123,Karan Verma,Individual,PAN002123,0,0,,
2124,Pooja Iyer,Individual,PAN002124,0,0,,
2125,Suresh Joshi,Individual,PAN002125,0,0,,
2126,Karan Singh,NRI Individual,PAN002126,0,0,,1667.0
2127,Vertex Holdings LLP,Pvt Ltd Company,PAN002127,0,0,,3229.0
2128,Anjali Singh,Individual,PAN002128,0,0,,
2129,Ajay Nair,NRI Individual,PAN002129,0,0,,1479.0
2130,Suresh Rao,Individual,PAN002130,0,0,,
2131,Pinnacle Consultancy LLP,LLP,PAN002131,0,0,,408.0
2132,Neha Joshi,Individual,PAN002132,0,0,,
2133,Vikram Patel,Individual,PAN002133,0,0,,
2134,Rohan Gupta,Individual,PAN002134,0,0,,
2135,Priya Nair,Individual,PAN002135,0,0,,
2136,Meera Menon,Individual,PAN002136,0,0,,
2137,Amit Singh,Individual,PAN002137,0,0,,
2138,Vikram Desai,Individual,PAN002138,0,0,,
2139,Amit Pillai,Individual,PAN002139,0,0,,
2140,Ajay Nair,Individual,PAN002140,0,0,,
2141,Divya Reddy,Individual,PAN002141,0,0,,
2142,Meera Joshi,Individual,PAN002142,0,0,,
2143,Suresh Patel,Individual,PAN002143,0,0,,
2144,Zenith Realty LLP,Partnership Firm,PAN002144,0,0,,3428.0
2145,Suresh Verma,Individual,PAN002145,0,0,,
2146,Pooja Desai,NRI Individual,PAN002146,0,0,,3408.0
2147,Novus Infra LLP,LLP,PAN002147,0,0,,2692.0
2148,Rohan Sharma,Individual,PAN002148,0,0,,
2149,Vertex Trading LLP,LLP,PAN002149,0,0,,1186.0
2150,Arjun Patel,Individual,PAN002150,0,0,,
2151,Alpine Enterprises Pvt Ltd,Partnership Firm,PAN002151,0,0,,3043.0
2152,Rohan Sharma,Individual,PAN002152,0,0,,
2153,Amit Rao,NRI Individual,PAN002153,0,0,,2279.0
2154,Meridian Enterprises LLP,Pvt Ltd Company,PAN002154,0,0,,835.0
2155,Orbis Trading LLP,Partnership Firm,PAN002155,0,0,,2188.0
2156,Suresh Verma,Individual,PAN002156,0,0,,
2157,Karan Patel,Individual,PAN002157,0,0,,
2158,Pooja Menon,Individual,PAN002158,0,0,,
2159,Sneha Rao,Individual,PAN002159,0,0,,
2160,Zenith Trading LLP,Pvt Ltd Company,PAN002160,0,0,,3887.0
2161,Sneha Desai,Individual,PAN002161,0,0,,
2162,Rahul Verma,Individual,PAN002162,0,0,,
2163,Divya Kulkarni,Individual,PAN002163,0,0,,
2164,Amit Joshi,NRI Individual,PAN002164,0,0,,779.0
2165,Summit Consultancy Pvt Ltd,LLP,PAN002165,0,0,,3126.0
2166,Sunrise Enterprises Pvt Ltd,LLP,PAN002166,0,0,,1242.0
2167,Rohan Menon,NRI Individual,PAN002167,0,0,,1751.0
2168,Horizon Enterprises Pvt Ltd,Pvt Ltd Company,PAN002168,0,0,,2608.0
2169,Neha Reddy,Individual,PAN002169,0,0,,
2170,Karan Desai,Individual,PAN002170,0,0,,
2171,Novus Trading LLP,LLP,PAN002171,0,0,,2081.0
2172,Vertex Realty LLP,Pvt Ltd Company,PAN002172,0,0,,1949.0
2173,Rahul Kulkarni,Individual,PAN002173,0,0,,
2174,Meera Nair,NRI Individual,PAN002174,0,0,,3282.0
2175,Pooja Nair,NRI Individual,PAN002175,0,0,,3428.0
2176,Suresh Desai,Individual,PAN002176,0,0,,
2177,Meera Nair,Individual,PAN002177,0,0,,
2178,Alpine Consultancy LLP,Pvt Ltd Company,PAN002178,0,0,,1717.0
2179,Sneha Sharma,Individual,PAN002179,0,0,,
2180,Novus Realty LLP,Partnership Firm,PAN002180,0,0,,1203.0
2181,Meera Sharma,Individual,PAN002181,0,0,,
2182,Zenith Trading LLP,Pvt Ltd Company,PAN002182,0,0,,1176.0
2183,Sunrise Holdings LLP,Pvt Ltd Company,PAN002183,0,0,,2189.0
2184,Anjali Iyer,Individual,PAN002184,0,0,,
2185,Suresh Singh,Individual,PAN002185,0,0,,
2186,Sunrise Holdings LLP,Partnership Firm,PAN002186,0,0,,994.0
2187,Arjun Pillai,Individual,PAN002187,0,0,,
2188,Suresh Pillai,Individual,PAN002188,0,0,,
2189,Rahul Sharma,Individual,PAN002189,0,0,,
2190,Kavya Gupta,Individual,PAN002190,0,0,,
2191,Divya Sharma,Individual,PAN002191,0,0,,
2192,Priya Reddy,Individual,PAN002192,0,0,,
2193,Amit Pillai,Individual,PAN002193,0,0,,
2194,Rahul Gupta,Individual,PAN002194,0,0,,
2195,Neha Rao,Individual,PAN002195,0,0,,
2196,Pooja Gupta,Individual,PAN002196,0,0,,
2197,Rohan Iyer,Individual,PAN002197,0,0,,
2198,Sunrise Enterprises LLP,Pvt Ltd Company,PAN002198,0,0,,105.0
2199,Vikram Pillai,Individual,PAN002199,0,0,,
2200,Summit Holdings Pvt Ltd,Pvt Ltd Company,PAN002200,0,0,,584.0
2201,Divya Desai,Individual,PAN002201,0,0,,
2202,Arjun Verma,Individual,PAN002202,0,0,,
2203,Cascade Enterprises Pvt Ltd,Pvt Ltd Company,PAN002203,0,0,,3686.0
2204,Arjun Joshi,Individual,PAN002204,0,0,,
2205,Orbis Trading Pvt Ltd,Pvt Ltd Company,PAN002205,0,0,,655.0
2206,Amit Nair,Individual,PAN002206,0,0,,
2207,Horizon Enterprises Pvt Ltd,Trust,PAN002207,0,0,,1970.0
2208,Zenith Ventures Pvt Ltd,Pvt Ltd Company,PAN002208,0,0,,1398.0
2209,Karan Kulkarni,Individual,PAN002209,0,0,,
2210,Anjali Iyer,Individual,PAN002210,0,0,,
2211,Pooja Nair,NRI Individual,PAN002211,0,0,,1622.0
2212,Ajay Menon,Individual,PAN002212,0,0,,
2213,Ajay Patel,NRI Individual,PAN002213,0,0,,3645.0
2214,Sunrise Enterprises Pvt Ltd,Partnership Firm,PAN002214,0,0,,2759.0
2215,Vikram Singh,Individual,PAN002215,0,0,,
2216,Arjun Gupta,Individual,PAN002216,0,0,,
2217,Novus Trading LLP,Pvt Ltd Company,PAN002217,0,0,,1947.0
2218,Amit Sharma,Individual,PAN002218,0,0,,
2219,Arjun Joshi,Individual,PAN002219,0,0,,
2220,Anjali Verma,Individual,PAN002220,0,0,,
2221,Zenith Trading LLP,LLP,PAN002221,0,0,,2368.0
2222,Neha Reddy,Individual,PAN002222,0,0,,
2223,Neha Joshi,Individual,PAN002223,0,0,,
2224,Anjali Pillai,Individual,PAN002224,0,0,,
2225,Ajay Patel,Individual,PAN002225,0,0,,
2226,Rahul Patel,Individual,PAN002226,0,0,,
2227,Ajay Iyer,Individual,PAN002227,0,0,,
2228,Anjali Patel,Individual,PAN002228,0,0,,
2229,Meridian Consultancy Pvt Ltd,LLP,PAN002229,0,0,,1717.0
2230,Vertex Enterprises Pvt Ltd,Pvt Ltd Company,PAN002230,0,0,,1510.0
2231,Ajay Desai,Individual,PAN002231,0,0,,
2232,Sunrise Consultancy LLP,Partnership Firm,PAN002232,0,0,,2680.0
2233,Crestline Holdings Pvt Ltd,Pvt Ltd Company,PAN002233,0,0,,3090.0
2234,Pooja Singh,Individual,PAN002234,0,0,,
2235,Rohan Nair,Individual,PAN002235,0,0,,
2236,Priya Sharma,Individual,PAN002236,0,0,,
2237,Novus Infra Pvt Ltd,Pvt Ltd Company,PAN002237,0,0,,1212.0
2238,Meera Verma,Individual,PAN002238,0,0,,
2239,Orbis Holdings Pvt Ltd,LLP,PAN002239,0,0,,3894.0
2240,Ajay Iyer,Individual,PAN002240,0,0,,
2241,Anjali Singh,Individual,PAN002241,0,0,,
2242,Priya Singh,Individual,PAN002242,0,0,,
2243,Orbis Ventures LLP,Pvt Ltd Company,PAN002243,0,0,,830.0
2244,Cascade Ventures Pvt Ltd,Partnership Firm,PAN002244,0,0,,3269.0
2245,Pooja Patel,Individual,PAN002245,0,0,,
2246,Rohan Sharma,Individual,PAN002246,0,0,,
2247,Pinnacle Infra LLP,Pvt Ltd Company,PAN002247,0,0,,1530.0
2248,Suresh Menon,NRI Individual,PAN002248,0,0,,1112.0
2249,Sneha Joshi,Individual,PAN002249,0,0,,
2250,Suresh Gupta,Individual,PAN002250,0,0,,
2251,Ajay Patel,NRI Individual,PAN002251,0,0,,3559.0
2252,Alpine Enterprises Pvt Ltd,Partnership Firm,PAN002252,0,0,,2653.0
2253,Pinnacle Trading LLP,Pvt Ltd Company,PAN002253,0,0,,3328.0
2254,Sneha Iyer,Individual,PAN002254,0,0,,
2255,Kavya Gupta,Individual,PAN002255,0,0,,
2256,Sneha Sharma,Individual,PAN002256,0,0,,
2257,Karan Iyer,Individual,PAN002257,0,0,,
2258,Meera Iyer,Individual,PAN002258,0,0,,
2259,Divya Gupta,Individual,PAN002259,0,0,,
2260,Novus Enterprises Pvt Ltd,LLP,PAN002260,0,0,,2861.0
2261,Crestline Infra LLP,Partnership Firm,PAN002261,0,0,,172.0
2262,Cascade Ventures LLP,Partnership Firm,PAN002262,0,0,,3682.0
2263,Summit Trading Pvt Ltd,Pvt Ltd Company,PAN002263,0,0,,231.0
2264,Meera Singh,Individual,PAN002264,0,0,,
2265,Divya Joshi,Individual,PAN002265,0,0,,
2266,Anjali Desai,Individual,PAN002266,0,0,,
2267,Sneha Verma,Individual,PAN002267,0,0,,
2268,Meridian Enterprises LLP,Pvt Ltd Company,PAN002268,0,0,,1494.0
2269,Priya Desai,NRI Individual,PAN002269,0,0,,396.0
2270,Horizon Consultancy LLP,LLP,PAN002270,0,0,,3735.0
2271,Pinnacle Ventures Pvt Ltd,Pvt Ltd Company,PAN002271,0,0,,2996.0
2272,Cascade Enterprises Pvt Ltd,Pvt Ltd Company,PAN002272,0,0,,48.0
2273,Meera Reddy,Individual,PAN002273,0,0,,
2274,Horizon Trading Pvt Ltd,LLP,PAN002274,0,0,,1754.0
2275,Sneha Pillai,Individual,PAN002275,0,0,,
2276,Horizon Trading Pvt Ltd,Pvt Ltd Company,PAN002276,0,0,,1311.0
2277,Novus Enterprises Pvt Ltd,Trust,PAN002277,0,0,,1084.0
2278,Kavya Nair,Individual,PAN002278,0,0,,
2279,Orbis Infra Pvt Ltd,LLP,PAN002279,0,0,,954.0
2280,Priya Joshi,Individual,PAN002280,0,0,,
2281,Arjun Kulkarni,Individual,PAN002281,0,0,,
2282,Pooja Nair,Individual,PAN002282,0,0,,
2283,Cascade Holdings LLP,Partnership Firm,PAN002283,0,0,,2740.0
2284,Kavya Rao,Individual,PAN002284,0,0,,
2285,Amit Patel,Individual,PAN002285,0,0,,
2286,Arjun Verma,Individual,PAN002286,0,0,,
2287,Cascade Consultancy LLP,Pvt Ltd Company,PAN002287,0,0,,436.0
2288,Priya Menon,Individual,PAN002288,0,0,,
2289,Arjun Verma,Individual,PAN002289,0,0,,
2290,Priya Menon,Individual,PAN002290,0,0,,
2291,Alpine Holdings Pvt Ltd,Partnership Firm,PAN002291,0,0,,147.0
2292,Rahul Singh,Individual,PAN002292,0,0,,
2293,Rahul Kulkarni,NRI Individual,PAN002293,0,0,,33.0
2294,Rahul Verma,Individual,PAN002294,0,0,,
2295,Ajay Menon,Individual,PAN002295,0,0,,
2296,Anjali Rao,Individual,PAN002296,0,0,,
2297,Crestline Holdings LLP,Trust,PAN002297,0,0,,2107.0
2298,Sneha Pillai,Individual,PAN002298,0,0,,
2299,Priya Rao,Individual,PAN002299,0,0,,
2300,Kavya Joshi,Individual,PAN002300,0,0,,
2301,Pooja Rao,Individual,PAN002301,0,0,,
2302,Sneha Menon,Individual,PAN002302,0,0,,
2303,Rohan Singh,Individual,PAN002303,0,0,,
2304,Orbis Realty Pvt Ltd,Partnership Firm,PAN002304,0,0,,2001.0
2305,Horizon Ventures LLP,LLP,PAN002305,0,0,,2362.0
2306,Karan Gupta,Individual,PAN002306,0,0,,
2307,Vikram Sharma,Individual,PAN002307,0,0,,
2308,Ajay Gupta,Individual,PAN002308,0,0,,
2309,Kavya Iyer,Individual,PAN002309,0,0,,
2310,Vertex Realty LLP,Pvt Ltd Company,PAN002310,0,0,,3776.0
2311,Alpine Realty Pvt Ltd,LLP,PAN002311,0,0,,3494.0
2312,Priya Desai,Individual,PAN002312,0,0,,
2313,Neha Desai,NRI Individual,PAN002313,0,0,,1238.0
2314,Meridian Consultancy Pvt Ltd,Pvt Ltd Company,PAN002314,0,0,,2961.0
2315,Amit Verma,Individual,PAN002315,0,0,,
2316,Arjun Gupta,Individual,PAN002316,0,0,,
2317,Sneha Desai,Individual,PAN002317,0,0,,
2318,Anjali Menon,Individual,PAN002318,0,0,,
2319,Divya Nair,Individual,PAN002319,0,0,,
2320,Pooja Joshi,Individual,PAN002320,0,0,,
2321,Karan Pillai,Individual,PAN002321,0,0,,
2322,Sunrise Consultancy Pvt Ltd,Pvt Ltd Company,PAN002322,0,0,,3696.0
2323,Zenith Consultancy LLP,LLP,PAN002323,0,0,,1359.0
2324,Ajay Menon,Individual,PAN002324,0,0,,
2325,Rahul Iyer,Individual,PAN002325,0,0,,
2326,Sunrise Holdings Pvt Ltd,Pvt Ltd Company,PAN002326,0,0,,1371.0
2327,Pinnacle Holdings LLP,Partnership Firm,PAN002327,0,0,,2219.0
2328,Arjun Nair,Individual,PAN002328,0,0,,
2329,Novus Realty Pvt Ltd,Pvt Ltd Company,PAN002329,0,0,,923.0
2330,Crestline Consultancy Pvt Ltd,Partnership Firm,PAN002330,0,0,,1670.0
2331,Summit Ventures Pvt Ltd,Pvt Ltd Company,PAN002331,0,0,,1556.0
2332,Arjun Desai,Individual,PAN002332,0,0,,
2333,Suresh Rao,Individual,PAN002333,0,0,,
2334,Neha Patel,Individual,PAN002334,0,0,,
2335,Vikram Menon,Individual,PAN002335,0,0,,
2336,Meera Pillai,Individual,PAN002336,0,0,,
2337,Rahul Gupta,NRI Individual,PAN002337,0,0,,969.0
2338,Summit Trading Pvt Ltd,Pvt Ltd Company,PAN002338,0,0,,539.0
2339,Karan Reddy,Individual,PAN002339,0,0,,
2340,Zenith Realty LLP,LLP,PAN002340,0,0,,1337.0
2341,Horizon Consultancy Pvt Ltd,Partnership Firm,PAN002341,0,0,,2414.0
2342,Neha Menon,Individual,PAN002342,0,0,,
2343,Rohan Gupta,Individual,PAN002343,0,0,,
2344,Neha Pillai,Individual,PAN002344,0,0,,
2345,Pooja Pillai,Individual,PAN002345,0,0,,
2346,Pooja Nair,Individual,PAN002346,0,0,,
2347,Ajay Rao,Individual,PAN002347,0,0,,
2348,Anjali Pillai,Individual,PAN002348,0,0,,
2349,Rahul Singh,Individual,PAN002349,0,0,,
2350,Anjali Singh,Individual,PAN002350,0,0,,
2351,Kavya Pillai,Individual,PAN002351,0,0,,
2352,Karan Desai,Individual,PAN002352,0,0,,
2353,Divya Nair,Individual,PAN002353,0,0,,
2354,Vikram Pillai,Individual,PAN002354,0,0,,
2355,Summit Consultancy LLP,LLP,PAN002355,0,0,,2131.0
2356,Pinnacle Ventures LLP,Pvt Ltd Company,PAN002356,0,0,,2853.0
2357,Cascade Realty LLP,Pvt Ltd Company,PAN002357,0,0,,2731.0
2358,Pooja Rao,Individual,PAN002358,0,0,,
2359,Neha Singh,Individual,PAN002359,0,0,,
2360,Sunrise Infra Pvt Ltd,Pvt Ltd Company,PAN002360,0,0,,3137.0
2361,Sunrise Consultancy Pvt Ltd,LLP,PAN002361,0,0,,806.0
2362,Crestline Consultancy Pvt Ltd,Trust,PAN002362,0,0,,236.0
2363,Horizon Trading LLP,LLP,PAN002363,0,0,,1237.0
2364,Orbis Ventures LLP,Pvt Ltd Company,PAN002364,0,0,,679.0
2365,Divya Rao,Individual,PAN002365,0,0,,
2366,Meridian Infra LLP,Pvt Ltd Company,PAN002366,0,0,,1298.0
2367,Summit Enterprises Pvt Ltd,Pvt Ltd Company,PAN002367,0,0,,250.0
2368,Horizon Ventures LLP,Partnership Firm,PAN002368,0,0,,322.0
2369,Suresh Gupta,NRI Individual,PAN002369,0,0,,2380.0
2370,Ajay Desai,Individual,PAN002370,0,0,,
2371,Karan Nair,Individual,PAN002371,0,0,,
2372,Pooja Pillai,Individual,PAN002372,0,0,,
2373,Ajay Iyer,Individual,PAN002373,0,0,,
2374,Sneha Joshi,Individual,PAN002374,0,0,,
2375,Suresh Nair,Individual,PAN002375,0,0,,
2376,Meera Kulkarni,Individual,PAN002376,0,0,,
2377,Arjun Singh,Individual,PAN002377,0,0,,
2378,Orbis Infra LLP,Partnership Firm,PAN002378,0,0,,3639.0
2379,Vikram Gupta,NRI Individual,PAN002379,0,0,,438.0
2380,Orbis Realty LLP,Pvt Ltd Company,PAN002380,0,0,,3608.0
2381,Ajay Menon,Individual,PAN002381,0,0,,
2382,Arjun Joshi,Individual,PAN002382,0,0,,
2383,Crestline Realty LLP,Pvt Ltd Company,PAN002383,0,0,,596.0
2384,Alpine Trading Pvt Ltd,Trust,PAN002384,0,0,,2893.0
2385,Neha Patel,Individual,PAN002385,0,0,,
2386,Ajay Rao,Individual,PAN002386,0,0,,
2387,Divya Rao,Individual,PAN002387,0,0,,
2388,Meera Reddy,Individual,PAN002388,0,0,,
2389,Horizon Ventures LLP,Pvt Ltd Company,PAN002389,0,0,,3788.0
2390,Anjali Joshi,Individual,PAN002390,0,0,,
2391,Vikram Nair,Individual,PAN002391,0,0,,
2392,Meera Singh,Individual,PAN002392,0,0,,
2393,Alpine Realty LLP,Trust,PAN002393,0,0,,3986.0
2394,Horizon Ventures Pvt Ltd,Pvt Ltd Company,PAN002394,0,0,,1093.0
2395,Neha Patel,Individual,PAN002395,0,0,,
2396,Sunrise Ventures Pvt Ltd,Partnership Firm,PAN002396,0,0,,3738.0
2397,Rohan Verma,Individual,PAN002397,0,0,,
2398,Priya Sharma,Individual,PAN002398,0,0,,
2399,Meridian Infra Pvt Ltd,Partnership Firm,PAN002399,0,0,,1123.0
2400,Anjali Iyer,Individual,PAN002400,0,0,,
2401,Ajay Kulkarni,Individual,PAN002401,0,0,,
2402,Meera Rao,Individual,PAN002402,0,0,,
2403,Rohan Joshi,Individual,PAN002403,0,0,,
2404,Pinnacle Consultancy Pvt Ltd,Trust,PAN002404,0,0,,1732.0
2405,Pooja Pillai,Individual,PAN002405,0,0,,
2406,Karan Singh,Individual,PAN002406,0,0,,
2407,Novus Infra LLP,Pvt Ltd Company,PAN002407,0,0,,337.0
2408,Amit Joshi,Individual,PAN002408,0,0,,
2409,Sneha Gupta,Individual,PAN002409,0,0,,
2410,Rahul Menon,Individual,PAN002410,0,0,,
2411,Zenith Enterprises LLP,Pvt Ltd Company,PAN002411,0,0,,1081.0
2412,Vertex Ventures Pvt Ltd,Pvt Ltd Company,PAN002412,0,0,,2655.0
2413,Alpine Holdings Pvt Ltd,Pvt Ltd Company,PAN002413,0,0,,3872.0
2414,Rohan Desai,Individual,PAN002414,0,0,,
2415,Rohan Singh,Individual,PAN002415,0,0,,
2416,Summit Enterprises Pvt Ltd,Trust,PAN002416,0,0,,286.0
2417,Novus Realty LLP,Pvt Ltd Company,PAN002417,0,0,,1472.0
2418,Karan Reddy,Individual,PAN002418,0,0,,
2419,Alpine Infra Pvt Ltd,Pvt Ltd Company,PAN002419,0,0,,36.0
2420,Kavya Desai,Individual,PAN002420,0,0,,
2421,Divya Singh,Individual,PAN002421,0,0,,
2422,Kavya Verma,NRI Individual,PAN002422,0,0,,2475.0
2423,Vertex Holdings LLP,Trust,PAN002423,0,0,,3524.0
2424,Suresh Joshi,Individual,PAN002424,0,0,,
2425,Priya Desai,Individual,PAN002425,0,0,,
2426,Suresh Joshi,Individual,PAN002426,0,0,,
2427,Vikram Rao,Individual,PAN002427,0,0,,
2428,Novus Consultancy LLP,Pvt Ltd Company,PAN002428,0,0,,1694.0
2429,Novus Ventures Pvt Ltd,LLP,PAN002429,0,0,,2094.0
2430,Meridian Infra LLP,Partnership Firm,PAN002430,0,0,,1652.0
2431,Cascade Infra LLP,Trust,PAN002431,0,0,,2255.0
2432,Neha Sharma,Individual,PAN002432,0,0,,
2433,Sunrise Consultancy Pvt Ltd,Partnership Firm,PAN002433,0,0,,2109.0
2434,Ajay Patel,Individual,PAN002434,0,0,,
2435,Rohan Kulkarni,Individual,PAN002435,0,0,,
2436,Crestline Realty LLP,Pvt Ltd Company,PAN002436,0,0,,1748.0
2437,Ajay Iyer,Individual,PAN002437,0,0,,
2438,Divya Gupta,Individual,PAN002438,0,0,,
2439,Kavya Nair,Individual,PAN002439,0,0,,
2440,Vertex Enterprises Pvt Ltd,Pvt Ltd Company,PAN002440,0,0,,378.0
2441,Cascade Holdings Pvt Ltd,Pvt Ltd Company,PAN002441,0,0,,3256.0
2442,Priya Rao,Individual,PAN002442,0,0,,
2443,Vikram Joshi,Individual,PAN002443,0,0,,
2444,Pooja Menon,Individual,PAN002444,0,0,,
2445,Horizon Holdings Pvt Ltd,Partnership Firm,PAN002445,0,0,,710.0
2446,Ajay Kulkarni,Individual,PAN002446,0,0,,
2447,Amit Iyer,Individual,PAN002447,0,0,,
2448,Sunrise Enterprises Pvt Ltd,Pvt Ltd Company,PAN002448,0,0,,2274.0
2449,Meera Sharma,Individual,PAN002449,0,0,,
2450,Karan Kulkarni,Individual,PAN002450,0,0,,
2451,Pooja Sharma,Individual,PAN002451,0,0,,
2452,Divya Joshi,Individual,PAN002452,0,0,,
2453,Kavya Verma,Individual,PAN002453,0,0,,
2454,Pooja Kulkarni,Individual,PAN002454,0,0,,
2455,Crestline Realty LLP,Pvt Ltd Company,PAN002455,0,0,,599.0
2456,Alpine Realty Pvt Ltd,LLP,PAN002456,0,0,,3303.0
2457,Summit Enterprises LLP,Partnership Firm,PAN002457,0,0,,3795.0
2458,Suresh Menon,Individual,PAN002458,0,0,,
2459,Neha Verma,Individual,PAN002459,0,0,,
2460,Priya Patel,Individual,PAN002460,0,0,,
2461,Vertex Realty LLP,Partnership Firm,PAN002461,0,0,,1403.0
2462,Arjun Reddy,Individual,PAN002462,0,0,,
2463,Rohan Kulkarni,Individual,PAN002463,0,0,,
2464,Neha Singh,Individual,PAN002464,0,0,,
2465,Summit Infra LLP,Partnership Firm,PAN002465,0,0,,3230.0
2466,Suresh Rao,Individual,PAN002466,0,0,,
2467,Sneha Menon,NRI Individual,PAN002467,0,0,,3461.0
2468,Crestline Enterprises LLP,LLP,PAN002468,0,0,,63.0
2469,Arjun Kulkarni,Individual,PAN002469,0,0,,
2470,Arjun Kulkarni,Individual,PAN002470,0,0,,
2471,Pinnacle Infra LLP,Pvt Ltd Company,PAN002471,0,0,,2424.0
2472,Crestline Enterprises Pvt Ltd,Pvt Ltd Company,PAN002472,0,0,,3102.0
2473,Ajay Joshi,Individual,PAN002473,0,0,,
2474,Rahul Sharma,Individual,PAN002474,0,0,,
2475,Karan Pillai,Individual,PAN002475,0,0,,
2476,Divya Nair,Individual,PAN002476,0,0,,
2477,Meera Singh,Individual,PAN002477,0,0,,
2478,Meera Verma,Individual,PAN002478,0,0,,
2479,Amit Reddy,Individual,PAN002479,0,0,,
2480,Divya Singh,Individual,PAN002480,0,0,,
2481,Zenith Trading Pvt Ltd,Trust,PAN002481,0,0,,3992.0
2482,Suresh Reddy,Individual,PAN002482,0,0,,
2483,Alpine Enterprises Pvt Ltd,Pvt Ltd Company,PAN002483,0,0,,3259.0
2484,Rahul Singh,Individual,PAN002484,0,0,,
2485,Meridian Consultancy Pvt Ltd,LLP,PAN002485,0,0,,319.0
2486,Priya Desai,Individual,PAN002486,0,0,,
2487,Ajay Iyer,Individual,PAN002487,0,0,,
2488,Rahul Pillai,Individual,PAN002488,0,0,,
2489,Horizon Holdings LLP,LLP,PAN002489,0,0,,1547.0
2490,Amit Reddy,Individual,PAN002490,0,0,,
2491,Vertex Enterprises Pvt Ltd,Partnership Firm,PAN002491,0,0,,467.0
2492,Arjun Verma,Individual,PAN002492,0,0,,
2493,Rohan Kulkarni,Individual,PAN002493,0,0,,
2494,Rahul Gupta,Individual,PAN002494,0,0,,
2495,Pooja Reddy,Individual,PAN002495,0,0,,
2496,Priya Joshi,Individual,PAN002496,0,0,,
2497,Amit Verma,Individual,PAN002497,0,0,,
2498,Amit Gupta,Individual,PAN002498,0,0,,
2499,Karan Verma,Individual,PAN002499,0,0,,
2500,Vikram Singh,Individual,PAN002500,0,0,,
2501,Pooja Singh,Individual,PAN002501,0,0,,
2502,Vertex Holdings LLP,Partnership Firm,PAN002502,0,0,,3272.0
2503,Ajay Gupta,Individual,PAN002503,0,0,,
2504,Vikram Desai,Individual,PAN002504,0,0,,
2505,Rohan Nair,NRI Individual,PAN002505,0,0,,3261.0
2506,Ajay Gupta,Individual,PAN002506,0,0,,
2507,Priya Desai,NRI Individual,PAN002507,0,0,,3246.0
2508,Meera Desai,Individual,PAN002508,0,0,,
2509,Sneha Gupta,NRI Individual,PAN002509,0,0,,3803.0
2510,Anjali Verma,Individual,PAN002510,0,0,,
2511,Vertex Infra Pvt Ltd,LLP,PAN002511,0,0,,1354.0
2512,Divya Gupta,Individual,PAN002512,0,0,,
2513,Divya Verma,Individual,PAN002513,0,0,,
2514,Pooja Pillai,NRI Individual,PAN002514,0,0,,165.0
2515,Rahul Singh,Individual,PAN002515,0,0,,
2516,Amit Singh,Individual,PAN002516,0,0,,
2517,Sneha Iyer,Individual,PAN002517,0,0,,
2518,Neha Patel,Individual,PAN002518,0,0,,
2519,Amit Menon,Individual,PAN002519,0,0,,
2520,Neha Rao,Individual,PAN002520,0,0,,
2521,Meera Joshi,Individual,PAN002521,0,0,,
2522,Priya Nair,Individual,PAN002522,0,0,,
2523,Sunrise Ventures LLP,Partnership Firm,PAN002523,0,0,,2452.0
2524,Anjali Patel,Individual,PAN002524,0,0,,
2525,Pooja Verma,Individual,PAN002525,0,0,,
2526,Meera Verma,Individual,PAN002526,0,0,,
2527,Priya Gupta,Individual,PAN002527,0,0,,
2528,Sneha Menon,Individual,PAN002528,0,0,,
2529,Crestline Realty LLP,Trust,PAN002529,0,0,,198.0
2530,Horizon Consultancy LLP,LLP,PAN002530,0,0,,3630.0
2531,Amit Desai,Individual,PAN002531,0,0,,
2532,Karan Joshi,Individual,PAN002532,0,0,,
2533,Summit Realty Pvt Ltd,Pvt Ltd Company,PAN002533,0,0,,1901.0
2534,Vikram Menon,Individual,PAN002534,0,0,,
2535,Divya Menon,Individual,PAN002535,0,0,,
2536,Amit Iyer,Individual,PAN002536,0,0,,
2537,Meera Kulkarni,Individual,PAN002537,0,0,,
2538,Rahul Patel,Individual,PAN002538,0,0,,
2539,Summit Trading Pvt Ltd,Trust,PAN002539,0,0,,922.0
2540,Rohan Joshi,Individual,PAN002540,0,0,,
2541,Vertex Holdings LLP,Partnership Firm,PAN002541,0,0,,248.0
2542,Orbis Ventures Pvt Ltd,Pvt Ltd Company,PAN002542,0,0,,1698.0
2543,Vikram Desai,Individual,PAN002543,0,0,,
2544,Rohan Verma,Individual,PAN002544,0,0,,
2545,Sneha Nair,Individual,PAN002545,0,0,,
2546,Orbis Infra LLP,Pvt Ltd Company,PAN002546,0,0,,2031.0
2547,Orbis Realty Pvt Ltd,Partnership Firm,PAN002547,0,0,,1657.0
2548,Vikram Joshi,Individual,PAN002548,0,0,,
2549,Neha Kulkarni,Individual,PAN002549,0,0,,
2550,Orbis Ventures Pvt Ltd,Pvt Ltd Company,PAN002550,0,0,,3929.0
2551,Neha Nair,NRI Individual,PAN002551,0,0,,3401.0
2552,Vertex Ventures Pvt Ltd,Pvt Ltd Company,PAN002552,0,0,,151.0
2553,Horizon Holdings LLP,Partnership Firm,PAN002553,0,0,,3600.0
2554,Meera Nair,Individual,PAN002554,0,0,,
2555,Orbis Consultancy Pvt Ltd,Pvt Ltd Company,PAN002555,0,0,,2915.0
2556,Arjun Reddy,Individual,PAN002556,0,0,,
2557,Priya Nair,Individual,PAN002557,0,0,,
2558,Rohan Joshi,Individual,PAN002558,0,0,,
2559,Novus Consultancy Pvt Ltd,Pvt Ltd Company,PAN002559,0,0,,3303.0
2560,Pooja Patel,Individual,PAN002560,0,0,,
2561,Suresh Verma,NRI Individual,PAN002561,0,0,,2772.0
2562,Ajay Sharma,Individual,PAN002562,0,0,,
2563,Orbis Ventures Pvt Ltd,Partnership Firm,PAN002563,0,0,,1929.0
2564,Summit Consultancy LLP,LLP,PAN002564,0,0,,3518.0
2565,Crestline Infra Pvt Ltd,Pvt Ltd Company,PAN002565,0,0,,3583.0
2566,Priya Patel,NRI Individual,PAN002566,0,0,,2956.0
2567,Amit Pillai,Individual,PAN002567,0,0,,
2568,Cascade Infra Pvt Ltd,Trust,PAN002568,0,0,,2444.0
2569,Zenith Enterprises LLP,Partnership Firm,PAN002569,0,0,,2037.0
2570,Novus Ventures Pvt Ltd,Partnership Firm,PAN002570,0,0,,3392.0
2571,Neha Menon,Individual,PAN002571,0,0,,
2572,Zenith Ventures Pvt Ltd,Trust,PAN002572,0,0,,209.0
2573,Karan Joshi,Individual,PAN002573,0,0,,
2574,Cascade Infra LLP,Partnership Firm,PAN002574,0,0,,1441.0
2575,Priya Gupta,Individual,PAN002575,0,0,,
2576,Vikram Rao,Individual,PAN002576,0,0,,
2577,Priya Pillai,Individual,PAN002577,0,0,,
2578,Sneha Gupta,Individual,PAN002578,0,0,,
2579,Vikram Sharma,Individual,PAN002579,0,0,,
2580,Ajay Pillai,Individual,PAN002580,0,0,,
2581,Zenith Infra LLP,Pvt Ltd Company,PAN002581,0,0,,3900.0
2582,Crestline Enterprises Pvt Ltd,Pvt Ltd Company,PAN002582,0,0,,168.0
2583,Summit Consultancy Pvt Ltd,Trust,PAN002583,0,0,,95.0
2584,Novus Infra Pvt Ltd,Pvt Ltd Company,PAN002584,0,0,,767.0
2585,Alpine Realty Pvt Ltd,Pvt Ltd Company,PAN002585,0,0,,3423.0
2586,Sunrise Holdings Pvt Ltd,Trust,PAN002586,0,0,,2505.0
2587,Summit Infra LLP,LLP,PAN002587,0,0,,2353.0
2588,Suresh Verma,Individual,PAN002588,0,0,,
2589,Pooja Sharma,Individual,PAN002589,0,0,,
2590,Suresh Nair,Individual,PAN002590,0,0,,
2591,Summit Ventures Pvt Ltd,LLP,PAN002591,0,0,,2241.0
2592,Suresh Iyer,Individual,PAN002592,0,0,,
2593,Priya Iyer,Individual,PAN002593,0,0,,
2594,Vikram Rao,Individual,PAN002594,0,0,,
2595,Orbis Enterprises Pvt Ltd,Pvt Ltd Company,PAN002595,0,0,,435.0
2596,Rahul Sharma,Individual,PAN002596,0,0,,
2597,Karan Rao,Individual,PAN002597,0,0,,
2598,Vikram Desai,Individual,PAN002598,0,0,,
2599,Kavya Patel,NRI Individual,PAN002599,0,0,,3696.0
2600,Zenith Trading LLP,Pvt Ltd Company,PAN002600,0,0,,3129.0
2601,Arjun Joshi,Individual,PAN002601,0,0,,
2602,Novus Consultancy Pvt Ltd,Partnership Firm,PAN002602,0,0,,596.0
2603,Anjali Reddy,Individual,PAN002603,0,0,,
2604,Orbis Ventures Pvt Ltd,Pvt Ltd Company,PAN002604,0,0,,884.0
2605,Crestline Ventures Pvt Ltd,Pvt Ltd Company,PAN002605,0,0,,2020.0
2606,Kavya Pillai,NRI Individual,PAN002606,0,0,,2466.0
2607,Cascade Realty LLP,LLP,PAN002607,0,0,,950.0
2608,Alpine Holdings LLP,Pvt Ltd Company,PAN002608,0,0,,3468.0
2609,Ajay Reddy,Individual,PAN002609,0,0,,
2610,Karan Desai,Individual,PAN002610,0,0,,
2611,Neha Kulkarni,Individual,PAN002611,0,0,,
2612,Divya Sharma,Individual,PAN002612,0,0,,
2613,Alpine Trading LLP,LLP,PAN002613,0,0,,413.0
2614,Divya Joshi,NRI Individual,PAN002614,0,0,,3444.0
2615,Divya Verma,Individual,PAN002615,0,0,,
2616,Meera Rao,Individual,PAN002616,0,0,,
2617,Amit Singh,NRI Individual,PAN002617,0,0,,1669.0
2618,Rahul Reddy,Individual,PAN002618,0,0,,
2619,Crestline Realty Pvt Ltd,Partnership Firm,PAN002619,0,0,,1090.0
2620,Meera Kulkarni,Individual,PAN002620,0,0,,
2621,Summit Enterprises Pvt Ltd,LLP,PAN002621,0,0,,2795.0
2622,Rohan Gupta,Individual,PAN002622,0,0,,
2623,Karan Desai,Individual,PAN002623,0,0,,
2624,Alpine Consultancy LLP,Pvt Ltd Company,PAN002624,0,0,,3311.0
2625,Ajay Patel,Individual,PAN002625,0,0,,
2626,Rahul Singh,NRI Individual,PAN002626,0,0,,873.0
2627,Crestline Trading LLP,Pvt Ltd Company,PAN002627,0,0,,3643.0
2628,Zenith Realty Pvt Ltd,Partnership Firm,PAN002628,0,0,,3906.0
2629,Karan Verma,Individual,PAN002629,0,0,,
2630,Orbis Realty Pvt Ltd,Partnership Firm,PAN002630,0,0,,566.0
2631,Karan Gupta,Individual,PAN002631,0,0,,
2632,Neha Joshi,Individual,PAN002632,0,0,,
2633,Orbis Consultancy Pvt Ltd,Partnership Firm,PAN002633,0,0,,36.0
2634,Amit Kulkarni,NRI Individual,PAN002634,0,0,,2077.0
2635,Rohan Desai,Individual,PAN002635,0,0,,
2636,Amit Patel,Individual,PAN002636,0,0,,
2637,Sneha Rao,Individual,PAN002637,0,0,,
2638,Arjun Gupta,Individual,PAN002638,0,0,,
2639,Kavya Rao,Individual,PAN002639,0,0,,
2640,Rahul Singh,Individual,PAN002640,0,0,,
2641,Neha Sharma,Individual,PAN002641,0,0,,
2642,Priya Sharma,Individual,PAN002642,0,0,,
2643,Anjali Rao,Individual,PAN002643,0,0,,
2644,Kavya Gupta,Individual,PAN002644,0,0,,
2645,Rahul Reddy,Individual,PAN002645,0,0,,
2646,Sunrise Enterprises LLP,LLP,PAN002646,0,0,,3397.0
2647,Cascade Consultancy Pvt Ltd,LLP,PAN002647,0,0,,1918.0
2648,Meera Desai,Individual,PAN002648,0,0,,
2649,Priya Kulkarni,Individual,PAN002649,0,0,,
2650,Meridian Consultancy Pvt Ltd,Trust,PAN002650,0,0,,3282.0
2651,Meera Gupta,Individual,PAN002651,0,0,,
2652,Zenith Enterprises Pvt Ltd,Trust,PAN002652,0,0,,1821.0
2653,Sunrise Infra LLP,LLP,PAN002653,0,0,,2545.0
2654,Zenith Infra LLP,Pvt Ltd Company,PAN002654,0,0,,350.0
2655,Vikram Kulkarni,Individual,PAN002655,0,0,,
2656,Divya Menon,Individual,PAN002656,0,0,,
2657,Meera Sharma,Individual,PAN002657,0,0,,
2658,Horizon Enterprises Pvt Ltd,LLP,PAN002658,0,0,,76.0
2659,Rohan Reddy,Individual,PAN002659,0,0,,
2660,Horizon Holdings LLP,Trust,PAN002660,0,0,,674.0
2661,Priya Desai,Individual,PAN002661,0,0,,
2662,Pinnacle Consultancy Pvt Ltd,Pvt Ltd Company,PAN002662,0,0,,3478.0
2663,Meera Gupta,Individual,PAN002663,0,0,,
2664,Vikram Desai,Individual,PAN002664,0,0,,
2665,Sneha Nair,Individual,PAN002665,0,0,,
2666,Ajay Gupta,Individual,PAN002666,0,0,,
2667,Neha Reddy,Individual,PAN002667,0,0,,
2668,Crestline Trading Pvt Ltd,Partnership Firm,PAN002668,0,0,,1829.0
2669,Pooja Desai,NRI Individual,PAN002669,0,0,,2458.0
2670,Vikram Pillai,Individual,PAN002670,0,0,,
2671,Kavya Menon,Individual,PAN002671,0,0,,
2672,Neha Joshi,Individual,PAN002672,0,0,,
2673,Cascade Ventures Pvt Ltd,Pvt Ltd Company,PAN002673,0,0,,928.0
2674,Vikram Sharma,Individual,PAN002674,0,0,,
2675,Pooja Singh,NRI Individual,PAN002675,0,0,,3715.0
2676,Amit Reddy,Individual,PAN002676,0,0,,
2677,Karan Verma,Individual,PAN002677,0,0,,
2678,Ajay Singh,Individual,PAN002678,0,0,,
2679,Zenith Holdings LLP,Partnership Firm,PAN002679,0,0,,360.0
2680,Vikram Verma,Individual,PAN002680,0,0,,
2681,Rohan Patel,Individual,PAN002681,0,0,,
2682,Sneha Joshi,Individual,PAN002682,0,0,,
2683,Ajay Menon,NRI Individual,PAN002683,0,0,,2872.0
2684,Vikram Nair,Individual,PAN002684,0,0,,
2685,Meera Gupta,NRI Individual,PAN002685,0,0,,3778.0
2686,Rahul Gupta,Individual,PAN002686,0,0,,
2687,Cascade Infra Pvt Ltd,LLP,PAN002687,0,0,,2882.0
2688,Novus Enterprises Pvt Ltd,Pvt Ltd Company,PAN002688,0,0,,3107.0
2689,Anjali Reddy,Individual,PAN002689,0,0,,
2690,Neha Desai,Individual,PAN002690,0,0,,
2691,Novus Infra Pvt Ltd,LLP,PAN002691,0,0,,1179.0
2692,Neha Verma,Individual,PAN002692,0,0,,
2693,Horizon Consultancy Pvt Ltd,Partnership Firm,PAN002693,0,0,,3657.0
2694,Meera Patel,Individual,PAN002694,0,0,,
2695,Arjun Iyer,Individual,PAN002695,0,0,,
2696,Rahul Singh,Individual,PAN002696,0,0,,
2697,Ajay Reddy,Individual,PAN002697,0,0,,
2698,Meera Desai,Individual,PAN002698,0,0,,
2699,Rahul Gupta,NRI Individual,PAN002699,0,0,,1162.0
2700,Karan Rao,Individual,PAN002700,0,0,,
2701,Kavya Nair,NRI Individual,PAN002701,0,0,,2420.0
2702,Meera Reddy,Individual,PAN002702,0,0,,
2703,Novus Trading LLP,Pvt Ltd Company,PAN002703,0,0,,1917.0
2704,Rahul Pillai,Individual,PAN002704,0,0,,
2705,Suresh Singh,Individual,PAN002705,0,0,,
2706,Arjun Verma,Individual,PAN002706,0,0,,
2707,Divya Pillai,Individual,PAN002707,0,0,,
2708,Neha Reddy,Individual,PAN002708,0,0,,
2709,Orbis Infra Pvt Ltd,Partnership Firm,PAN002709,0,0,,2749.0
2710,Karan Pillai,Individual,PAN002710,0,0,,
2711,Ajay Verma,Individual,PAN002711,0,0,,
2712,Vertex Enterprises LLP,Pvt Ltd Company,PAN002712,0,0,,1150.0
2713,Kavya Iyer,Individual,PAN002713,0,0,,
2714,Rohan Menon,Individual,PAN002714,0,0,,
2715,Zenith Consultancy LLP,Pvt Ltd Company,PAN002715,0,0,,1225.0
2716,Zenith Holdings Pvt Ltd,Pvt Ltd Company,PAN002716,0,0,,568.0
2717,Arjun Reddy,NRI Individual,PAN002717,0,0,,1295.0
2718,Suresh Desai,Individual,PAN002718,0,0,,
2719,Karan Kulkarni,Individual,PAN002719,0,0,,
2720,Anjali Singh,Individual,PAN002720,0,0,,
2721,Horizon Ventures LLP,Partnership Firm,PAN002721,0,0,,3409.0
2722,Rohan Iyer,Individual,PAN002722,0,0,,
2723,Ajay Reddy,NRI Individual,PAN002723,0,0,,2596.0
2724,Zenith Holdings LLP,Trust,PAN002724,0,0,,3711.0
2725,Karan Iyer,Individual,PAN002725,0,0,,
2726,Ajay Desai,Individual,PAN002726,0,0,,
2727,Neha Menon,Individual,PAN002727,0,0,,
2728,Meera Patel,Individual,PAN002728,0,0,,
2729,Vikram Sharma,Individual,PAN002729,0,0,,
2730,Zenith Consultancy Pvt Ltd,LLP,PAN002730,0,0,,2182.0
2731,Orbis Realty LLP,Partnership Firm,PAN002731,0,0,,1375.0
2732,Kavya Joshi,NRI Individual,PAN002732,0,0,,1035.0
2733,Orbis Holdings LLP,Trust,PAN002733,0,0,,3390.0
2734,Horizon Enterprises LLP,Partnership Firm,PAN002734,0,0,,2988.0
2735,Rohan Kulkarni,Individual,PAN002735,0,0,,
2736,Sneha Iyer,Individual,PAN002736,0,0,,
2737,Summit Enterprises Pvt Ltd,Partnership Firm,PAN002737,0,0,,2900.0
2738,Cascade Ventures LLP,Pvt Ltd Company,PAN002738,0,0,,151.0
2739,Priya Rao,Individual,PAN002739,0,0,,
2740,Suresh Joshi,Individual,PAN002740,0,0,,
2741,Arjun Menon,Individual,PAN002741,0,0,,
2742,Suresh Gupta,Individual,PAN002742,0,0,,
2743,Pooja Reddy,Individual,PAN002743,0,0,,
2744,Orbis Trading LLP,LLP,PAN002744,0,0,,1814.0
2745,Priya Verma,Individual,PAN002745,0,0,,
2746,Divya Reddy,Individual,PAN002746,0,0,,
2747,Priya Patel,Individual,PAN002747,0,0,,
2748,Rahul Sharma,Individual,PAN002748,0,0,,
2749,Rohan Nair,Individual,PAN002749,0,0,,
2750,Ajay Pillai,Individual,PAN002750,0,0,,
2751,Alpine Enterprises Pvt Ltd,LLP,PAN002751,0,0,,365.0
2752,Amit Reddy,Individual,PAN002752,0,0,,
2753,Karan Rao,Individual,PAN002753,0,0,,
2754,Rohan Kulkarni,NRI Individual,PAN002754,0,0,,2964.0
2755,Alpine Trading LLP,Trust,PAN002755,0,0,,3671.0
2756,Meera Reddy,Individual,PAN002756,0,0,,
2757,Orbis Trading Pvt Ltd,Partnership Firm,PAN002757,0,0,,2731.0
2758,Vertex Realty Pvt Ltd,Pvt Ltd Company,PAN002758,0,0,,2216.0
2759,Cascade Enterprises Pvt Ltd,Pvt Ltd Company,PAN002759,0,0,,3684.0
2760,Divya Nair,Individual,PAN002760,0,0,,
2761,Alpine Consultancy Pvt Ltd,Trust,PAN002761,0,0,,2260.0
2762,Divya Reddy,Individual,PAN002762,0,0,,
2763,Divya Pillai,Individual,PAN002763,0,0,,
2764,Novus Holdings LLP,Trust,PAN002764,0,0,,3523.0
2765,Kavya Menon,Individual,PAN002765,0,0,,
2766,Karan Desai,Individual,PAN002766,0,0,,
2767,Anjali Gupta,Individual,PAN002767,0,0,,
2768,Vikram Sharma,Individual,PAN002768,0,0,,
2769,Rohan Pillai,NRI Individual,PAN002769,0,0,,1138.0
2770,Horizon Ventures LLP,LLP,PAN002770,0,0,,1535.0
2771,Divya Patel,Individual,PAN002771,0,0,,
2772,Horizon Enterprises LLP,Pvt Ltd Company,PAN002772,0,0,,3929.0
2773,Sneha Iyer,Individual,PAN002773,0,0,,
2774,Amit Desai,Individual,PAN002774,0,0,,
2775,Meridian Ventures LLP,LLP,PAN002775,0,0,,1964.0
2776,Ajay Sharma,NRI Individual,PAN002776,0,0,,1668.0
2777,Crestline Consultancy Pvt Ltd,Pvt Ltd Company,PAN002777,0,0,,3176.0
2778,Rohan Iyer,Individual,PAN002778,0,0,,
2779,Crestline Holdings Pvt Ltd,LLP,PAN002779,0,0,,1567.0
2780,Vikram Gupta,Individual,PAN002780,0,0,,
2781,Rahul Gupta,Individual,PAN002781,0,0,,
2782,Meridian Infra Pvt Ltd,Pvt Ltd Company,PAN002782,0,0,,1786.0
2783,Amit Desai,Individual,PAN002783,0,0,,
2784,Suresh Sharma,Individual,PAN002784,0,0,,
2785,Karan Iyer,Individual,PAN002785,0,0,,
2786,Priya Nair,Individual,PAN002786,0,0,,
2787,Divya Menon,Individual,PAN002787,0,0,,
2788,Priya Sharma,Individual,PAN002788,0,0,,
2789,Neha Nair,Individual,PAN002789,0,0,,
2790,Alpine Enterprises LLP,Partnership Firm,PAN002790,0,0,,1208.0
2791,Zenith Infra Pvt Ltd,Pvt Ltd Company,PAN002791,0,0,,2137.0
2792,Zenith Realty LLP,Partnership Firm,PAN002792,0,0,,3940.0
2793,Pinnacle Enterprises LLP,Pvt Ltd Company,PAN002793,0,0,,1868.0
2794,Amit Nair,NRI Individual,PAN002794,0,0,,2378.0
2795,Novus Ventures Pvt Ltd,Pvt Ltd Company,PAN002795,0,0,,1050.0
2796,Zenith Infra LLP,Pvt Ltd Company,PAN002796,0,0,,1863.0
2797,Meera Desai,Individual,PAN002797,0,0,,
2798,Karan Pillai,Individual,PAN002798,0,0,,
2799,Sneha Rao,Individual,PAN002799,0,0,,
2800,Rohan Kulkarni,Individual,PAN002800,0,0,,
2801,Kavya Rao,Individual,PAN002801,0,0,,
2802,Neha Pillai,Individual,PAN002802,0,0,,
2803,Meera Kulkarni,Individual,PAN002803,0,0,,
2804,Horizon Ventures LLP,Pvt Ltd Company,PAN002804,0,0,,3481.0
2805,Pooja Nair,Individual,PAN002805,0,0,,
2806,Karan Kulkarni,Individual,PAN002806,0,0,,
2807,Neha Patel,Individual,PAN002807,0,0,,
2808,Ajay Pillai,NRI Individual,PAN002808,0,0,,2899.0
2809,Horizon Ventures LLP,Partnership Firm,PAN002809,0,0,,1304.0
2810,Rohan Gupta,Individual,PAN002810,0,0,,
2811,Kavya Gupta,Individual,PAN002811,0,0,,
2812,Rahul Joshi,Individual,PAN002812,0,0,,
2813,Anjali Iyer,Individual,PAN002813,0,0,,
2814,Horizon Trading Pvt Ltd,Partnership Firm,PAN002814,0,0,,185.0
2815,Alpine Realty LLP,Trust,PAN002815,0,0,,2545.0
2816,Divya Kulkarni,Individual,PAN002816,0,0,,
2817,Rahul Joshi,Individual,PAN002817,0,0,,
2818,Zenith Ventures LLP,Pvt Ltd Company,PAN002818,0,0,,3077.0
2819,Horizon Infra Pvt Ltd,Pvt Ltd Company,PAN002819,0,0,,3728.0
2820,Rohan Verma,Individual,PAN002820,0,0,,
2821,Neha Menon,Individual,PAN002821,0,0,,
2822,Vertex Realty LLP,Trust,PAN002822,0,0,,2437.0
2823,Cascade Holdings LLP,Pvt Ltd Company,PAN002823,0,0,,2617.0
2824,Rohan Pillai,Individual,PAN002824,0,0,,
2825,Meridian Trading LLP,Pvt Ltd Company,PAN002825,0,0,,33.0
2826,Alpine Ventures LLP,LLP,PAN002826,0,0,,3311.0
2827,Vertex Enterprises Pvt Ltd,Trust,PAN002827,0,0,,2361.0
2828,Sunrise Ventures LLP,Trust,PAN002828,0,0,,3132.0
2829,Arjun Patel,Individual,PAN002829,0,0,,
2830,Alpine Trading LLP,Pvt Ltd Company,PAN002830,0,0,,2541.0
2831,Rohan Desai,Individual,PAN002831,0,0,,
2832,Amit Sharma,Individual,PAN002832,0,0,,
2833,Rahul Desai,Individual,PAN002833,0,0,,
2834,Divya Joshi,Individual,PAN002834,0,0,,
2835,Horizon Ventures LLP,Pvt Ltd Company,PAN002835,0,0,,406.0
2836,Rohan Gupta,Individual,PAN002836,0,0,,
2837,Pooja Desai,Individual,PAN002837,0,0,,
2838,Divya Iyer,Individual,PAN002838,0,0,,
2839,Suresh Singh,Individual,PAN002839,0,0,,
2840,Orbis Trading Pvt Ltd,Pvt Ltd Company,PAN002840,0,0,,196.0
2841,Cascade Infra Pvt Ltd,Pvt Ltd Company,PAN002841,0,0,,3680.0
2842,Sneha Singh,Individual,PAN002842,0,0,,
2843,Pinnacle Infra LLP,Pvt Ltd Company,PAN002843,0,0,,463.0
2844,Neha Gupta,Individual,PAN002844,0,0,,
2845,Karan Sharma,Individual,PAN002845,0,0,,
2846,Kavya Gupta,Individual,PAN002846,0,0,,
2847,Pinnacle Ventures LLP,LLP,PAN002847,0,0,,2128.0
2848,Kavya Nair,Individual,PAN002848,0,0,,
2849,Suresh Sharma,Individual,PAN002849,0,0,,
2850,Meera Pillai,Individual,PAN002850,0,0,,
2851,Neha Menon,Individual,PAN002851,0,0,,
2852,Kavya Kulkarni,Individual,PAN002852,0,0,,
2853,Alpine Consultancy Pvt Ltd,Partnership Firm,PAN002853,0,0,,2680.0
2854,Neha Joshi,Individual,PAN002854,0,0,,
2855,Kavya Desai,Individual,PAN002855,0,0,,
2856,Anjali Menon,NRI Individual,PAN002856,0,0,,79.0
2857,Rohan Gupta,Individual,PAN002857,0,0,,
2858,Meera Joshi,NRI Individual,PAN002858,0,0,,2659.0
2859,Neha Desai,Individual,PAN002859,0,0,,
2860,Vikram Rao,Individual,PAN002860,0,0,,
2861,Pinnacle Realty LLP,Partnership Firm,PAN002861,0,0,,3075.0
2862,Meridian Trading Pvt Ltd,LLP,PAN002862,0,0,,111.0
2863,Pooja Sharma,Individual,PAN002863,0,0,,
2864,Suresh Sharma,Individual,PAN002864,0,0,,
2865,Pooja Rao,Individual,PAN002865,0,0,,
2866,Kavya Kulkarni,Individual,PAN002866,0,0,,
2867,Novus Ventures LLP,LLP,PAN002867,0,0,,2853.0
2868,Sneha Patel,Individual,PAN002868,0,0,,
2869,Amit Gupta,Individual,PAN002869,0,0,,
2870,Horizon Infra Pvt Ltd,Pvt Ltd Company,PAN002870,0,0,,610.0
2871,Meera Patel,Individual,PAN002871,0,0,,
2872,Zenith Infra Pvt Ltd,Pvt Ltd Company,PAN002872,0,0,,3374.0
2873,Pooja Verma,Individual,PAN002873,0,0,,
2874,Karan Desai,Individual,PAN002874,0,0,,
2875,Sunrise Ventures Pvt Ltd,LLP,PAN002875,0,0,,2084.0
2876,Rohan Reddy,Individual,PAN002876,0,0,,
2877,Amit Menon,Individual,PAN002877,0,0,,
2878,Meridian Enterprises Pvt Ltd,Pvt Ltd Company,PAN002878,0,0,,1937.0
2879,Rohan Patel,Individual,PAN002879,0,0,,
2880,Cascade Realty Pvt Ltd,LLP,PAN002880,0,0,,3054.0
2881,Arjun Patel,Individual,PAN002881,0,0,,
2882,Meera Kulkarni,Individual,PAN002882,0,0,,
2883,Rohan Kulkarni,Individual,PAN002883,0,0,,
2884,Horizon Enterprises LLP,Partnership Firm,PAN002884,0,0,,2649.0
2885,Anjali Kulkarni,Individual,PAN002885,0,0,,
2886,Meera Pillai,Individual,PAN002886,0,0,,
2887,Arjun Iyer,Individual,PAN002887,0,0,,
2888,Anjali Nair,NRI Individual,PAN002888,0,0,,1550.0
2889,Arjun Sharma,Individual,PAN002889,0,0,,
2890,Pinnacle Enterprises Pvt Ltd,LLP,PAN002890,0,0,,3905.0
2891,Divya Kulkarni,Individual,PAN002891,0,0,,
2892,Kavya Desai,Individual,PAN002892,0,0,,
2893,Horizon Infra Pvt Ltd,Pvt Ltd Company,PAN002893,0,0,,1348.0
2894,Novus Realty Pvt Ltd,Pvt Ltd Company,PAN002894,0,0,,1952.0
2895,Zenith Consultancy Pvt Ltd,Partnership Firm,PAN002895,0,0,,1529.0
2896,Vertex Consultancy LLP,Partnership Firm,PAN002896,0,0,,3733.0
2897,Divya Desai,NRI Individual,PAN002897,0,0,,2056.0
2898,Meera Menon,Individual,PAN002898,0,0,,
2899,Karan Gupta,Individual,PAN002899,0,0,,
2900,Rahul Singh,Individual,PAN002900,0,0,,
2901,Sunrise Enterprises LLP,Trust,PAN002901,0,0,,2794.0
2902,Ajay Joshi,Individual,PAN002902,0,0,,
2903,Kavya Kulkarni,Individual,PAN002903,0,0,,
2904,Meera Verma,NRI Individual,PAN002904,0,0,,327.0
2905,Amit Menon,Individual,PAN002905,0,0,,
2906,Cascade Enterprises LLP,Trust,PAN002906,0,0,,2674.0
2907,Divya Verma,Individual,PAN002907,0,0,,
2908,Rahul Iyer,Individual,PAN002908,0,0,,
2909,Sunrise Consultancy LLP,Pvt Ltd Company,PAN002909,0,0,,2763.0
2910,Neha Rao,Individual,PAN002910,0,0,,
2911,Kavya Gupta,Individual,PAN002911,0,0,,
2912,Anjali Verma,Individual,PAN002912,0,0,,
2913,Meera Menon,Individual,PAN002913,0,0,,
2914,Karan Rao,Individual,PAN002914,0,0,,
2915,Arjun Patel,Individual,PAN002915,0,0,,
2916,Kavya Patel,Individual,PAN002916,0,0,,
2917,Horizon Holdings Pvt Ltd,LLP,PAN002917,0,0,,3368.0
2918,Novus Consultancy Pvt Ltd,LLP,PAN002918,0,0,,3236.0
2919,Anjali Singh,Individual,PAN002919,0,0,,
2920,Meera Verma,Individual,PAN002920,0,0,,
2921,Pooja Nair,Individual,PAN002921,0,0,,
2922,Summit Holdings LLP,Pvt Ltd Company,PAN002922,0,0,,3179.0
2923,Pooja Gupta,Individual,PAN002923,0,0,,
2924,Sneha Singh,Individual,PAN002924,0,0,,
2925,Divya Desai,Individual,PAN002925,0,0,,
2926,Divya Joshi,Individual,PAN002926,0,0,,
2927,Zenith Consultancy Pvt Ltd,Pvt Ltd Company,PAN002927,0,0,,791.0
2928,Zenith Consultancy Pvt Ltd,Partnership Firm,PAN002928,0,0,,400.0
2929,Anjali Verma,Individual,PAN002929,0,0,,
2930,Rohan Joshi,Individual,PAN002930,0,0,,
2931,Meera Pillai,Individual,PAN002931,0,0,,
2932,Pooja Desai,Individual,PAN002932,0,0,,
2933,Cascade Realty LLP,Partnership Firm,PAN002933,0,0,,1435.0
2934,Suresh Kulkarni,NRI Individual,PAN002934,0,0,,1747.0
2935,Divya Singh,Individual,PAN002935,0,0,,
2936,Kavya Desai,Individual,PAN002936,0,0,,
2937,Rohan Pillai,Individual,PAN002937,0,0,,
2938,Summit Holdings Pvt Ltd,Pvt Ltd Company,PAN002938,0,0,,318.0
2939,Zenith Trading LLP,LLP,PAN002939,0,0,,1912.0
2940,Meridian Ventures LLP,Pvt Ltd Company,PAN002940,0,0,,2006.0
2941,Amit Joshi,Individual,PAN002941,0,0,,
2942,Rohan Nair,Individual,PAN002942,0,0,,
2943,Orbis Ventures Pvt Ltd,Pvt Ltd Company,PAN002943,0,0,,1862.0
2944,Horizon Holdings LLP,Partnership Firm,PAN002944,0,0,,3419.0
2945,Summit Realty Pvt Ltd,Trust,PAN002945,0,0,,3282.0
2946,Novus Ventures LLP,Pvt Ltd Company,PAN002946,0,0,,2947.0
2947,Karan Kulkarni,Individual,PAN002947,0,0,,
2948,Divya Gupta,Individual,PAN002948,0,0,,
2949,Divya Nair,Individual,PAN002949,0,0,,
2950,Karan Nair,Individual,PAN002950,0,0,,
2951,Suresh Menon,Individual,PAN002951,0,0,,
2952,Amit Rao,Individual,PAN002952,0,0,,
2953,Vertex Realty LLP,Trust,PAN002953,0,0,,3762.0
2954,Vikram Nair,Individual,PAN002954,0,0,,
2955,Sunrise Consultancy LLP,Partnership Firm,PAN002955,0,0,,1919.0
2956,Neha Verma,Individual,PAN002956,0,0,,
2957,Ajay Desai,Individual,PAN002957,0,0,,
2958,Sneha Sharma,Individual,PAN002958,0,0,,
2959,Kavya Gupta,Individual,PAN002959,0,0,,
2960,Arjun Nair,Individual,PAN002960,0,0,,
2961,Vertex Holdings Pvt Ltd,LLP,PAN002961,0,0,,2732.0
2962,Kavya Rao,NRI Individual,PAN002962,0,0,,702.0
2963,Arjun Patel,Individual,PAN002963,0,0,,
2964,Pooja Patel,Individual,PAN002964,0,0,,
2965,Meera Reddy,Individual,PAN002965,0,0,,
2966,Pooja Reddy,Individual,PAN002966,0,0,,
2967,Rahul Joshi,Individual,PAN002967,0,0,,
2968,Ajay Joshi,Individual,PAN002968,0,0,,
2969,Kavya Desai,Individual,PAN002969,0,0,,
2970,Divya Nair,NRI Individual,PAN002970,0,0,,267.0
2971,Priya Rao,Individual,PAN002971,0,0,,
2972,Sneha Sharma,Individual,PAN002972,0,0,,
2973,Summit Ventures LLP,Pvt Ltd Company,PAN002973,0,0,,791.0
2974,Rohan Rao,Individual,PAN002974,0,0,,
2975,Vertex Infra LLP,Pvt Ltd Company,PAN002975,0,0,,2064.0
2976,Amit Verma,Individual,PAN002976,0,0,,
2977,Karan Joshi,Individual,PAN002977,0,0,,
2978,Sunrise Realty LLP,Pvt Ltd Company,PAN002978,0,0,,2011.0
2979,Crestline Consultancy Pvt Ltd,Pvt Ltd Company,PAN002979,0,0,,2613.0
2980,Alpine Infra Pvt Ltd,Partnership Firm,PAN002980,0,0,,3272.0
2981,Karan Singh,Individual,PAN002981,0,0,,
2982,Suresh Iyer,Individual,PAN002982,0,0,,
2983,Suresh Desai,Individual,PAN002983,0,0,,
2984,Neha Verma,Individual,PAN002984,0,0,,
2985,Arjun Kulkarni,Individual,PAN002985,0,0,,
2986,Neha Gupta,Individual,PAN002986,0,0,,
2987,Kavya Verma,Individual,PAN002987,0,0,,
2988,Summit Realty Pvt Ltd,Trust,PAN002988,0,0,,1560.0
2989,Neha Sharma,NRI Individual,PAN002989,0,0,,3160.0
2990,Zenith Holdings LLP,Pvt Ltd Company,PAN002990,0,0,,2067.0
2991,Karan Nair,Individual,PAN002991,0,0,,
2992,Arjun Menon,Individual,PAN002992,0,0,,
2993,Vikram Joshi,Individual,PAN002993,0,0,,
2994,Amit Singh,Individual,PAN002994,0,0,,
2995,Rohan Singh,Individual,PAN002995,0,0,,
2996,Sunrise Infra Pvt Ltd,Partnership Firm,PAN002996,0,0,,2306.0
2997,Zenith Infra Pvt Ltd,LLP,PAN002997,0,0,,2202.0
2998,Rohan Joshi,Individual,PAN002998,0,0,,
2999,Vertex Ventures Pvt Ltd,Pvt Ltd Company,PAN002999,0,0,,3741.0
3000,Amit Iyer,Individual,PAN003000,0,0,,
3001,Zenith Realty LLP,Partnership Firm,PAN003001,0,0,,1265.0
3002,Rohan Menon,Individual,PAN003002,0,0,,
3003,Meridian Ventures Pvt Ltd,Partnership Firm,PAN003003,0,0,,3918.0
3004,Meera Verma,Individual,PAN003004,0,0,,
3005,Ajay Rao,Individual,PAN003005,0,0,,
3006,Neha Verma,Individual,PAN003006,0,0,,
3007,Novus Enterprises LLP,Pvt Ltd Company,PAN003007,0,0,,1867.0
3008,Summit Ventures Pvt Ltd,Pvt Ltd Company,PAN003008,0,0,,1059.0
3009,Meera Patel,Individual,PAN003009,0,0,,
3010,Orbis Consultancy Pvt Ltd,Pvt Ltd Company,PAN003010,0,0,,1122.0
3011,Arjun Verma,Individual,PAN003011,0,0,,
3012,Meridian Trading Pvt Ltd,Pvt Ltd Company,PAN003012,0,0,,746.0
3013,Sneha Pillai,Individual,PAN003013,0,0,,
3014,Orbis Holdings LLP,Pvt Ltd Company,PAN003014,0,0,,1152.0
3015,Rohan Reddy,Individual,PAN003015,0,0,,
3016,Zenith Ventures Pvt Ltd,Trust,PAN003016,0,0,,2804.0
3017,Neha Singh,Individual,PAN003017,0,0,,
3018,Suresh Singh,Individual,PAN003018,0,0,,
3019,Zenith Trading LLP,Trust,PAN003019,0,0,,583.0
3020,Alpine Ventures LLP,LLP,PAN003020,0,0,,1861.0
3021,Meera Menon,Individual,PAN003021,0,0,,
3022,Horizon Consultancy Pvt Ltd,Pvt Ltd Company,PAN003022,0,0,,3374.0
3023,Divya Sharma,Individual,PAN003023,0,0,,
3024,Ajay Sharma,Individual,PAN003024,0,0,,
3025,Sneha Patel,Individual,PAN003025,0,0,,
3026,Anjali Singh,Individual,PAN003026,0,0,,
3027,Kavya Singh,Individual,PAN003027,0,0,,
3028,Neha Menon,Individual,PAN003028,0,0,,
3029,Sunrise Trading Pvt Ltd,Pvt Ltd Company,PAN003029,0,0,,1346.0
3030,Meera Iyer,Individual,PAN003030,0,0,,
3031,Crestline Ventures Pvt Ltd,Partnership Firm,PAN003031,0,0,,1969.0
3032,Divya Joshi,Individual,PAN003032,0,0,,
3033,Sneha Kulkarni,Individual,PAN003033,0,0,,
3034,Vertex Consultancy LLP,Pvt Ltd Company,PAN003034,0,0,,2728.0
3035,Karan Reddy,Individual,PAN003035,0,0,,
3036,Crestline Consultancy Pvt Ltd,Trust,PAN003036,0,0,,3525.0
3037,Arjun Joshi,Individual,PAN003037,0,0,,
3038,Anjali Gupta,NRI Individual,PAN003038,0,0,,2081.0
3039,Orbis Ventures LLP,Partnership Firm,PAN003039,0,0,,3840.0
3040,Vikram Nair,Individual,PAN003040,0,0,,
3041,Summit Enterprises LLP,Partnership Firm,PAN003041,0,0,,2757.0
3042,Rahul Nair,Individual,PAN003042,0,0,,
3043,Neha Singh,Individual,PAN003043,0,0,,
3044,Pooja Verma,NRI Individual,PAN003044,0,0,,2013.0
3045,Arjun Menon,Individual,PAN003045,0,0,,
3046,Ajay Iyer,Individual,PAN003046,0,0,,
3047,Cascade Ventures Pvt Ltd,Pvt Ltd Company,PAN003047,0,0,,1312.0
3048,Rahul Patel,Individual,PAN003048,0,0,,
3049,Rohan Iyer,Individual,PAN003049,0,0,,
3050,Rahul Patel,Individual,PAN003050,0,0,,
3051,Divya Kulkarni,Individual,PAN003051,0,0,,
3052,Neha Pillai,Individual,PAN003052,0,0,,
3053,Kavya Patel,Individual,PAN003053,0,0,,
3054,Kavya Pillai,Individual,PAN003054,0,0,,
3055,Vikram Sharma,Individual,PAN003055,0,0,,
3056,Suresh Kulkarni,Individual,PAN003056,0,0,,
3057,Sneha Iyer,Individual,PAN003057,0,0,,
3058,Cascade Enterprises LLP,Pvt Ltd Company,PAN003058,0,0,,736.0
3059,Sneha Menon,NRI Individual,PAN003059,0,0,,1809.0
3060,Neha Verma,Individual,PAN003060,0,0,,
3061,Sneha Verma,Individual,PAN003061,0,0,,
3062,Sunrise Enterprises LLP,Trust,PAN003062,0,0,,756.0
3063,Pooja Joshi,NRI Individual,PAN003063,0,0,,2288.0
3064,Priya Verma,Individual,PAN003064,0,0,,
3065,Vikram Iyer,Individual,PAN003065,0,0,,
3066,Horizon Consultancy LLP,Pvt Ltd Company,PAN003066,0,0,,2425.0
3067,Ajay Patel,Individual,PAN003067,0,0,,
3068,Pinnacle Holdings Pvt Ltd,Partnership Firm,PAN003068,0,0,,3562.0
3069,Meridian Infra Pvt Ltd,Pvt Ltd Company,PAN003069,0,0,,2818.0
3070,Pooja Iyer,Individual,PAN003070,0,0,,
3071,Vertex Enterprises LLP,Pvt Ltd Company,PAN003071,0,0,,1342.0
3072,Rahul Nair,Individual,PAN003072,0,0,,
3073,Crestline Consultancy Pvt Ltd,Pvt Ltd Company,PAN003073,0,0,,417.0
3074,Priya Sharma,Individual,PAN003074,0,0,,
3075,Meridian Trading LLP,LLP,PAN003075,0,0,,2660.0
3076,Meridian Trading LLP,Partnership Firm,PAN003076,0,0,,2951.0
3077,Meera Kulkarni,Individual,PAN003077,0,0,,
3078,Anjali Pillai,Individual,PAN003078,0,0,,
3079,Rohan Gupta,Individual,PAN003079,0,0,,
3080,Rohan Gupta,Individual,PAN003080,0,0,,
3081,Meera Menon,Individual,PAN003081,0,0,,
3082,Alpine Realty Pvt Ltd,Pvt Ltd Company,PAN003082,0,0,,1823.0
3083,Summit Ventures Pvt Ltd,LLP,PAN003083,0,0,,2192.0
3084,Sneha Desai,Individual,PAN003084,0,0,,
3085,Alpine Infra Pvt Ltd,LLP,PAN003085,0,0,,971.0
3086,Meridian Holdings Pvt Ltd,LLP,PAN003086,0,0,,1668.0
3087,Sneha Rao,Individual,PAN003087,0,0,,
3088,Amit Singh,Individual,PAN003088,0,0,,
3089,Orbis Realty LLP,Pvt Ltd Company,PAN003089,0,0,,941.0
3090,Orbis Realty LLP,Pvt Ltd Company,PAN003090,0,0,,3161.0
3091,Divya Rao,Individual,PAN003091,0,0,,
3092,Divya Verma,Individual,PAN003092,0,0,,
3093,Anjali Gupta,Individual,PAN003093,0,0,,
3094,Sneha Singh,Individual,PAN003094,0,0,,
3095,Ajay Iyer,Individual,PAN003095,0,0,,
3096,Sunrise Enterprises Pvt Ltd,Trust,PAN003096,0,0,,1857.0
3097,Sneha Nair,Individual,PAN003097,0,0,,
3098,Summit Consultancy LLP,Pvt Ltd Company,PAN003098,0,0,,1152.0
3099,Neha Pillai,Individual,PAN003099,0,0,,
3100,Rahul Reddy,Individual,PAN003100,0,0,,
3101,Anjali Menon,NRI Individual,PAN003101,0,0,,2287.0
3102,Pinnacle Realty Pvt Ltd,Pvt Ltd Company,PAN003102,0,0,,1605.0
3103,Priya Pillai,Individual,PAN003103,0,0,,
3104,Neha Pillai,Individual,PAN003104,0,0,,
3105,Divya Verma,NRI Individual,PAN003105,0,0,,3814.0
3106,Sunrise Infra LLP,Partnership Firm,PAN003106,0,0,,373.0
3107,Vikram Nair,Individual,PAN003107,0,0,,
3108,Neha Singh,Individual,PAN003108,0,0,,
3109,Suresh Kulkarni,Individual,PAN003109,0,0,,
3110,Horizon Enterprises LLP,Pvt Ltd Company,PAN003110,0,0,,234.0
3111,Sunrise Infra LLP,LLP,PAN003111,0,0,,2569.0
3112,Summit Ventures Pvt Ltd,Pvt Ltd Company,PAN003112,0,0,,3548.0
3113,Arjun Kulkarni,Individual,PAN003113,0,0,,
3114,Vikram Sharma,Individual,PAN003114,0,0,,
3115,Vikram Desai,Individual,PAN003115,0,0,,
3116,Karan Verma,Individual,PAN003116,0,0,,
3117,Pooja Iyer,Individual,PAN003117,0,0,,
3118,Crestline Consultancy Pvt Ltd,Pvt Ltd Company,PAN003118,0,0,,3023.0
3119,Divya Pillai,NRI Individual,PAN003119,0,0,,3028.0
3120,Meera Desai,NRI Individual,PAN003120,0,0,,3127.0
3121,Ajay Kulkarni,Individual,PAN003121,0,0,,
3122,Divya Kulkarni,Individual,PAN003122,0,0,,
3123,Arjun Reddy,Individual,PAN003123,0,0,,
3124,Cascade Ventures Pvt Ltd,Pvt Ltd Company,PAN003124,0,0,,3837.0
3125,Meera Patel,Individual,PAN003125,0,0,,
3126,Arjun Verma,Individual,PAN003126,0,0,,
3127,Anjali Kulkarni,Individual,PAN003127,0,0,,
3128,Meera Patel,Individual,PAN003128,0,0,,
3129,Meera Reddy,Individual,PAN003129,0,0,,
3130,Meera Verma,Individual,PAN003130,0,0,,
3131,Zenith Trading Pvt Ltd,Pvt Ltd Company,PAN003131,0,0,,1571.0
3132,Kavya Kulkarni,NRI Individual,PAN003132,0,0,,523.0
3133,Sunrise Enterprises Pvt Ltd,LLP,PAN003133,0,0,,1675.0
3134,Rahul Pillai,Individual,PAN003134,0,0,,
3135,Pooja Patel,Individual,PAN003135,0,0,,
3136,Sneha Nair,Individual,PAN003136,0,0,,
3137,Neha Desai,Individual,PAN003137,0,0,,
3138,Sneha Joshi,Individual,PAN003138,0,0,,
3139,Meera Rao,Individual,PAN003139,0,0,,
3140,Kavya Gupta,Individual,PAN003140,0,0,,
3141,Kavya Gupta,Individual,PAN003141,0,0,,
3142,Rohan Gupta,Individual,PAN003142,0,0,,
3143,Crestline Holdings Pvt Ltd,Pvt Ltd Company,PAN003143,0,0,,1510.0
3144,Karan Joshi,Individual,PAN003144,0,0,,
3145,Divya Singh,Individual,PAN003145,0,0,,
3146,Neha Gupta,Individual,PAN003146,0,0,,
3147,Suresh Iyer,Individual,PAN003147,0,0,,
3148,Pooja Rao,Individual,PAN003148,0,0,,
3149,Zenith Enterprises Pvt Ltd,Pvt Ltd Company,PAN003149,0,0,,3036.0
3150,Orbis Consultancy LLP,LLP,PAN003150,0,0,,2982.0
3151,Arjun Desai,Individual,PAN003151,0,0,,
3152,Suresh Verma,Individual,PAN003152,0,0,,
3153,Rohan Rao,Individual,PAN003153,0,0,,
3154,Sneha Sharma,Individual,PAN003154,0,0,,
3155,Orbis Trading Pvt Ltd,Pvt Ltd Company,PAN003155,0,0,,2967.0
3156,Suresh Pillai,Individual,PAN003156,0,0,,
3157,Neha Verma,Individual,PAN003157,0,0,,
3158,Kavya Gupta,Individual,PAN003158,0,0,,
3159,Meera Verma,Individual,PAN003159,0,0,,
3160,Ajay Joshi,Individual,PAN003160,0,0,,
3161,Pooja Pillai,Individual,PAN003161,0,0,,
3162,Priya Sharma,Individual,PAN003162,0,0,,
3163,Amit Joshi,Individual,PAN003163,0,0,,
3164,Divya Joshi,Individual,PAN003164,0,0,,
3165,Amit Desai,Individual,PAN003165,0,0,,
3166,Karan Patel,Individual,PAN003166,0,0,,
3167,Divya Rao,Individual,PAN003167,0,0,,
3168,Cascade Enterprises Pvt Ltd,Pvt Ltd Company,PAN003168,0,0,,2807.0
3169,Vikram Nair,Individual,PAN003169,0,0,,
3170,Vikram Kulkarni,Individual,PAN003170,0,0,,
3171,Ajay Kulkarni,Individual,PAN003171,0,0,,
3172,Anjali Pillai,Individual,PAN003172,0,0,,
3173,Pinnacle Consultancy Pvt Ltd,Pvt Ltd Company,PAN003173,0,0,,3830.0
3174,Rohan Sharma,Individual,PAN003174,0,0,,
3175,Pooja Pillai,Individual,PAN003175,0,0,,
3176,Karan Gupta,Individual,PAN003176,0,0,,
3177,Meera Pillai,Individual,PAN003177,0,0,,
3178,Sunrise Consultancy LLP,Pvt Ltd Company,PAN003178,0,0,,1274.0
3179,Arjun Gupta,Individual,PAN003179,0,0,,
3180,Rahul Pillai,Individual,PAN003180,0,0,,
3181,Crestline Infra Pvt Ltd,Pvt Ltd Company,PAN003181,0,0,,183.0
3182,Cascade Holdings Pvt Ltd,Pvt Ltd Company,PAN003182,0,0,,331.0
3183,Karan Verma,Individual,PAN003183,0,0,,
3184,Neha Singh,Individual,PAN003184,0,0,,
3185,Meridian Enterprises LLP,Pvt Ltd Company,PAN003185,0,0,,2746.0
3186,Suresh Menon,Individual,PAN003186,0,0,,
3187,Kavya Desai,Individual,PAN003187,0,0,,
3188,Priya Kulkarni,Individual,PAN003188,0,0,,
3189,Pooja Reddy,Individual,PAN003189,0,0,,
3190,Kavya Menon,Individual,PAN003190,0,0,,
3191,Ajay Patel,Individual,PAN003191,0,0,,
3192,Pinnacle Consultancy LLP,Pvt Ltd Company,PAN003192,0,0,,3612.0
3193,Summit Enterprises LLP,Pvt Ltd Company,PAN003193,0,0,,2212.0
3194,Horizon Realty LLP,LLP,PAN003194,0,0,,1727.0
3195,Orbis Trading Pvt Ltd,Pvt Ltd Company,PAN003195,0,0,,1017.0
3196,Kavya Verma,NRI Individual,PAN003196,0,0,,2762.0
3197,Kavya Pillai,Individual,PAN003197,0,0,,
3198,Priya Reddy,Individual,PAN003198,0,0,,
3199,Sneha Iyer,Individual,PAN003199,0,0,,
3200,Neha Iyer,Individual,PAN003200,0,0,,
3201,Vikram Rao,Individual,PAN003201,0,0,,
3202,Pooja Verma,Individual,PAN003202,0,0,,
3203,Amit Gupta,Individual,PAN003203,0,0,,
3204,Ajay Patel,Individual,PAN003204,0,0,,
3205,Neha Rao,Individual,PAN003205,0,0,,
3206,Summit Holdings LLP,Partnership Firm,PAN003206,0,0,,124.0
3207,Summit Infra Pvt Ltd,Partnership Firm,PAN003207,0,0,,332.0
3208,Meridian Realty LLP,Partnership Firm,PAN003208,0,0,,1212.0
3209,Anjali Desai,Individual,PAN003209,0,0,,
3210,Meridian Trading Pvt Ltd,Trust,PAN003210,0,0,,158.0
3211,Meera Iyer,Individual,PAN003211,0,0,,
3212,Meera Desai,Individual,PAN003212,0,0,,
3213,Suresh Iyer,NRI Individual,PAN003213,0,0,,607.0
3214,Priya Patel,Individual,PAN003214,0,0,,
3215,Alpine Realty Pvt Ltd,LLP,PAN003215,0,0,,705.0
3216,Crestline Trading LLP,Partnership Firm,PAN003216,0,0,,366.0
3217,Orbis Consultancy LLP,LLP,PAN003217,0,0,,2281.0
3218,Orbis Realty LLP,LLP,PAN003218,0,0,,1725.0
3219,Suresh Patel,Individual,PAN003219,0,0,,
3220,Ajay Menon,NRI Individual,PAN003220,0,0,,2263.0
3221,Meridian Consultancy Pvt Ltd,Pvt Ltd Company,PAN003221,0,0,,1990.0
3222,Vikram Kulkarni,NRI Individual,PAN003222,0,0,,2903.0
3223,Ajay Pillai,Individual,PAN003223,0,0,,
3224,Karan Reddy,NRI Individual,PAN003224,0,0,,3824.0
3225,Meridian Enterprises LLP,LLP,PAN003225,0,0,,3038.0
3226,Suresh Desai,Individual,PAN003226,0,0,,
3227,Karan Menon,Individual,PAN003227,0,0,,
3228,Neha Menon,Individual,PAN003228,0,0,,
3229,Orbis Ventures Pvt Ltd,LLP,PAN003229,0,0,,3233.0
3230,Pooja Gupta,Individual,PAN003230,0,0,,
3231,Rohan Singh,Individual,PAN003231,0,0,,
3232,Cascade Trading LLP,Pvt Ltd Company,PAN003232,0,0,,505.0
3233,Arjun Verma,Individual,PAN003233,0,0,,
3234,Anjali Rao,Individual,PAN003234,0,0,,
3235,Alpine Infra Pvt Ltd,Pvt Ltd Company,PAN003235,0,0,,2939.0
3236,Sneha Reddy,Individual,PAN003236,0,0,,
3237,Neha Pillai,NRI Individual,PAN003237,0,0,,3382.0
3238,Amit Menon,Individual,PAN003238,0,0,,
3239,Sneha Verma,Individual,PAN003239,0,0,,
3240,Rahul Desai,Individual,PAN003240,0,0,,
3241,Anjali Rao,Individual,PAN003241,0,0,,
3242,Summit Consultancy LLP,Pvt Ltd Company,PAN003242,0,0,,2245.0
3243,Meera Gupta,Individual,PAN003243,0,0,,
3244,Karan Gupta,Individual,PAN003244,0,0,,
3245,Anjali Iyer,Individual,PAN003245,0,0,,
3246,Priya Iyer,Individual,PAN003246,0,0,,
3247,Kavya Kulkarni,Individual,PAN003247,0,0,,
3248,Vikram Kulkarni,Individual,PAN003248,0,0,,
3249,Summit Enterprises Pvt Ltd,Pvt Ltd Company,PAN003249,0,0,,3541.0
3250,Divya Iyer,Individual,PAN003250,0,0,,
3251,Sneha Pillai,Individual,PAN003251,0,0,,
3252,Novus Trading Pvt Ltd,Trust,PAN003252,0,0,,469.0
3253,Sneha Patel,Individual,PAN003253,0,0,,
3254,Crestline Holdings Pvt Ltd,LLP,PAN003254,0,0,,1735.0
3255,Rahul Verma,Individual,PAN003255,0,0,,
3256,Pooja Iyer,Individual,PAN003256,0,0,,
3257,Neha Pillai,Individual,PAN003257,0,0,,
3258,Divya Nair,Individual,PAN003258,0,0,,
3259,Divya Joshi,Individual,PAN003259,0,0,,
3260,Vikram Singh,Individual,PAN003260,0,0,,
3261,Rohan Reddy,Individual,PAN003261,0,0,,
3262,Meera Gupta,Individual,PAN003262,0,0,,
3263,Arjun Menon,Individual,PAN003263,0,0,,
3264,Alpine Ventures LLP,Trust,PAN003264,0,0,,3275.0
3265,Karan Kulkarni,Individual,PAN003265,0,0,,
3266,Pooja Menon,Individual,PAN003266,0,0,,
3267,Neha Pillai,Individual,PAN003267,0,0,,
3268,Anjali Nair,Individual,PAN003268,0,0,,
3269,Novus Realty Pvt Ltd,LLP,PAN003269,0,0,,2070.0
3270,Arjun Menon,Individual,PAN003270,0,0,,
3271,Cascade Trading LLP,Trust,PAN003271,0,0,,2721.0
3272,Anjali Reddy,Individual,PAN003272,0,0,,
3273,Horizon Consultancy Pvt Ltd,LLP,PAN003273,0,0,,1826.0
3274,Amit Nair,Individual,PAN003274,0,0,,
3275,Anjali Verma,Individual,PAN003275,0,0,,
3276,Amit Pillai,Individual,PAN003276,0,0,,
3277,Rohan Desai,Individual,PAN003277,0,0,,
3278,Anjali Iyer,Individual,PAN003278,0,0,,
3279,Sneha Patel,Individual,PAN003279,0,0,,
3280,Orbis Consultancy Pvt Ltd,LLP,PAN003280,0,0,,1814.0
3281,Arjun Sharma,Individual,PAN003281,0,0,,
3282,Ajay Menon,Individual,PAN003282,0,0,,
3283,Arjun Singh,Individual,PAN003283,0,0,,
3284,Rahul Menon,Individual,PAN003284,0,0,,
3285,Rahul Verma,Individual,PAN003285,0,0,,
3286,Ajay Pillai,Individual,PAN003286,0,0,,
3287,Vikram Desai,Individual,PAN003287,0,0,,
3288,Suresh Gupta,Individual,PAN003288,0,0,,
3289,Crestline Realty LLP,LLP,PAN003289,0,0,,1831.0
3290,Ajay Joshi,Individual,PAN003290,0,0,,
3291,Ajay Kulkarni,Individual,PAN003291,0,0,,
3292,Meera Desai,Individual,PAN003292,0,0,,
3293,Vikram Rao,Individual,PAN003293,0,0,,
3294,Meridian Holdings LLP,Partnership Firm,PAN003294,0,0,,2339.0
3295,Pinnacle Realty LLP,Trust,PAN003295,0,0,,146.0
3296,Amit Rao,Individual,PAN003296,0,0,,
3297,Anjali Gupta,Individual,PAN003297,0,0,,
3298,Crestline Holdings LLP,Pvt Ltd Company,PAN003298,0,0,,2736.0
3299,Pooja Sharma,Individual,PAN003299,0,0,,
3300,Orbis Consultancy Pvt Ltd,Pvt Ltd Company,PAN003300,0,0,,2152.0
3301,Kavya Menon,Individual,PAN003301,0,0,,
3302,Priya Menon,Individual,PAN003302,0,0,,
3303,Meridian Holdings LLP,LLP,PAN003303,0,0,,1157.0
3304,Alpine Infra Pvt Ltd,Pvt Ltd Company,PAN003304,0,0,,191.0
3305,Meera Menon,Individual,PAN003305,0,0,,
3306,Vikram Iyer,Individual,PAN003306,0,0,,
3307,Vertex Consultancy LLP,LLP,PAN003307,0,0,,3324.0
3308,Alpine Ventures LLP,Pvt Ltd Company,PAN003308,0,0,,3820.0
3309,Meera Singh,Individual,PAN003309,0,0,,
3310,Novus Trading LLP,Pvt Ltd Company,PAN003310,0,0,,928.0
3311,Suresh Patel,Individual,PAN003311,0,0,,
3312,Zenith Consultancy Pvt Ltd,Pvt Ltd Company,PAN003312,0,0,,3692.0
3313,Sunrise Enterprises LLP,Pvt Ltd Company,PAN003313,0,0,,163.0
3314,Priya Singh,Individual,PAN003314,0,0,,
3315,Karan Sharma,Individual,PAN003315,0,0,,
3316,Cascade Trading LLP,Pvt Ltd Company,PAN003316,0,0,,1658.0
3317,Meera Joshi,Individual,PAN003317,0,0,,
3318,Pooja Singh,Individual,PAN003318,0,0,,
3319,Rohan Nair,Individual,PAN003319,0,0,,
3320,Crestline Infra Pvt Ltd,Pvt Ltd Company,PAN003320,0,0,,1635.0
3321,Rahul Nair,Individual,PAN003321,0,0,,
3322,Neha Rao,Individual,PAN003322,0,0,,
3323,Kavya Menon,Individual,PAN003323,0,0,,
3324,Arjun Menon,Individual,PAN003324,0,0,,
3325,Priya Patel,Individual,PAN003325,0,0,,
3326,Vertex Ventures Pvt Ltd,Pvt Ltd Company,PAN003326,0,0,,1248.0
3327,Meera Patel,Individual,PAN003327,0,0,,
3328,Sunrise Ventures LLP,LLP,PAN003328,0,0,,2788.0
3329,Amit Verma,Individual,PAN003329,0,0,,
3330,Suresh Verma,Individual,PAN003330,0,0,,
3331,Sneha Menon,Individual,PAN003331,0,0,,
3332,Kavya Nair,NRI Individual,PAN003332,0,0,,1926.0
3333,Kavya Joshi,Individual,PAN003333,0,0,,
3334,Neha Gupta,Individual,PAN003334,0,0,,
3335,Rohan Rao,Individual,PAN003335,0,0,,
3336,Sunrise Infra LLP,Pvt Ltd Company,PAN003336,0,0,,3121.0
3337,Rahul Sharma,Individual,PAN003337,0,0,,
3338,Arjun Reddy,Individual,PAN003338,0,0,,
3339,Sunrise Realty LLP,Pvt Ltd Company,PAN003339,0,0,,3113.0
3340,Suresh Nair,Individual,PAN003340,0,0,,
3341,Meera Desai,NRI Individual,PAN003341,0,0,,2730.0
3342,Ajay Kulkarni,Individual,PAN003342,0,0,,
3343,Arjun Joshi,Individual,PAN003343,0,0,,
3344,Ajay Rao,Individual,PAN003344,0,0,,
3345,Anjali Singh,Individual,PAN003345,0,0,,
3346,Meridian Infra Pvt Ltd,Pvt Ltd Company,PAN003346,0,0,,1016.0
3347,Zenith Consultancy LLP,Partnership Firm,PAN003347,0,0,,3866.0
3348,Divya Singh,Individual,PAN003348,0,0,,
3349,Suresh Pillai,Individual,PAN003349,0,0,,
3350,Alpine Ventures Pvt Ltd,Pvt Ltd Company,PAN003350,0,0,,2757.0
3351,Anjali Reddy,Individual,PAN003351,0,0,,
3352,Pinnacle Ventures Pvt Ltd,LLP,PAN003352,0,0,,993.0
3353,Kavya Singh,Individual,PAN003353,0,0,,
3354,Suresh Gupta,Individual,PAN003354,0,0,,
3355,Karan Pillai,Individual,PAN003355,0,0,,
3356,Pooja Patel,Individual,PAN003356,0,0,,
3357,Orbis Infra Pvt Ltd,Pvt Ltd Company,PAN003357,0,0,,2847.0
3358,Rohan Singh,Individual,PAN003358,0,0,,
3359,Meridian Infra LLP,Partnership Firm,PAN003359,0,0,,2527.0
3360,Zenith Enterprises LLP,Pvt Ltd Company,PAN003360,0,0,,1895.0
3361,Anjali Gupta,Individual,PAN003361,0,0,,
3362,Neha Nair,Individual,PAN003362,0,0,,
3363,Suresh Menon,Individual,PAN003363,0,0,,
3364,Zenith Holdings LLP,Pvt Ltd Company,PAN003364,0,0,,3911.0
3365,Vikram Rao,Individual,PAN003365,0,0,,
3366,Amit Menon,Individual,PAN003366,0,0,,
3367,Orbis Holdings LLP,Pvt Ltd Company,PAN003367,0,0,,3501.0
3368,Pinnacle Consultancy LLP,Pvt Ltd Company,PAN003368,0,0,,3982.0
3369,Karan Joshi,Individual,PAN003369,0,0,,
3370,Amit Rao,Individual,PAN003370,0,0,,
3371,Meera Menon,Individual,PAN003371,0,0,,
3372,Suresh Iyer,Individual,PAN003372,0,0,,
3373,Arjun Menon,Individual,PAN003373,0,0,,
3374,Vertex Enterprises LLP,Pvt Ltd Company,PAN003374,0,0,,2128.0
3375,Suresh Patel,Individual,PAN003375,0,0,,
3376,Horizon Holdings Pvt Ltd,Pvt Ltd Company,PAN003376,0,0,,173.0
3377,Orbis Consultancy LLP,Partnership Firm,PAN003377,0,0,,3712.0
3378,Arjun Kulkarni,Individual,PAN003378,0,0,,
3379,Kavya Singh,Individual,PAN003379,0,0,,
3380,Rohan Patel,Individual,PAN003380,0,0,,
3381,Novus Infra LLP,LLP,PAN003381,0,0,,3018.0
3382,Meera Gupta,Individual,PAN003382,0,0,,
3383,Neha Menon,Individual,PAN003383,0,0,,
3384,Rahul Iyer,Individual,PAN003384,0,0,,
3385,Neha Pillai,Individual,PAN003385,0,0,,
3386,Pooja Nair,Individual,PAN003386,0,0,,
3387,Rahul Nair,Individual,PAN003387,0,0,,
3388,Arjun Patel,Individual,PAN003388,0,0,,
3389,Crestline Realty LLP,Partnership Firm,PAN003389,0,0,,616.0
3390,Vikram Verma,Individual,PAN003390,0,0,,
3391,Amit Reddy,Individual,PAN003391,0,0,,
3392,Horizon Ventures Pvt Ltd,LLP,PAN003392,0,0,,3245.0
3393,Rohan Patel,Individual,PAN003393,0,0,,
3394,Rohan Patel,Individual,PAN003394,0,0,,
3395,Horizon Holdings Pvt Ltd,Trust,PAN003395,0,0,,2637.0
3396,Zenith Holdings Pvt Ltd,LLP,PAN003396,0,0,,1664.0
3397,Divya Rao,Individual,PAN003397,0,0,,
3398,Divya Gupta,Individual,PAN003398,0,0,,
3399,Vikram Pillai,Individual,PAN003399,0,0,,
3400,Priya Reddy,Individual,PAN003400,0,0,,
3401,Vikram Reddy,Individual,PAN003401,0,0,,
3402,Anjali Kulkarni,Individual,PAN003402,0,0,,
3403,Crestline Consultancy LLP,Pvt Ltd Company,PAN003403,0,0,,2953.0
3404,Vertex Trading LLP,Pvt Ltd Company,PAN003404,0,0,,509.0
3405,Summit Trading LLP,LLP,PAN003405,0,0,,2760.0
3406,Suresh Gupta,Individual,PAN003406,0,0,,
3407,Ajay Joshi,Individual,PAN003407,0,0,,
3408,Kavya Gupta,Individual,PAN003408,0,0,,
3409,Arjun Desai,Individual,PAN003409,0,0,,
3410,Orbis Infra LLP,Pvt Ltd Company,PAN003410,0,0,,2684.0
3411,Cascade Consultancy LLP,Pvt Ltd Company,PAN003411,0,0,,2524.0
3412,Pooja Iyer,Individual,PAN003412,0,0,,
3413,Meera Kulkarni,Individual,PAN003413,0,0,,
3414,Novus Infra Pvt Ltd,Trust,PAN003414,0,0,,2547.0
3415,Zenith Holdings LLP,Pvt Ltd Company,PAN003415,0,0,,1751.0
3416,Suresh Menon,Individual,PAN003416,0,0,,
3417,Zenith Enterprises Pvt Ltd,Trust,PAN003417,0,0,,578.0
3418,Divya Pillai,Individual,PAN003418,0,0,,
3419,Meridian Trading Pvt Ltd,Pvt Ltd Company,PAN003419,0,0,,3354.0
3420,Sneha Pillai,Individual,PAN003420,0,0,,
3421,Kavya Kulkarni,Individual,PAN003421,0,0,,
3422,Amit Kulkarni,Individual,PAN003422,0,0,,
3423,Sneha Iyer,Individual,PAN003423,0,0,,
3424,Sneha Verma,Individual,PAN003424,0,0,,
3425,Meridian Ventures LLP,Partnership Firm,PAN003425,0,0,,3457.0
3426,Neha Sharma,Individual,PAN003426,0,0,,
3427,Vikram Joshi,Individual,PAN003427,0,0,,
3428,Crestline Trading Pvt Ltd,Trust,PAN003428,0,0,,939.0
3429,Vikram Rao,Individual,PAN003429,0,0,,
3430,Vertex Infra LLP,LLP,PAN003430,0,0,,3890.0
3431,Ajay Kulkarni,Individual,PAN003431,0,0,,
3432,Rahul Iyer,Individual,PAN003432,0,0,,
3433,Alpine Realty LLP,Pvt Ltd Company,PAN003433,0,0,,1614.0
3434,Crestline Enterprises Pvt Ltd,LLP,PAN003434,0,0,,3304.0
3435,Cascade Infra Pvt Ltd,Pvt Ltd Company,PAN003435,0,0,,53.0
3436,Vikram Sharma,Individual,PAN003436,0,0,,
3437,Sunrise Trading Pvt Ltd,LLP,PAN003437,0,0,,3574.0
3438,Priya Singh,Individual,PAN003438,0,0,,
3439,Vikram Singh,Individual,PAN003439,0,0,,
3440,Meera Joshi,Individual,PAN003440,0,0,,
3441,Sneha Verma,Individual,PAN003441,0,0,,
3442,Suresh Sharma,Individual,PAN003442,0,0,,
3443,Amit Sharma,Individual,PAN003443,0,0,,
3444,Crestline Consultancy Pvt Ltd,Partnership Firm,PAN003444,0,0,,480.0
3445,Neha Menon,Individual,PAN003445,0,0,,
3446,Suresh Singh,Individual,PAN003446,0,0,,
3447,Rahul Rao,Individual,PAN003447,0,0,,
3448,Karan Kulkarni,Individual,PAN003448,0,0,,
3449,Amit Joshi,Individual,PAN003449,0,0,,
3450,Neha Sharma,Individual,PAN003450,0,0,,
3451,Amit Patel,Individual,PAN003451,0,0,,
3452,Pinnacle Infra Pvt Ltd,LLP,PAN003452,0,0,,961.0
3453,Ajay Gupta,Individual,PAN003453,0,0,,
3454,Neha Desai,NRI Individual,PAN003454,0,0,,3459.0
3455,Anjali Sharma,Individual,PAN003455,0,0,,
3456,Kavya Reddy,Individual,PAN003456,0,0,,
3457,Kavya Rao,Individual,PAN003457,0,0,,
3458,Sunrise Consultancy Pvt Ltd,Partnership Firm,PAN003458,0,0,,2437.0
3459,Alpine Realty Pvt Ltd,LLP,PAN003459,0,0,,660.0
3460,Divya Gupta,Individual,PAN003460,0,0,,
3461,Summit Holdings Pvt Ltd,Partnership Firm,PAN003461,0,0,,2691.0
3462,Novus Holdings Pvt Ltd,Pvt Ltd Company,PAN003462,0,0,,1696.0
3463,Ajay Patel,Individual,PAN003463,0,0,,
3464,Crestline Consultancy Pvt Ltd,Partnership Firm,PAN003464,0,0,,3110.0
3465,Kavya Gupta,Individual,PAN003465,0,0,,
3466,Neha Rao,Individual,PAN003466,0,0,,
3467,Rohan Reddy,NRI Individual,PAN003467,0,0,,3113.0
3468,Sunrise Enterprises LLP,LLP,PAN003468,0,0,,584.0
3469,Pooja Reddy,Individual,PAN003469,0,0,,
3470,Suresh Singh,Individual,PAN003470,0,0,,
3471,Karan Singh,Individual,PAN003471,0,0,,
3472,Arjun Sharma,Individual,PAN003472,0,0,,
3473,Crestline Realty Pvt Ltd,Pvt Ltd Company,PAN003473,0,0,,3006.0
3474,Orbis Enterprises Pvt Ltd,Pvt Ltd Company,PAN003474,0,0,,416.0
3475,Neha Singh,Individual,PAN003475,0,0,,
3476,Priya Singh,Individual,PAN003476,0,0,,
3477,Neha Singh,Individual,PAN003477,0,0,,
3478,Novus Trading Pvt Ltd,Pvt Ltd Company,PAN003478,0,0,,2446.0
3479,Priya Reddy,Individual,PAN003479,0,0,,
3480,Neha Singh,Individual,PAN003480,0,0,,
3481,Pooja Reddy,Individual,PAN003481,0,0,,
3482,Ajay Rao,Individual,PAN003482,0,0,,
3483,Pooja Desai,Individual,PAN003483,0,0,,
3484,Rohan Nair,Individual,PAN003484,0,0,,
3485,Pooja Reddy,Individual,PAN003485,0,0,,
3486,Kavya Iyer,Individual,PAN003486,0,0,,
3487,Meera Menon,Individual,PAN003487,0,0,,
3488,Anjali Iyer,Individual,PAN003488,0,0,,
3489,Rohan Iyer,Individual,PAN003489,0,0,,
3490,Novus Ventures Pvt Ltd,LLP,PAN003490,0,0,,2511.0
3491,Anjali Nair,Individual,PAN003491,0,0,,
3492,Pooja Desai,Individual,PAN003492,0,0,,
3493,Amit Patel,Individual,PAN003493,0,0,,
3494,Anjali Kulkarni,Individual,PAN003494,0,0,,
3495,Alpine Infra LLP,Trust,PAN003495,0,0,,2121.0
3496,Amit Sharma,Individual,PAN003496,0,0,,
3497,Crestline Realty LLP,Partnership Firm,PAN003497,0,0,,3589.0
3498,Meera Pillai,Individual,PAN003498,0,0,,
3499,Cascade Consultancy LLP,LLP,PAN003499,0,0,,3808.0
3500,Sunrise Holdings Pvt Ltd,Pvt Ltd Company,PAN003500,0,0,,178.0
3501,Neha Reddy,Individual,PAN003501,0,0,,
3502,Summit Consultancy LLP,Pvt Ltd Company,PAN003502,0,0,,3720.0
3503,Meridian Consultancy Pvt Ltd,Pvt Ltd Company,PAN003503,0,0,,561.0
3504,Kavya Kulkarni,Individual,PAN003504,0,0,,
3505,Pooja Desai,Individual,PAN003505,0,0,,
3506,Arjun Rao,Individual,PAN003506,0,0,,
3507,Vikram Reddy,Individual,PAN003507,0,0,,
3508,Orbis Ventures LLP,Pvt Ltd Company,PAN003508,0,0,,3527.0
3509,Meera Menon,Individual,PAN003509,0,0,,
3510,Arjun Nair,NRI Individual,PAN003510,0,0,,2038.0
3511,Suresh Sharma,Individual,PAN003511,0,0,,
3512,Anjali Singh,Individual,PAN003512,0,0,,
3513,Anjali Gupta,Individual,PAN003513,0,0,,
3514,Alpine Enterprises LLP,Pvt Ltd Company,PAN003514,0,0,,1026.0
3515,Alpine Trading LLP,LLP,PAN003515,0,0,,3644.0
3516,Anjali Gupta,Individual,PAN003516,0,0,,
3517,Karan Iyer,Individual,PAN003517,0,0,,
3518,Kavya Rao,Individual,PAN003518,0,0,,
3519,Pooja Kulkarni,Individual,PAN003519,0,0,,
3520,Vikram Pillai,Individual,PAN003520,0,0,,
3521,Cascade Holdings LLP,LLP,PAN003521,0,0,,1977.0
3522,Pinnacle Trading LLP,Partnership Firm,PAN003522,0,0,,1854.0
3523,Meera Nair,Individual,PAN003523,0,0,,
3524,Priya Reddy,NRI Individual,PAN003524,0,0,,613.0
3525,Amit Iyer,Individual,PAN003525,0,0,,
3526,Anjali Reddy,Individual,PAN003526,0,0,,
3527,Amit Singh,Individual,PAN003527,0,0,,
3528,Rohan Pillai,Individual,PAN003528,0,0,,
3529,Amit Pillai,Individual,PAN003529,0,0,,
3530,Ajay Singh,Individual,PAN003530,0,0,,
3531,Suresh Gupta,NRI Individual,PAN003531,0,0,,3985.0
3532,Pooja Sharma,Individual,PAN003532,0,0,,
3533,Meera Gupta,Individual,PAN003533,0,0,,
3534,Priya Menon,Individual,PAN003534,0,0,,
3535,Rohan Nair,Individual,PAN003535,0,0,,
3536,Arjun Desai,Individual,PAN003536,0,0,,
3537,Divya Sharma,Individual,PAN003537,0,0,,
3538,Orbis Trading Pvt Ltd,Partnership Firm,PAN003538,0,0,,626.0
3539,Divya Verma,Individual,PAN003539,0,0,,
3540,Neha Patel,Individual,PAN003540,0,0,,
3541,Arjun Nair,NRI Individual,PAN003541,0,0,,3877.0
3542,Vertex Holdings LLP,Pvt Ltd Company,PAN003542,0,0,,888.0
3543,Orbis Ventures Pvt Ltd,Partnership Firm,PAN003543,0,0,,334.0
3544,Divya Reddy,NRI Individual,PAN003544,0,0,,2726.0
3545,Vikram Rao,Individual,PAN003545,0,0,,
3546,Rohan Nair,Individual,PAN003546,0,0,,
3547,Pooja Menon,Individual,PAN003547,0,0,,
3548,Priya Gupta,NRI Individual,PAN003548,0,0,,1242.0
3549,Neha Nair,NRI Individual,PAN003549,0,0,,1540.0
3550,Kavya Sharma,Individual,PAN003550,0,0,,
3551,Rohan Joshi,Individual,PAN003551,0,0,,
3552,Novus Enterprises Pvt Ltd,Pvt Ltd Company,PAN003552,0,0,,2716.0
3553,Meera Reddy,Individual,PAN003553,0,0,,
3554,Suresh Reddy,Individual,PAN003554,0,0,,
3555,Divya Desai,Individual,PAN003555,0,0,,
3556,Meridian Infra Pvt Ltd,Partnership Firm,PAN003556,0,0,,1950.0
3557,Alpine Infra LLP,LLP,PAN003557,0,0,,2247.0
3558,Rahul Patel,Individual,PAN003558,0,0,,
3559,Karan Reddy,Individual,PAN003559,0,0,,
3560,Meera Kulkarni,Individual,PAN003560,0,0,,
3561,Arjun Joshi,Individual,PAN003561,0,0,,
3562,Rohan Iyer,Individual,PAN003562,0,0,,
3563,Horizon Holdings Pvt Ltd,Pvt Ltd Company,PAN003563,0,0,,1678.0
3564,Sneha Rao,Individual,PAN003564,0,0,,
3565,Ajay Joshi,Individual,PAN003565,0,0,,
3566,Vertex Trading LLP,Pvt Ltd Company,PAN003566,0,0,,1920.0
3567,Karan Rao,Individual,PAN003567,0,0,,
3568,Kavya Menon,Individual,PAN003568,0,0,,
3569,Pooja Iyer,Individual,PAN003569,0,0,,
3570,Vikram Rao,Individual,PAN003570,0,0,,
3571,Ajay Sharma,Individual,PAN003571,0,0,,
3572,Vikram Kulkarni,Individual,PAN003572,0,0,,
3573,Suresh Reddy,Individual,PAN003573,0,0,,
3574,Rohan Desai,Individual,PAN003574,0,0,,
3575,Priya Desai,Individual,PAN003575,0,0,,
3576,Pooja Joshi,Individual,PAN003576,0,0,,
3577,Summit Trading Pvt Ltd,Pvt Ltd Company,PAN003577,0,0,,1050.0
3578,Priya Rao,Individual,PAN003578,0,0,,
3579,Rahul Joshi,Individual,PAN003579,0,0,,
3580,Anjali Desai,Individual,PAN003580,0,0,,
3581,Sunrise Enterprises LLP,LLP,PAN003581,0,0,,2678.0
3582,Divya Nair,Individual,PAN003582,0,0,,
3583,Pooja Nair,Individual,PAN003583,0,0,,
3584,Pooja Reddy,Individual,PAN003584,0,0,,
3585,Priya Sharma,NRI Individual,PAN003585,0,0,,108.0
3586,Summit Enterprises LLP,Pvt Ltd Company,PAN003586,0,0,,397.0
3587,Vikram Iyer,Individual,PAN003587,0,0,,
3588,Sunrise Realty LLP,Trust,PAN003588,0,0,,1752.0
3589,Cascade Consultancy LLP,Pvt Ltd Company,PAN003589,0,0,,2789.0
3590,Vikram Patel,Individual,PAN003590,0,0,,
3591,Vertex Ventures Pvt Ltd,LLP,PAN003591,0,0,,371.0
3592,Alpine Consultancy Pvt Ltd,LLP,PAN003592,0,0,,1204.0
3593,Sneha Rao,Individual,PAN003593,0,0,,
3594,Crestline Ventures Pvt Ltd,Partnership Firm,PAN003594,0,0,,2783.0
3595,Vertex Trading Pvt Ltd,Trust,PAN003595,0,0,,2453.0
3596,Suresh Menon,Individual,PAN003596,0,0,,
3597,Arjun Joshi,Individual,PAN003597,0,0,,
3598,Suresh Sharma,Individual,PAN003598,0,0,,
3599,Arjun Patel,Individual,PAN003599,0,0,,
3600,Anjali Kulkarni,Individual,PAN003600,0,0,,
3601,Meera Nair,Individual,PAN003601,0,0,,
3602,Meera Pillai,Individual,PAN003602,0,0,,
3603,Suresh Gupta,Individual,PAN003603,0,0,,
3604,Summit Consultancy Pvt Ltd,LLP,PAN003604,0,0,,1489.0
3605,Rohan Verma,Individual,PAN003605,0,0,,
3606,Rahul Sharma,Individual,PAN003606,0,0,,
3607,Rahul Rao,Individual,PAN003607,0,0,,
3608,Priya Pillai,Individual,PAN003608,0,0,,
3609,Arjun Gupta,Individual,PAN003609,0,0,,
3610,Divya Pillai,Individual,PAN003610,0,0,,
3611,Kavya Rao,Individual,PAN003611,0,0,,
3612,Anjali Singh,Individual,PAN003612,0,0,,
3613,Amit Desai,Individual,PAN003613,0,0,,
3614,Novus Trading Pvt Ltd,Pvt Ltd Company,PAN003614,0,0,,3016.0
3615,Rahul Singh,Individual,PAN003615,0,0,,
3616,Neha Singh,Individual,PAN003616,0,0,,
3617,Divya Pillai,Individual,PAN003617,0,0,,
3618,Rohan Menon,Individual,PAN003618,0,0,,
3619,Divya Desai,Individual,PAN003619,0,0,,
3620,Pinnacle Ventures LLP,Pvt Ltd Company,PAN003620,0,0,,2801.0
3621,Rahul Nair,Individual,PAN003621,0,0,,
3622,Pooja Nair,Individual,PAN003622,0,0,,
3623,Zenith Ventures LLP,LLP,PAN003623,0,0,,1898.0
3624,Suresh Iyer,Individual,PAN003624,0,0,,
3625,Suresh Nair,Individual,PAN003625,0,0,,
3626,Kavya Verma,Individual,PAN003626,0,0,,
3627,Anjali Patel,Individual,PAN003627,0,0,,
3628,Cascade Trading LLP,Trust,PAN003628,0,0,,2925.0
3629,Orbis Enterprises LLP,Partnership Firm,PAN003629,0,0,,1239.0
3630,Ajay Nair,Individual,PAN003630,0,0,,
3631,Rohan Sharma,Individual,PAN003631,0,0,,
3632,Ajay Kulkarni,Individual,PAN003632,0,0,,
3633,Arjun Patel,Individual,PAN003633,0,0,,
3634,Divya Reddy,Individual,PAN003634,0,0,,
3635,Rohan Rao,Individual,PAN003635,0,0,,
3636,Karan Iyer,Individual,PAN003636,0,0,,
3637,Rahul Rao,Individual,PAN003637,0,0,,
3638,Vikram Menon,NRI Individual,PAN003638,0,0,,2486.0
3639,Amit Singh,Individual,PAN003639,0,0,,
3640,Karan Joshi,Individual,PAN003640,0,0,,
3641,Pinnacle Realty Pvt Ltd,Partnership Firm,PAN003641,0,0,,3046.0
3642,Neha Nair,Individual,PAN003642,0,0,,
3643,Vertex Consultancy LLP,LLP,PAN003643,0,0,,537.0
3644,Arjun Sharma,Individual,PAN003644,0,0,,
3645,Priya Patel,Individual,PAN003645,0,0,,
3646,Pinnacle Holdings Pvt Ltd,Pvt Ltd Company,PAN003646,0,0,,62.0
3647,Anjali Nair,Individual,PAN003647,0,0,,
3648,Neha Kulkarni,Individual,PAN003648,0,0,,
3649,Pinnacle Trading Pvt Ltd,Partnership Firm,PAN003649,0,0,,1716.0
3650,Rohan Joshi,Individual,PAN003650,0,0,,
3651,Pooja Rao,Individual,PAN003651,0,0,,
3652,Novus Realty LLP,Partnership Firm,PAN003652,0,0,,142.0
3653,Anjali Rao,Individual,PAN003653,0,0,,
3654,Neha Joshi,Individual,PAN003654,0,0,,
3655,Suresh Singh,Individual,PAN003655,0,0,,
3656,Vikram Reddy,Individual,PAN003656,0,0,,
3657,Sneha Verma,NRI Individual,PAN003657,0,0,,3922.0
3658,Sunrise Consultancy LLP,Pvt Ltd Company,PAN003658,0,0,,3872.0
3659,Vikram Patel,Individual,PAN003659,0,0,,
3660,Anjali Sharma,Individual,PAN003660,0,0,,
3661,Rohan Gupta,Individual,PAN003661,0,0,,
3662,Sunrise Realty LLP,LLP,PAN003662,0,0,,3912.0
3663,Pooja Gupta,Individual,PAN003663,0,0,,
3664,Vertex Trading Pvt Ltd,LLP,PAN003664,0,0,,3571.0
3665,Divya Reddy,Individual,PAN003665,0,0,,
3666,Neha Joshi,Individual,PAN003666,0,0,,
3667,Crestline Infra LLP,Partnership Firm,PAN003667,0,0,,2144.0
3668,Rahul Sharma,Individual,PAN003668,0,0,,
3669,Amit Verma,Individual,PAN003669,0,0,,
3670,Arjun Nair,Individual,PAN003670,0,0,,
3671,Anjali Gupta,Individual,PAN003671,0,0,,
3672,Neha Patel,Individual,PAN003672,0,0,,
3673,Cascade Consultancy Pvt Ltd,Pvt Ltd Company,PAN003673,0,0,,3629.0
3674,Divya Desai,Individual,PAN003674,0,0,,
3675,Novus Infra Pvt Ltd,LLP,PAN003675,0,0,,3772.0
3676,Suresh Joshi,NRI Individual,PAN003676,0,0,,3764.0
3677,Vertex Trading Pvt Ltd,LLP,PAN003677,0,0,,2673.0
3678,Orbis Infra Pvt Ltd,Pvt Ltd Company,PAN003678,0,0,,1247.0
3679,Vertex Consultancy LLP,Partnership Firm,PAN003679,0,0,,626.0
3680,Rahul Singh,Individual,PAN003680,0,0,,
3681,Rahul Iyer,Individual,PAN003681,0,0,,
3682,Horizon Trading LLP,Pvt Ltd Company,PAN003682,0,0,,2519.0
3683,Pinnacle Enterprises LLP,LLP,PAN003683,0,0,,1742.0
3684,Rahul Patel,Individual,PAN003684,0,0,,
3685,Karan Desai,Individual,PAN003685,0,0,,
3686,Kavya Desai,Individual,PAN003686,0,0,,
3687,Orbis Holdings LLP,Pvt Ltd Company,PAN003687,0,0,,2919.0
3688,Rahul Patel,Individual,PAN003688,0,0,,
3689,Sunrise Enterprises LLP,Pvt Ltd Company,PAN003689,0,0,,2578.0
3690,Horizon Ventures Pvt Ltd,LLP,PAN003690,0,0,,1669.0
3691,Rahul Desai,Individual,PAN003691,0,0,,
3692,Vikram Desai,Individual,PAN003692,0,0,,
3693,Ajay Singh,Individual,PAN003693,0,0,,
3694,Crestline Holdings Pvt Ltd,Partnership Firm,PAN003694,0,0,,3321.0
3695,Priya Pillai,Individual,PAN003695,0,0,,
3696,Zenith Enterprises LLP,LLP,PAN003696,0,0,,1516.0
3697,Sneha Kulkarni,Individual,PAN003697,0,0,,
3698,Crestline Infra Pvt Ltd,LLP,PAN003698,0,0,,1130.0
3699,Neha Gupta,Individual,PAN003699,0,0,,
3700,Priya Menon,Individual,PAN003700,0,0,,
3701,Orbis Realty Pvt Ltd,Pvt Ltd Company,PAN003701,0,0,,919.0
3702,Sunrise Realty Pvt Ltd,Pvt Ltd Company,PAN003702,0,0,,2338.0
3703,Alpine Infra Pvt Ltd,LLP,PAN003703,0,0,,653.0
3704,Meera Verma,Individual,PAN003704,0,0,,
3705,Meridian Infra LLP,LLP,PAN003705,0,0,,368.0
3706,Ajay Reddy,Individual,PAN003706,0,0,,
3707,Pooja Nair,Individual,PAN003707,0,0,,
3708,Horizon Enterprises Pvt Ltd,Partnership Firm,PAN003708,0,0,,49.0
3709,Crestline Enterprises LLP,Pvt Ltd Company,PAN003709,0,0,,2764.0
3710,Anjali Reddy,Individual,PAN003710,0,0,,
3711,Orbis Enterprises Pvt Ltd,Trust,PAN003711,0,0,,1701.0
3712,Rahul Joshi,Individual,PAN003712,0,0,,
3713,Kavya Desai,Individual,PAN003713,0,0,,
3714,Anjali Gupta,Individual,PAN003714,0,0,,
3715,Anjali Pillai,Individual,PAN003715,0,0,,
3716,Pooja Reddy,Individual,PAN003716,0,0,,
3717,Rohan Joshi,Individual,PAN003717,0,0,,
3718,Pooja Joshi,Individual,PAN003718,0,0,,
3719,Anjali Verma,Individual,PAN003719,0,0,,
3720,Rohan Pillai,Individual,PAN003720,0,0,,
3721,Divya Pillai,Individual,PAN003721,0,0,,
3722,Sneha Iyer,Individual,PAN003722,0,0,,
3723,Vertex Realty Pvt Ltd,LLP,PAN003723,0,0,,423.0
3724,Ajay Menon,NRI Individual,PAN003724,0,0,,2561.0
3725,Sneha Reddy,Individual,PAN003725,0,0,,
3726,Zenith Realty Pvt Ltd,LLP,PAN003726,0,0,,2525.0
3727,Suresh Iyer,NRI Individual,PAN003727,0,0,,3417.0
3728,Vikram Kulkarni,Individual,PAN003728,0,0,,
3729,Divya Kulkarni,Individual,PAN003729,0,0,,
3730,Sunrise Holdings Pvt Ltd,LLP,PAN003730,0,0,,3617.0
3731,Sneha Menon,Individual,PAN003731,0,0,,
3732,Pinnacle Consultancy LLP,Pvt Ltd Company,PAN003732,0,0,,2008.0
3733,Rohan Kulkarni,NRI Individual,PAN003733,0,0,,3373.0
3734,Sneha Desai,Individual,PAN003734,0,0,,
3735,Karan Singh,Individual,PAN003735,0,0,,
3736,Kavya Reddy,Individual,PAN003736,0,0,,
3737,Cascade Ventures Pvt Ltd,Pvt Ltd Company,PAN003737,0,0,,1066.0
3738,Karan Desai,Individual,PAN003738,0,0,,
3739,Summit Holdings LLP,Pvt Ltd Company,PAN003739,0,0,,3346.0
3740,Rahul Gupta,Individual,PAN003740,0,0,,
3741,Meera Patel,Individual,PAN003741,0,0,,
3742,Sneha Singh,Individual,PAN003742,0,0,,
3743,Pinnacle Infra Pvt Ltd,Trust,PAN003743,0,0,,1096.0
3744,Alpine Realty LLP,Pvt Ltd Company,PAN003744,0,0,,2145.0
3745,Sunrise Infra LLP,Pvt Ltd Company,PAN003745,0,0,,3365.0
3746,Vikram Reddy,Individual,PAN003746,0,0,,
3747,Kavya Sharma,Individual,PAN003747,0,0,,
3748,Summit Realty Pvt Ltd,Partnership Firm,PAN003748,0,0,,3069.0
3749,Arjun Reddy,NRI Individual,PAN003749,0,0,,240.0
3750,Priya Singh,Individual,PAN003750,0,0,,
3751,Vertex Consultancy Pvt Ltd,Pvt Ltd Company,PAN003751,0,0,,763.0
3752,Zenith Trading Pvt Ltd,LLP,PAN003752,0,0,,3428.0
3753,Divya Pillai,NRI Individual,PAN003753,0,0,,3739.0
3754,Meridian Infra LLP,LLP,PAN003754,0,0,,2615.0
3755,Meera Pillai,Individual,PAN003755,0,0,,
3756,Pinnacle Consultancy Pvt Ltd,Pvt Ltd Company,PAN003756,0,0,,2537.0
3757,Pooja Joshi,Individual,PAN003757,0,0,,
3758,Horizon Consultancy Pvt Ltd,Partnership Firm,PAN003758,0,0,,392.0
3759,Divya Verma,Individual,PAN003759,0,0,,
3760,Alpine Consultancy Pvt Ltd,Pvt Ltd Company,PAN003760,0,0,,1994.0
3761,Rahul Singh,Individual,PAN003761,0,0,,
3762,Priya Nair,Individual,PAN003762,0,0,,
3763,Pinnacle Infra LLP,Partnership Firm,PAN003763,0,0,,3129.0
3764,Ajay Desai,Individual,PAN003764,0,0,,
3765,Novus Enterprises Pvt Ltd,LLP,PAN003765,0,0,,2671.0
3766,Vikram Sharma,Individual,PAN003766,0,0,,
3767,Ajay Rao,Individual,PAN003767,0,0,,
3768,Divya Sharma,Individual,PAN003768,0,0,,
3769,Sneha Kulkarni,Individual,PAN003769,0,0,,
3770,Sunrise Trading LLP,Partnership Firm,PAN003770,0,0,,819.0
3771,Anjali Gupta,Individual,PAN003771,0,0,,
3772,Cascade Realty Pvt Ltd,Trust,PAN003772,0,0,,639.0
3773,Anjali Kulkarni,Individual,PAN003773,0,0,,
3774,Novus Holdings LLP,Pvt Ltd Company,PAN003774,0,0,,1071.0
3775,Amit Verma,Individual,PAN003775,0,0,,
3776,Alpine Enterprises Pvt Ltd,Partnership Firm,PAN003776,0,0,,490.0
3777,Neha Desai,Individual,PAN003777,0,0,,
3778,Alpine Holdings LLP,Pvt Ltd Company,PAN003778,0,0,,3657.0
3779,Novus Ventures LLP,Pvt Ltd Company,PAN003779,0,0,,1759.0
3780,Horizon Holdings Pvt Ltd,LLP,PAN003780,0,0,,638.0
3781,Amit Patel,Individual,PAN003781,0,0,,
3782,Arjun Desai,Individual,PAN003782,0,0,,
3783,Amit Rao,Individual,PAN003783,0,0,,
3784,Horizon Infra Pvt Ltd,Trust,PAN003784,0,0,,3661.0
3785,Meera Rao,Individual,PAN003785,0,0,,
3786,Arjun Pillai,Individual,PAN003786,0,0,,
3787,Rahul Menon,Individual,PAN003787,0,0,,
3788,Anjali Verma,Individual,PAN003788,0,0,,
3789,Kavya Gupta,Individual,PAN003789,0,0,,
3790,Sneha Nair,Individual,PAN003790,0,0,,
3791,Anjali Kulkarni,Individual,PAN003791,0,0,,
3792,Pooja Gupta,Individual,PAN003792,0,0,,
3793,Pooja Desai,Individual,PAN003793,0,0,,
3794,Sneha Pillai,Individual,PAN003794,0,0,,
3795,Arjun Gupta,Individual,PAN003795,0,0,,
3796,Pooja Reddy,Individual,PAN003796,0,0,,
3797,Vertex Ventures Pvt Ltd,Pvt Ltd Company,PAN003797,0,0,,223.0
3798,Pooja Joshi,Individual,PAN003798,0,0,,
3799,Ajay Reddy,Individual,PAN003799,0,0,,
3800,Suresh Pillai,Individual,PAN003800,0,0,,
3801,Novus Infra Pvt Ltd,Pvt Ltd Company,PAN003801,0,0,,2064.0
3802,Summit Realty Pvt Ltd,Pvt Ltd Company,PAN003802,0,0,,3012.0
3803,Meera Verma,Individual,PAN003803,0,0,,
3804,Pooja Sharma,Individual,PAN003804,0,0,,
3805,Zenith Infra LLP,Pvt Ltd Company,PAN003805,0,0,,1380.0
3806,Alpine Consultancy LLP,LLP,PAN003806,0,0,,961.0
3807,Crestline Ventures LLP,LLP,PAN003807,0,0,,3167.0
3808,Neha Singh,NRI Individual,PAN003808,0,0,,3362.0
3809,Summit Enterprises LLP,LLP,PAN003809,0,0,,2921.0
3810,Kavya Reddy,Individual,PAN003810,0,0,,
3811,Sneha Joshi,Individual,PAN003811,0,0,,
3812,Karan Reddy,Individual,PAN003812,0,0,,
3813,Orbis Consultancy LLP,Partnership Firm,PAN003813,0,0,,3964.0
3814,Amit Pillai,Individual,PAN003814,0,0,,
3815,Sneha Sharma,Individual,PAN003815,0,0,,
3816,Pooja Verma,NRI Individual,PAN003816,0,0,,1045.0
3817,Amit Menon,Individual,PAN003817,0,0,,
3818,Rohan Joshi,Individual,PAN003818,0,0,,
3819,Divya Menon,Individual,PAN003819,0,0,,
3820,Rahul Joshi,Individual,PAN003820,0,0,,
3821,Meera Reddy,Individual,PAN003821,0,0,,
3822,Karan Kulkarni,Individual,PAN003822,0,0,,
3823,Pooja Patel,Individual,PAN003823,0,0,,
3824,Crestline Holdings Pvt Ltd,Pvt Ltd Company,PAN003824,0,0,,3979.0
3825,Karan Sharma,Individual,PAN003825,0,0,,
3826,Amit Singh,Individual,PAN003826,0,0,,
3827,Amit Menon,Individual,PAN003827,0,0,,
3828,Anjali Pillai,Individual,PAN003828,0,0,,
3829,Karan Pillai,Individual,PAN003829,0,0,,
3830,Crestline Ventures Pvt Ltd,Trust,PAN003830,0,0,,1070.0
3831,Amit Kulkarni,Individual,PAN003831,0,0,,
3832,Rahul Gupta,Individual,PAN003832,0,0,,
3833,Cascade Ventures Pvt Ltd,LLP,PAN003833,0,0,,2536.0
3834,Alpine Ventures Pvt Ltd,LLP,PAN003834,0,0,,2466.0
3835,Neha Gupta,Individual,PAN003835,0,0,,
3836,Vertex Holdings Pvt Ltd,Pvt Ltd Company,PAN003836,0,0,,1440.0
3837,Rohan Verma,Individual,PAN003837,0,0,,
3838,Ajay Gupta,Individual,PAN003838,0,0,,
3839,Alpine Trading Pvt Ltd,Pvt Ltd Company,PAN003839,0,0,,698.0
3840,Pooja Rao,Individual,PAN003840,0,0,,
3841,Crestline Infra LLP,Pvt Ltd Company,PAN003841,0,0,,3247.0
3842,Amit Singh,Individual,PAN003842,0,0,,
3843,Sunrise Infra Pvt Ltd,Pvt Ltd Company,PAN003843,0,0,,964.0
3844,Karan Rao,Individual,PAN003844,0,0,,
3845,Ajay Joshi,Individual,PAN003845,0,0,,
3846,Orbis Holdings Pvt Ltd,LLP,PAN003846,0,0,,2328.0
3847,Sunrise Holdings LLP,LLP,PAN003847,0,0,,1414.0
3848,Pooja Reddy,Individual,PAN003848,0,0,,
3849,Kavya Iyer,Individual,PAN003849,0,0,,
3850,Novus Realty LLP,Pvt Ltd Company,PAN003850,0,0,,1643.0
3851,Pinnacle Trading Pvt Ltd,Pvt Ltd Company,PAN003851,0,0,,3706.0
3852,Rahul Patel,Individual,PAN003852,0,0,,
3853,Summit Holdings LLP,LLP,PAN003853,0,0,,1007.0
3854,Pooja Patel,Individual,PAN003854,0,0,,
3855,Crestline Trading LLP,Pvt Ltd Company,PAN003855,0,0,,3900.0
3856,Neha Rao,Individual,PAN003856,0,0,,
3857,Divya Verma,Individual,PAN003857,0,0,,
3858,Suresh Verma,Individual,PAN003858,0,0,,
3859,Rahul Desai,Individual,PAN003859,0,0,,
3860,Horizon Ventures Pvt Ltd,Partnership Firm,PAN003860,0,0,,1141.0
3861,Amit Kulkarni,Individual,PAN003861,0,0,,
3862,Priya Pillai,Individual,PAN003862,0,0,,
3863,Zenith Consultancy Pvt Ltd,Partnership Firm,PAN003863,0,0,,527.0
3864,Suresh Pillai,Individual,PAN003864,0,0,,
3865,Rohan Gupta,Individual,PAN003865,0,0,,
3866,Amit Reddy,Individual,PAN003866,0,0,,
3867,Sunrise Realty LLP,LLP,PAN003867,0,0,,2499.0
3868,Anjali Joshi,Individual,PAN003868,0,0,,
3869,Neha Kulkarni,Individual,PAN003869,0,0,,
3870,Sunrise Ventures Pvt Ltd,LLP,PAN003870,0,0,,1179.0
3871,Neha Singh,Individual,PAN003871,0,0,,
3872,Suresh Pillai,Individual,PAN003872,0,0,,
3873,Arjun Gupta,Individual,PAN003873,0,0,,
3874,Ajay Menon,Individual,PAN003874,0,0,,
3875,Meera Iyer,Individual,PAN003875,0,0,,
3876,Amit Kulkarni,Individual,PAN003876,0,0,,
3877,Vikram Gupta,Individual,PAN003877,0,0,,
3878,Priya Verma,Individual,PAN003878,0,0,,
3879,Vertex Realty LLP,Pvt Ltd Company,PAN003879,0,0,,949.0
3880,Rohan Reddy,Individual,PAN003880,0,0,,
3881,Sneha Reddy,Individual,PAN003881,0,0,,
3882,Rahul Menon,Individual,PAN003882,0,0,,
3883,Vikram Gupta,NRI Individual,PAN003883,0,0,,2139.0
3884,Sneha Joshi,Individual,PAN003884,0,0,,
3885,Crestline Holdings Pvt Ltd,LLP,PAN003885,0,0,,1398.0
3886,Meridian Holdings Pvt Ltd,Partnership Firm,PAN003886,0,0,,2141.0
3887,Sunrise Trading Pvt Ltd,LLP,PAN003887,0,0,,2771.0
3888,Meera Desai,Individual,PAN003888,0,0,,
3889,Sneha Iyer,Individual,PAN003889,0,0,,
3890,Zenith Consultancy Pvt Ltd,Partnership Firm,PAN003890,0,0,,1133.0
3891,Anjali Iyer,Individual,PAN003891,0,0,,
3892,Alpine Infra Pvt Ltd,Trust,PAN003892,0,0,,3186.0
3893,Rahul Sharma,Individual,PAN003893,0,0,,
3894,Suresh Reddy,Individual,PAN003894,0,0,,
3895,Vertex Consultancy LLP,LLP,PAN003895,0,0,,1487.0
3896,Ajay Iyer,Individual,PAN003896,0,0,,
3897,Rohan Kulkarni,NRI Individual,PAN003897,0,0,,1254.0
3898,Ajay Iyer,NRI Individual,PAN003898,0,0,,972.0
3899,Arjun Gupta,Individual,PAN003899,0,0,,
3900,Sunrise Infra Pvt Ltd,Partnership Firm,PAN003900,0,0,,1253.0
3901,Crestline Enterprises LLP,Partnership Firm,PAN003901,0,0,,2462.0
3902,Arjun Sharma,Individual,PAN003902,0,0,,
3903,Rohan Sharma,Individual,PAN003903,0,0,,
3904,Sneha Pillai,Individual,PAN003904,0,0,,
3905,Kavya Pillai,Individual,PAN003905,0,0,,
3906,Arjun Rao,Individual,PAN003906,0,0,,
3907,Ajay Gupta,Individual,PAN003907,0,0,,
3908,Arjun Menon,Individual,PAN003908,0,0,,
3909,Vertex Ventures LLP,Partnership Firm,PAN003909,0,0,,919.0
3910,Divya Iyer,Individual,PAN003910,0,0,,
3911,Kavya Singh,Individual,PAN003911,0,0,,
3912,Meridian Holdings LLP,LLP,PAN003912,0,0,,50.0
3913,Horizon Enterprises LLP,Trust,PAN003913,0,0,,3084.0
3914,Suresh Joshi,Individual,PAN003914,0,0,,
3915,Pinnacle Holdings LLP,Pvt Ltd Company,PAN003915,0,0,,410.0
3916,Crestline Holdings Pvt Ltd,Pvt Ltd Company,PAN003916,0,0,,1926.0
3917,Cascade Trading LLP,Trust,PAN003917,0,0,,2538.0
3918,Neha Kulkarni,Individual,PAN003918,0,0,,
3919,Orbis Infra LLP,Pvt Ltd Company,PAN003919,0,0,,2906.0
3920,Novus Ventures LLP,Pvt Ltd Company,PAN003920,0,0,,398.0
3921,Meridian Realty Pvt Ltd,Pvt Ltd Company,PAN003921,0,0,,3503.0
3922,Kavya Sharma,Individual,PAN003922,0,0,,
3923,Divya Verma,NRI Individual,PAN003923,0,0,,3989.0
3924,Cascade Trading LLP,Pvt Ltd Company,PAN003924,0,0,,505.0
3925,Amit Joshi,Individual,PAN003925,0,0,,
3926,Priya Kulkarni,Individual,PAN003926,0,0,,
3927,Vikram Verma,Individual,PAN003927,0,0,,
3928,Amit Kulkarni,Individual,PAN003928,0,0,,
3929,Meera Reddy,Individual,PAN003929,0,0,,
3930,Vikram Reddy,Individual,PAN003930,0,0,,
3931,Neha Singh,Individual,PAN003931,0,0,,
3932,Alpine Trading Pvt Ltd,Trust,PAN003932,0,0,,134.0
3933,Anjali Patel,Individual,PAN003933,0,0,,
3934,Vikram Nair,Individual,PAN003934,0,0,,
3935,Anjali Reddy,Individual,PAN003935,0,0,,
3936,Pinnacle Realty Pvt Ltd,LLP,PAN003936,0,0,,781.0
3937,Karan Verma,Individual,PAN003937,0,0,,
3938,Rahul Gupta,NRI Individual,PAN003938,0,0,,2047.0
3939,Sunrise Infra LLP,Trust,PAN003939,0,0,,3254.0
3940,Anjali Sharma,Individual,PAN003940,0,0,,
3941,Arjun Sharma,Individual,PAN003941,0,0,,
3942,Karan Pillai,Individual,PAN003942,0,0,,
3943,Priya Verma,Individual,PAN003943,0,0,,
3944,Anjali Rao,Individual,PAN003944,0,0,,
3945,Divya Joshi,Individual,PAN003945,0,0,,
3946,Sneha Reddy,Individual,PAN003946,0,0,,
3947,Orbis Holdings Pvt Ltd,Partnership Firm,PAN003947,0,0,,3826.0
3948,Sneha Sharma,NRI Individual,PAN003948,0,0,,1799.0
3949,Novus Ventures Pvt Ltd,Trust,PAN003949,0,0,,871.0
3950,Cascade Consultancy Pvt Ltd,Pvt Ltd Company,PAN003950,0,0,,1425.0
3951,Ajay Pillai,Individual,PAN003951,0,0,,
3952,Sunrise Trading LLP,Pvt Ltd Company,PAN003952,0,0,,473.0
3953,Orbis Realty LLP,Pvt Ltd Company,PAN003953,0,0,,132.0
3954,Kavya Gupta,Individual,PAN003954,0,0,,
3955,Crestline Consultancy Pvt Ltd,LLP,PAN003955,0,0,,358.0
3956,Ajay Rao,Individual,PAN003956,0,0,,
3957,Divya Joshi,Individual,PAN003957,0,0,,
3958,Neha Desai,NRI Individual,PAN003958,0,0,,359.0
3959,Alpine Enterprises LLP,Pvt Ltd Company,PAN003959,0,0,,3666.0
3960,Zenith Realty LLP,Pvt Ltd Company,PAN003960,0,0,,699.0
3961,Novus Realty Pvt Ltd,Partnership Firm,PAN003961,0,0,,3775.0
3962,Vertex Holdings LLP,Pvt Ltd Company,PAN003962,0,0,,1362.0
3963,Horizon Realty LLP,Trust,PAN003963,0,0,,2161.0
3964,Neha Iyer,Individual,PAN003964,0,0,,
3965,Sneha Desai,Individual,PAN003965,0,0,,
3966,Pinnacle Ventures Pvt Ltd,Pvt Ltd Company,PAN003966,0,0,,1912.0
3967,Pinnacle Infra Pvt Ltd,Pvt Ltd Company,PAN003967,0,0,,1567.0
3968,Summit Realty Pvt Ltd,LLP,PAN003968,0,0,,176.0
3969,Summit Ventures Pvt Ltd,Pvt Ltd Company,PAN003969,0,0,,3453.0
3970,Crestline Consultancy Pvt Ltd,Pvt Ltd Company,PAN003970,0,0,,2068.0
3971,Meridian Infra Pvt Ltd,LLP,PAN003971,0,0,,2661.0
3972,Karan Desai,Individual,PAN003972,0,0,,
3973,Zenith Consultancy LLP,Pvt Ltd Company,PAN003973,0,0,,3950.0
3974,Priya Reddy,Individual,PAN003974,0,0,,
3975,Divya Menon,Individual,PAN003975,0,0,,
3976,Divya Verma,Individual,PAN003976,0,0,,
3977,Rohan Verma,Individual,PAN003977,0,0,,
3978,Crestline Consultancy Pvt Ltd,Pvt Ltd Company,PAN003978,0,0,,568.0
3979,Zenith Enterprises Pvt Ltd,LLP,PAN003979,0,0,,3099.0
3980,Anjali Menon,Individual,PAN003980,0,0,,
3981,Sunrise Infra LLP,Pvt Ltd Company,PAN003981,0,0,,1455.0
3982,Divya Verma,Individual,PAN003982,0,0,,
3983,Vertex Infra Pvt Ltd,LLP,PAN003983,0,0,,1209.0
3984,Pooja Reddy,Individual,PAN003984,0,0,,
3985,Zenith Ventures Pvt Ltd,LLP,PAN003985,0,0,,1739.0
3986,Rahul Sharma,Individual,PAN003986,0,0,,
3987,Vertex Holdings LLP,LLP,PAN003987,0,0,,3429.0
3988,Rahul Joshi,Individual,PAN003988,0,0,,
3989,Pooja Sharma,Individual,PAN003989,0,0,,
3990,Amit Nair,Individual,PAN003990,0,0,,
3991,Pinnacle Enterprises LLP,Pvt Ltd Company,PAN003991,0,0,,507.0
3992,Sunrise Enterprises Pvt Ltd,LLP,PAN003992,0,0,,3305.0
3993,Zenith Realty LLP,Pvt Ltd Company,PAN003993,0,0,,3179.0
3994,Sunrise Ventures LLP,Trust,PAN003994,0,0,,1367.0
3995,Meera Reddy,Individual,PAN003995,0,0,,
3996,Crestline Ventures LLP,Pvt Ltd Company,PAN003996,0,0,,3568.0
3997,Crestline Holdings Pvt Ltd,Pvt Ltd Company,PAN003997,0,0,,1911.0
3998,Orbis Enterprises LLP,Pvt Ltd Company,PAN003998,0,0,,2653.0
3999,Amit Reddy,Individual,PAN003999,0,0,,
4000,Horizon Enterprises Pvt Ltd,Pvt Ltd Company,PAN004000,0,0,,468.0
4001,Priya Sharma,Individual,PAN004001,0,0,,
4002,Rohan Sharma,Individual,PAN004002,0,0,,
4003,Meera Reddy,Individual,PAN004003,0,0,,
4004,Sneha Sharma,NRI Individual,PAN004004,0,0,,3612.0
4005,Pooja Menon,Individual,PAN004005,0,0,,
4006,Anjali Menon,Individual,PAN004006,0,0,,
4007,Divya Kulkarni,Individual,PAN004007,0,0,,
4008,Pooja Joshi,NRI Individual,PAN004008,0,0,,3641.0
4009,Anjali Desai,Individual,PAN004009,0,0,,
4010,Horizon Trading Pvt Ltd,Pvt Ltd Company,PAN004010,0,0,,536.0
4011,Suresh Rao,Individual,PAN004011,0,0,,
4012,Karan Joshi,Individual,PAN004012,0,0,,
4013,Summit Trading Pvt Ltd,Pvt Ltd Company,PAN004013,0,0,,795.0
4014,Anjali Nair,Individual,PAN004014,0,0,,
4015,Rahul Kulkarni,Individual,PAN004015,0,0,,
4016,Neha Pillai,Individual,PAN004016,0,0,,
4017,Divya Desai,Individual,PAN004017,0,0,,
4018,Orbis Enterprises Pvt Ltd,Pvt Ltd Company,PAN004018,0,0,,1187.0
4019,Karan Joshi,Individual,PAN004019,0,0,,
4020,Priya Kulkarni,Individual,PAN004020,0,0,,
4021,Vikram Pillai,Individual,PAN004021,0,0,,
4022,Ajay Rao,Individual,PAN004022,0,0,,
4023,Sneha Gupta,Individual,PAN004023,0,0,,
4024,Priya Desai,Individual,PAN004024,0,0,,
4025,Amit Gupta,Individual,PAN004025,0,0,,
4026,Horizon Infra LLP,Pvt Ltd Company,PAN004026,0,0,,1252.0
4027,Meridian Realty Pvt Ltd,Pvt Ltd Company,PAN004027,0,0,,978.0
4028,Anjali Joshi,Individual,PAN004028,0,0,,
4029,Sneha Kulkarni,Individual,PAN004029,0,0,,
4030,Rahul Gupta,Individual,PAN004030,0,0,,
4031,Vikram Rao,Individual,PAN004031,0,0,,
4032,Vertex Realty Pvt Ltd,Pvt Ltd Company,PAN004032,0,0,,2508.0
4033,Rahul Singh,Individual,PAN004033,0,0,,
4034,Divya Desai,Individual,PAN004034,0,0,,
4035,Suresh Rao,Individual,PAN004035,0,0,,
4036,Ajay Singh,Individual,PAN004036,0,0,,
4037,Anjali Kulkarni,Individual,PAN004037,0,0,,
4038,Pinnacle Holdings Pvt Ltd,LLP,PAN004038,0,0,,1726.0
4039,Ajay Gupta,Individual,PAN004039,0,0,,
4040,Orbis Consultancy Pvt Ltd,Pvt Ltd Company,PAN004040,0,0,,1674.0
4041,Zenith Trading Pvt Ltd,Pvt Ltd Company,PAN004041,0,0,,2779.0
4042,Orbis Holdings Pvt Ltd,Pvt Ltd Company,PAN004042,0,0,,3098.0
4043,Arjun Sharma,Individual,PAN004043,0,0,,
4044,Zenith Infra LLP,Pvt Ltd Company,PAN004044,0,0,,2995.0
4045,Vertex Infra LLP,Pvt Ltd Company,PAN004045,0,0,,3303.0
4046,Crestline Infra LLP,Trust,PAN004046,0,0,,2818.0
4047,Meera Nair,Individual,PAN004047,0,0,,
4048,Sunrise Trading Pvt Ltd,Trust,PAN004048,0,0,,2781.0
4049,Orbis Holdings Pvt Ltd,Pvt Ltd Company,PAN004049,0,0,,3275.0
4050,Karan Iyer,Individual,PAN004050,0,0,,
4051,Karan Nair,Individual,PAN004051,0,0,,
4052,Vikram Pillai,Individual,PAN004052,0,0,,
4053,Divya Menon,Individual,PAN004053,0,0,,
4054,Sneha Desai,Individual,PAN004054,0,0,,
4055,Kavya Gupta,Individual,PAN004055,0,0,,
4056,Amit Singh,Individual,PAN004056,0,0,,
4057,Vertex Holdings Pvt Ltd,Pvt Ltd Company,PAN004057,0,0,,2244.0
4058,Summit Ventures Pvt Ltd,Partnership Firm,PAN004058,0,0,,3645.0
4059,Anjali Iyer,Individual,PAN004059,0,0,,
4060,Divya Pillai,Individual,PAN004060,0,0,,
4061,Kavya Desai,NRI Individual,PAN004061,0,0,,3472.0
4062,Sunrise Consultancy LLP,LLP,PAN004062,0,0,,3176.0
4063,Kavya Sharma,Individual,PAN004063,0,0,,
4064,Sneha Rao,Individual,PAN004064,0,0,,
4065,Anjali Menon,Individual,PAN004065,0,0,,
4066,Sunrise Ventures Pvt Ltd,Pvt Ltd Company,PAN004066,0,0,,2285.0
4067,Neha Desai,Individual,PAN004067,0,0,,
4068,Amit Nair,Individual,PAN004068,0,0,,
4069,Orbis Enterprises LLP,Trust,PAN004069,0,0,,2868.0
4070,Meridian Trading Pvt Ltd,Pvt Ltd Company,PAN004070,0,0,,2082.0
4071,Novus Consultancy LLP,Pvt Ltd Company,PAN004071,0,0,,1698.0
4072,Vertex Enterprises Pvt Ltd,Trust,PAN004072,0,0,,96.0
4073,Vikram Gupta,NRI Individual,PAN004073,0,0,,1987.0
4074,Anjali Patel,NRI Individual,PAN004074,0,0,,3491.0
4075,Pooja Sharma,Individual,PAN004075,0,0,,
4076,Kavya Iyer,Individual,PAN004076,0,0,,
4077,Vikram Patel,Individual,PAN004077,0,0,,
4078,Divya Pillai,Individual,PAN004078,0,0,,
4079,Sunrise Trading Pvt Ltd,Pvt Ltd Company,PAN004079,0,0,,2386.0
4080,Suresh Iyer,Individual,PAN004080,0,0,,
4081,Rohan Sharma,Individual,PAN004081,0,0,,
4082,Kavya Pillai,Individual,PAN004082,0,0,,
4083,Ajay Kulkarni,Individual,PAN004083,0,0,,
4084,Sunrise Trading Pvt Ltd,Pvt Ltd Company,PAN004084,0,0,,917.0
4085,Sunrise Infra Pvt Ltd,Partnership Firm,PAN004085,0,0,,3056.0
4086,Suresh Rao,Individual,PAN004086,0,0,,
4087,Meridian Infra Pvt Ltd,LLP,PAN004087,0,0,,1768.0
4088,Meera Joshi,Individual,PAN004088,0,0,,
4089,Rohan Iyer,Individual,PAN004089,0,0,,
4090,Cascade Enterprises LLP,Trust,PAN004090,0,0,,2943.0
4091,Meera Singh,Individual,PAN004091,0,0,,
4092,Rahul Verma,Individual,PAN004092,0,0,,
4093,Rohan Desai,Individual,PAN004093,0,0,,
4094,Vikram Reddy,Individual,PAN004094,0,0,,
4095,Novus Trading Pvt Ltd,Trust,PAN004095,0,0,,3828.0
4096,Meera Nair,Individual,PAN004096,0,0,,
4097,Cascade Ventures LLP,Trust,PAN004097,0,0,,2516.0
4098,Rahul Menon,Individual,PAN004098,0,0,,
4099,Neha Kulkarni,Individual,PAN004099,0,0,,
4100,Suresh Menon,Individual,PAN004100,0,0,,
4101,Anjali Reddy,Individual,PAN004101,0,0,,
4102,Crestline Holdings LLP,Pvt Ltd Company,PAN004102,0,0,,1689.0
4103,Crestline Consultancy LLP,Partnership Firm,PAN004103,0,0,,3392.0
4104,Priya Nair,NRI Individual,PAN004104,0,0,,2401.0
4105,Meridian Ventures LLP,Pvt Ltd Company,PAN004105,0,0,,3736.0
4106,Zenith Enterprises Pvt Ltd,LLP,PAN004106,0,0,,2634.0
4107,Alpine Consultancy LLP,LLP,PAN004107,0,0,,197.0
4108,Arjun Kulkarni,Individual,PAN004108,0,0,,
4109,Novus Trading LLP,LLP,PAN004109,0,0,,3039.0
4110,Meridian Ventures Pvt Ltd,Partnership Firm,PAN004110,0,0,,1500.0
4111,Pooja Gupta,Individual,PAN004111,0,0,,
4112,Rohan Nair,Individual,PAN004112,0,0,,
4113,Alpine Enterprises Pvt Ltd,Pvt Ltd Company,PAN004113,0,0,,3222.0
4114,Karan Iyer,Individual,PAN004114,0,0,,
4115,Amit Desai,Individual,PAN004115,0,0,,
4116,Novus Holdings LLP,LLP,PAN004116,0,0,,3232.0
4117,Orbis Realty Pvt Ltd,Pvt Ltd Company,PAN004117,0,0,,3036.0
4118,Amit Patel,Individual,PAN004118,0,0,,
4119,Rohan Nair,Individual,PAN004119,0,0,,
4120,Crestline Holdings Pvt Ltd,Pvt Ltd Company,PAN004120,0,0,,180.0
4121,Rohan Joshi,Individual,PAN004121,0,0,,
4122,Rahul Iyer,Individual,PAN004122,0,0,,
4123,Vertex Infra Pvt Ltd,Pvt Ltd Company,PAN004123,0,0,,2014.0
4124,Ajay Rao,NRI Individual,PAN004124,0,0,,1021.0
4125,Priya Desai,Individual,PAN004125,0,0,,
4126,Arjun Rao,NRI Individual,PAN004126,0,0,,196.0
4127,Crestline Holdings Pvt Ltd,Pvt Ltd Company,PAN004127,0,0,,939.0
4128,Pooja Nair,Individual,PAN004128,0,0,,
4129,Alpine Trading Pvt Ltd,LLP,PAN004129,0,0,,2023.0
4130,Crestline Enterprises LLP,Pvt Ltd Company,PAN004130,0,0,,3098.0
4131,Ajay Pillai,Individual,PAN004131,0,0,,
4132,Neha Gupta,Individual,PAN004132,0,0,,
4133,Rahul Reddy,Individual,PAN004133,0,0,,
4134,Crestline Realty Pvt Ltd,LLP,PAN004134,0,0,,3310.0
4135,Crestline Ventures LLP,Pvt Ltd Company,PAN004135,0,0,,3688.0
4136,Sunrise Holdings LLP,Pvt Ltd Company,PAN004136,0,0,,3584.0
4137,Suresh Desai,Individual,PAN004137,0,0,,
4138,Rahul Joshi,Individual,PAN004138,0,0,,
4139,Vertex Holdings Pvt Ltd,Pvt Ltd Company,PAN004139,0,0,,3489.0
4140,Suresh Joshi,Individual,PAN004140,0,0,,
4141,Arjun Nair,Individual,PAN004141,0,0,,
4142,Rahul Menon,Individual,PAN004142,0,0,,
4143,Karan Gupta,Individual,PAN004143,0,0,,
4144,Pinnacle Realty Pvt Ltd,LLP,PAN004144,0,0,,3095.0
4145,Rohan Joshi,Individual,PAN004145,0,0,,
4146,Rohan Desai,Individual,PAN004146,0,0,,
4147,Meridian Realty Pvt Ltd,LLP,PAN004147,0,0,,1248.0
4148,Meridian Ventures LLP,Pvt Ltd Company,PAN004148,0,0,,3961.0
4149,Zenith Trading Pvt Ltd,Trust,PAN004149,0,0,,609.0
4150,Kavya Joshi,NRI Individual,PAN004150,0,0,,3333.0
4151,Crestline Realty LLP,Pvt Ltd Company,PAN004151,0,0,,2223.0
4152,Sunrise Realty Pvt Ltd,Pvt Ltd Company,PAN004152,0,0,,2617.0
4153,Vertex Ventures Pvt Ltd,Pvt Ltd Company,PAN004153,0,0,,355.0
4154,Arjun Pillai,Individual,PAN004154,0,0,,
4155,Horizon Enterprises LLP,Pvt Ltd Company,PAN004155,0,0,,3266.0
4156,Divya Desai,Individual,PAN004156,0,0,,
4157,Meridian Infra Pvt Ltd,Trust,PAN004157,0,0,,2047.0
4158,Vikram Kulkarni,Individual,PAN004158,0,0,,
4159,Divya Menon,Individual,PAN004159,0,0,,
4160,Zenith Enterprises LLP,LLP,PAN004160,0,0,,1635.0
4161,Priya Gupta,Individual,PAN004161,0,0,,
4162,Sneha Verma,Individual,PAN004162,0,0,,
4163,Priya Pillai,Individual,PAN004163,0,0,,
4164,Rohan Iyer,Individual,PAN004164,0,0,,
4165,Vikram Pillai,Individual,PAN004165,0,0,,
4166,Amit Sharma,Individual,PAN004166,0,0,,
4167,Rohan Sharma,Individual,PAN004167,0,0,,
4168,Suresh Rao,Individual,PAN004168,0,0,,
4169,Meera Rao,Individual,PAN004169,0,0,,
4170,Pinnacle Realty Pvt Ltd,Trust,PAN004170,0,0,,2569.0
4171,Meera Menon,Individual,PAN004171,0,0,,
4172,Suresh Nair,Individual,PAN004172,0,0,,
4173,Cascade Consultancy Pvt Ltd,LLP,PAN004173,0,0,,2904.0
4174,Horizon Holdings LLP,LLP,PAN004174,0,0,,2737.0
4175,Neha Gupta,Individual,PAN004175,0,0,,
4176,Vikram Reddy,Individual,PAN004176,0,0,,
4177,Neha Gupta,Individual,PAN004177,0,0,,
4178,Kavya Iyer,Individual,PAN004178,0,0,,
4179,Rohan Verma,Individual,PAN004179,0,0,,
4180,Divya Singh,NRI Individual,PAN004180,0,0,,3389.0
4181,Pooja Reddy,Individual,PAN004181,0,0,,
4182,Ajay Verma,Individual,PAN004182,0,0,,
4183,Zenith Infra LLP,Trust,PAN004183,0,0,,1489.0
4184,Crestline Infra LLP,LLP,PAN004184,0,0,,528.0
4185,Ajay Reddy,Individual,PAN004185,0,0,,
4186,Divya Joshi,Individual,PAN004186,0,0,,
4187,Meera Reddy,Individual,PAN004187,0,0,,
4188,Priya Desai,Individual,PAN004188,0,0,,
4189,Karan Pillai,Individual,PAN004189,0,0,,
4190,Neha Pillai,Individual,PAN004190,0,0,,
4191,Rohan Kulkarni,Individual,PAN004191,0,0,,
4192,Amit Sharma,NRI Individual,PAN004192,0,0,,2021.0
4193,Vikram Iyer,Individual,PAN004193,0,0,,
4194,Rahul Desai,Individual,PAN004194,0,0,,
4195,Suresh Verma,Individual,PAN004195,0,0,,
4196,Arjun Menon,NRI Individual,PAN004196,0,0,,2532.0
4197,Arjun Singh,Individual,PAN004197,0,0,,
4198,Meera Sharma,Individual,PAN004198,0,0,,
4199,Kavya Verma,NRI Individual,PAN004199,0,0,,3538.0
4200,Arjun Iyer,Individual,PAN004200,0,0,,
4201,Suresh Iyer,Individual,PAN004201,0,0,,
4202,Priya Pillai,Individual,PAN004202,0,0,,
4203,Sneha Kulkarni,Individual,PAN004203,0,0,,
4204,Suresh Nair,Individual,PAN004204,0,0,,
4205,Neha Reddy,Individual,PAN004205,0,0,,
4206,Arjun Singh,Individual,PAN004206,0,0,,
4207,Summit Holdings Pvt Ltd,Trust,PAN004207,0,0,,3166.0
4208,Meera Joshi,Individual,PAN004208,0,0,,
4209,Crestline Ventures LLP,Trust,PAN004209,0,0,,3955.0
4210,Neha Patel,Individual,PAN004210,0,0,,
4211,Suresh Reddy,Individual,PAN004211,0,0,,
4212,Vertex Infra LLP,Pvt Ltd Company,PAN004212,0,0,,1038.0
4213,Priya Menon,Individual,PAN004213,0,0,,
4214,Novus Realty Pvt Ltd,LLP,PAN004214,0,0,,3583.0
4215,Novus Enterprises Pvt Ltd,LLP,PAN004215,0,0,,3711.0
4216,Cascade Enterprises LLP,Pvt Ltd Company,PAN004216,0,0,,3493.0
4217,Cascade Infra LLP,Partnership Firm,PAN004217,0,0,,3282.0
4218,Suresh Nair,Individual,PAN004218,0,0,,
4219,Sneha Pillai,NRI Individual,PAN004219,0,0,,3776.0
4220,Alpine Trading Pvt Ltd,Pvt Ltd Company,PAN004220,0,0,,3495.0
4221,Amit Iyer,Individual,PAN004221,0,0,,
4222,Meera Desai,Individual,PAN004222,0,0,,
4223,Ajay Kulkarni,Individual,PAN004223,0,0,,
4224,Meera Verma,Individual,PAN004224,0,0,,
4225,Kavya Desai,Individual,PAN004225,0,0,,
4226,Divya Sharma,Individual,PAN004226,0,0,,
4227,Divya Pillai,Individual,PAN004227,0,0,,
4228,Summit Trading LLP,Partnership Firm,PAN004228,0,0,,2502.0
4229,Kavya Verma,Individual,PAN004229,0,0,,
4230,Crestline Holdings Pvt Ltd,Trust,PAN004230,0,0,,412.0
4231,Sneha Sharma,Individual,PAN004231,0,0,,
4232,Meera Kulkarni,Individual,PAN004232,0,0,,
4233,Ajay Menon,Individual,PAN004233,0,0,,
4234,Divya Joshi,Individual,PAN004234,0,0,,
4235,Zenith Enterprises Pvt Ltd,Partnership Firm,PAN004235,0,0,,1643.0
4236,Rahul Sharma,Individual,PAN004236,0,0,,
4237,Vikram Joshi,NRI Individual,PAN004237,0,0,,1181.0
4238,Cascade Enterprises Pvt Ltd,Trust,PAN004238,0,0,,2336.0
4239,Sunrise Ventures LLP,Pvt Ltd Company,PAN004239,0,0,,3936.0
4240,Meera Desai,NRI Individual,PAN004240,0,0,,3323.0
4241,Karan Pillai,Individual,PAN004241,0,0,,
4242,Vikram Iyer,Individual,PAN004242,0,0,,
4243,Sneha Gupta,Individual,PAN004243,0,0,,
4244,Anjali Desai,NRI Individual,PAN004244,0,0,,3148.0
4245,Zenith Enterprises Pvt Ltd,LLP,PAN004245,0,0,,1873.0
4246,Sneha Rao,Individual,PAN004246,0,0,,
4247,Zenith Holdings LLP,LLP,PAN004247,0,0,,1951.0
4248,Rahul Rao,Individual,PAN004248,0,0,,
4249,Pooja Menon,Individual,PAN004249,0,0,,
4250,Priya Rao,Individual,PAN004250,0,0,,
4251,Arjun Joshi,Individual,PAN004251,0,0,,
4252,Crestline Infra LLP,Pvt Ltd Company,PAN004252,0,0,,1206.0
4253,Karan Gupta,NRI Individual,PAN004253,0,0,,3481.0
4254,Vertex Trading Pvt Ltd,Partnership Firm,PAN004254,0,0,,2752.0
4255,Pinnacle Trading LLP,Trust,PAN004255,0,0,,3062.0
4256,Rohan Patel,Individual,PAN004256,0,0,,
4257,Horizon Holdings Pvt Ltd,Trust,PAN004257,0,0,,483.0
4258,Meridian Consultancy LLP,Pvt Ltd Company,PAN004258,0,0,,1854.0
4259,Karan Reddy,Individual,PAN004259,0,0,,
4260,Anjali Gupta,Individual,PAN004260,0,0,,
4261,Priya Nair,Individual,PAN004261,0,0,,
4262,Novus Trading LLP,Pvt Ltd Company,PAN004262,0,0,,1848.0
4263,Meridian Holdings Pvt Ltd,LLP,PAN004263,0,0,,1009.0
4264,Vikram Sharma,Individual,PAN004264,0,0,,
4265,Pooja Rao,Individual,PAN004265,0,0,,
4266,Divya Gupta,Individual,PAN004266,0,0,,
4267,Divya Menon,Individual,PAN004267,0,0,,
4268,Vikram Kulkarni,Individual,PAN004268,0,0,,
4269,Arjun Singh,Individual,PAN004269,0,0,,
4270,Zenith Infra Pvt Ltd,Pvt Ltd Company,PAN004270,0,0,,2575.0
4271,Horizon Realty Pvt Ltd,Pvt Ltd Company,PAN004271,0,0,,3622.0
4272,Neha Iyer,Individual,PAN004272,0,0,,
4273,Suresh Kulkarni,Individual,PAN004273,0,0,,
4274,Vikram Patel,Individual,PAN004274,0,0,,
4275,Priya Reddy,Individual,PAN004275,0,0,,
4276,Karan Singh,Individual,PAN004276,0,0,,
4277,Suresh Desai,Individual,PAN004277,0,0,,
4278,Vertex Trading LLP,LLP,PAN004278,0,0,,3107.0
4279,Kavya Gupta,Individual,PAN004279,0,0,,
4280,Meridian Enterprises LLP,LLP,PAN004280,0,0,,3733.0
4281,Sunrise Trading Pvt Ltd,LLP,PAN004281,0,0,,2934.0
4282,Karan Singh,Individual,PAN004282,0,0,,
4283,Karan Nair,Individual,PAN004283,0,0,,
4284,Zenith Realty Pvt Ltd,Pvt Ltd Company,PAN004284,0,0,,1375.0
4285,Meera Verma,Individual,PAN004285,0,0,,
4286,Summit Enterprises LLP,Pvt Ltd Company,PAN004286,0,0,,2802.0
4287,Anjali Verma,Individual,PAN004287,0,0,,
4288,Priya Patel,Individual,PAN004288,0,0,,
4289,Crestline Trading LLP,Pvt Ltd Company,PAN004289,0,0,,1071.0
4290,Divya Pillai,Individual,PAN004290,0,0,,
4291,Sneha Verma,Individual,PAN004291,0,0,,
4292,Horizon Infra LLP,Pvt Ltd Company,PAN004292,0,0,,1160.0
4293,Ajay Pillai,Individual,PAN004293,0,0,,
4294,Novus Realty Pvt Ltd,Pvt Ltd Company,PAN004294,0,0,,2295.0
4295,Arjun Joshi,Individual,PAN004295,0,0,,
4296,Suresh Gupta,Individual,PAN004296,0,0,,
4297,Rahul Kulkarni,Individual,PAN004297,0,0,,
4298,Priya Singh,Individual,PAN004298,0,0,,
4299,Pooja Rao,Individual,PAN004299,0,0,,
4300,Priya Desai,Individual,PAN004300,0,0,,
4301,Rohan Iyer,Individual,PAN004301,0,0,,
4302,Kavya Kulkarni,Individual,PAN004302,0,0,,
4303,Alpine Realty Pvt Ltd,Trust,PAN004303,0,0,,630.0
4304,Alpine Consultancy LLP,Pvt Ltd Company,PAN004304,0,0,,1455.0
4305,Kavya Nair,Individual,PAN004305,0,0,,
4306,Divya Pillai,Individual,PAN004306,0,0,,
4307,Meridian Trading LLP,Pvt Ltd Company,PAN004307,0,0,,3344.0
4308,Pooja Kulkarni,Individual,PAN004308,0,0,,
4309,Pinnacle Holdings LLP,Pvt Ltd Company,PAN004309,0,0,,1349.0
4310,Divya Nair,Individual,PAN004310,0,0,,
4311,Rahul Nair,Individual,PAN004311,0,0,,
4312,Meera Patel,NRI Individual,PAN004312,0,0,,348.0
4313,Kavya Menon,Individual,PAN004313,0,0,,
4314,Suresh Gupta,NRI Individual,PAN004314,0,0,,2889.0
4315,Rahul Reddy,Individual,PAN004315,0,0,,
4316,Meridian Ventures Pvt Ltd,Pvt Ltd Company,PAN004316,0,0,,3338.0
4317,Zenith Consultancy LLP,Trust,PAN004317,0,0,,3910.0
4318,Priya Gupta,Individual,PAN004318,0,0,,
4319,Divya Pillai,Individual,PAN004319,0,0,,
4320,Kavya Kulkarni,Individual,PAN004320,0,0,,
4321,Horizon Trading LLP,LLP,PAN004321,0,0,,2518.0
4322,Amit Patel,Individual,PAN004322,0,0,,
4323,Ajay Menon,Individual,PAN004323,0,0,,
4324,Rahul Pillai,Individual,PAN004324,0,0,,
4325,Priya Kulkarni,Individual,PAN004325,0,0,,
4326,Sunrise Holdings LLP,Trust,PAN004326,0,0,,1040.0
4327,Crestline Enterprises Pvt Ltd,Pvt Ltd Company,PAN004327,0,0,,3439.0
4328,Cascade Ventures LLP,LLP,PAN004328,0,0,,1484.0
4329,Amit Sharma,Individual,PAN004329,0,0,,
4330,Rohan Nair,Individual,PAN004330,0,0,,
4331,Priya Gupta,Individual,PAN004331,0,0,,
4332,Amit Kulkarni,Individual,PAN004332,0,0,,
4333,Suresh Kulkarni,NRI Individual,PAN004333,0,0,,733.0
4334,Horizon Ventures Pvt Ltd,Partnership Firm,PAN004334,0,0,,3626.0
4335,Pinnacle Consultancy Pvt Ltd,Pvt Ltd Company,PAN004335,0,0,,582.0
4336,Alpine Infra LLP,LLP,PAN004336,0,0,,915.0
4337,Amit Iyer,Individual,PAN004337,0,0,,
4338,Alpine Trading LLP,Pvt Ltd Company,PAN004338,0,0,,199.0
4339,Anjali Kulkarni,Individual,PAN004339,0,0,,
4340,Suresh Desai,Individual,PAN004340,0,0,,
4341,Priya Singh,NRI Individual,PAN004341,0,0,,3503.0
4342,Meera Reddy,Individual,PAN004342,0,0,,
4343,Zenith Realty Pvt Ltd,Pvt Ltd Company,PAN004343,0,0,,3655.0
4344,Zenith Infra Pvt Ltd,Partnership Firm,PAN004344,0,0,,2446.0
4345,Priya Reddy,Individual,PAN004345,0,0,,
4346,Pinnacle Realty Pvt Ltd,LLP,PAN004346,0,0,,2510.0
4347,Pinnacle Consultancy Pvt Ltd,Pvt Ltd Company,PAN004347,0,0,,3521.0
4348,Meridian Trading LLP,Trust,PAN004348,0,0,,3272.0
4349,Divya Sharma,Individual,PAN004349,0,0,,
4350,Meera Joshi,Individual,PAN004350,0,0,,
4351,Vertex Realty Pvt Ltd,Pvt Ltd Company,PAN004351,0,0,,1887.0
4352,Divya Verma,Individual,PAN004352,0,0,,
4353,Horizon Enterprises Pvt Ltd,Partnership Firm,PAN004353,0,0,,2434.0
4354,Vikram Joshi,Individual,PAN004354,0,0,,
4355,Meridian Trading LLP,Partnership Firm,PAN004355,0,0,,3603.0
4356,Priya Singh,NRI Individual,PAN004356,0,0,,1988.0
4357,Rahul Pillai,Individual,PAN004357,0,0,,
4358,Meridian Trading Pvt Ltd,LLP,PAN004358,0,0,,1961.0
4359,Rohan Joshi,Individual,PAN004359,0,0,,
4360,Anjali Iyer,Individual,PAN004360,0,0,,
4361,Divya Patel,Individual,PAN004361,0,0,,
4362,Priya Pillai,NRI Individual,PAN004362,0,0,,1244.0
4363,Priya Kulkarni,Individual,PAN004363,0,0,,
4364,Orbis Enterprises LLP,Pvt Ltd Company,PAN004364,0,0,,3968.0
4365,Vertex Holdings Pvt Ltd,Trust,PAN004365,0,0,,2147.0
4366,Alpine Realty LLP,Pvt Ltd Company,PAN004366,0,0,,3576.0
4367,Sunrise Trading LLP,LLP,PAN004367,0,0,,3439.0
4368,Horizon Holdings LLP,Partnership Firm,PAN004368,0,0,,2579.0
4369,Alpine Consultancy LLP,Pvt Ltd Company,PAN004369,0,0,,3504.0
4370,Zenith Ventures Pvt Ltd,Pvt Ltd Company,PAN004370,0,0,,2321.0
4371,Amit Joshi,Individual,PAN004371,0,0,,
4372,Pinnacle Ventures LLP,Trust,PAN004372,0,0,,2376.0
4373,Kavya Reddy,Individual,PAN004373,0,0,,
4374,Meera Sharma,Individual,PAN004374,0,0,,
4375,Sunrise Trading Pvt Ltd,LLP,PAN004375,0,0,,1647.0
4376,Arjun Gupta,Individual,PAN004376,0,0,,
4377,Cascade Trading Pvt Ltd,Pvt Ltd Company,PAN004377,0,0,,3589.0
4378,Anjali Singh,Individual,PAN004378,0,0,,
4379,Alpine Trading Pvt Ltd,Partnership Firm,PAN004379,0,0,,363.0
4380,Orbis Holdings Pvt Ltd,Partnership Firm,PAN004380,0,0,,3480.0
4381,Ajay Nair,Individual,PAN004381,0,0,,
4382,Ajay Singh,Individual,PAN004382,0,0,,
4383,Priya Sharma,Individual,PAN004383,0,0,,
4384,Sunrise Infra LLP,LLP,PAN004384,0,0,,2724.0
4385,Pooja Nair,NRI Individual,PAN004385,0,0,,2379.0
4386,Amit Singh,Individual,PAN004386,0,0,,
4387,Sunrise Trading Pvt Ltd,Pvt Ltd Company,PAN004387,0,0,,1702.0
4388,Rahul Reddy,Individual,PAN004388,0,0,,
4389,Orbis Infra LLP,Pvt Ltd Company,PAN004389,0,0,,3583.0
4390,Anjali Kulkarni,Individual,PAN004390,0,0,,
4391,Suresh Kulkarni,Individual,PAN004391,0,0,,
4392,Pooja Sharma,Individual,PAN004392,0,0,,
4393,Rohan Gupta,Individual,PAN004393,0,0,,
4394,Divya Rao,Individual,PAN004394,0,0,,
4395,Pinnacle Consultancy Pvt Ltd,LLP,PAN004395,0,0,,1036.0
4396,Suresh Menon,Individual,PAN004396,0,0,,
4397,Arjun Sharma,Individual,PAN004397,0,0,,
4398,Anjali Sharma,Individual,PAN004398,0,0,,
4399,Horizon Enterprises LLP,Pvt Ltd Company,PAN004399,0,0,,3789.0
4400,Amit Reddy,Individual,PAN004400,0,0,,
4401,Arjun Gupta,Individual,PAN004401,0,0,,
4402,Kavya Iyer,Individual,PAN004402,0,0,,
4403,Pinnacle Infra Pvt Ltd,Partnership Firm,PAN004403,0,0,,1790.0
4404,Arjun Reddy,Individual,PAN004404,0,0,,
4405,Vikram Iyer,Individual,PAN004405,0,0,,
4406,Rohan Kulkarni,Individual,PAN004406,0,0,,
4407,Zenith Consultancy LLP,LLP,PAN004407,0,0,,3621.0
4408,Divya Rao,Individual,PAN004408,0,0,,
4409,Meridian Ventures Pvt Ltd,Pvt Ltd Company,PAN004409,0,0,,3395.0
4410,Rahul Menon,Individual,PAN004410,0,0,,
4411,Novus Trading LLP,Partnership Firm,PAN004411,0,0,,2148.0
4412,Arjun Joshi,Individual,PAN004412,0,0,,
4413,Karan Sharma,Individual,PAN004413,0,0,,
4414,Amit Patel,Individual,PAN004414,0,0,,
4415,Summit Holdings LLP,Pvt Ltd Company,PAN004415,0,0,,539.0
4416,Pooja Rao,Individual,PAN004416,0,0,,
4417,Karan Nair,Individual,PAN004417,0,0,,
4418,Zenith Trading Pvt Ltd,Partnership Firm,PAN004418,0,0,,863.0
4419,Crestline Enterprises Pvt Ltd,LLP,PAN004419,0,0,,3704.0
4420,Sunrise Holdings Pvt Ltd,LLP,PAN004420,0,0,,2637.0
4421,Priya Patel,Individual,PAN004421,0,0,,
4422,Summit Enterprises LLP,Pvt Ltd Company,PAN004422,0,0,,181.0
4423,Alpine Ventures Pvt Ltd,Pvt Ltd Company,PAN004423,0,0,,3714.0
4424,Suresh Patel,Individual,PAN004424,0,0,,
4425,Kavya Rao,Individual,PAN004425,0,0,,
4426,Suresh Patel,Individual,PAN004426,0,0,,
4427,Amit Sharma,Individual,PAN004427,0,0,,
4428,Summit Ventures LLP,Pvt Ltd Company,PAN004428,0,0,,3704.0
4429,Karan Iyer,Individual,PAN004429,0,0,,
4430,Anjali Gupta,Individual,PAN004430,0,0,,
4431,Karan Desai,Individual,PAN004431,0,0,,
4432,Neha Desai,Individual,PAN004432,0,0,,
4433,Neha Singh,Individual,PAN004433,0,0,,
4434,Neha Sharma,NRI Individual,PAN004434,0,0,,96.0
4435,Sunrise Ventures Pvt Ltd,Trust,PAN004435,0,0,,1027.0
4436,Sunrise Realty LLP,LLP,PAN004436,0,0,,3320.0
4437,Pooja Pillai,Individual,PAN004437,0,0,,
4438,Pooja Pillai,Individual,PAN004438,0,0,,
4439,Rahul Desai,Individual,PAN004439,0,0,,
4440,Meera Gupta,Individual,PAN004440,0,0,,
4441,Vikram Pillai,Individual,PAN004441,0,0,,
4442,Amit Verma,Individual,PAN004442,0,0,,
4443,Sneha Pillai,Individual,PAN004443,0,0,,
4444,Novus Infra Pvt Ltd,LLP,PAN004444,0,0,,826.0
4445,Priya Desai,Individual,PAN004445,0,0,,
4446,Amit Singh,NRI Individual,PAN004446,0,0,,3737.0
4447,Divya Joshi,Individual,PAN004447,0,0,,
4448,Neha Reddy,Individual,PAN004448,0,0,,
4449,Neha Sharma,Individual,PAN004449,0,0,,
4450,Sunrise Ventures LLP,Pvt Ltd Company,PAN004450,0,0,,1488.0
4451,Pinnacle Realty LLP,Pvt Ltd Company,PAN004451,0,0,,1229.0
4452,Neha Nair,Individual,PAN004452,0,0,,
4453,Cascade Ventures Pvt Ltd,Pvt Ltd Company,PAN004453,0,0,,608.0
4454,Karan Menon,Individual,PAN004454,0,0,,
4455,Kavya Gupta,Individual,PAN004455,0,0,,
4456,Priya Patel,NRI Individual,PAN004456,0,0,,609.0
4457,Neha Verma,Individual,PAN004457,0,0,,
4458,Divya Kulkarni,Individual,PAN004458,0,0,,
4459,Kavya Nair,Individual,PAN004459,0,0,,
4460,Anjali Verma,Individual,PAN004460,0,0,,
4461,Summit Realty LLP,Pvt Ltd Company,PAN004461,0,0,,3896.0
4462,Horizon Infra Pvt Ltd,Partnership Firm,PAN004462,0,0,,1590.0
4463,Alpine Enterprises LLP,LLP,PAN004463,0,0,,2716.0
4464,Arjun Kulkarni,Individual,PAN004464,0,0,,
4465,Novus Consultancy Pvt Ltd,Pvt Ltd Company,PAN004465,0,0,,119.0
4466,Sunrise Consultancy LLP,Pvt Ltd Company,PAN004466,0,0,,754.0
4467,Zenith Enterprises LLP,LLP,PAN004467,0,0,,1919.0
4468,Ajay Joshi,Individual,PAN004468,0,0,,
4469,Divya Nair,Individual,PAN004469,0,0,,
4470,Kavya Rao,Individual,PAN004470,0,0,,
4471,Crestline Ventures LLP,LLP,PAN004471,0,0,,2306.0
4472,Novus Enterprises LLP,Partnership Firm,PAN004472,0,0,,1446.0
4473,Novus Holdings LLP,LLP,PAN004473,0,0,,946.0
4474,Priya Menon,NRI Individual,PAN004474,0,0,,163.0
4475,Meridian Infra Pvt Ltd,Pvt Ltd Company,PAN004475,0,0,,3660.0
4476,Sunrise Trading LLP,LLP,PAN004476,0,0,,1468.0
4477,Kavya Pillai,Individual,PAN004477,0,0,,
4478,Kavya Nair,Individual,PAN004478,0,0,,
4479,Neha Menon,Individual,PAN004479,0,0,,
4480,Rohan Menon,NRI Individual,PAN004480,0,0,,3992.0
4481,Rahul Reddy,Individual,PAN004481,0,0,,
4482,Ajay Rao,Individual,PAN004482,0,0,,
4483,Sunrise Ventures Pvt Ltd,Trust,PAN004483,0,0,,791.0
4484,Priya Reddy,Individual,PAN004484,0,0,,
4485,Vertex Ventures LLP,Pvt Ltd Company,PAN004485,0,0,,3959.0
4486,Anjali Menon,Individual,PAN004486,0,0,,
4487,Sunrise Enterprises LLP,Pvt Ltd Company,PAN004487,0,0,,513.0
4488,Vertex Infra Pvt Ltd,Pvt Ltd Company,PAN004488,0,0,,1562.0
4489,Cascade Realty Pvt Ltd,Pvt Ltd Company,PAN004489,0,0,,3876.0
4490,Horizon Holdings Pvt Ltd,LLP,PAN004490,0,0,,1581.0
4491,Horizon Holdings LLP,Partnership Firm,PAN004491,0,0,,1263.0
4492,Rahul Gupta,Individual,PAN004492,0,0,,
4493,Vertex Realty Pvt Ltd,Pvt Ltd Company,PAN004493,0,0,,285.0
4494,Meera Singh,Individual,PAN004494,0,0,,
4495,Anjali Desai,Individual,PAN004495,0,0,,
4496,Kavya Gupta,NRI Individual,PAN004496,0,0,,1531.0
4497,Neha Gupta,Individual,PAN004497,0,0,,
4498,Summit Infra LLP,Trust,PAN004498,0,0,,1067.0
4499,Rahul Rao,NRI Individual,PAN004499,0,0,,2034.0
4500,Sunrise Trading Pvt Ltd,Pvt Ltd Company,PAN004500,0,0,,3947.0
4501,Orbis Enterprises Pvt Ltd,LLP,PAN004501,0,0,,2506.0
4502,Horizon Infra LLP,Pvt Ltd Company,PAN004502,0,0,,1765.0
4503,Pooja Patel,Individual,PAN004503,0,0,,
4504,Ajay Pillai,Individual,PAN004504,0,0,,
4505,Suresh Reddy,Individual,PAN004505,0,0,,
4506,Amit Verma,Individual,PAN004506,0,0,,
4507,Zenith Trading LLP,Pvt Ltd Company,PAN004507,0,0,,2156.0
4508,Priya Menon,Individual,PAN004508,0,0,,
4509,Vertex Infra Pvt Ltd,Partnership Firm,PAN004509,0,0,,2714.0
4510,Ajay Joshi,Individual,PAN004510,0,0,,
4511,Neha Patel,Individual,PAN004511,0,0,,
4512,Zenith Consultancy LLP,Partnership Firm,PAN004512,0,0,,777.0
4513,Ajay Verma,Individual,PAN004513,0,0,,
4514,Vikram Joshi,Individual,PAN004514,0,0,,
4515,Pinnacle Enterprises LLP,Pvt Ltd Company,PAN004515,0,0,,745.0
4516,Alpine Ventures LLP,Trust,PAN004516,0,0,,2635.0
4517,Meera Patel,Individual,PAN004517,0,0,,
4518,Zenith Realty LLP,Partnership Firm,PAN004518,0,0,,1376.0
4519,Sneha Verma,Individual,PAN004519,0,0,,
4520,Suresh Rao,Individual,PAN004520,0,0,,
4521,Karan Pillai,Individual,PAN004521,0,0,,
4522,Amit Sharma,Individual,PAN004522,0,0,,
4523,Summit Infra Pvt Ltd,LLP,PAN004523,0,0,,3226.0
4524,Summit Enterprises LLP,LLP,PAN004524,0,0,,3499.0
4525,Anjali Sharma,NRI Individual,PAN004525,0,0,,1814.0
4526,Cascade Holdings LLP,Partnership Firm,PAN004526,0,0,,291.0
4527,Sunrise Trading LLP,Pvt Ltd Company,PAN004527,0,0,,1030.0
4528,Meera Rao,Individual,PAN004528,0,0,,
4529,Priya Nair,Individual,PAN004529,0,0,,
4530,Pinnacle Ventures Pvt Ltd,Pvt Ltd Company,PAN004530,0,0,,2811.0
4531,Amit Reddy,Individual,PAN004531,0,0,,
4532,Anjali Sharma,Individual,PAN004532,0,0,,
4533,Rahul Nair,Individual,PAN004533,0,0,,
4534,Sunrise Infra Pvt Ltd,Trust,PAN004534,0,0,,1859.0
4535,Neha Rao,Individual,PAN004535,0,0,,
4536,Anjali Nair,NRI Individual,PAN004536,0,0,,610.0
4537,Sunrise Enterprises LLP,LLP,PAN004537,0,0,,75.0
4538,Zenith Realty LLP,LLP,PAN004538,0,0,,3597.0
4539,Cascade Consultancy Pvt Ltd,Pvt Ltd Company,PAN004539,0,0,,1781.0
4540,Karan Singh,Individual,PAN004540,0,0,,
4541,Vertex Enterprises Pvt Ltd,Partnership Firm,PAN004541,0,0,,3141.0
4542,Sneha Reddy,Individual,PAN004542,0,0,,
4543,Cascade Enterprises LLP,LLP,PAN004543,0,0,,3187.0
4544,Cascade Trading Pvt Ltd,LLP,PAN004544,0,0,,2567.0
4545,Meridian Holdings Pvt Ltd,Pvt Ltd Company,PAN004545,0,0,,2702.0
4546,Sunrise Enterprises LLP,Pvt Ltd Company,PAN004546,0,0,,1619.0
4547,Meridian Enterprises Pvt Ltd,Trust,PAN004547,0,0,,489.0
4548,Vertex Trading Pvt Ltd,Pvt Ltd Company,PAN004548,0,0,,3635.0
4549,Horizon Realty LLP,Pvt Ltd Company,PAN004549,0,0,,193.0
4550,Kavya Rao,Individual,PAN004550,0,0,,
4551,Anjali Desai,Individual,PAN004551,0,0,,
4552,Priya Rao,Individual,PAN004552,0,0,,
4553,Arjun Nair,Individual,PAN004553,0,0,,
4554,Orbis Ventures LLP,LLP,PAN004554,0,0,,277.0
4555,Sneha Desai,Individual,PAN004555,0,0,,
4556,Neha Reddy,Individual,PAN004556,0,0,,
4557,Ajay Patel,NRI Individual,PAN004557,0,0,,275.0
4558,Ajay Patel,Individual,PAN004558,0,0,,
4559,Anjali Iyer,Individual,PAN004559,0,0,,
4560,Amit Nair,Individual,PAN004560,0,0,,
4561,Arjun Pillai,Individual,PAN004561,0,0,,
4562,Priya Menon,Individual,PAN004562,0,0,,
4563,Ajay Verma,Individual,PAN004563,0,0,,
4564,Vertex Holdings Pvt Ltd,Pvt Ltd Company,PAN004564,0,0,,91.0
4565,Meera Patel,Individual,PAN004565,0,0,,
4566,Vikram Gupta,Individual,PAN004566,0,0,,
4567,Rahul Joshi,Individual,PAN004567,0,0,,
4568,Rahul Sharma,Individual,PAN004568,0,0,,
4569,Rohan Iyer,NRI Individual,PAN004569,0,0,,732.0
4570,Cascade Holdings Pvt Ltd,Pvt Ltd Company,PAN004570,0,0,,322.0
4571,Kavya Patel,Individual,PAN004571,0,0,,
4572,Crestline Holdings LLP,LLP,PAN004572,0,0,,228.0
4573,Vertex Holdings LLP,Pvt Ltd Company,PAN004573,0,0,,2597.0
4574,Crestline Enterprises Pvt Ltd,Partnership Firm,PAN004574,0,0,,3670.0
4575,Ajay Desai,Individual,PAN004575,0,0,,
4576,Meera Nair,Individual,PAN004576,0,0,,
4577,Neha Patel,Individual,PAN004577,0,0,,
4578,Sunrise Ventures LLP,Pvt Ltd Company,PAN004578,0,0,,2047.0
4579,Sneha Joshi,Individual,PAN004579,0,0,,
4580,Karan Menon,Individual,PAN004580,0,0,,
4581,Amit Iyer,Individual,PAN004581,0,0,,
4582,Rohan Verma,Individual,PAN004582,0,0,,
4583,Karan Reddy,Individual,PAN004583,0,0,,
4584,Anjali Rao,Individual,PAN004584,0,0,,
4585,Vikram Menon,Individual,PAN004585,0,0,,
4586,Anjali Nair,Individual,PAN004586,0,0,,
4587,Summit Holdings Pvt Ltd,Partnership Firm,PAN004587,0,0,,3364.0
4588,Anjali Verma,Individual,PAN004588,0,0,,
4589,Cascade Realty LLP,Pvt Ltd Company,PAN004589,0,0,,917.0
4590,Kavya Iyer,Individual,PAN004590,0,0,,
4591,Rohan Gupta,Individual,PAN004591,0,0,,
4592,Amit Nair,Individual,PAN004592,0,0,,
4593,Meera Sharma,Individual,PAN004593,0,0,,
4594,Crestline Ventures Pvt Ltd,Partnership Firm,PAN004594,0,0,,1352.0
4595,Alpine Ventures Pvt Ltd,Partnership Firm,PAN004595,0,0,,2965.0
4596,Orbis Ventures Pvt Ltd,Partnership Firm,PAN004596,0,0,,276.0
4597,Priya Iyer,Individual,PAN004597,0,0,,
4598,Horizon Consultancy Pvt Ltd,Pvt Ltd Company,PAN004598,0,0,,1337.0
4599,Ajay Iyer,Individual,PAN004599,0,0,,
4600,Vikram Patel,Individual,PAN004600,0,0,,
4601,Meera Reddy,Individual,PAN004601,0,0,,
4602,Rohan Gupta,Individual,PAN004602,0,0,,
4603,Rohan Nair,Individual,PAN004603,0,0,,
4604,Suresh Verma,Individual,PAN004604,0,0,,
4605,Neha Reddy,Individual,PAN004605,0,0,,
4606,Rohan Patel,Individual,PAN004606,0,0,,
4607,Zenith Enterprises Pvt Ltd,Pvt Ltd Company,PAN004607,0,0,,3557.0
4608,Karan Verma,Individual,PAN004608,0,0,,
4609,Summit Enterprises LLP,Pvt Ltd Company,PAN004609,0,0,,279.0
4610,Vikram Joshi,NRI Individual,PAN004610,0,0,,125.0
4611,Orbis Realty LLP,LLP,PAN004611,0,0,,965.0
4612,Vikram Rao,Individual,PAN004612,0,0,,
4613,Ajay Desai,Individual,PAN004613,0,0,,
4614,Kavya Rao,Individual,PAN004614,0,0,,
4615,Meridian Infra LLP,Pvt Ltd Company,PAN004615,0,0,,2211.0
4616,Divya Nair,Individual,PAN004616,0,0,,
4617,Sneha Iyer,Individual,PAN004617,0,0,,
4618,Neha Gupta,Individual,PAN004618,0,0,,
4619,Meera Kulkarni,Individual,PAN004619,0,0,,
4620,Kavya Patel,Individual,PAN004620,0,0,,
4621,Rohan Verma,Individual,PAN004621,0,0,,
4622,Pinnacle Realty LLP,LLP,PAN004622,0,0,,2833.0
4623,Vikram Reddy,NRI Individual,PAN004623,0,0,,2320.0
4624,Divya Pillai,Individual,PAN004624,0,0,,
4625,Ajay Pillai,Individual,PAN004625,0,0,,
4626,Suresh Gupta,Individual,PAN004626,0,0,,
4627,Crestline Holdings LLP,Trust,PAN004627,0,0,,3204.0
4628,Rahul Verma,Individual,PAN004628,0,0,,
4629,Novus Consultancy Pvt Ltd,LLP,PAN004629,0,0,,1531.0
4630,Suresh Nair,Individual,PAN004630,0,0,,
4631,Novus Enterprises Pvt Ltd,Trust,PAN004631,0,0,,3272.0
4632,Rohan Patel,Individual,PAN004632,0,0,,
4633,Meridian Trading Pvt Ltd,Pvt Ltd Company,PAN004633,0,0,,148.0
4634,Vertex Ventures LLP,LLP,PAN004634,0,0,,1979.0
4635,Priya Menon,Individual,PAN004635,0,0,,
4636,Arjun Menon,Individual,PAN004636,0,0,,
4637,Horizon Enterprises LLP,Partnership Firm,PAN004637,0,0,,1654.0
4638,Arjun Menon,Individual,PAN004638,0,0,,
4639,Ajay Iyer,Individual,PAN004639,0,0,,
4640,Karan Singh,Individual,PAN004640,0,0,,
4641,Meera Singh,Individual,PAN004641,0,0,,
4642,Horizon Realty Pvt Ltd,Pvt Ltd Company,PAN004642,0,0,,3958.0
4643,Rahul Menon,Individual,PAN004643,0,0,,
4644,Karan Desai,Individual,PAN004644,0,0,,
4645,Pinnacle Consultancy Pvt Ltd,Partnership Firm,PAN004645,0,0,,2967.0
4646,Pooja Nair,Individual,PAN004646,0,0,,
4647,Karan Rao,Individual,PAN004647,0,0,,
4648,Neha Nair,Individual,PAN004648,0,0,,
4649,Amit Menon,Individual,PAN004649,0,0,,
4650,Anjali Nair,Individual,PAN004650,0,0,,
4651,Meridian Ventures Pvt Ltd,LLP,PAN004651,0,0,,2617.0
4652,Sneha Iyer,Individual,PAN004652,0,0,,
4653,Rohan Kulkarni,NRI Individual,PAN004653,0,0,,979.0
4654,Priya Kulkarni,Individual,PAN004654,0,0,,
4655,Meridian Trading LLP,LLP,PAN004655,0,0,,111.0
4656,Vertex Holdings Pvt Ltd,LLP,PAN004656,0,0,,1078.0
4657,Rohan Gupta,NRI Individual,PAN004657,0,0,,169.0
4658,Sneha Verma,Individual,PAN004658,0,0,,
4659,Sneha Kulkarni,Individual,PAN004659,0,0,,
4660,Vikram Singh,Individual,PAN004660,0,0,,
4661,Ajay Nair,Individual,PAN004661,0,0,,
4662,Sunrise Enterprises Pvt Ltd,Pvt Ltd Company,PAN004662,0,0,,2107.0
4663,Neha Iyer,Individual,PAN004663,0,0,,
4664,Meridian Holdings LLP,LLP,PAN004664,0,0,,3476.0
4665,Divya Kulkarni,Individual,PAN004665,0,0,,
4666,Amit Verma,Individual,PAN004666,0,0,,
4667,Rohan Verma,Individual,PAN004667,0,0,,
4668,Suresh Patel,Individual,PAN004668,0,0,,
4669,Alpine Ventures Pvt Ltd,Partnership Firm,PAN004669,0,0,,2590.0
4670,Priya Reddy,NRI Individual,PAN004670,0,0,,550.0
4671,Arjun Patel,Individual,PAN004671,0,0,,
4672,Sneha Joshi,Individual,PAN004672,0,0,,
4673,Priya Singh,Individual,PAN004673,0,0,,
4674,Crestline Realty LLP,Pvt Ltd Company,PAN004674,0,0,,2248.0
4675,Meera Sharma,NRI Individual,PAN004675,0,0,,770.0
4676,Amit Rao,Individual,PAN004676,0,0,,
4677,Ajay Nair,Individual,PAN004677,0,0,,
4678,Divya Singh,Individual,PAN004678,0,0,,
4679,Priya Rao,Individual,PAN004679,0,0,,
4680,Anjali Sharma,Individual,PAN004680,0,0,,
4681,Amit Reddy,Individual,PAN004681,0,0,,
4682,Sneha Reddy,Individual,PAN004682,0,0,,
4683,Suresh Kulkarni,Individual,PAN004683,0,0,,
4684,Neha Desai,Individual,PAN004684,0,0,,
4685,Crestline Ventures Pvt Ltd,Partnership Firm,PAN004685,0,0,,1239.0
4686,Orbis Trading Pvt Ltd,Pvt Ltd Company,PAN004686,0,0,,3185.0
4687,Rahul Gupta,Individual,PAN004687,0,0,,
4688,Karan Sharma,Individual,PAN004688,0,0,,
4689,Sneha Pillai,Individual,PAN004689,0,0,,
4690,Sneha Gupta,Individual,PAN004690,0,0,,
4691,Sneha Singh,Individual,PAN004691,0,0,,
4692,Rohan Patel,Individual,PAN004692,0,0,,
4693,Crestline Holdings Pvt Ltd,Pvt Ltd Company,PAN004693,0,0,,3846.0
4694,Priya Reddy,Individual,PAN004694,0,0,,
4695,Divya Verma,NRI Individual,PAN004695,0,0,,1780.0
4696,Sunrise Infra Pvt Ltd,Partnership Firm,PAN004696,0,0,,3381.0
4697,Orbis Trading LLP,Pvt Ltd Company,PAN004697,0,0,,2838.0
4698,Divya Sharma,Individual,PAN004698,0,0,,
4699,Rohan Kulkarni,Individual,PAN004699,0,0,,
4700,Meera Verma,Individual,PAN004700,0,0,,
4701,Karan Desai,Individual,PAN004701,0,0,,
4702,Sneha Verma,Individual,PAN004702,0,0,,
4703,Meera Kulkarni,Individual,PAN004703,0,0,,
4704,Anjali Iyer,Individual,PAN004704,0,0,,
4705,Ajay Kulkarni,Individual,PAN004705,0,0,,
4706,Summit Trading Pvt Ltd,Partnership Firm,PAN004706,0,0,,1486.0
4707,Rahul Menon,Individual,PAN004707,0,0,,
4708,Vikram Sharma,Individual,PAN004708,0,0,,
4709,Zenith Holdings Pvt Ltd,Pvt Ltd Company,PAN004709,0,0,,1043.0
4710,Pooja Joshi,Individual,PAN004710,0,0,,
4711,Priya Menon,Individual,PAN004711,0,0,,
4712,Ajay Patel,Individual,PAN004712,0,0,,
4713,Priya Patel,Individual,PAN004713,0,0,,
4714,Karan Verma,Individual,PAN004714,0,0,,
4715,Priya Joshi,Individual,PAN004715,0,0,,
4716,Rahul Pillai,NRI Individual,PAN004716,0,0,,1440.0
4717,Divya Nair,Individual,PAN004717,0,0,,
4718,Sunrise Infra LLP,LLP,PAN004718,0,0,,928.0
4719,Priya Reddy,NRI Individual,PAN004719,0,0,,1860.0
4720,Meridian Ventures Pvt Ltd,Pvt Ltd Company,PAN004720,0,0,,3590.0
4721,Zenith Trading LLP,Pvt Ltd Company,PAN004721,0,0,,1091.0
4722,Meera Nair,Individual,PAN004722,0,0,,
4723,Rohan Singh,Individual,PAN004723,0,0,,
4724,Sneha Nair,Individual,PAN004724,0,0,,
4725,Pinnacle Realty LLP,Pvt Ltd Company,PAN004725,0,0,,1354.0
4726,Pooja Kulkarni,Individual,PAN004726,0,0,,
4727,Kavya Sharma,Individual,PAN004727,0,0,,
4728,Vikram Menon,Individual,PAN004728,0,0,,
4729,Novus Infra Pvt Ltd,LLP,PAN004729,0,0,,2971.0
4730,Neha Joshi,NRI Individual,PAN004730,0,0,,1930.0
4731,Karan Menon,Individual,PAN004731,0,0,,
4732,Orbis Ventures Pvt Ltd,Pvt Ltd Company,PAN004732,0,0,,3166.0
4733,Neha Sharma,Individual,PAN004733,0,0,,
4734,Cascade Consultancy LLP,Trust,PAN004734,0,0,,1225.0
4735,Amit Iyer,Individual,PAN004735,0,0,,
4736,Kavya Reddy,Individual,PAN004736,0,0,,
4737,Vikram Kulkarni,Individual,PAN004737,0,0,,
4738,Karan Rao,Individual,PAN004738,0,0,,
4739,Pooja Singh,Individual,PAN004739,0,0,,
4740,Rohan Desai,Individual,PAN004740,0,0,,
4741,Novus Enterprises Pvt Ltd,LLP,PAN004741,0,0,,2061.0
4742,Rohan Rao,Individual,PAN004742,0,0,,
4743,Priya Joshi,Individual,PAN004743,0,0,,
4744,Crestline Ventures Pvt Ltd,Pvt Ltd Company,PAN004744,0,0,,3242.0
4745,Meera Sharma,Individual,PAN004745,0,0,,
4746,Sunrise Realty Pvt Ltd,Partnership Firm,PAN004746,0,0,,223.0
4747,Pooja Gupta,Individual,PAN004747,0,0,,
4748,Sneha Menon,Individual,PAN004748,0,0,,
4749,Vikram Gupta,Individual,PAN004749,0,0,,
4750,Vikram Reddy,Individual,PAN004750,0,0,,
4751,Sneha Nair,Individual,PAN004751,0,0,,
4752,Anjali Joshi,NRI Individual,PAN004752,0,0,,3776.0
4753,Zenith Trading LLP,Partnership Firm,PAN004753,0,0,,1100.0
4754,Cascade Enterprises Pvt Ltd,Pvt Ltd Company,PAN004754,0,0,,3416.0
4755,Alpine Trading LLP,Trust,PAN004755,0,0,,850.0
4756,Vertex Holdings Pvt Ltd,Pvt Ltd Company,PAN004756,0,0,,2895.0
4757,Ajay Verma,Individual,PAN004757,0,0,,
4758,Karan Iyer,Individual,PAN004758,0,0,,
4759,Divya Joshi,Individual,PAN004759,0,0,,
4760,Priya Singh,Individual,PAN004760,0,0,,
4761,Pinnacle Ventures Pvt Ltd,Trust,PAN004761,0,0,,221.0
4762,Suresh Singh,Individual,PAN004762,0,0,,
4763,Meera Desai,Individual,PAN004763,0,0,,
4764,Alpine Enterprises Pvt Ltd,Partnership Firm,PAN004764,0,0,,3631.0
4765,Pinnacle Holdings LLP,Pvt Ltd Company,PAN004765,0,0,,3210.0
4766,Ajay Singh,Individual,PAN004766,0,0,,
4767,Novus Ventures Pvt Ltd,LLP,PAN004767,0,0,,3163.0
4768,Rohan Sharma,Individual,PAN004768,0,0,,
4769,Cascade Infra Pvt Ltd,Pvt Ltd Company,PAN004769,0,0,,1252.0
4770,Kavya Nair,Individual,PAN004770,0,0,,
4771,Priya Sharma,Individual,PAN004771,0,0,,
4772,Sunrise Infra Pvt Ltd,Partnership Firm,PAN004772,0,0,,3387.0
4773,Suresh Verma,Individual,PAN004773,0,0,,
4774,Neha Desai,Individual,PAN004774,0,0,,
4775,Vikram Singh,Individual,PAN004775,0,0,,
4776,Vikram Patel,Individual,PAN004776,0,0,,
4777,Neha Singh,Individual,PAN004777,0,0,,
4778,Pooja Kulkarni,Individual,PAN004778,0,0,,
4779,Karan Kulkarni,Individual,PAN004779,0,0,,
4780,Vertex Infra LLP,Pvt Ltd Company,PAN004780,0,0,,2456.0
4781,Crestline Ventures Pvt Ltd,Partnership Firm,PAN004781,0,0,,3528.0
4782,Sunrise Infra Pvt Ltd,Partnership Firm,PAN004782,0,0,,2387.0
4783,Vertex Holdings LLP,LLP,PAN004783,0,0,,757.0
4784,Sneha Nair,Individual,PAN004784,0,0,,
4785,Novus Holdings LLP,Pvt Ltd Company,PAN004785,0,0,,1290.0
4786,Rohan Nair,Individual,PAN004786,0,0,,
4787,Meera Nair,Individual,PAN004787,0,0,,
4788,Karan Menon,Individual,PAN004788,0,0,,
4789,Sneha Desai,Individual,PAN004789,0,0,,
4790,Meera Kulkarni,Individual,PAN004790,0,0,,
4791,Vertex Holdings LLP,LLP,PAN004791,0,0,,3109.0
4792,Ajay Sharma,Individual,PAN004792,0,0,,
4793,Vikram Iyer,Individual,PAN004793,0,0,,
4794,Suresh Joshi,Individual,PAN004794,0,0,,
4795,Neha Reddy,Individual,PAN004795,0,0,,
4796,Neha Sharma,Individual,PAN004796,0,0,,
4797,Anjali Singh,Individual,PAN004797,0,0,,
4798,Zenith Holdings LLP,Pvt Ltd Company,PAN004798,0,0,,1732.0
4799,Alpine Trading Pvt Ltd,Trust,PAN004799,0,0,,2583.0
4800,Rahul Singh,Individual,PAN004800,0,0,,
4801,Sneha Verma,Individual,PAN004801,0,0,,
4802,Suresh Nair,NRI Individual,PAN004802,0,0,,3582.0
4803,Karan Sharma,Individual,PAN004803,0,0,,
4804,Horizon Realty LLP,Partnership Firm,PAN004804,0,0,,3125.0
4805,Pinnacle Ventures Pvt Ltd,Pvt Ltd Company,PAN004805,0,0,,791.0
4806,Arjun Gupta,NRI Individual,PAN004806,0,0,,2647.0
4807,Kavya Joshi,Individual,PAN004807,0,0,,
4808,Kavya Rao,Individual,PAN004808,0,0,,
4809,Zenith Trading Pvt Ltd,Partnership Firm,PAN004809,0,0,,975.0
4810,Anjali Menon,Individual,PAN004810,0,0,,
4811,Meridian Infra LLP,Partnership Firm,PAN004811,0,0,,2032.0
4812,Cascade Trading Pvt Ltd,Partnership Firm,PAN004812,0,0,,204.0
4813,Meera Joshi,Individual,PAN004813,0,0,,
4814,Pooja Rao,Individual,PAN004814,0,0,,
4815,Sneha Pillai,Individual,PAN004815,0,0,,
4816,Meera Gupta,Individual,PAN004816,0,0,,
4817,Ajay Reddy,Individual,PAN004817,0,0,,
4818,Crestline Holdings Pvt Ltd,LLP,PAN004818,0,0,,2442.0
4819,Rahul Verma,NRI Individual,PAN004819,0,0,,1068.0
4820,Priya Patel,Individual,PAN004820,0,0,,
4821,Sunrise Consultancy LLP,Pvt Ltd Company,PAN004821,0,0,,3569.0
4822,Horizon Ventures LLP,Pvt Ltd Company,PAN004822,0,0,,2647.0
4823,Priya Joshi,Individual,PAN004823,0,0,,
4824,Arjun Reddy,Individual,PAN004824,0,0,,
4825,Karan Singh,Individual,PAN004825,0,0,,
4826,Summit Trading Pvt Ltd,Pvt Ltd Company,PAN004826,0,0,,239.0
4827,Pooja Reddy,NRI Individual,PAN004827,0,0,,2347.0
4828,Cascade Trading Pvt Ltd,Partnership Firm,PAN004828,0,0,,1316.0
4829,Kavya Menon,Individual,PAN004829,0,0,,
4830,Horizon Consultancy LLP,Trust,PAN004830,0,0,,2080.0
4831,Meera Sharma,Individual,PAN004831,0,0,,
4832,Orbis Trading Pvt Ltd,Pvt Ltd Company,PAN004832,0,0,,1903.0
4833,Neha Gupta,Individual,PAN004833,0,0,,
4834,Rahul Verma,NRI Individual,PAN004834,0,0,,3455.0
4835,Pooja Reddy,Individual,PAN004835,0,0,,
4836,Vikram Desai,Individual,PAN004836,0,0,,
4837,Karan Verma,NRI Individual,PAN004837,0,0,,3656.0
4838,Sneha Rao,Individual,PAN004838,0,0,,
4839,Suresh Reddy,Individual,PAN004839,0,0,,
4840,Divya Sharma,Individual,PAN004840,0,0,,
4841,Rohan Patel,Individual,PAN004841,0,0,,
4842,Summit Trading Pvt Ltd,LLP,PAN004842,0,0,,876.0
4843,Priya Verma,Individual,PAN004843,0,0,,
4844,Rahul Sharma,Individual,PAN004844,0,0,,
4845,Suresh Patel,Individual,PAN004845,0,0,,
4846,Vikram Menon,Individual,PAN004846,0,0,,
4847,Horizon Trading LLP,Pvt Ltd Company,PAN004847,0,0,,3708.0
4848,Crestline Infra Pvt Ltd,LLP,PAN004848,0,0,,2954.0
4849,Pooja Kulkarni,Individual,PAN004849,0,0,,
4850,Ajay Iyer,Individual,PAN004850,0,0,,
4851,Orbis Holdings Pvt Ltd,Trust,PAN004851,0,0,,3405.0
4852,Priya Joshi,Individual,PAN004852,0,0,,
4853,Sunrise Trading LLP,LLP,PAN004853,0,0,,3232.0
4854,Divya Singh,Individual,PAN004854,0,0,,
4855,Neha Iyer,Individual,PAN004855,0,0,,
4856,Amit Joshi,NRI Individual,PAN004856,0,0,,2442.0
4857,Meera Verma,Individual,PAN004857,0,0,,
4858,Rohan Menon,Individual,PAN004858,0,0,,
4859,Novus Holdings LLP,Pvt Ltd Company,PAN004859,0,0,,951.0
4860,Horizon Infra LLP,Pvt Ltd Company,PAN004860,0,0,,1836.0
4861,Rohan Verma,Individual,PAN004861,0,0,,
4862,Kavya Pillai,Individual,PAN004862,0,0,,
4863,Vikram Pillai,Individual,PAN004863,0,0,,
4864,Kavya Gupta,Individual,PAN004864,0,0,,
4865,Ajay Joshi,Individual,PAN004865,0,0,,
4866,Vikram Iyer,Individual,PAN004866,0,0,,
4867,Sunrise Consultancy LLP,Trust,PAN004867,0,0,,1239.0
4868,Meera Gupta,Individual,PAN004868,0,0,,
4869,Pooja Desai,Individual,PAN004869,0,0,,
4870,Meera Singh,Individual,PAN004870,0,0,,
4871,Ajay Patel,Individual,PAN004871,0,0,,
4872,Sneha Sharma,Individual,PAN004872,0,0,,
4873,Summit Realty LLP,LLP,PAN004873,0,0,,696.0
4874,Zenith Holdings LLP,Pvt Ltd Company,PAN004874,0,0,,2714.0
4875,Crestline Infra Pvt Ltd,Pvt Ltd Company,PAN004875,0,0,,3956.0
4876,Meera Joshi,Individual,PAN004876,0,0,,
4877,Divya Reddy,Individual,PAN004877,0,0,,
4878,Divya Verma,Individual,PAN004878,0,0,,
4879,Horizon Holdings LLP,LLP,PAN004879,0,0,,1134.0
4880,Vikram Sharma,Individual,PAN004880,0,0,,
4881,Sunrise Enterprises Pvt Ltd,Trust,PAN004881,0,0,,1118.0
4882,Sneha Desai,Individual,PAN004882,0,0,,
4883,Sunrise Enterprises LLP,Pvt Ltd Company,PAN004883,0,0,,1355.0
4884,Pooja Reddy,Individual,PAN004884,0,0,,
4885,Rohan Desai,NRI Individual,PAN004885,0,0,,761.0
4886,Divya Kulkarni,Individual,PAN004886,0,0,,
4887,Zenith Trading Pvt Ltd,LLP,PAN004887,0,0,,359.0
4888,Amit Sharma,Individual,PAN004888,0,0,,
4889,Pooja Desai,Individual,PAN004889,0,0,,
4890,Neha Rao,Individual,PAN004890,0,0,,
4891,Horizon Trading LLP,Pvt Ltd Company,PAN004891,0,0,,2401.0
4892,Pooja Joshi,Individual,PAN004892,0,0,,
4893,Ajay Rao,Individual,PAN004893,0,0,,
4894,Ajay Menon,Individual,PAN004894,0,0,,
4895,Rahul Nair,Individual,PAN004895,0,0,,
4896,Horizon Trading Pvt Ltd,Pvt Ltd Company,PAN004896,0,0,,1189.0
4897,Amit Sharma,NRI Individual,PAN004897,0,0,,519.0
4898,Vertex Trading LLP,LLP,PAN004898,0,0,,71.0
4899,Orbis Infra LLP,Partnership Firm,PAN004899,0,0,,3348.0
4900,Meera Patel,NRI Individual,PAN004900,0,0,,2887.0
4901,Vikram Nair,Individual,PAN004901,0,0,,
4902,Vertex Ventures Pvt Ltd,Partnership Firm,PAN004902,0,0,,3833.0
4903,Neha Menon,Individual,PAN004903,0,0,,
4904,Crestline Ventures Pvt Ltd,LLP,PAN004904,0,0,,2063.0
4905,Divya Patel,Individual,PAN004905,0,0,,
4906,Rahul Patel,Individual,PAN004906,0,0,,
4907,Sneha Desai,Individual,PAN004907,0,0,,
4908,Arjun Rao,Individual,PAN004908,0,0,,
4909,Arjun Iyer,Individual,PAN004909,0,0,,
4910,Summit Holdings LLP,Pvt Ltd Company,PAN004910,0,0,,1357.0
4911,Suresh Joshi,Individual,PAN004911,0,0,,
4912,Rahul Reddy,Individual,PAN004912,0,0,,
4913,Ajay Pillai,Individual,PAN004913,0,0,,
4914,Amit Menon,Individual,PAN004914,0,0,,
4915,Vikram Pillai,Individual,PAN004915,0,0,,
4916,Arjun Nair,Individual,PAN004916,0,0,,
4917,Rohan Gupta,Individual,PAN004917,0,0,,
4918,Amit Rao,NRI Individual,PAN004918,0,0,,1649.0
4919,Rohan Kulkarni,Individual,PAN004919,0,0,,
4920,Orbis Enterprises Pvt Ltd,Pvt Ltd Company,PAN004920,0,0,,2448.0
4921,Horizon Consultancy Pvt Ltd,Trust,PAN004921,0,0,,1906.0
4922,Meera Desai,Individual,PAN004922,0,0,,
4923,Alpine Consultancy Pvt Ltd,LLP,PAN004923,0,0,,2927.0
4924,Sneha Patel,Individual,PAN004924,0,0,,
4925,Vertex Consultancy Pvt Ltd,Partnership Firm,PAN004925,0,0,,348.0
4926,Summit Trading LLP,Pvt Ltd Company,PAN004926,0,0,,314.0
4927,Arjun Sharma,Individual,PAN004927,0,0,,
4928,Suresh Desai,Individual,PAN004928,0,0,,
4929,Vertex Infra LLP,Pvt Ltd Company,PAN004929,0,0,,2564.0
4930,Rahul Desai,Individual,PAN004930,0,0,,
4931,Horizon Consultancy Pvt Ltd,LLP,PAN004931,0,0,,2366.0
4932,Crestline Enterprises LLP,Pvt Ltd Company,PAN004932,0,0,,3180.0
4933,Zenith Enterprises LLP,Pvt Ltd Company,PAN004933,0,0,,1098.0
4934,Karan Gupta,Individual,PAN004934,0,0,,
4935,Ajay Menon,Individual,PAN004935,0,0,,
4936,Summit Enterprises LLP,Partnership Firm,PAN004936,0,0,,2760.0
4937,Suresh Kulkarni,Individual,PAN004937,0,0,,
4938,Orbis Enterprises LLP,Pvt Ltd Company,PAN004938,0,0,,966.0
4939,Pinnacle Infra Pvt Ltd,LLP,PAN004939,0,0,,2589.0
4940,Ajay Desai,Individual,PAN004940,0,0,,
4941,Meera Pillai,Individual,PAN004941,0,0,,
4942,Priya Pillai,Individual,PAN004942,0,0,,
4943,Kavya Singh,Individual,PAN004943,0,0,,
4944,Alpine Enterprises LLP,LLP,PAN004944,0,0,,3336.0
4945,Rohan Sharma,Individual,PAN004945,0,0,,
4946,Divya Singh,Individual,PAN004946,0,0,,
4947,Anjali Verma,Individual,PAN004947,0,0,,
4948,Kavya Menon,Individual,PAN004948,0,0,,
4949,Karan Kulkarni,Individual,PAN004949,0,0,,
4950,Suresh Iyer,Individual,PAN004950,0,0,,
4951,Priya Pillai,Individual,PAN004951,0,0,,
4952,Horizon Consultancy Pvt Ltd,Pvt Ltd Company,PAN004952,0,0,,1345.0
4953,Priya Reddy,Individual,PAN004953,0,0,,
4954,Vikram Reddy,Individual,PAN004954,0,0,,
4955,Summit Ventures Pvt Ltd,Pvt Ltd Company,PAN004955,0,0,,1710.0
4956,Rahul Patel,Individual,PAN004956,0,0,,
4957,Horizon Realty LLP,LLP,PAN004957,0,0,,1614.0
4958,Arjun Pillai,Individual,PAN004958,0,0,,
4959,Divya Verma,Individual,PAN004959,0,0,,
4960,Crestline Holdings Pvt Ltd,Partnership Firm,PAN004960,0,0,,1990.0
4961,Alpine Holdings LLP,Pvt Ltd Company,PAN004961,0,0,,989.0
4962,Zenith Infra Pvt Ltd,Partnership Firm,PAN004962,0,0,,2373.0
4963,Zenith Consultancy LLP,Partnership Firm,PAN004963,0,0,,126.0
4964,Summit Realty LLP,Partnership Firm,PAN004964,0,0,,3045.0
4965,Cascade Trading Pvt Ltd,Partnership Firm,PAN004965,0,0,,2546.0
4966,Rahul Verma,Individual,PAN004966,0,0,,
4967,Novus Infra Pvt Ltd,Pvt Ltd Company,PAN004967,0,0,,2281.0
4968,Karan Iyer,Individual,PAN004968,0,0,,
4969,Pinnacle Holdings Pvt Ltd,Partnership Firm,PAN004969,0,0,,2370.0
4970,Meridian Enterprises LLP,Partnership Firm,PAN004970,0,0,,237.0
4971,Rahul Verma,Individual,PAN004971,0,0,,
4972,Ajay Gupta,Individual,PAN004972,0,0,,
4973,Divya Menon,Individual,PAN004973,0,0,,
4974,Divya Desai,Individual,PAN004974,0,0,,
4975,Ajay Sharma,Individual,PAN004975,0,0,,
4976,Rohan Verma,Individual,PAN004976,0,0,,
4977,Orbis Realty Pvt Ltd,Partnership Firm,PAN004977,0,0,,1092.0
4978,Priya Reddy,Individual,PAN004978,0,0,,
4979,Anjali Verma,Individual,PAN004979,0,0,,
4980,Arjun Sharma,Individual,PAN004980,0,0,,
4981,Alpine Enterprises Pvt Ltd,LLP,PAN004981,0,0,,1678.0
4982,Pooja Iyer,Individual,PAN004982,0,0,,
4983,Orbis Realty Pvt Ltd,LLP,PAN004983,0,0,,3059.0
4984,Anjali Iyer,Individual,PAN004984,0,0,,
4985,Rahul Iyer,Individual,PAN004985,0,0,,
4986,Summit Realty LLP,Pvt Ltd Company,PAN004986,0,0,,2863.0
4987,Ajay Kulkarni,Individual,PAN004987,0,0,,
4988,Priya Iyer,Individual,PAN004988,0,0,,
4989,Alpine Infra Pvt Ltd,LLP,PAN004989,0,0,,3215.0
4990,Divya Menon,Individual,PAN004990,0,0,,
4991,Sneha Verma,Individual,PAN004991,0,0,,
4992,Divya Menon,Individual,PAN004992,0,0,,
4993,Arjun Iyer,Individual,PAN004993,0,0,,
4994,Zenith Ventures Pvt Ltd,Partnership Firm,PAN004994,0,0,,2863.0
4995,Meridian Holdings Pvt Ltd,Partnership Firm,PAN004995,0,0,,1375.0
4996,Meridian Holdings Pvt Ltd,Pvt Ltd Company,PAN004996,0,0,,3531.0
4997,Anjali Nair,NRI Individual,PAN004997,0,0,,83.0
4998,Vikram Kulkarni,Individual,PAN004998,0,0,,
4999,Arjun Nair,Individual,PAN004999,0,0,,
5000,Suresh Joshi,NRI Individual,PAN005000,0,0,,1083.0
5001,Vertex Consultancy LLP,LLP,PAN005001,1,0,0.0,126.0
5002,Vertex Infra LLP,LLP,PAN005002,1,0,0.0,69.0
5003,Zenith Holdings LLP,LLP,PAN005003,1,0,0.0,124.0
5004,Novus Holdings LLP,LLP,PAN005004,1,0,0.0,91.0
5005,Meridian Infra Pvt Ltd,LLP,PAN005005,1,0,0.0,187.0
5006,Meridian Consultancy LLP,LLP,PAN005006,1,0,1.0,179.0
5007,Vertex Enterprises LLP,Pvt Ltd Company,PAN005007,1,0,1.0,26.0
5008,Cascade Holdings LLP,Pvt Ltd Company,PAN005008,1,0,1.0,93.0
5009,Cascade Realty LLP,LLP,PAN005009,1,0,1.0,122.0
5010,Summit Realty LLP,LLP,PAN005010,1,0,1.0,64.0
5011,Summit Trading LLP,Pvt Ltd Company,PAN005011,1,0,2.0,124.0
5012,Sunrise Holdings LLP,Pvt Ltd Company,PAN005012,1,0,2.0,195.0
5013,Zenith Enterprises LLP,LLP,PAN005013,1,0,2.0,180.0
5014,Pinnacle Consultancy Pvt Ltd,LLP,PAN005014,1,0,2.0,83.0
5015,Summit Consultancy LLP,Pvt Ltd Company,PAN005015,1,0,2.0,167.0
5016,Arjun Rao,Individual,PAN005016,0,1,,
5017,Amit Desai,Individual,PAN005017,0,1,,
5018,Ajay Gupta,Individual,PAN005018,0,1,,
5019,Meera Pillai,Individual,PAN005019,0,1,,
5020,Anjali Desai,Individual,PAN005020,0,1,,
5021,Neha Menon,Individual,PAN005021,0,1,,
5022,Meera Singh,Individual,PAN005022,0,1,,
5023,Karan Gupta,Individual,PAN005023,0,1,,
5024,Rahul Verma,Individual,PAN005024,0,1,,
5025,Neha Verma,Individual,PAN005025,0,1,,
5026,Amit Reddy,Individual,PAN005026,0,1,,
5027,Karan Rao,Individual,PAN005027,0,1,,
5028,Rahul Rao,Individual,PAN005028,0,1,,
5029,Amit Gupta,Individual,PAN005029,0,1,,
5030,Amit Desai,Individual,PAN005030,0,1,,
5031,Kavya Gupta,Individual,PAN005031,0,1,,
5032,Priya Desai,Individual,PAN005032,0,1,,
5033,Rahul Joshi,Individual,PAN005033,0,1,,
5034,Meera Rao,Individual,PAN005034,0,1,,
5035,Amit Nair,Individual,PAN005035,0,1,,
5036,Kavya Iyer,Individual,PAN005036,0,1,,
5037,Meera Patel,Individual,PAN005037,0,1,,
5038,Suresh Iyer,Individual,PAN005038,0,1,,
5039,Anjali Pillai,Individual,PAN005039,0,1,,
5040,Rohan Rao,Individual,PAN005040,0,1,,
