listing_id,property_id,city,locality,bhk,carpet_area_sqft,listed_price,fair_value_est,price_deviation_pct,broker_phone,description,rera_registered,days_on_market,num_images,is_fraud,fraud_type,price_per_sqft_listed,area_per_bhk,abs_price_deviation_pct,broker_listing_count,description_reuse_count
500215,100215,Mumbai,Andheri West,3,1398.4,43849240.0,42377237.0,3.47,+91-9323712795,"3BHK independent unit in Andheri West society, floor 15. Immediate possession available.",1,166,6,0,none,31356.721967963385,466.1333333333334,3.47,9,1
501112,101112,Mumbai,Dombivli,4,2004.9,16740526.0,17340620.0,-3.46,+91-9404794074,Well-ventilated 4BHK for sale in Dombivli. Great connectivity. Floor 2 of the tower.,1,144,2,0,none,8349.805975360367,501.225,3.46,7,1
500562,100562,Mumbai,Thane West,1,475.9,5952410.0,5775824.0,3.06,+91-9262497248,"Beautiful 1BHK near Thane West main road, built by Local Developer Co. Vastu compliant, West facing.",1,123,4,0,none,12507.690691321706,475.9,3.06,5,1
500585,100585,Mumbai,Thane West,3,1277.5,15398814.0,16271876.0,-5.37,+91-9916484357,"Newly renovated 3BHK, Thane West. Family-friendly society with amenities. 20 yrs old.",1,16,13,0,none,12053.86614481409,425.8333333333333,5.37,10,1
500326,100326,Mumbai,Powai,2,922.4,22518111.0,23376157.0,-3.67,+91-9443424589,"Premium 2BHK apartment at Powai, Prestige Group project. RERA approved. 7 yrs old, West facing.",1,123,4,0,none,24412.522766695576,461.2,3.67,8,1
502287,102287,Bangalore,Malleshwaram,4,2025.9,49180869.0,47899718.0,2.67,+91-9531276844,"4BHK independent unit in Malleshwaram society, floor 14. Immediate possession available.",1,51,2,0,none,24276.059529098176,506.475,2.67,8,1
500796,100796,Mumbai,Chembur,3,1285.3,29914488.0,29667066.0,0.83,+91-9980873094,"Spacious 3BHK in Chembur, close to metro & schools. Ready to move. Floor 10, East facing.",1,64,7,0,none,23274.323504240256,428.43333333333334,0.83,10,1
501735,101735,Bangalore,Electronic City,2,693.7,8012191.0,8104054.0,-1.13,+91-9218296648,"Newly renovated 2BHK, Electronic City. Family-friendly society with amenities. 1 yrs old.",1,130,10,0,none,11549.936572005188,346.85,1.13,7,2
500027,100027,Mumbai,Bandra West,1,427.7,19583609.0,20256278.0,-3.32,+91-9579730015,"Premium 1BHK apartment at Bandra West, Kolte-Patil project. RERA approved. 21 yrs old, North facing.",1,81,11,0,none,45788.19032031798,427.7,3.32,14,1
500547,100547,Mumbai,Thane West,4,2007.7,31862151.0,32244089.0,-1.18,+91-9227401790,Well-ventilated 4BHK for sale in Thane West. Great connectivity. Floor 13 of the tower.,1,53,4,0,none,15869.976092045625,501.925,1.18,6,1
500745,100745,Mumbai,Chembur,2,654.5,17830898.0,17150198.0,3.97,+91-9438143376,"2BHK flat in prime Chembur location. Negotiable price, urgent sale. North facing, floor 22.",1,63,9,0,none,27243.541634835754,327.25,3.97,4,1
502415,100441,Mumbai,Malad West,3,1236.6,23392438.0,24899633.0,-6.05,+91-9246461550,"Beautiful 3BHK near Malad West main road, built by Puravankara. Vastu compliant, East facing.",1,11,14,1,duplicate_listing,18916.73782953259,412.2,6.05,6,2
500673,100673,Mumbai,Mulund West,3,1345.9,31814284.0,30994907.0,2.64,+91-9834818639,"Spacious 3BHK in Mulund West, close to metro & schools. Ready to move. Floor 20, West facing.",1,81,10,0,none,23637.925551675457,448.6333333333334,2.64,6,1
501675,101675,Bangalore,HSR Layout,1,429.4,7874958.0,8002535.0,-1.59,+91-9399413312,"1BHK flat in prime HSR Layout location. Negotiable price, urgent sale. East facing, floor 22.",1,137,5,0,none,18339.445738239403,429.4,1.59,10,1
501262,101262,Bangalore,Indiranagar,3,1280.9,22895538.0,23159257.0,-1.14,+91-9892298937,"Spacious 3BHK in Indiranagar, close to metro & schools. Ready to move. Floor 7, South facing.",1,29,6,0,none,17874.571004762274,426.9666666666667,1.14,6,2
500859,100859,Mumbai,Kandivali East,2,868.7,12606614.0,12724557.0,-0.93,+91-9253185212,"2BHK independent unit in Kandivali East society, floor 3. Immediate possession available.",1,128,7,0,none,14512.04558535743,434.35,0.93,10,1
501309,101309,Bangalore,Indiranagar,2,745.8,19808147.0,19313673.0,2.56,+91-9201884456,"Newly renovated 2BHK, Indiranagar. Family-friendly society with amenities. 11 yrs old.",1,4,13,0,none,26559.59640654331,372.9,2.56,1,1
501388,101388,Bangalore,Whitefield,3,1307.1,15468893.0,15409446.0,0.39,+91-9999262332,"Premium 3BHK apartment at Whitefield, Brigade Group project. RERA approved. 16 yrs old, South facing.",1,178,11,0,none,11834.51380919593,435.7,0.39,7,1
500271,100271,Mumbai,Powai,1,494.6,10258009.0,10736500.0,-4.46,+91-9714051372,"Spacious 2BHK in Prime Location, close to metro & schools. Ready to move. Floor 5, North facing.",1,146,11,1,recycled_description,20740.010109179133,494.6,4.46,5,57
501741,101741,Bangalore,Electronic City,4,1623.9,17900651.0,18689212.0,-4.22,+91-9282620576,"Spacious 4BHK in Electronic City, close to metro & schools. Ready to move. Floor 5, West facing.",1,96,11,0,none,11023.247121128148,405.975,4.22,9,1
502003,102003,Bangalore,JP Nagar,4,537.2,22707343.0,21885881.0,3.75,+91-9329382628,Well-ventilated 4BHK for sale in JP Nagar. Great connectivity. Floor 22 of the tower.,0,121,0,1,fake_listing,42269.81198808637,134.3,3.75,5,2
500475,100475,Mumbai,Malad West,2,824.3,14278712.0,14028952.0,1.78,+91-9161843816,"Premium 2BHK apartment at Malad West, Lodha Group project. RERA approved. 24 yrs old, West facing.",1,31,6,0,none,17322.227344413444,412.15,1.78,5,1
501171,101171,Mumbai,Dombivli,4,2107.6,23427846.0,23600921.0,-0.73,+91-9613064446,"Spacious 4BHK in Dombivli, close to metro & schools. Ready to move. Floor 19, North facing.",1,25,5,0,none,11115.88821408237,526.9,0.73,9,1
500220,100220,Mumbai,Andheri West,1,456.3,14002365.0,14276888.0,-1.92,+91-9293503633,"Beautiful 1BHK near Andheri West main road, built by Regional Builders Ltd. Vastu compliant, North facing.",1,131,11,0,none,30686.752136752137,456.3,1.92,11,1
502412,101279,Bangalore,Indiranagar,2,694.3,11744297.0,13534521.0,-13.23,+91-9570973736,"Premium 2BHK apartment at Indiranagar, Regional Builders Ltd project. RERA approved. 22 yrs old, East facing.",0,6,9,1,duplicate_listing,16915.306063661243,347.15,13.23,5,2
500218,100218,Mumbai,Andheri West,4,2052.3,61357224.0,61752959.0,-0.64,+91-9465495958,"Premium 4BHK apartment at Andheri West, Puravankara project. RERA approved. 3 yrs old, West facing.",1,175,3,0,none,29896.81040783511,513.075,0.64,9,1
502285,102285,Bangalore,Malleshwaram,2,328.7,16663233.0,16127225.0,3.32,+91-9695993263,"Premium 2BHK apartment at Malleshwaram, Puravankara project. RERA approved. 20 yrs old, North facing.",1,176,0,1,fake_listing,50694.35047155461,164.35,3.32,9,1
500721,100721,Mumbai,Chembur,2,770.0,19941055.0,19683701.0,1.31,+91-9448868620,"Spacious 2BHK in Chembur, close to metro & schools. Ready to move. Floor 1, North facing.",1,98,8,0,none,25897.474025974025,385.0,1.31,7,1
500233,100233,Mumbai,Andheri West,2,702.5,20462669.0,20780799.0,-1.53,+91-9547186091,"Newly renovated 2BHK, Andheri West. Family-friendly society with amenities. 10 yrs old.",1,176,5,0,none,29128.354448398575,351.25,1.53,5,1
500207,100207,Mumbai,Andheri West,1,403.7,10359260.0,10372861.0,-0.13,+91-9965215759,"Premium 1BHK apartment at Andheri West, Puravankara project. RERA approved. 5 yrs old, East facing.",1,145,14,0,none,25660.78771364875,403.7,0.13,6,1
501096,101096,Mumbai,Dombivli,3,1067.6,12567624.0,12822694.0,-1.99,+91-9926604330,Well-ventilated 3BHK for sale in Dombivli. Great connectivity. Floor 14 of the tower.,1,60,5,0,none,11771.847133757963,355.8666666666666,1.99,5,1
501470,101470,Bangalore,Koramangala,3,1035.4,17713986.0,18222551.0,-2.79,+91-9954846640,"Beautiful 3BHK near Koramangala main road, built by Regional Builders Ltd. Vastu compliant, North facing.",1,42,5,0,none,17108.350395982226,345.1333333333334,2.79,6,1
501435,101435,Bangalore,Whitefield,3,1127.6,15899199.0,16045472.0,-0.91,+91-9722828907,"Beautiful 3BHK near Whitefield main road, built by Godrej Properties. Vastu compliant, West facing.",1,6,7,0,none,14100.034586732885,375.8666666666666,0.91,7,1
500254,100254,Mumbai,Powai,3,1263.1,33443728.0,32183483.0,3.92,+91-9350583050,"Beautiful 3BHK near Powai main road, built by Lodha Group. Vastu compliant, East facing.",1,34,13,0,none,26477.49821866836,421.0333333333333,3.92,8,1
501542,101542,Bangalore,Koramangala,3,1250.9,25767798.0,25146291.0,2.47,+91-9571366096,"Newly renovated 3BHK, Koramangala. Family-friendly society with amenities. 3 yrs old.",1,54,9,0,none,20599.4068270845,416.9666666666667,2.47,8,1
502234,102234,Bangalore,Yelahanka,3,999.3,6809323.0,6839020.0,-0.43,+91-9441438610,"Spacious 3BHK in Yelahanka, close to metro & schools. Ready to move. Floor 15, East facing.",1,152,13,0,none,6814.092865005504,333.09999999999997,0.43,5,1
501071,101071,Mumbai,Goregaon West,4,1835.1,49927281.0,47108393.0,5.98,+91-9579730015,"Premium 4BHK apartment at Goregaon West, Godrej Properties project. RERA approved. 17 yrs old, South facing.",1,111,14,0,none,27206.844858590815,458.775,5.98,14,1
500853,100853,Mumbai,Kandivali East,3,1351.4,25565431.0,25767652.0,-0.78,+91-9281979223,"Newly renovated 3BHK, Kandivali East. Family-friendly society with amenities. 8 yrs old.",1,83,14,0,none,18917.737901435547,450.4666666666667,0.78,7,1
500616,100616,Mumbai,Mulund West,4,1508.3,33152348.0,32929024.0,0.68,+91-9526162016,"Beautiful 4BHK near Mulund West main road, built by Kolte-Patil. Vastu compliant, North facing.",1,128,5,0,none,21979.942982165354,377.075,0.68,7,1
501732,101732,Bangalore,Electronic City,3,1009.8,7125171.0,7063777.0,0.87,+91-9579730015,"3BHK independent unit in Electronic City society, floor 19. Immediate possession available.",1,40,14,0,none,7056.021984551397,336.59999999999997,0.87,14,1
501864,101864,Bangalore,Hebbal,2,682.6,8240288.0,7980275.0,3.26,+91-9900430921,"2BHK flat in prime Hebbal location. Negotiable price, urgent sale. South facing, floor 10.",1,75,4,0,none,12071.913272780545,341.3,3.26,5,1
500730,100730,Mumbai,Chembur,2,712.1,15442515.0,15990463.0,-3.43,+91-9313286356,"2BHK flat in prime Chembur location. Negotiable price, urgent sale. North facing, floor 8.",1,10,14,0,none,21685.87979216402,356.05,3.43,3,1
501511,101511,Bangalore,Koramangala,3,1273.6,20116170.0,20151518.0,-0.18,+91-9856151934,"3BHK flat in prime Koramangala location. Negotiable price, urgent sale. North facing, floor 21.",1,1,12,0,none,15794.731469849248,424.5333333333333,0.18,8,1
500263,100263,Mumbai,Powai,3,1035.5,26682009.0,25151750.0,6.08,+91-9135087256,"Newly renovated 3BHK, Powai. Family-friendly society with amenities. 13 yrs old.",1,22,6,0,none,25767.270883631096,345.1666666666667,6.08,7,1
501103,101103,Mumbai,Dombivli,1,536.7,5404978.0,5213765.0,3.67,+91-9613064446,"1BHK flat in prime Dombivli location. Negotiable price, urgent sale. West facing, floor 16.",1,88,5,0,none,10070.762064468045,536.7,3.67,9,1
501674,101674,Bangalore,HSR Layout,2,834.2,10397431.0,10739460.0,-3.18,+91-9492012468,"Newly renovated 2BHK, HSR Layout. Family-friendly society with amenities. 13 yrs old.",1,45,9,0,none,12463.95468712539,417.1,3.18,6,1
502177,102177,Bangalore,Yelahanka,2,821.2,5425765.0,5415093.0,0.2,+91-9181270264,"Newly renovated 2BHK, Yelahanka. Family-friendly society with amenities. 20 yrs old.",1,82,11,0,none,6607.117632732586,410.6,0.2,10,1
500373,100373,Mumbai,Malad West,2,719.0,15080471.0,15085867.0,-0.04,+91-9154552980,"Premium 2BHK apartment at Malad West, Godrej Properties project. RERA approved. 16 yrs old, East facing.",1,143,10,0,none,20974.229485396383,359.5,0.04,3,1
502100,102100,Bangalore,Sarjapur Road,1,427.9,3270990.0,3326881.0,-1.68,+91-9149978419,"1BHK independent unit in Sarjapur Road society, floor 24. Immediate possession available.",0,18,10,0,none,7644.286048142089,427.9,1.68,9,1
502051,102051,Bangalore,Sarjapur Road,1,437.4,4477803.0,4691533.0,-4.56,+91-9323712795,"Beautiful 1BHK near Sarjapur Road main road, built by Oberoi Realty. Vastu compliant, West facing.",1,76,5,0,none,10237.318244170097,437.4,4.56,9,1
500569,100569,Mumbai,Thane West,3,1139.2,20900110.0,21384404.0,-2.26,+91-9638365659,"3BHK flat in prime Thane West location. Negotiable price, urgent sale. West facing, floor 17.",1,17,5,0,none,18346.304424157304,379.73333333333335,2.26,6,1
502240,102240,Bangalore,Yelahanka,2,709.1,5923635.0,5859976.0,1.09,+91-9907492419,"Newly renovated 2BHK, Yelahanka. Family-friendly society with amenities. 21 yrs old.",1,121,14,0,none,8353.737131575235,354.55,1.09,9,1
501588,101588,Bangalore,HSR Layout,3,1092.7,13262206.0,12956160.0,2.36,+91-9293503633,"Premium 3BHK apartment at HSR Layout, Sobha Ltd project. RERA approved. 17 yrs old, West facing.",1,137,14,0,none,12137.097098929256,364.23333333333335,2.36,11,1
500735,100735,Mumbai,Chembur,3,1316.7,33409401.0,34767483.0,-3.91,+91-9737130537,"3BHK independent unit in Chembur society, floor 7. Immediate possession available.",1,87,6,0,none,25373.586238323078,438.90000000000003,3.91,7,1
501856,101856,Bangalore,Hebbal,2,672.2,8050450.0,7848509.0,2.57,+91-9768798507,"Beautiful 2BHK near Hebbal main road, built by Kolte-Patil. Vastu compliant, North facing.",1,86,2,1,duplicate_listing,11976.271942874144,336.1,2.57,8,2
501019,101019,Mumbai,Goregaon West,2,836.7,18674952.0,20597545.0,-9.33,+91-9327491809,"Spacious 2BHK in Goregaon West, close to metro & schools. Ready to move. Floor 10, East facing.",1,47,5,0,none,22319.770527070632,418.35,9.33,6,1
500122,100122,Mumbai,Andheri West,3,1138.4,36088921.0,34328301.0,5.13,+91-9973238204,"Premium 3BHK apartment at Andheri West, Kolte-Patil project. RERA approved. 22 yrs old, North facing.",1,121,14,0,none,31701.441496837666,379.4666666666667,5.13,5,1
502337,102337,Bangalore,Malleshwaram,2,714.1,15035063.0,14314028.0,5.04,+91-9767593851,Well-ventilated 2BHK for sale in Malleshwaram. Great connectivity. Floor 13 of the tower.,0,50,5,0,none,21054.562386220416,357.05,5.04,6,1
502365,102365,Bangalore,Malleshwaram,3,1271.0,33227338.0,33447847.0,-0.66,+91-9991413795,"3BHK independent unit in Malleshwaram society, floor 11. Immediate possession available.",1,21,8,0,none,26142.67348544453,423.6666666666667,0.66,8,1
502318,102318,Bangalore,Malleshwaram,2,735.4,18288137.0,18143661.0,0.8,+91-9320900891,"2BHK flat in prime Malleshwaram location. Negotiable price, urgent sale. West facing, floor 1.",1,137,9,0,none,24868.285286918683,367.7,0.8,6,1
501434,101434,Bangalore,Whitefield,2,740.1,9229888.0,9390536.0,-1.71,+91-9368378778,"Newly renovated 2BHK, Whitefield. Family-friendly society with amenities. 1 yrs old.",1,94,4,0,none,12471.136332927983,370.05,1.71,12,1
500588,100588,Mumbai,Thane West,3,984.5,18980766.0,18704243.0,1.48,+91-9389946978,"Spacious 3BHK in Thane West, close to metro & schools. Ready to move. Floor 11, East facing.",1,13,3,0,none,19279.599796851195,328.1666666666667,1.48,5,1
502358,102358,Bangalore,Malleshwaram,4,2104.6,43366979.0,44079018.0,-1.62,+91-9972116370,"4BHK independent unit in Malleshwaram society, floor 4. Immediate possession available.",1,106,13,0,none,20605.80585384396,526.15,1.62,4,1
501733,101733,Bangalore,Electronic City,2,692.5,6472134.0,6587929.0,-1.76,+91-9617846911,"Premium 2BHK apartment at Electronic City, Local Developer Co project. RERA approved. 23 yrs old, West facing.",1,146,5,0,none,9346.041877256317,346.25,1.76,11,1
500591,100591,Mumbai,Thane West,2,303.9,12023065.0,12066260.0,-0.36,+91-9598147616,"Beautiful 2BHK near Thane West main road, built by Prestige Group. Vastu compliant, South facing.",1,8,0,1,fake_listing,39562.56992431721,151.95,0.36,9,1
501011,101011,Mumbai,Goregaon West,1,532.0,13160642.0,13304080.0,-1.08,+91-9340839373,"1BHK flat in prime Goregaon West location. Negotiable price, urgent sale. North facing, floor 17.",1,69,12,0,none,24738.04887218045,532.0,1.08,6,1
502200,102200,Bangalore,Yelahanka,4,1646.3,16325554.0,16759279.0,-2.59,+91-9181270264,"Beautiful 4BHK near Yelahanka main road, built by Oberoi Realty. Vastu compliant, North facing.",1,157,14,0,none,9916.512178825245,411.575,2.59,10,1
501325,101325,Bangalore,Whitefield,4,2137.3,13734338.0,31508299.0,-56.41,+91-9715315935,"Beautiful 4BHK near Whitefield main road, built by Sobha Ltd. Vastu compliant, South facing.",1,146,8,1,price_manipulation,6426.022551817713,534.325,56.41,8,1
500641,100641,Mumbai,Mulund West,1,533.8,12476801.0,12344868.0,1.07,+91-9536808015,Well-ventilated 1BHK for sale in Mulund West. Great connectivity. Floor 2 of the tower.,1,114,7,0,none,23373.55001873361,533.8,1.07,5,1
501562,101562,Bangalore,HSR Layout,3,1130.0,21346311.0,21804804.0,-2.1,+91-9237906702,"3BHK independent unit in HSR Layout society, floor 18. Immediate possession available.",1,9,4,0,none,18890.540707964603,376.6666666666667,2.1,6,1
500197,100197,Mumbai,Andheri West,2,654.7,15516729.0,15336558.0,1.17,+91-9928969240,"2BHK flat in prime Andheri West location. Negotiable price, urgent sale. West facing, floor 5.",1,139,7,0,none,23700.51779440965,327.35,1.17,8,1
501596,101596,Bangalore,HSR Layout,4,2003.4,29296574.0,27966623.0,4.76,+91-9972477095,"Beautiful 4BHK near HSR Layout main road, built by Kolte-Patil. Vastu compliant, East facing.",1,137,6,0,none,14623.427173804532,500.85,4.76,8,1
501647,101647,Bangalore,HSR Layout,3,1294.9,26061443.0,25943331.0,0.46,+91-9761492403,"3BHK independent unit in HSR Layout society, floor 11. Immediate possession available.",1,3,14,0,none,20126.22055757201,431.6333333333334,0.46,10,1
500515,100515,Mumbai,Thane West,3,1028.5,17209130.0,17405056.0,-1.13,+91-9779522429,"Spacious 3BHK in Thane West, close to metro & schools. Ready to move. Floor 2, West facing.",1,1,7,0,none,16732.260573650947,342.8333333333333,1.13,5,1
501779,101779,Bangalore,Electronic City,2,847.6,8731091.0,8555228.0,2.06,+91-9717419131,"2BHK independent unit in Electronic City society, floor 10. Immediate possession available.",1,81,14,0,none,10300.956819254365,423.8,2.06,9,1
500420,100420,Mumbai,Malad West,2,934.1,15748654.0,16084632.0,-2.09,+91-9519256030,"2BHK independent unit in Malad West society, floor 20. Immediate possession available.",1,157,2,0,none,16859.708810619846,467.05,2.09,5,1
501646,101646,Bangalore,HSR Layout,2,780.7,14023351.0,14079866.0,-0.4,+91-9350583050,"Beautiful 2BHK near HSR Layout main road, built by Brigade Group. Vastu compliant, East facing.",1,141,3,0,none,17962.534904572818,390.35,0.4,8,1
502455,101856,Bangalore,Hebbal,2,672.2,8418074.0,7848509.0,7.26,+91-9817414220,"Beautiful 2BHK near Hebbal main road, built by Kolte-Patil. Vastu compliant, North facing.",1,26,2,1,duplicate_listing,12523.168699791728,336.1,7.26,8,2
502275,102275,Bangalore,Yelahanka,2,757.1,5528567.0,5636461.0,-1.91,+91-9486997175,"2BHK flat in prime Yelahanka location. Negotiable price, urgent sale. North facing, floor 4.",1,179,8,0,none,7302.294280808347,378.55,1.91,5,1
502053,102053,Bangalore,Sarjapur Road,2,915.5,11189994.0,11138682.0,0.46,+91-9775643947,Well-ventilated 2BHK for sale in Sarjapur Road. Great connectivity. Floor 8 of the tower.,1,170,12,0,none,12222.822501365374,457.75,0.46,4,2
500611,100611,Mumbai,Mulund West,4,1816.3,44344079.0,44028307.0,0.72,+91-9339643011,"Beautiful 4BHK near Mulund West main road, built by Runwal Group. Vastu compliant, West facing.",1,168,2,0,none,24414.512470406873,454.075,0.72,7,1
500064,100064,Mumbai,Bandra West,3,1368.3,66640068.0,66155939.0,0.73,+91-9382961741,"Premium 3BHK apartment at Bandra West, Lodha Group project. RERA approved. 18 yrs old, West facing.",1,154,6,1,scam_ring_broker,48702.81955711467,456.09999999999997,0.73,19,1
501298,101298,Bangalore,Indiranagar,4,1608.6,39453682.0,40960443.0,-3.68,+91-9203346309,"4BHK flat in prime Indiranagar location. Negotiable price, urgent sale. South facing, floor 21.",1,68,13,0,none,24526.720129304987,402.15,3.68,7,1
502386,102386,Bangalore,Malleshwaram,1,524.7,12673685.0,12565504.0,0.86,+91-9714051372,"1BHK flat in prime Malleshwaram location. Negotiable price, urgent sale. North facing, floor 14.",1,28,3,0,none,24154.15475509815,524.7,0.86,5,1
502191,102191,Bangalore,Yelahanka,4,1610.0,11231529.0,11583443.0,-3.04,+91-9227401790,"Spacious 4BHK in Yelahanka, close to metro & schools. Ready to move. Floor 10, South facing.",1,43,11,0,none,6976.1049689441,402.5,3.04,6,1
500689,100689,Mumbai,Mulund West,4,2079.3,48379839.0,47936788.0,0.92,+91-9510499810,Well-ventilated 4BHK for sale in Mulund West. Great connectivity. Floor 20 of the tower.,1,74,14,0,none,23267.36834511614,519.825,0.92,3,1
500610,100610,Mumbai,Mulund West,3,1015.6,20553342.0,20379696.0,0.85,+91-9616277060,"Spacious 3BHK in Mulund West, close to metro & schools. Ready to move. Floor 22, North facing.",1,54,6,0,none,20237.634895628198,338.53333333333336,0.85,6,1
500825,100825,Mumbai,Chembur,2,949.8,20545910.0,20909466.0,-1.74,+91-9422195908,"2BHK flat in prime Chembur location. Negotiable price, urgent sale. North facing, floor 12.",1,104,3,0,none,21631.827753211204,474.9,1.74,8,1
501601,101601,Bangalore,HSR Layout,2,802.6,16131042.0,16393509.0,-1.6,+91-9187033684,"Spacious 2BHK in HSR Layout, close to metro & schools. Ready to move. Floor 16, South facing.",1,10,6,0,none,20098.482432095687,401.3,1.6,7,1
502164,102164,Bangalore,Yelahanka,3,1218.3,7969012.0,8601454.0,-7.35,+91-9972556573,"Beautiful 3BHK near Yelahanka main road, built by Local Developer Co. Vastu compliant, North facing.",1,15,4,0,none,6541.091685135025,406.09999999999997,7.35,8,1
502076,102076,Bangalore,Sarjapur Road,3,1250.4,12272301.0,12811233.0,-4.21,+91-9798117120,"3BHK independent unit in Sarjapur Road society, floor 9. Immediate possession available.",1,91,8,0,none,9814.700095969289,416.8,4.21,5,1
501097,101097,Mumbai,Dombivli,2,314.3,7509123.0,7300883.0,2.85,+91-9665290768,"2BHK independent unit in Dombivli society, floor 3. Immediate possession available.",1,113,0,1,fake_listing,23891.578110085906,157.15,2.85,3,1
501039,101039,Mumbai,Goregaon West,4,1735.4,35116846.0,35223516.0,-0.3,+91-9791154902,"Spacious 2BHK in Prime Location, close to metro & schools. Ready to move. Floor 5, North facing.",1,117,2,1,recycled_description,20235.591794398984,433.85,0.3,8,57
502166,102166,Bangalore,Yelahanka,2,783.2,7326614.0,7501343.0,-2.33,+91-9916484357,"2BHK flat in prime Yelahanka location. Negotiable price, urgent sale. West facing, floor 7.",1,173,2,0,none,9354.716547497446,391.6,2.33,10,2
500523,100523,Mumbai,Thane West,2,683.2,14027017.0,14194408.0,-1.18,+91-9268753000,"Newly renovated 2BHK, Thane West. Family-friendly society with amenities. 1 yrs old.",1,83,5,0,none,20531.34806791569,341.6,1.18,6,1
501901,101901,Bangalore,Hebbal,4,2195.8,28647195.0,30050504.0,-4.67,+91-9717419131,"4BHK independent unit in Hebbal society, floor 2. Immediate possession available.",1,107,8,0,none,13046.358958010747,548.95,4.67,9,1
500201,100201,Mumbai,Andheri West,2,727.2,19984715.0,20429709.0,-2.18,+91-9104738773,"Spacious 2BHK in Andheri West, close to metro & schools. Ready to move. Floor 24, South facing.",1,75,14,0,none,27481.731298129813,363.6,2.18,5,1
501577,101577,Bangalore,HSR Layout,3,1065.6,12911576.0,13363055.0,-3.38,+91-9620463206,"Newly renovated 3BHK, HSR Layout. Family-friendly society with amenities. 12 yrs old.",0,111,9,0,none,12116.71921921922,355.2,3.38,5,1
501617,101617,Bangalore,HSR Layout,2,911.9,14580705.0,13674231.0,6.63,+91-9761492403,"Beautiful 2BHK near HSR Layout main road, built by Runwal Group. Vastu compliant, North facing.",1,110,10,0,none,15989.36835179296,455.95,6.63,10,1
502321,102321,Bangalore,Malleshwaram,2,828.7,22024718.0,20935424.0,5.2,+91-9327491809,"2BHK independent unit in Malleshwaram society, floor 12. Immediate possession available.",1,32,8,0,none,26577.432122601665,414.35,5.2,6,1
501455,101455,Bangalore,Koramangala,2,790.4,17331195.0,17085321.0,1.44,+91-9900430921,"Beautiful 2BHK near Koramangala main road, built by Godrej Properties. Vastu compliant, East facing.",1,115,12,0,none,21927.119180161942,395.2,1.44,5,1
502056,102056,Bangalore,Sarjapur Road,2,862.0,10280729.0,10012546.0,2.68,+91-9382349324,"Newly renovated 2BHK, Sarjapur Road. Family-friendly society with amenities. 13 yrs old.",1,99,3,0,none,11926.599767981439,431.0,2.68,6,3
501365,101365,Bangalore,Whitefield,3,1074.6,11544394.0,11427680.0,1.02,+91-9893659135,"Premium 3BHK apartment at Whitefield, Oberoi Realty project. RERA approved. 7 yrs old, West facing.",1,3,13,0,none,10742.968546435884,358.2,1.02,4,1
500518,100518,Mumbai,Thane West,4,1585.8,30774103.0,30845496.0,-0.23,+91-9382349324,"Beautiful 4BHK near Thane West main road, built by Puravankara. Vastu compliant, South facing.",1,100,10,0,none,19406.043006684326,396.45,0.23,6,1
501206,101206,Bangalore,Indiranagar,3,1017.1,21080362.0,21248258.0,-0.79,+91-9584556741,"Newly renovated 3BHK, Indiranagar. Family-friendly society with amenities. 14 yrs old.",0,172,10,0,none,20725.94828433782,339.03333333333336,0.79,5,1
500148,100148,Mumbai,Andheri West,2,715.0,16773429.0,16578433.0,1.18,+91-9399413312,"Spacious 2BHK in Andheri West, close to metro & schools. Ready to move. Floor 14, South facing.",1,91,4,0,none,23459.34125874126,357.5,1.18,10,1
501579,101579,Bangalore,HSR Layout,1,459.2,6679044.0,6439593.0,3.72,+91-9187033684,"Spacious 1BHK in HSR Layout, close to metro & schools. Ready to move. Floor 5, North facing.",1,175,5,0,none,14544.956445993032,459.2,3.72,7,1
500242,100242,Mumbai,Powai,2,710.2,18204149.0,19483102.0,-6.56,+91-9406923322,"Spacious 2BHK in Powai, close to metro & schools. Ready to move. Floor 5, East facing.",1,7,5,0,none,25632.426077161363,355.1,6.56,10,1
500003,100003,Mumbai,Bandra West,1,513.8,24448174.0,23914968.0,2.23,+91-9379008912,"1BHK independent unit in Bandra West society, floor 11. Immediate possession available.",1,106,6,0,none,47583.05566368237,513.8,2.23,8,1
500936,100936,Mumbai,Kandivali East,3,1279.5,34082252.0,33107373.0,2.94,+91-9880546047,"Spacious 3BHK in Kandivali East, close to metro & schools. Ready to move. Floor 4, West facing.",1,150,3,1,scam_ring_broker,26637.164517389607,426.5,2.94,18,1
500180,100180,Mumbai,Andheri West,3,531.4,42594875.0,42719047.0,-0.29,+91-9736046830,"Spacious 3BHK in Andheri West, close to metro & schools. Ready to move. Floor 6, South facing.",1,78,0,1,fake_listing,80155.95596537448,177.13333333333333,0.29,7,1
500703,100703,Mumbai,Mulund West,2,771.2,14683639.0,13846285.0,6.05,+91-9374488493,"Newly renovated 2BHK, Mulund West. Family-friendly society with amenities. 23 yrs old.",1,53,5,0,none,19039.988329875516,385.6,6.05,6,2
501794,101794,Bangalore,Electronic City,3,1326.7,12996475.0,14123133.0,-7.98,+91-9910500619,"3BHK independent unit in Electronic City society, floor 9. Immediate possession available.",1,63,8,0,none,9796.091806738525,442.23333333333335,7.98,10,1
500891,100891,Mumbai,Kandivali East,1,427.4,7565822.0,7654016.0,-1.15,+91-9830428661,Well-ventilated 1BHK for sale in Kandivali East. Great connectivity. Floor 3 of the tower.,1,126,3,0,none,17701.97005147403,427.4,1.15,8,1
500035,100035,Mumbai,Bandra West,3,1361.9,59773717.0,63481032.0,-5.84,+91-9508299192,Well-ventilated 3BHK for sale in Bandra West. Great connectivity. Floor 3 of the tower.,1,44,4,0,none,43889.94566414568,453.9666666666667,5.84,10,1
500061,100061,Mumbai,Bandra West,1,491.1,15715991.0,15539112.0,1.14,+91-9757997144,"Beautiful 1BHK near Bandra West main road, built by Godrej Properties. Vastu compliant, West facing.",1,68,7,0,none,32001.610669924656,491.1,1.14,5,1
502004,102004,Bangalore,JP Nagar,2,864.7,9335145.0,9193924.0,1.54,+91-9748357583,"Newly renovated 2BHK, JP Nagar. Family-friendly society with amenities. 24 yrs old.",0,87,9,0,none,10795.819359315368,432.35,1.54,3,1
500722,100722,Mumbai,Chembur,2,664.5,14546519.0,14198527.0,2.45,+91-9297085007,Well-ventilated 2BHK for sale in Chembur. Great connectivity. Floor 5 of the tower.,1,48,9,0,none,21890.924003009783,332.25,2.45,9,2
502207,102207,Bangalore,Yelahanka,3,1161.9,7714589.0,7960472.0,-3.09,+91-9344372157,"Beautiful 3BHK near Yelahanka main road, built by Regional Builders Ltd. Vastu compliant, West facing.",1,144,11,0,none,6639.632498493846,387.3,3.09,12,2
501178,101178,Mumbai,Dombivli,3,957.8,9603028.0,10026232.0,-4.22,+91-9768798507,Well-ventilated 3BHK for sale in Dombivli. Great connectivity. Floor 19 of the tower.,1,53,10,0,none,10026.130716224681,319.26666666666665,4.22,8,3
502189,102189,Bangalore,Yelahanka,1,443.3,3688173.0,3836656.0,-3.87,+91-9620804731,"Beautiful 1BHK near Yelahanka main road, built by Puravankara. Vastu compliant, East facing.",1,121,8,0,none,8319.812767877283,443.3,3.87,7,1
502293,102293,Bangalore,Malleshwaram,4,1923.5,41965589.0,41349548.0,1.49,+91-9612724846,"4BHK independent unit in Malleshwaram society, floor 2. Immediate possession available.",1,171,9,0,none,21817.306472576034,480.875,1.49,7,1
501236,101236,Bangalore,Indiranagar,3,1257.8,31633437.0,32061692.0,-1.34,+91-9861053448,"3BHK flat in prime Indiranagar location. Negotiable price, urgent sale. South facing, floor 4.",1,104,2,0,none,25149.814755923042,419.26666666666665,1.34,5,1
500865,100865,Mumbai,Kandivali East,3,1021.4,21359809.0,22246219.0,-3.98,+91-9845663635,"Newly renovated 3BHK, Kandivali East. Family-friendly society with amenities. 1 yrs old.",1,124,14,0,none,20912.28607793225,340.46666666666664,3.98,10,1
501355,101355,Bangalore,Whitefield,4,1834.6,22730930.0,23526741.0,-3.38,+91-9253185212,"Spacious 4BHK in Whitefield, close to metro & schools. Ready to move. Floor 14, North facing.",1,8,10,0,none,12390.128638395292,458.65,3.38,10,1
500195,100195,Mumbai,Andheri West,1,422.3,11523811.0,11579682.0,-0.48,+91-9850285918,"Beautiful 1BHK near Andheri West main road, built by Lodha Group. Vastu compliant, West facing.",1,134,3,0,none,27288.209803457255,422.3,0.48,12,2
500171,100171,Mumbai,Andheri West,1,481.9,20259537.0,19592625.0,3.4,+91-9179308582,"1BHK flat in prime Andheri West location. Negotiable price, urgent sale. North facing, floor 1.",1,151,5,0,none,42040.95663000623,481.9,3.4,14,1
501415,101415,Bangalore,Whitefield,3,1180.8,15977031.0,16678837.0,-4.21,+91-9991413795,Well-ventilated 3BHK for sale in Whitefield. Great connectivity. Floor 20 of the tower.,1,176,7,0,none,13530.68343495935,393.59999999999997,4.21,8,1
502032,102032,Bangalore,JP Nagar,3,1120.3,13186039.0,12395241.0,6.38,+91-9390732711,"Spacious 3BHK in JP Nagar, close to metro & schools. Ready to move. Floor 4, North facing.",1,82,6,0,none,11770.096402749265,373.43333333333334,6.38,4,1
502025,102025,Bangalore,JP Nagar,1,473.8,7135548.0,6894165.0,3.5,+91-9871704332,"Spacious 1BHK in JP Nagar, close to metro & schools. Ready to move. Floor 17, West facing.",1,104,6,1,duplicate_listing,15060.25327142254,473.8,3.5,6,2
502082,102082,Bangalore,Sarjapur Road,3,1346.1,16282790.0,16663135.0,-2.28,+91-9426814254,"Newly renovated 3BHK, Sarjapur Road. Family-friendly society with amenities. 1 yrs old.",1,102,10,0,none,12096.270707971176,448.7,2.28,10,1
500708,100708,Mumbai,Mulund West,2,682.6,12528551.0,12243622.0,2.33,+91-9135087256,"Beautiful 2BHK near Mulund West main road, built by Regional Builders Ltd. Vastu compliant, East facing.",1,143,8,0,none,18354.16202754175,341.3,2.33,7,1
500152,100152,Mumbai,Andheri West,2,694.4,18891661.0,18584099.0,1.65,+91-9839105575,"Newly renovated 2BHK, Andheri West. Family-friendly society with amenities. 21 yrs old.",1,164,9,0,none,27205.733006912444,347.2,1.65,9,1
502369,102369,Bangalore,Malleshwaram,4,1743.1,50827863.0,51047265.0,-0.43,+91-9877438606,Well-ventilated 4BHK for sale in Malleshwaram. Great connectivity. Floor 13 of the tower.,1,88,14,0,none,29159.464746715625,435.775,0.43,6,1
502028,102028,Bangalore,JP Nagar,2,683.9,16338963.0,11548721.0,41.48,+91-9389946978,"Beautiful 2BHK near JP Nagar main road, built by Brigade Group. Vastu compliant, East facing.",1,157,7,1,price_manipulation,23890.865623629186,341.95,41.48,5,1
500906,100906,Mumbai,Kandivali East,2,782.6,11362235.0,11963735.0,-5.03,+91-9531276844,"Newly renovated 2BHK, Kandivali East. Family-friendly society with amenities. 19 yrs old.",1,12,9,0,none,14518.572706363404,391.3,5.03,8,2
501492,101492,Bangalore,Koramangala,2,780.9,14332357.0,15151874.0,-5.41,+91-9736046830,"Spacious 2BHK in Koramangala, close to metro & schools. Ready to move. Floor 23, North facing.",1,97,4,0,none,18353.639390446922,390.45,5.41,7,1
501861,101861,Bangalore,Hebbal,3,1038.2,15959865.0,16417840.0,-2.79,+91-9787627078,Well-ventilated 3BHK for sale in Hebbal. Great connectivity. Floor 1 of the tower.,1,60,3,0,none,15372.630514351762,346.06666666666666,2.79,3,1
501684,101684,Bangalore,Electronic City,4,1938.1,24472464.0,24028057.0,1.85,+91-9369588493,"4BHK independent unit in Electronic City society, floor 17. Immediate possession available.",1,69,9,0,none,12627.038852484393,484.525,1.85,5,1
500670,100670,Mumbai,Mulund West,4,1945.0,42220222.0,43047829.0,-1.92,+91-9569049515,"4BHK independent unit in Mulund West society, floor 17. Immediate possession available.",1,38,9,0,none,21707.05501285347,486.25,1.92,3,1
500548,100548,Mumbai,Thane West,2,948.9,16622715.0,16678682.0,-0.34,+91-9771196228,"Premium 2BHK apartment at Thane West, Brigade Group project. RERA approved. 13 yrs old, North facing.",1,177,7,0,none,17517.878596269366,474.45,0.34,7,1
501725,101725,Bangalore,Electronic City,2,804.0,8958850.0,9427688.0,-4.97,+91-9425515741,Well-ventilated 2BHK for sale in Electronic City. Great connectivity. Floor 10 of the tower.,1,168,6,0,none,11142.848258706468,402.0,4.97,10,1
502312,102312,Bangalore,Malleshwaram,3,1287.1,34831349.0,22940396.0,51.83,+91-9605471506,"Newly renovated 3BHK, Malleshwaram. Family-friendly society with amenities. 18 yrs old.",0,34,4,1,price_manipulation,27061.88252661021,429.0333333333333,51.83,11,1
501628,101628,Bangalore,HSR Layout,2,749.6,10704409.0,11491239.0,-6.85,+91-9757997144,Well-ventilated 2BHK for sale in HSR Layout. Great connectivity. Floor 4 of the tower.,1,116,10,0,none,14280.161419423692,374.8,6.85,5,2
500111,100111,Mumbai,Bandra West,3,1309.7,50693695.0,48916221.0,3.63,+91-9598147616,"Beautiful 3BHK near Bandra West main road, built by Local Developer Co. Vastu compliant, South facing.",1,81,13,0,none,38706.341146827515,436.56666666666666,3.63,9,1
501982,101982,Bangalore,JP Nagar,1,427.1,6844413.0,6459895.0,5.95,+91-9845663635,"Newly renovated 1BHK, JP Nagar. Family-friendly society with amenities. 18 yrs old.",1,101,14,0,none,16025.317255911963,427.1,5.95,10,1
502408,100331,Mumbai,Powai,3,1120.6,23139420.0,26316830.0,-12.07,+91-9186867729,"Beautiful 3BHK near Powai main road, built by Local Developer Co. Vastu compliant, North facing.",1,10,10,1,duplicate_listing,20649.134392289845,373.5333333333333,12.07,8,2
500993,100993,Mumbai,Goregaon West,2,804.5,15711847.0,15400490.0,2.02,+91-9839105575,"Beautiful 2BHK near Goregaon West main road, built by Runwal Group. Vastu compliant, West facing.",1,2,4,0,none,19529.95276569298,402.25,2.02,9,1
501288,101288,Bangalore,Indiranagar,4,2166.0,62169184.0,59148275.0,5.11,+91-9974611178,"Spacious 4BHK in Indiranagar, close to metro & schools. Ready to move. Floor 3, North facing.",1,153,6,0,none,28702.301015697136,541.5,5.11,8,2
501778,101778,Bangalore,Electronic City,4,2043.4,17433384.0,17841912.0,-2.29,+91-9379130751,"4BHK flat in prime Electronic City location. Negotiable price, urgent sale. East facing, floor 13.",1,132,12,0,none,8531.557208573946,510.85,2.29,11,1
501605,101605,Bangalore,HSR Layout,3,422.3,11135184.0,11796930.0,-5.61,+91-9587029438,Well-ventilated 3BHK for sale in HSR Layout. Great connectivity. Floor 23 of the tower.,1,41,0,1,fake_listing,26367.946957139473,140.76666666666668,5.61,11,2
501180,101180,Mumbai,Dombivli,2,709.8,8684406.0,8252163.0,5.24,+91-9186621109,"2BHK independent unit in Dombivli society, floor 8. Immediate possession available.",1,94,4,0,none,12235.00422654269,354.9,5.24,8,3
500241,100241,Mumbai,Powai,2,814.8,25359794.0,25551770.0,-0.75,+91-9860566887,"2BHK independent unit in Powai society, floor 14. Immediate possession available.",1,1,3,0,none,31123.949435444283,407.4,0.75,7,1
501454,101454,Bangalore,Koramangala,2,716.1,18051053.0,18037475.0,0.08,+91-9674196921,"Beautiful 2BHK near Koramangala main road, built by Kolte-Patil. Vastu compliant, South facing.",1,149,10,0,none,25207.447283898895,358.05,0.08,5,1
500620,100620,Mumbai,Mulund West,1,401.5,9721962.0,9450551.0,2.87,+91-9379130751,"1BHK independent unit in Mulund West society, floor 22. Immediate possession available.",1,23,12,0,none,24214.102117061022,401.5,2.87,11,1
502125,102125,Bangalore,Sarjapur Road,2,800.1,9241914.0,9744398.0,-5.16,+91-9104738773,"Spacious 2BHK in Sarjapur Road, close to metro & schools. Ready to move. Floor 21, South facing.",1,147,2,0,none,11550.948631421072,400.05,5.16,5,1
501835,101835,Bangalore,Hebbal,4,1559.7,18159418.0,18031777.0,0.71,+91-9127315264,Well-ventilated 4BHK for sale in Hebbal. Great connectivity. Floor 7 of the tower.,1,38,10,0,none,11642.891581714432,389.925,0.71,8,1
501789,101789,Bangalore,Electronic City,3,1130.4,8425863.0,9190414.0,-8.32,+91-9909042384,"Newly renovated 3BHK, Electronic City. Family-friendly society with amenities. 10 yrs old.",1,30,2,0,none,7453.877388535031,376.8,8.32,8,1
501287,101287,Bangalore,Indiranagar,3,1208.0,36668257.0,37117709.0,-1.21,+91-9382961741,"Premium 3BHK apartment at Indiranagar, Kolte-Patil project. RERA approved. 1 yrs old, West facing.",1,153,13,1,scam_ring_broker,30354.51738410596,402.6666666666667,1.21,19,1
502099,102099,Bangalore,Sarjapur Road,3,1316.9,15813290.0,15703889.0,0.7,+91-9885528286,"Newly renovated 3BHK, Sarjapur Road. Family-friendly society with amenities. 17 yrs old.",1,136,4,0,none,12007.965676968637,438.9666666666667,0.7,7,1
500413,100413,Mumbai,Malad West,3,1067.6,18937997.0,18282225.0,3.59,+91-9761492403,"3BHK flat in prime Malad West location. Negotiable price, urgent sale. North facing, floor 9.",1,128,9,0,none,17738.8506931435,355.8666666666666,3.59,10,1
501496,101496,Bangalore,Koramangala,3,1067.6,26385251.0,25974814.0,1.58,+91-9892298937,"Newly renovated 3BHK, Koramangala. Family-friendly society with amenities. 2 yrs old.",1,42,6,0,none,24714.547583364558,355.8666666666666,1.58,6,1
502402,101015,Mumbai,Goregaon West,4,1710.7,46918135.0,45346127.0,3.47,+91-9375272841,"Premium 4BHK apartment at Goregaon West, Kolte-Patil project. RERA approved. 14 yrs old, West facing.",1,12,3,1,duplicate_listing,27426.27871631496,427.675,3.47,5,2
500433,100433,Mumbai,Malad West,1,446.5,14277695.0,8931371.0,59.86,+91-9999262332,"Beautiful 1BHK near Malad West main road, built by Regional Builders Ltd. Vastu compliant, West facing.",0,144,10,1,price_manipulation,31976.920492721165,446.5,59.86,7,1
502036,102036,Bangalore,JP Nagar,3,1357.1,19213845.0,18430489.0,4.25,+91-9171121783,"Beautiful 3BHK near JP Nagar main road, built by Lodha Group. Vastu compliant, West facing.",1,40,4,0,none,14158.017095276693,452.3666666666666,4.25,3,1
502298,102298,Bangalore,Malleshwaram,2,946.9,26536482.0,25866991.0,2.59,+91-9422195908,"2BHK independent unit in Malleshwaram society, floor 6. Immediate possession available.",1,73,3,0,none,28024.587601647483,473.45,2.59,8,3
502335,102335,Bangalore,Malleshwaram,3,1041.0,21178978.0,21091439.0,0.42,+91-9888596926,"Spacious 3BHK in Malleshwaram, close to metro & schools. Ready to move. Floor 16, East facing.",1,92,5,0,none,20344.83957732949,347.0,0.42,4,1
500931,100931,Mumbai,Kandivali East,4,2083.7,36771959.0,36930847.0,-0.43,+91-9678921565,"Newly renovated 4BHK, Kandivali East. Family-friendly society with amenities. 23 yrs old.",1,83,9,0,none,17647.434371550607,520.925,0.43,2,1
502270,102270,Bangalore,Yelahanka,2,713.6,5746307.0,6094309.0,-5.71,+91-9592871678,"2BHK independent unit in Yelahanka society, floor 22. Immediate possession available.",1,173,5,0,none,8052.560257847534,356.8,5.71,3,1
501784,101784,Bangalore,Electronic City,1,447.6,3806158.0,3957794.0,-3.83,+91-9823161428,"1BHK independent unit in Electronic City society, floor 12. Immediate possession available.",1,13,6,0,none,8503.480786416443,447.6,3.83,4,1
500279,100279,Mumbai,Powai,3,1074.7,26203516.0,25979622.0,0.86,+91-9826897384,"Spacious 3BHK in Powai, close to metro & schools. Ready to move. Floor 10, South facing.",1,142,13,0,none,24382.168046896808,358.23333333333335,0.86,8,1
501068,101068,Mumbai,Goregaon West,3,1137.2,25725335.0,25166619.0,2.22,+91-9579730015,"Spacious 3BHK in Goregaon West, close to metro & schools. Ready to move. Floor 6, South facing.",1,161,13,0,none,22621.645269081953,379.06666666666666,2.22,14,1
500090,100090,Mumbai,Bandra West,4,654.4,89841188.0,85364743.0,5.24,+91-9845663635,Well-ventilated 4BHK for sale in Bandra West. Great connectivity. Floor 14 of the tower.,1,138,1,1,fake_listing,137287.87897310514,163.6,5.24,10,1
501518,101518,Bangalore,Koramangala,4,1577.1,39957332.0,39803774.0,0.39,+91-9825435231,"4BHK independent unit in Koramangala society, floor 13. Immediate possession available.",1,6,13,0,none,25335.953332065183,394.275,0.39,8,1
500890,100890,Mumbai,Kandivali East,2,927.6,20180895.0,20823599.0,-3.09,+91-9895651203,"Premium 2BHK apartment at Kandivali East, Godrej Properties project. RERA approved. 12 yrs old, East facing.",1,82,8,0,none,21756.03169469599,463.8,3.09,7,1
501391,101391,Bangalore,Whitefield,2,822.3,7301386.0,12809003.0,-43.0,+91-9102889776,"Spacious 2BHK in Whitefield, close to metro & schools. Ready to move. Floor 15, South facing.",1,31,7,1,price_manipulation,8879.224127447404,411.15,43.0,6,1
501445,101445,Bangalore,Koramangala,2,678.5,20076579.0,13983918.0,43.57,+91-9102889776,"2BHK flat in prime Koramangala location. Negotiable price, urgent sale. West facing, floor 19.",1,101,12,1,price_manipulation,29589.652173913044,339.25,43.57,6,1
501529,101529,Bangalore,Koramangala,2,837.6,22386248.0,21380991.0,4.7,+91-9438143376,"Premium 2BHK apartment at Koramangala, Kolte-Patil project. RERA approved. 23 yrs old, North facing.",1,5,13,0,none,26726.65711556829,418.8,4.7,4,1
502102,102102,Bangalore,Sarjapur Road,2,714.2,9267120.0,9427563.0,-1.7,+91-9880546047,"Beautiful 2BHK near Sarjapur Road main road, built by Lodha Group. Vastu compliant, West facing.",1,120,2,1,scam_ring_broker,12975.52506300756,357.1,1.7,18,1
501029,101029,Mumbai,Goregaon West,3,960.9,20548917.0,20038155.0,2.55,+91-9179308582,"Spacious 3BHK in Goregaon West, close to metro & schools. Ready to move. Floor 7, South facing.",1,65,6,0,none,21385.07336871683,320.3,2.55,14,1
500986,100986,Mumbai,Goregaon West,3,1107.4,27228892.0,26673601.0,2.08,+91-9571366096,"Spacious 3BHK in Goregaon West, close to metro & schools. Ready to move. Floor 13, North facing.",1,17,2,0,none,24588.127144663173,369.1333333333334,2.08,8,1
501432,101432,Bangalore,Whitefield,1,475.7,5431388.0,5417057.0,0.26,+91-9265500456,"Spacious 1BHK in Whitefield, close to metro & schools. Ready to move. Floor 11, West facing.",1,100,8,0,none,11417.675005255413,475.7,0.26,11,1
500329,100329,Mumbai,Powai,3,1385.8,37929991.0,37760324.0,0.45,+91-9571366096,"Premium 3BHK apartment at Powai, Kolte-Patil project. RERA approved. 9 yrs old, South facing.",1,112,9,0,none,27370.465435127724,461.93333333333334,0.45,8,1
501716,101716,Bangalore,Electronic City,2,898.4,7254200.0,7278588.0,-0.34,+91-9281979223,"Beautiful 2BHK near Electronic City main road, built by Kolte-Patil. Vastu compliant, East facing.",1,152,11,0,none,8074.577025823687,449.2,0.34,7,1
502404,100489,Mumbai,Thane West,2,718.0,9578464.0,9098107.0,5.28,+91-9197654256,"2BHK independent unit in Thane West society, floor 7. Immediate possession available.",1,28,9,1,duplicate_listing,13340.479108635098,359.0,5.28,6,2
500987,100987,Mumbai,Goregaon West,4,1652.8,46423749.0,45375479.0,2.31,+91-9606563439,"4BHK independent unit in Goregaon West society, floor 21. Immediate possession available.",1,70,7,0,none,28087.941069699904,413.2,2.31,5,1
501437,101437,Bangalore,Whitefield,2,696.5,10577218.0,10241284.0,3.28,+91-9860566887,"Premium 2BHK apartment at Whitefield, Godrej Properties project. RERA approved. 1 yrs old, North facing.",1,109,11,0,none,15186.24264178033,348.25,3.28,7,1
501409,101409,Bangalore,Whitefield,3,1001.8,13429056.0,14259150.0,-5.82,+91-9930483617,"3BHK flat in prime Whitefield location. Negotiable price, urgent sale. North facing, floor 3.",1,40,11,0,none,13404.927131163906,333.93333333333334,5.82,6,1
500342,100342,Mumbai,Powai,3,1121.4,38045135.0,36015712.0,5.63,+91-9469859753,"3BHK flat in prime Powai location. Negotiable price, urgent sale. East facing, floor 6.",1,107,2,0,none,33926.46245764223,373.8,5.63,6,1
500401,100401,Mumbai,Malad West,1,403.5,8450672.0,8107406.0,4.23,+91-9313202828,"Premium 1BHK apartment at Malad West, Local Developer Co project. RERA approved. 18 yrs old, East facing.",1,141,6,0,none,20943.425030978935,403.5,4.23,5,1
502361,102361,Bangalore,Malleshwaram,2,915.2,19357616.0,18900890.0,2.42,+91-9132112250,"Premium 2BHK apartment at Malleshwaram, Oberoi Realty project. RERA approved. 20 yrs old, East facing.",1,1,3,0,none,21151.24125874126,457.6,2.42,7,1
502123,102123,Bangalore,Sarjapur Road,2,890.2,11356830.0,10748242.0,5.66,+91-9857727504,Well-ventilated 2BHK for sale in Sarjapur Road. Great connectivity. Floor 23 of the tower.,1,107,7,0,none,12757.616266007639,445.1,5.66,9,1
500142,100142,Mumbai,Andheri West,1,508.2,15531637.0,15706077.0,-1.11,+91-9175215650,"Beautiful 1BHK near Andheri West main road, built by Lodha Group. Vastu compliant, East facing.",1,165,12,0,none,30562.05627705628,508.2,1.11,4,1
501644,101644,Bangalore,HSR Layout,2,687.6,12398318.0,12326098.0,0.59,+91-9850285918,"2BHK independent unit in HSR Layout society, floor 3. Immediate possession available.",1,122,9,0,none,18031.294357184408,343.8,0.59,12,2
501380,101380,Bangalore,Whitefield,2,650.8,8867065.0,8698887.0,1.93,+91-9833730649,"Newly renovated 2BHK, Whitefield. Family-friendly society with amenities. 4 yrs old.",1,7,13,0,none,13624.869391518132,325.4,1.93,4,1
501334,101334,Bangalore,Whitefield,3,1329.9,14835232.0,14881992.0,-0.31,+91-9868608163,"3BHK flat in prime Whitefield location. Negotiable price, urgent sale. North facing, floor 8.",1,143,4,0,none,11155.148507406571,443.3,0.31,4,1
501731,101731,Bangalore,Electronic City,1,512.5,4805698.0,4753120.0,1.11,+91-9501138021,"Newly renovated 1BHK, Electronic City. Family-friendly society with amenities. 19 yrs old.",1,150,10,0,none,9376.971707317072,512.5,1.11,9,2
502317,102317,Bangalore,Malleshwaram,4,2067.0,43447855.0,43275272.0,0.4,+91-9620804731,"Spacious 4BHK in Malleshwaram, close to metro & schools. Ready to move. Floor 21, South facing.",0,166,7,0,none,21019.76536042574,516.75,0.4,7,1
500685,100685,Mumbai,Mulund West,2,795.8,22821338.0,23198076.0,-1.62,+91-9950453352,"Premium 2BHK apartment at Mulund West, Lodha Group project. RERA approved. 1 yrs old, West facing.",1,80,6,0,none,28677.227946720282,397.9,1.62,3,1
500399,100399,Mumbai,Malad West,2,816.3,12459106.0,12870836.0,-3.2,+91-9571366096,Well-ventilated 2BHK for sale in Malad West. Great connectivity. Floor 3 of the tower.,1,25,12,0,none,15262.900894279064,408.15,3.2,8,1
501433,101433,Bangalore,Whitefield,4,1531.4,16749928.0,17369300.0,-3.57,+91-9187473254,"4BHK independent unit in Whitefield society, floor 15. Immediate possession available.",1,1,4,0,none,10937.657045840408,382.85,3.57,6,1
500205,100205,Mumbai,Andheri West,1,392.4,9263328.0,9107917.0,1.71,+91-9323311439,"Premium 1BHK apartment at Andheri West, Regional Builders Ltd project. RERA approved. 12 yrs old, North facing.",1,161,13,0,none,23606.8501529052,392.4,1.71,8,1
502138,102138,Bangalore,Sarjapur Road,2,749.6,6484201.0,6913070.0,-6.2,+91-9186621109,"Newly renovated 2BHK, Sarjapur Road. Family-friendly society with amenities. 13 yrs old.",1,31,14,0,none,8650.21478121665,374.8,6.2,8,3
500319,100319,Mumbai,Powai,2,811.3,16846327.0,16473881.0,2.26,+91-9106831896,"2BHK independent unit in Powai society, floor 1. Immediate possession available.",1,24,14,0,none,20764.60865277949,405.65,2.26,4,1
500466,100466,Mumbai,Malad West,3,990.6,18506195.0,18881942.0,-1.99,+91-9671703564,"3BHK independent unit in Malad West society, floor 2. Immediate possession available.",1,26,3,0,none,18681.80395719766,330.2,1.99,7,1
500934,100934,Mumbai,Kandivali East,2,881.4,17389843.0,17202899.0,1.09,+91-9980873094,"Spacious 2BHK in Kandivali East, close to metro & schools. Ready to move. Floor 7, North facing.",1,89,6,0,none,19729.796914000453,440.7,1.09,10,1
501078,101078,Mumbai,Goregaon West,1,414.4,13761062.0,12858826.0,7.02,+91-9787627078,"Spacious 1BHK in Goregaon West, close to metro & schools. Ready to move. Floor 24, West facing.",1,38,13,0,none,33207.19594594595,414.4,7.02,3,1
501429,101429,Bangalore,Whitefield,1,487.6,6787503.0,6842581.0,-0.8,+91-9821832919,"1BHK flat in prime Whitefield location. Negotiable price, urgent sale. East facing, floor 9.",1,122,6,0,none,13920.227645611156,487.6,0.8,4,1
501076,101076,Mumbai,Goregaon West,3,1075.1,20265069.0,21674396.0,-6.5,+91-9829474146,"Spacious 3BHK in Goregaon West, close to metro & schools. Ready to move. Floor 10, South facing.",1,18,14,0,none,18849.473537345366,358.3666666666666,6.5,5,1
501413,101413,Bangalore,Whitefield,3,1246.5,15363643.0,14365478.0,6.95,+91-9510499810,"3BHK independent unit in Whitefield society, floor 14. Immediate possession available.",1,86,2,0,none,12325.425591656638,415.5,6.95,3,1
501619,101619,Bangalore,HSR Layout,4,1957.6,30360225.0,30436300.0,-0.25,+91-9999262332,"4BHK flat in prime HSR Layout location. Negotiable price, urgent sale. East facing, floor 1.",1,24,7,0,none,15508.901205557826,489.4,0.25,7,1
501788,101788,Bangalore,Electronic City,2,831.8,6218564.0,6224306.0,-0.09,+91-9273161929,Well-ventilated 2BHK for sale in Electronic City. Great connectivity. Floor 5 of the tower.,1,69,4,0,none,7476.03270016831,415.9,0.09,8,1
500428,100428,Mumbai,Malad West,2,289.7,17886878.0,16872523.0,6.01,+91-9547352752,"2BHK independent unit in Malad West society, floor 19. Immediate possession available.",1,76,1,1,fake_listing,61742.761477390406,144.85,6.01,9,1
501040,101040,Mumbai,Goregaon West,4,1916.1,48601116.0,47104912.0,3.18,+91-9411455294,"Premium 4BHK apartment at Goregaon West, Lodha Group project. RERA approved. 4 yrs old, North facing.",1,137,7,0,none,25364.60310004697,479.025,3.18,1,1
500718,100718,Mumbai,Mulund West,3,1286.5,24624944.0,24576315.0,0.2,+91-9227401790,"3BHK independent unit in Mulund West society, floor 9. Immediate possession available.",1,7,8,0,none,19141.036921881074,428.8333333333333,0.2,6,1
502416,100108,Mumbai,Bandra West,4,1586.8,81545258.0,77329384.0,5.45,+91-9916484357,"4BHK flat in prime Bandra West location. Negotiable price, urgent sale. West facing, floor 2.",1,25,11,1,duplicate_listing,51389.75170153769,396.7,5.45,10,2
500998,100998,Mumbai,Goregaon West,2,654.8,17250397.0,17458538.0,-1.19,+91-9895651203,"2BHK flat in prime Goregaon West location. Negotiable price, urgent sale. North facing, floor 2.",1,65,2,0,none,26344.528100183263,327.4,1.19,7,1
500416,100416,Mumbai,Malad West,3,1228.5,26689413.0,26774752.0,-0.32,+91-9617846911,"Premium 3BHK apartment at Malad West, Sobha Ltd project. RERA approved. 0 yrs old, East facing.",1,77,12,0,none,21725.203907203908,409.5,0.32,11,1
501992,101992,Bangalore,JP Nagar,4,1814.5,28293680.0,28316796.0,-0.08,+91-9210602891,"Spacious 4BHK in JP Nagar, close to metro & schools. Ready to move. Floor 16, West facing.",1,43,10,0,none,15593.1000275558,453.625,0.08,7,1
500803,100803,Mumbai,Chembur,2,660.9,17947801.0,17956955.0,-0.05,+91-9522526071,"Beautiful 2BHK near Chembur main road, built by Sobha Ltd. Vastu compliant, South facing.",1,25,4,0,none,27156.606143138146,330.45,0.05,10,1
500604,100604,Mumbai,Mulund West,2,690.1,12429170.0,12903558.0,-3.68,+91-9646178083,"2BHK flat in prime Mulund West location. Negotiable price, urgent sale. West facing, floor 22.",1,144,2,0,none,18010.679611650485,345.05,3.68,7,1
500408,100408,Mumbai,Malad West,4,1502.7,32246430.0,32512970.0,-0.82,+91-9426814254,"Spacious 4BHK in Malad West, close to metro & schools. Ready to move. Floor 20, East facing.",1,167,12,0,none,21458.993811139946,375.675,0.82,10,1
500013,100013,Mumbai,Bandra West,3,1141.6,37991533.0,37896923.0,0.25,+91-9956991811,"Beautiful 3BHK near Bandra West main road, built by Sobha Ltd. Vastu compliant, North facing.",1,146,4,0,none,33279.19849334268,380.5333333333333,0.25,7,1
501667,101667,Bangalore,HSR Layout,3,1227.0,15626669.0,16140373.0,-3.18,+91-9134251557,"Spacious 3BHK in HSR Layout, close to metro & schools. Ready to move. Floor 16, West facing.",1,17,10,0,none,12735.671556642217,409.0,3.18,4,1
500650,100650,Mumbai,Mulund West,2,905.9,16337089.0,15999375.0,2.11,+91-9242257447,Well-ventilated 2BHK for sale in Mulund West. Great connectivity. Floor 15 of the tower.,1,82,14,0,none,18034.097582514627,452.95,2.11,6,1
501702,101702,Bangalore,Electronic City,4,1825.1,19890693.0,18524342.0,7.38,+91-9307590178,"4BHK flat in prime Electronic City location. Negotiable price, urgent sale. South facing, floor 20.",1,154,3,0,none,10898.412689715633,456.275,7.38,1,1
500842,100842,Mumbai,Kandivali East,3,1366.9,27123315.0,28107062.0,-3.5,+91-9127259950,"Premium 3BHK apartment at Kandivali East, Lodha Group project. RERA approved. 22 yrs old, South facing.",1,152,7,0,none,19842.940229716878,455.6333333333334,3.5,7,1
500540,100540,Mumbai,Thane West,1,493.2,6292894.0,6082559.0,3.46,+91-9791154902,"1BHK flat in prime Thane West location. Negotiable price, urgent sale. East facing, floor 6.",1,149,8,0,none,12759.314679643147,493.2,3.46,8,1
500770,100770,Mumbai,Chembur,3,1304.1,31534923.0,30799485.0,2.39,+91-9198143259,"Newly renovated 3BHK, Chembur. Family-friendly society with amenities. 6 yrs old.",1,28,11,0,none,24181.368760064415,434.7,2.39,7,1
500340,100340,Mumbai,Powai,3,1086.8,33217667.0,32003954.0,3.79,+91-9323311439,"Spacious 3BHK in Powai, close to metro & schools. Ready to move. Floor 21, North facing.",0,94,4,0,none,30564.654950312848,362.26666666666665,3.79,8,1
501660,101660,Bangalore,HSR Layout,2,730.3,10974865.0,11403238.0,-3.76,+91-9638365659,"2BHK flat in prime HSR Layout location. Negotiable price, urgent sale. East facing, floor 12.",1,136,9,0,none,15027.88580035602,365.15,3.76,6,2
501833,101833,Bangalore,Hebbal,3,1163.5,17561172.0,18256410.0,-3.81,+91-9152236081,"Premium 3BHK apartment at Hebbal, Brigade Group project. RERA approved. 12 yrs old, East facing.",1,59,14,0,none,15093.400945423291,387.8333333333333,3.81,5,1
501926,101926,Bangalore,JP Nagar,3,1183.6,12728506.0,13038851.0,-2.38,+91-9218296648,"3BHK independent unit in JP Nagar society, floor 7. Immediate possession available.",1,144,2,0,none,10754.060493409937,394.5333333333333,2.38,7,1
500652,100652,Mumbai,Mulund West,2,714.7,16743771.0,16884368.0,-0.83,+91-9922019374,"Spacious 2BHK in Mulund West, close to metro & schools. Ready to move. Floor 11, North facing.",1,50,9,0,none,23427.691339023364,357.35,0.83,7,1
500465,100465,Mumbai,Malad West,3,1314.2,17378675.0,18128429.0,-4.14,+91-9886198099,"Spacious 2BHK in Prime Location, close to metro & schools. Ready to move. Floor 5, North facing.",1,123,12,1,recycled_description,13223.76731091158,438.06666666666666,4.14,3,57
500341,100341,Mumbai,Powai,3,1027.2,40611577.0,29050698.0,39.8,+91-9102889776,"Spacious 3BHK in Powai, close to metro & schools. Ready to move. Floor 22, East facing.",1,153,4,1,price_manipulation,39536.192562305296,342.40000000000003,39.8,6,1
500118,100118,Mumbai,Bandra West,2,862.5,37991029.0,37209059.0,2.1,+91-9379130751,"Spacious 2BHK in Bandra West, close to metro & schools. Ready to move. Floor 20, West facing.",1,83,9,0,none,44047.56985507246,431.25,2.1,11,1
501364,101364,Bangalore,Whitefield,2,671.1,9086800.0,9685108.0,-6.18,+91-9207174695,"Beautiful 2BHK near Whitefield main road, built by Prestige Group. Vastu compliant, East facing.",1,16,8,0,none,13540.157949634928,335.55,6.18,9,1
501677,101677,Bangalore,HSR Layout,1,473.9,8901632.0,8638998.0,3.04,+91-9675745449,"Newly renovated 1BHK, HSR Layout. Family-friendly society with amenities. 16 yrs old.",1,71,10,0,none,18783.77716817894,473.9,3.04,6,2
500095,100095,Mumbai,Bandra West,2,725.1,31608595.0,31067396.0,1.74,+91-9118967818,"Beautiful 2BHK near Bandra West main road, built by Godrej Properties. Vastu compliant, South facing.",1,64,2,0,none,43592.04937250034,362.55,1.74,8,1
500187,100187,Mumbai,Andheri West,3,1094.3,27342618.0,29045446.0,-5.86,+91-9612747232,"Beautiful 3BHK near Andheri West main road, built by Prestige Group. Vastu compliant, East facing.",1,39,14,0,none,24986.400438636574,364.76666666666665,5.86,5,1
500052,100052,Mumbai,Bandra West,2,752.8,26362064.0,27200006.0,-3.08,+91-9906886470,"Beautiful 2BHK near Bandra West main road, built by Regional Builders Ltd. Vastu compliant, West facing.",1,3,4,0,none,35018.68225292242,376.4,3.08,8,1
501515,101515,Bangalore,Koramangala,3,1051.7,17578168.0,18219390.0,-3.52,+91-9754108418,Well-ventilated 3BHK for sale in Koramangala. Great connectivity. Floor 23 of the tower.,1,26,13,0,none,16714.051535609015,350.56666666666666,3.52,6,1
501395,101395,Bangalore,Whitefield,4,1789.5,23314000.0,22865026.0,1.96,+91-9761492403,"4BHK flat in prime Whitefield location. Negotiable price, urgent sale. West facing, floor 4.",1,123,3,0,none,13028.220173232747,447.375,1.96,10,1
501728,101728,Bangalore,Electronic City,1,439.7,2627360.0,2846172.0,-7.69,+91-9203242092,"Beautiful 1BHK near Electronic City main road, built by Prestige Group. Vastu compliant, East facing.",1,28,11,0,none,5975.346827382306,439.7,7.69,4,1
501883,101883,Bangalore,Hebbal,3,1107.4,16391135.0,16493374.0,-0.62,+91-9272127411,"Newly renovated 3BHK, Hebbal. Family-friendly society with amenities. 2 yrs old.",1,122,10,0,none,14801.458370959002,369.1333333333334,0.62,10,1
500984,100984,Mumbai,Goregaon West,3,1005.3,26146360.0,24275559.0,7.71,+91-9522526071,"3BHK flat in prime Goregaon West location. Negotiable price, urgent sale. East facing, floor 5.",1,46,9,0,none,26008.51487118273,335.09999999999997,7.71,10,1
501697,101697,Bangalore,Electronic City,1,532.3,3610395.0,3694192.0,-2.27,+91-9926604330,"Spacious 2BHK in Prime Location, close to metro & schools. Ready to move. Floor 5, North facing.",1,113,4,1,recycled_description,6782.631974450498,532.3,2.27,5,57
502264,102264,Bangalore,Yelahanka,2,712.1,7273977.0,7288058.0,-0.19,+91-9850285918,"2BHK flat in prime Yelahanka location. Negotiable price, urgent sale. West facing, floor 12.",1,82,6,0,none,10214.825165004915,356.05,0.19,12,1
500363,100363,Mumbai,Malad West,3,980.5,16134131.0,16864499.0,-4.33,+91-9409789599,Well-ventilated 3BHK for sale in Malad West. Great connectivity. Floor 10 of the tower.,1,11,2,0,none,16455.003569607343,326.8333333333333,4.33,3,1
501184,101184,Mumbai,Dombivli,1,506.2,5649684.0,5194638.0,8.76,+91-9839105575,Well-ventilated 1BHK for sale in Dombivli. Great connectivity. Floor 2 of the tower.,1,47,7,0,none,11160.971947846701,506.2,8.76,9,1
500892,100892,Mumbai,Kandivali East,3,1337.1,27055284.0,27449261.0,-1.44,+91-9674196921,"Newly renovated 3BHK, Kandivali East. Family-friendly society with amenities. 5 yrs old.",1,112,8,0,none,20234.30109939421,445.7,1.44,5,2
500001,100001,Mumbai,Bandra West,2,928.0,45799514.0,45337404.0,1.02,+91-9921360872,"Spacious 2BHK in Bandra West, close to metro & schools. Ready to move. Floor 4, South facing.",1,119,4,0,none,49352.924568965514,464.0,1.02,11,1
501321,101321,Bangalore,Whitefield,1,399.1,5190012.0,5267857.0,-1.48,+91-9447439165,"Beautiful 1BHK near Whitefield main road, built by Brigade Group. Vastu compliant, North facing.",1,155,4,0,none,13004.28965171636,399.1,1.48,10,1
500514,100514,Mumbai,Thane West,1,428.7,5924237.0,5793918.0,2.25,+91-9876528310,"Newly renovated 1BHK, Thane West. Family-friendly society with amenities. 15 yrs old.",1,53,14,0,none,13819.073944483322,428.7,2.25,8,1
501826,101826,Bangalore,Hebbal,1,128.0,5964603.0,6018804.0,-0.9,+91-9694140951,"1BHK flat in prime Hebbal location. Negotiable price, urgent sale. South facing, floor 18.",1,136,0,1,fake_listing,46598.4609375,128.0,0.9,8,1
501514,101514,Bangalore,Koramangala,3,1193.7,25149628.0,26428575.0,-4.84,+91-9294762416,"Beautiful 3BHK near Koramangala main road, built by Puravankara. Vastu compliant, North facing.",1,113,8,0,none,21068.63366004859,397.90000000000003,4.84,9,1
500370,100370,Mumbai,Malad West,2,763.0,13462874.0,13630425.0,-1.23,+91-9631261883,Well-ventilated 2BHK for sale in Malad West. Great connectivity. Floor 12 of the tower.,1,126,4,0,none,17644.657929226738,381.5,1.23,7,2
500191,100191,Mumbai,Andheri West,3,971.3,28384117.0,28069262.0,1.12,+91-9253185212,"Spacious 3BHK in Andheri West, close to metro & schools. Ready to move. Floor 22, East facing.",0,31,14,0,none,29222.811695665605,323.76666666666665,1.12,10,1
501465,101465,Bangalore,Koramangala,2,772.4,22284790.0,22987699.0,-3.06,+91-9907492419,"2BHK flat in prime Koramangala location. Negotiable price, urgent sale. North facing, floor 18.",1,146,12,0,none,28851.35939927499,386.2,3.06,9,1
502410,100575,Mumbai,Thane West,2,733.8,16048463.0,14944209.0,7.39,+91-9522526071,"Premium 2BHK apartment at Thane West, Sobha Ltd project. RERA approved. 22 yrs old, West facing.",1,20,12,1,duplicate_listing,21870.350231670756,366.9,7.39,10,2
501559,101559,Bangalore,Koramangala,2,901.2,19439599.0,19885447.0,-2.24,+91-9406923322,"Newly renovated 2BHK, Koramangala. Family-friendly society with amenities. 13 yrs old.",1,98,8,0,none,21570.793386595647,450.6,2.24,10,2
502182,102182,Bangalore,Yelahanka,3,1001.4,10186217.0,10140950.0,0.45,+91-9708805218,"Newly renovated 3BHK, Yelahanka. Family-friendly society with amenities. 0 yrs old.",1,148,10,0,none,10171.976233273417,333.8,0.45,5,1
501038,101038,Mumbai,Goregaon West,2,813.4,19227539.0,18633459.0,3.19,+91-9768490675,Well-ventilated 2BHK for sale in Goregaon West. Great connectivity. Floor 1 of the tower.,1,48,9,0,none,23638.479223014507,406.7,3.19,9,1
500849,100849,Mumbai,Kandivali East,2,788.1,15756701.0,15904645.0,-0.93,+91-9890369072,"Spacious 2BHK in Kandivali East, close to metro & schools. Ready to move. Floor 2, West facing.",1,33,14,0,none,19993.276233980458,394.05,0.93,7,1
500417,100417,Mumbai,Malad West,2,651.4,16069983.0,15146540.0,6.1,+91-9857727504,"Spacious 2BHK in Malad West, close to metro & schools. Ready to move. Floor 16, South facing.",1,150,8,0,none,24669.915566472213,325.7,6.1,9,1
501058,101058,Mumbai,Goregaon West,2,886.3,20784473.0,20682246.0,0.49,+91-9180373996,"2BHK flat in prime Goregaon West location. Negotiable price, urgent sale. South facing, floor 6.",1,58,12,0,none,23450.832675166424,443.15,0.49,5,1
502103,102103,Bangalore,Sarjapur Road,2,786.6,6397904.0,6445936.0,-0.75,+91-9399413312,"Beautiful 2BHK near Sarjapur Road main road, built by Puravankara. Vastu compliant, South facing.",1,30,4,0,none,8133.618103229087,393.3,0.75,10,1
501738,101738,Bangalore,Electronic City,2,731.2,6043035.0,5818730.0,3.85,+91-9375272841,"Beautiful 2BHK near Electronic City main road, built by Puravankara. Vastu compliant, East facing.",1,51,7,0,none,8264.544584245075,365.6,3.85,5,1
501472,101472,Bangalore,Koramangala,3,1129.1,25752677.0,25717620.0,0.14,+91-9810215628,"3BHK flat in prime Koramangala location. Negotiable price, urgent sale. East facing, floor 11.",1,139,14,0,none,22808.145425560182,376.3666666666666,0.14,7,1
500100,100100,Mumbai,Bandra West,4,1508.4,52567608.0,52079267.0,0.94,+91-9406923322,"Spacious 2BHK in Prime Location, close to metro & schools. Ready to move. Floor 5, North facing.",1,135,11,1,recycled_description,34849.912490055685,377.1,0.94,10,57
501154,101154,Mumbai,Dombivli,3,1058.1,10108526.0,10411408.0,-2.91,+91-9755096065,"Newly renovated 3BHK, Dombivli. Family-friendly society with amenities. 7 yrs old.",1,101,5,0,none,9553.469426330215,352.7,2.91,7,1
500841,100841,Mumbai,Kandivali East,3,1388.7,18428393.0,17854640.0,3.21,+91-9425515741,"Beautiful 3BHK near Kandivali East main road, built by Local Developer Co. Vastu compliant, South facing.",1,10,9,0,none,13270.247713689061,462.90000000000003,3.21,10,1
502394,102394,Bangalore,Malleshwaram,3,1261.1,25234347.0,24380935.0,3.5,+91-9394451386,"3BHK flat in prime Malleshwaram location. Negotiable price, urgent sale. North facing, floor 1.",1,64,11,0,none,20009.79065894854,420.3666666666666,3.5,3,1
500375,100375,Mumbai,Malad West,3,1210.3,25046322.0,24149176.0,3.72,+91-9834704292,"3BHK flat in prime Malad West location. Negotiable price, urgent sale. South facing, floor 10.",1,64,2,0,none,20694.30884904569,403.43333333333334,3.72,6,1
502085,102085,Bangalore,Sarjapur Road,2,827.5,7624572.0,7173730.0,6.28,+91-9273161929,"2BHK independent unit in Sarjapur Road society, floor 8. Immediate possession available.",1,169,6,0,none,9213.984290030212,413.75,6.28,8,1
502173,102173,Bangalore,Yelahanka,3,1246.5,11118059.0,11377654.0,-2.28,+91-9563970401,"3BHK flat in prime Yelahanka location. Negotiable price, urgent sale. North facing, floor 21.",1,144,9,0,none,8919.42158042519,415.5,2.28,5,1
500044,100044,Mumbai,Bandra West,2,923.8,54234150.0,54854679.0,-1.13,+91-9462248467,"Spacious 2BHK in Prime Location, close to metro & schools. Ready to move. Floor 5, North facing.",1,83,11,1,recycled_description,58707.67482138991,461.9,1.13,7,57
500008,100008,Mumbai,Bandra West,1,520.5,24172572.0,24144757.0,0.12,+91-9993926432,"1BHK independent unit in Bandra West society, floor 4. Immediate possession available.",1,115,3,0,none,46441.06051873199,520.5,0.12,4,1
500227,100227,Mumbai,Andheri West,3,1324.5,28083914.0,28191602.0,-0.38,+91-9665615752,Well-ventilated 3BHK for sale in Andheri West. Great connectivity. Floor 14 of the tower.,1,10,10,0,none,21203.408078520195,441.5,0.38,11,1
501927,101927,Bangalore,JP Nagar,3,1159.5,13642696.0,14560829.0,-6.31,+91-9657093714,"Premium 3BHK apartment at JP Nagar, Lodha Group project. RERA approved. 3 yrs old, North facing.",1,28,14,0,none,11766.016386373436,386.5,6.31,10,1
500639,100639,Mumbai,Mulund West,1,452.8,9501006.0,9131033.0,4.05,+91-9386202877,"Newly renovated 1BHK, Mulund West. Family-friendly society with amenities. 12 yrs old.",1,56,12,0,none,20982.787102473496,452.8,4.05,5,1
501124,101124,Mumbai,Dombivli,1,405.9,4029820.0,3916023.0,2.91,+91-9230913958,"1BHK flat in prime Dombivli location. Negotiable price, urgent sale. West facing, floor 8.",1,77,13,0,none,9928.110372012812,405.9,2.91,11,1
501479,101479,Bangalore,Koramangala,1,419.1,10939816.0,10708934.0,2.16,+91-9953311654,"Spacious 1BHK in Koramangala, close to metro & schools. Ready to move. Floor 16, East facing.",1,91,3,0,none,26103.116201383917,419.1,2.16,5,1
502438,100910,Mumbai,Kandivali East,1,528.9,7789819.0,8012781.0,-2.78,+91-9921360872,"1BHK flat in prime Kandivali East location. Negotiable price, urgent sale. West facing, floor 15.",0,24,5,1,duplicate_listing,14728.33995084137,528.9,2.78,11,2
500143,100143,Mumbai,Andheri West,3,1394.8,38507000.0,38149917.0,0.94,+91-9724678543,Well-ventilated 3BHK for sale in Andheri West. Great connectivity. Floor 10 of the tower.,1,13,14,0,none,27607.542299971323,464.93333333333334,0.94,5,1
501418,101418,Bangalore,Whitefield,2,924.8,11223996.0,10696026.0,4.94,+91-9135717776,"2BHK flat in prime Whitefield location. Negotiable price, urgent sale. South facing, floor 24.",1,158,6,0,none,12136.673875432527,462.4,4.94,6,1
501958,101958,Bangalore,JP Nagar,4,2105.3,31289167.0,30378533.0,3.0,+91-9340839373,"Newly renovated 4BHK, JP Nagar. Family-friendly society with amenities. 2 yrs old.",1,116,7,0,none,14862.094238350828,526.325,3.0,6,1
500758,100758,Mumbai,Chembur,3,1232.5,33706984.0,33359680.0,1.04,+91-9704588645,"Spacious 3BHK in Chembur, close to metro & schools. Ready to move. Floor 12, South facing.",1,14,8,0,none,27348.465720081134,410.8333333333333,1.04,3,1
500387,100387,Mumbai,Malad West,3,1032.9,19030530.0,18392399.0,3.47,+91-9519361576,"3BHK flat in prime Malad West location. Negotiable price, urgent sale. North facing, floor 8.",1,1,4,1,scam_ring_broker,18424.368283473712,344.3,3.47,6,1
500644,100644,Mumbai,Mulund West,4,1753.7,43395076.0,43526068.0,-0.3,+91-9230913958,"Newly renovated 4BHK, Mulund West. Family-friendly society with amenities. 11 yrs old.",1,1,7,0,none,24744.868563608372,438.425,0.3,11,1
501147,101147,Mumbai,Dombivli,2,792.4,6131553.0,5977856.0,2.57,+91-9422195908,"Beautiful 2BHK near Dombivli main road, built by Kolte-Patil. Vastu compliant, West facing.",1,131,8,0,none,7737.951792024231,396.2,2.57,8,1
500357,100357,Mumbai,Powai,2,822.3,15609057.0,16049632.0,-2.75,+91-9207174695,"2BHK flat in prime Powai location. Negotiable price, urgent sale. East facing, floor 11.",1,54,4,0,none,18982.192630426853,411.15,2.75,9,1
502007,102007,Bangalore,JP Nagar,3,1312.4,16048171.0,16093810.0,-0.28,+91-9180373996,"Premium 3BHK apartment at JP Nagar, Runwal Group project. RERA approved. 24 yrs old, South facing.",1,146,14,0,none,12228.109570252971,437.4666666666667,0.28,5,1
502153,102153,Bangalore,Sarjapur Road,3,978.5,6591063.0,7038439.0,-6.36,+91-9198143259,"Newly renovated 3BHK, Sarjapur Road. Family-friendly society with amenities. 19 yrs old.",1,173,5,0,none,6735.884517118037,326.1666666666667,6.36,7,1
501211,101211,Bangalore,Indiranagar,1,470.3,9705509.0,9862634.0,-1.59,+91-9956320743,Well-ventilated 1BHK for sale in Indiranagar. Great connectivity. Floor 21 of the tower.,0,3,2,0,none,20636.84669359983,470.3,1.59,6,1
500427,100427,Mumbai,Malad West,2,338.3,14393481.0,14416091.0,-0.16,+91-9857727504,"Premium 2BHK apartment at Malad West, Runwal Group project. RERA approved. 5 yrs old, South facing.",1,123,0,1,fake_listing,42546.50014779781,169.15,0.16,9,1
502046,102046,Bangalore,Sarjapur Road,2,822.4,9101798.0,9304685.0,-2.18,+91-9834818639,"Beautiful 2BHK near Sarjapur Road main road, built by Sobha Ltd. Vastu compliant, North facing.",1,25,13,0,none,11067.361381322957,411.2,2.18,6,1
500512,100512,Mumbai,Thane West,2,809.3,14828536.0,15154657.0,-2.15,+91-9922019374,"Premium 2BHK apartment at Thane West, Runwal Group project. RERA approved. 18 yrs old, South facing.",1,110,5,0,none,18322.668973186705,404.65,2.15,7,1
500948,100948,Mumbai,Kandivali East,2,840.3,17865944.0,17997514.0,-0.73,+91-9885528286,"Beautiful 2BHK near Kandivali East main road, built by Prestige Group. Vastu compliant, East facing.",1,18,8,0,none,21261.38759966679,420.15,0.73,7,1
502284,102284,Bangalore,Malleshwaram,4,2155.4,26147679.0,44044867.0,-40.63,+91-9955844374,"4BHK flat in prime Malleshwaram location. Negotiable price, urgent sale. East facing, floor 20.",1,140,14,1,price_manipulation,12131.241996845132,538.85,40.63,11,1
502126,102126,Bangalore,Sarjapur Road,3,1161.1,12097184.0,12046391.0,0.42,+91-9344372157,"3BHK independent unit in Sarjapur Road society, floor 8. Immediate possession available.",1,18,11,0,none,10418.727069158558,387.0333333333333,0.42,12,1
501775,101775,Bangalore,Electronic City,2,938.5,6505009.0,6499212.0,0.09,+91-9122677183,"Newly renovated 2BHK, Electronic City. Family-friendly society with amenities. 14 yrs old.",1,35,3,0,none,6931.282898241875,469.25,0.09,9,1
500749,100749,Mumbai,Chembur,1,401.0,12100340.0,11525877.0,4.98,+91-9950414459,"1BHK independent unit in Chembur society, floor 16. Immediate possession available.",1,119,4,0,none,30175.411471321695,401.0,4.98,5,1
502111,102111,Bangalore,Sarjapur Road,4,1893.8,24082417.0,24820918.0,-2.98,+91-9916484357,"Newly renovated 4BHK, Sarjapur Road. Family-friendly society with amenities. 2 yrs old.",1,42,14,0,none,12716.452106875066,473.45,2.98,10,1
501745,101745,Bangalore,Electronic City,3,1394.4,16119012.0,15628543.0,3.14,+91-9327491809,"Newly renovated 3BHK, Electronic City. Family-friendly society with amenities. 8 yrs old.",1,54,6,0,none,11559.819277108432,464.8,3.14,6,1
500359,100359,Mumbai,Powai,2,675.6,17060908.0,16963148.0,0.58,+91-9991413795,"2BHK flat in prime Powai location. Negotiable price, urgent sale. South facing, floor 9.",1,47,14,0,none,25252.97217288336,337.8,0.58,8,1
500581,100581,Mumbai,Thane West,3,1020.5,12855396.0,12991033.0,-1.04,+91-9486997175,"Spacious 3BHK in Thane West, close to metro & schools. Ready to move. Floor 15, North facing.",1,90,4,0,none,12597.15433610975,340.1666666666667,1.04,5,1
501641,101641,Bangalore,HSR Layout,2,694.4,10382232.0,10600313.0,-2.06,+91-9830428661,"Newly renovated 2BHK, HSR Layout. Family-friendly society with amenities. 8 yrs old.",1,74,11,0,none,14951.370967741936,347.2,2.06,8,1
501338,101338,Bangalore,Whitefield,3,1333.3,13725264.0,15084091.0,-9.01,+91-9807837077,"Premium 3BHK apartment at Whitefield, Puravankara project. RERA approved. 5 yrs old, North facing.",1,179,13,0,none,10294.20535513388,444.43333333333334,9.01,5,1
500130,100130,Mumbai,Andheri West,3,1237.6,27690102.0,27953111.0,-0.94,+91-9879558245,"3BHK flat in prime Andheri West location. Negotiable price, urgent sale. North facing, floor 16.",0,90,3,0,none,22374.031997414353,412.5333333333333,0.94,8,1
500526,100526,Mumbai,Thane West,3,1276.7,15157427.0,15499262.0,-2.21,+91-9135087256,"Premium 3BHK apartment at Thane West, Kolte-Patil project. RERA approved. 21 yrs old, South facing.",1,4,13,0,none,11872.348241560272,425.56666666666666,2.21,7,1
501770,101770,Bangalore,Electronic City,2,943.2,9565162.0,9714564.0,-1.54,+91-9294762416,"Premium 2BHK apartment at Electronic City, Sobha Ltd project. RERA approved. 5 yrs old, East facing.",1,25,7,0,none,10141.181085665818,471.6,1.54,9,1
501831,101831,Bangalore,Hebbal,2,814.3,10314241.0,10492597.0,-1.7,+91-9455311360,"Spacious 2BHK in Prime Location, close to metro & schools. Ready to move. Floor 5, North facing.",1,16,7,1,recycled_description,12666.389537025667,407.15,1.7,3,57
501907,101907,Bangalore,Hebbal,4,1775.8,20549504.0,20621121.0,-0.35,+91-9255836971,"4BHK flat in prime Hebbal location. Negotiable price, urgent sale. North facing, floor 22.",1,64,5,0,none,11571.969816420768,443.95,0.35,5,1
500464,100464,Mumbai,Malad West,4,1897.6,37466295.0,37488277.0,-0.06,+91-9186867729,"Newly renovated 4BHK, Malad West. Family-friendly society with amenities. 4 yrs old.",1,154,3,0,none,19744.042474704893,474.4,0.06,8,1
500238,100238,Mumbai,Andheri West,3,1266.7,35490794.0,34410253.0,3.14,+91-9857727504,"Spacious 3BHK in Andheri West, close to metro & schools. Ready to move. Floor 16, East facing.",1,43,4,0,none,28018.31057077445,422.23333333333335,3.14,9,1
501114,101114,Mumbai,Dombivli,3,966.7,9113613.0,8800221.0,3.56,+91-9197404522,"Premium 3BHK apartment at Dombivli, Regional Builders Ltd project. RERA approved. 10 yrs old, North facing.",1,111,5,0,none,9427.550429295541,322.23333333333335,3.56,7,1
502060,102060,Bangalore,Sarjapur Road,2,874.4,9029902.0,9119546.0,-0.98,+91-9297085007,"2BHK independent unit in Sarjapur Road society, floor 13. Immediate possession available.",1,9,9,0,none,10326.969350411711,437.2,0.98,9,1
502349,102349,Bangalore,Malleshwaram,3,960.7,21057586.0,21204416.0,-0.69,+91-9850285918,"Beautiful 3BHK near Malleshwaram main road, built by Local Developer Co. Vastu compliant, East facing.",1,129,9,0,none,21919.00281045071,320.23333333333335,0.69,12,1
501082,101082,Mumbai,Dombivli,2,742.1,7849037.0,8033415.0,-2.3,+91-9180373996,"2BHK flat in prime Dombivli location. Negotiable price, urgent sale. West facing, floor 20.",1,61,12,0,none,10576.791537528634,371.05,2.3,5,1
501987,101987,Bangalore,JP Nagar,1,523.4,5652561.0,5728969.0,-1.33,+91-9375272841,"Spacious 1BHK in JP Nagar, close to metro & schools. Ready to move. Floor 3, East facing.",1,9,12,0,none,10799.696217042416,523.4,1.33,5,1
501318,101318,Bangalore,Indiranagar,1,445.4,11199503.0,11840397.0,-5.41,+91-9333060799,"Spacious 1BHK in Indiranagar, close to metro & schools. Ready to move. Floor 23, North facing.",0,179,9,0,none,25144.820386169737,445.4,5.41,4,1
501451,101451,Bangalore,Koramangala,3,1286.2,29332015.0,29217689.0,0.39,+91-9102889776,Well-ventilated 3BHK for sale in Koramangala. Great connectivity. Floor 1 of the tower.,1,124,11,0,none,22805.17415642979,428.73333333333335,0.39,6,1
500076,100076,Mumbai,Bandra West,4,1953.7,80639752.0,80039436.0,0.75,+91-9110614622,"Beautiful 4BHK near Bandra West main road, built by Regional Builders Ltd. Vastu compliant, North facing.",1,143,11,0,none,41275.40154578492,488.425,0.75,5,1
500055,100055,Mumbai,Bandra West,2,906.2,51613272.0,51021673.0,1.16,+91-9736046830,"Beautiful 2BHK near Bandra West main road, built by Kolte-Patil. Vastu compliant, North facing.",1,117,10,0,none,56955.71838446259,453.1,1.16,7,1
501404,101404,Bangalore,Whitefield,4,1968.8,23483110.0,22784480.0,3.07,+91-9235179755,"Newly renovated 4BHK, Whitefield. Family-friendly society with amenities. 12 yrs old.",0,56,3,0,none,11927.625965054856,492.2,3.07,5,1
501086,101086,Mumbai,Dombivli,3,1302.9,14412864.0,14469877.0,-0.39,+91-9104660979,"3BHK flat in prime Dombivli location. Negotiable price, urgent sale. South facing, floor 9.",1,81,6,0,none,11062.14137692839,434.3,0.39,5,1
501182,101182,Mumbai,Dombivli,3,975.0,11275609.0,10924782.0,3.21,+91-9638496599,"3BHK independent unit in Dombivli society, floor 16. Immediate possession available.",1,159,11,0,none,11564.72717948718,325.0,3.21,6,1
501666,101666,Bangalore,HSR Layout,3,1258.3,21635575.0,21683726.0,-0.22,+91-9823161428,"3BHK flat in prime HSR Layout location. Negotiable price, urgent sale. West facing, floor 10.",1,114,8,0,none,17194.289914964636,419.43333333333334,0.22,4,1
502357,102357,Bangalore,Malleshwaram,2,839.0,18144383.0,18555418.0,-2.22,+91-9460898286,Well-ventilated 2BHK for sale in Malleshwaram. Great connectivity. Floor 18 of the tower.,1,5,10,0,none,21626.201430274137,419.5,2.22,9,1
501690,101690,Bangalore,Electronic City,3,1265.4,9589718.0,9655828.0,-0.68,+91-9352768024,"3BHK independent unit in Electronic City society, floor 10. Immediate possession available.",1,62,14,0,none,7578.408408408408,421.8,0.68,12,1
502180,102180,Bangalore,Yelahanka,4,1742.4,15646810.0,16262623.0,-3.79,+91-9529465471,"Beautiful 4BHK near Yelahanka main road, built by Godrej Properties. Vastu compliant, North facing.",1,128,12,0,none,8980.03328741965,435.6,3.79,3,1
501264,101264,Bangalore,Indiranagar,3,1354.5,38244848.0,37685587.0,1.48,+91-9657093714,"Premium 3BHK apartment at Indiranagar, Kolte-Patil project. RERA approved. 16 yrs old, East facing.",1,67,12,0,none,28235.39904023625,451.5,1.48,10,1
502280,102280,Bangalore,Yelahanka,3,993.1,9880299.0,9773063.0,1.1,+91-9310975757,"3BHK flat in prime Yelahanka location. Negotiable price, urgent sale. East facing, floor 2.",1,149,5,0,none,9948.946732453933,331.03333333333336,1.1,6,1
501075,101075,Mumbai,Goregaon West,4,1838.2,39166782.0,40228056.0,-2.64,+91-9144249588,"Beautiful 4BHK near Goregaon West main road, built by Regional Builders Ltd. Vastu compliant, West facing.",0,21,11,0,none,21307.138505059298,459.55,2.64,14,1
500047,100047,Mumbai,Bandra West,4,1887.0,87992784.0,88780371.0,-0.89,+91-9379130751,Well-ventilated 4BHK for sale in Bandra West. Great connectivity. Floor 6 of the tower.,1,24,2,0,none,46631.04610492846,471.75,0.89,11,1
501458,101458,Bangalore,Koramangala,2,932.4,20820879.0,20959747.0,-0.66,+91-9293503633,"Beautiful 2BHK near Koramangala main road, built by Regional Builders Ltd. Vastu compliant, South facing.",0,28,9,0,none,22330.41505791506,466.2,0.66,11,1
502356,102356,Bangalore,Malleshwaram,2,793.6,15933563.0,15640438.0,1.87,+91-9879558245,"Premium 2BHK apartment at Malleshwaram, Prestige Group project. RERA approved. 19 yrs old, East facing.",1,169,6,0,none,20077.574344758064,396.8,1.87,8,1
501657,101657,Bangalore,HSR Layout,4,1931.8,26655498.0,25373225.0,5.05,+91-9921357205,"4BHK independent unit in HSR Layout society, floor 22. Immediate possession available.",1,176,2,0,none,13798.270007247127,482.95,5.05,1,1
500962,100962,Mumbai,Goregaon West,1,382.7,8007960.0,8153421.0,-1.78,+91-9154552980,"Spacious 1BHK in Goregaon West, close to metro & schools. Ready to move. Floor 1, South facing.",1,84,13,0,none,20924.90201201986,382.7,1.78,3,1
501685,101685,Bangalore,Electronic City,2,920.2,8011508.0,7503556.0,6.77,+91-9965215759,"Beautiful 2BHK near Electronic City main road, built by Regional Builders Ltd. Vastu compliant, East facing.",1,177,4,0,none,8706.268202564659,460.1,6.77,6,1
501491,101491,Bangalore,Koramangala,3,978.7,17807374.0,16620182.0,7.14,+91-9626520521,"Premium 3BHK apartment at Koramangala, Local Developer Co project. RERA approved. 20 yrs old, West facing.",0,50,9,0,none,18194.925922141614,326.23333333333335,7.14,4,1
501035,101035,Mumbai,Goregaon West,2,877.8,27101934.0,26666774.0,1.63,+91-9350583050,"Beautiful 2BHK near Goregaon West main road, built by Sobha Ltd. Vastu compliant, North facing.",1,173,12,0,none,30874.83937115516,438.9,1.63,8,1
501337,101337,Bangalore,Whitefield,3,1202.7,17198867.0,16669031.0,3.18,+91-9715315935,"Newly renovated 3BHK, Whitefield. Family-friendly society with amenities. 7 yrs old.",1,69,4,0,none,14300.21368587345,400.90000000000003,3.18,8,1
500863,100863,Mumbai,Kandivali East,3,1316.4,19810811.0,20070730.0,-1.3,+91-9775196830,"Spacious 3BHK in Kandivali East, close to metro & schools. Ready to move. Floor 7, North facing.",1,144,7,0,none,15049.233515648739,438.8,1.3,10,1
500396,100396,Mumbai,Malad West,2,683.3,10277267.0,10989216.0,-6.48,+91-9127259950,"Newly renovated 2BHK, Malad West. Family-friendly society with amenities. 19 yrs old.",1,11,11,0,none,15040.636616420314,341.65,6.48,7,1
501477,101477,Bangalore,Koramangala,3,1297.7,36449451.0,36772629.0,-0.88,+91-9187473254,"3BHK independent unit in Koramangala society, floor 19. Immediate possession available.",1,110,13,0,none,28087.732912075207,432.56666666666666,0.88,6,1
502445,101061,Mumbai,Goregaon West,2,910.2,26973885.0,26455266.0,1.96,+91-9696472636,"Spacious 2BHK in Goregaon West, close to metro & schools. Ready to move. Floor 12, North facing.",1,25,10,1,duplicate_listing,29635.118655240603,455.1,1.96,8,2
500675,100675,Mumbai,Mulund West,1,486.2,9523702.0,9410385.0,1.2,+91-9561703223,"1BHK independent unit in Mulund West society, floor 1. Immediate possession available.",1,24,7,0,none,19588.03373097491,486.2,1.2,6,1
501986,101986,Bangalore,JP Nagar,3,1078.9,17605421.0,17646156.0,-0.23,+91-9889922228,"3BHK independent unit in JP Nagar society, floor 2. Immediate possession available.",1,148,6,0,none,16317.935860598756,359.6333333333334,0.23,4,1
500856,100856,Mumbai,Kandivali East,2,797.1,14655831.0,14612016.0,0.3,+91-9434966744,"Premium 2BHK apartment at Kandivali East, Sobha Ltd project. RERA approved. 5 yrs old, East facing.",1,96,5,0,none,18386.439593526535,398.55,0.3,5,1
502190,102190,Bangalore,Yelahanka,4,2147.4,14975729.0,15561745.0,-3.77,+91-9465495958,"4BHK flat in prime Yelahanka location. Negotiable price, urgent sale. South facing, floor 10.",1,52,3,0,none,6973.888888888889,536.85,3.77,9,1
500596,100596,Mumbai,Thane West,3,1101.6,16597626.0,16453470.0,0.88,+91-9372729183,"Newly renovated 3BHK, Thane West. Family-friendly society with amenities. 3 yrs old.",1,148,9,0,none,15066.835511982572,367.2,0.88,9,1
501946,101946,Bangalore,JP Nagar,2,774.9,11537849.0,11128614.0,3.68,+91-9730247004,"Spacious 2BHK in JP Nagar, close to metro & schools. Ready to move. Floor 24, West facing.",0,82,10,0,none,14889.468318492709,387.45,3.68,7,1
501974,101974,Bangalore,JP Nagar,1,536.6,7748237.0,7329569.0,5.71,+91-9991413795,"Spacious 2BHK in Prime Location, close to metro & schools. Ready to move. Floor 5, North facing.",1,177,3,1,recycled_description,14439.5024226612,536.6,5.71,8,57
500834,100834,Mumbai,Chembur,1,508.0,15279035.0,15441494.0,-1.05,+91-9848220623,"Premium 1BHK apartment at Chembur, Prestige Group project. RERA approved. 7 yrs old, North facing.",1,155,3,0,none,30076.840551181103,508.0,1.05,8,1
500705,100705,Mumbai,Mulund West,4,2194.4,56094855.0,57448336.0,-2.36,+91-9925450994,Well-ventilated 4BHK for sale in Mulund West. Great connectivity. Floor 9 of the tower.,1,80,10,0,none,25562.730131243163,548.6,2.36,8,1
501168,101168,Mumbai,Dombivli,3,1054.0,11009158.0,10787882.0,2.05,+91-9926604330,"3BHK flat in prime Dombivli location. Negotiable price, urgent sale. East facing, floor 11.",1,161,10,0,none,10445.121442125237,351.3333333333333,2.05,5,1
500524,100524,Mumbai,Thane West,2,742.8,13946676.0,14164749.0,-1.54,+91-9280546051,"Newly renovated 2BHK, Thane West. Family-friendly society with amenities. 3 yrs old.",1,110,2,0,none,18775.815831987078,371.4,1.54,5,1
500706,100706,Mumbai,Mulund West,2,719.6,16908877.0,16554240.0,2.14,+91-9110614622,"Spacious 2BHK in Mulund West, close to metro & schools. Ready to move. Floor 24, West facing.",1,21,12,0,none,23497.605614230128,359.8,2.14,5,1
502107,102107,Bangalore,Sarjapur Road,2,700.7,7368635.0,7943194.0,-7.23,+91-9496282119,"2BHK flat in prime Sarjapur Road location. Negotiable price, urgent sale. North facing, floor 10.",1,8,10,0,none,10516.105323248179,350.35,7.23,6,1
500545,100545,Mumbai,Thane West,2,830.4,12149636.0,11694643.0,3.89,+91-9134251557,"2BHK flat in prime Thane West location. Negotiable price, urgent sale. South facing, floor 21.",1,60,9,0,none,14631.064547206166,415.2,3.89,4,1
501761,101761,Bangalore,Electronic City,3,1120.5,7545389.0,7733010.0,-2.43,+91-9905922775,"Spacious 3BHK in Electronic City, close to metro & schools. Ready to move. Floor 1, South facing.",1,78,5,0,none,6733.948237394021,373.5,2.43,11,1
502093,102093,Bangalore,Sarjapur Road,4,1704.0,19406750.0,18987112.0,2.21,+91-9379513176,"4BHK independent unit in Sarjapur Road society, floor 3. Immediate possession available.",0,140,11,0,none,11388.93779342723,426.0,2.21,7,1
501117,101117,Mumbai,Dombivli,3,1354.1,13279464.0,13944382.0,-4.77,+91-9262497248,"Beautiful 3BHK near Dombivli main road, built by Lodha Group. Vastu compliant, North facing.",1,63,10,0,none,9806.856214459789,451.3666666666666,4.77,5,1
501303,101303,Bangalore,Indiranagar,3,990.5,23199909.0,22609728.0,2.61,+91-9547352752,"Beautiful 3BHK near Indiranagar main road, built by Lodha Group. Vastu compliant, East facing.",1,14,8,0,none,23422.42200908632,330.1666666666667,2.61,9,1
502400,102400,Bangalore,Malleshwaram,3,1215.7,19737125.0,19827147.0,-0.45,+91-9350583050,"Spacious 3BHK in Malleshwaram, close to metro & schools. Ready to move. Floor 8, South facing.",1,161,9,0,none,16235.193715554824,405.23333333333335,0.45,8,1
500098,100098,Mumbai,Bandra West,2,671.5,31079680.0,31093556.0,-0.04,+91-9856151934,"Beautiful 2BHK near Bandra West main road, built by Runwal Group. Vastu compliant, East facing.",1,57,12,0,none,46283.961280714815,335.75,0.04,8,1
501940,101940,Bangalore,JP Nagar,3,1323.1,21046979.0,20803101.0,1.17,+91-9993926432,"Spacious 3BHK in JP Nagar, close to metro & schools. Ready to move. Floor 24, South facing.",1,147,10,0,none,15907.322953669414,441.0333333333333,1.17,4,1
501192,101192,Mumbai,Dombivli,3,1107.8,10307671.0,9992600.0,3.15,+91-9272127411,"3BHK flat in prime Dombivli location. Negotiable price, urgent sale. West facing, floor 12.",1,61,9,0,none,9304.63170247337,369.26666666666665,3.15,10,1
500833,100833,Mumbai,Chembur,2,843.5,18717723.0,18892122.0,-0.92,+91-9501138021,"2BHK independent unit in Chembur society, floor 4. Immediate possession available.",1,92,14,0,none,22190.542975696502,421.75,0.92,9,1
500377,100377,Mumbai,Malad West,2,847.7,20167478.0,19449984.0,3.69,+91-9748357583,"Premium 2BHK apartment at Malad West, Kolte-Patil project. RERA approved. 17 yrs old, West facing.",1,57,3,0,none,23790.81986551846,423.85,3.69,3,1
500029,100029,Mumbai,Bandra West,2,922.1,40872050.0,41114703.0,-0.59,+91-9617846911,"Premium 2BHK apartment at Bandra West, Puravankara project. RERA approved. 11 yrs old, East facing.",1,134,4,0,none,44324.964754365035,461.05,0.59,11,1
501326,101326,Bangalore,Whitefield,3,1301.2,14628926.0,14796575.0,-1.13,+91-9860566887,"Beautiful 3BHK near Whitefield main road, built by Sobha Ltd. Vastu compliant, South facing.",1,51,14,0,none,11242.642176452506,433.73333333333335,1.13,7,1
500424,100424,Mumbai,Malad West,3,1020.5,21318758.0,20811689.0,2.44,+91-9112836222,"Spacious 3BHK in Malad West, close to metro & schools. Ready to move. Floor 6, North facing.",1,27,10,0,none,20890.502694757473,340.1666666666667,2.44,2,1
502243,102243,Bangalore,Yelahanka,3,1030.1,9607114.0,9566893.0,0.42,+91-9856151934,"Spacious 3BHK in Yelahanka, close to metro & schools. Ready to move. Floor 16, North facing.",1,177,9,0,none,9326.389670905739,343.3666666666666,0.42,8,1
501590,101590,Bangalore,HSR Layout,1,451.5,6571801.0,6783505.0,-3.12,+91-9757997144,"Spacious 1BHK in HSR Layout, close to metro & schools. Ready to move. Floor 23, North facing.",1,174,12,0,none,14555.483942414176,451.5,3.12,5,1
500472,100472,Mumbai,Malad West,2,704.2,16731441.0,15784396.0,6.0,+91-9921360872,"Newly renovated 2BHK, Malad West. Family-friendly society with amenities. 0 yrs old.",1,64,4,0,none,23759.501562056234,352.1,6.0,11,1
502144,102144,Bangalore,Sarjapur Road,1,528.6,3616494.0,3468507.0,4.27,+91-9367439980,Well-ventilated 1BHK for sale in Sarjapur Road. Great connectivity. Floor 18 of the tower.,1,133,9,0,none,6841.645856980704,528.6,4.27,10,1
501219,101219,Bangalore,Indiranagar,3,1084.8,25228199.0,25207393.0,0.08,+91-9791154902,Well-ventilated 3BHK for sale in Indiranagar. Great connectivity. Floor 4 of the tower.,1,31,12,0,none,23256.08314896755,361.59999999999997,0.08,8,1
500869,100869,Mumbai,Kandivali East,1,475.1,7733269.0,7615279.0,1.55,+91-9777679752,Well-ventilated 1BHK for sale in Kandivali East. Great connectivity. Floor 9 of the tower.,1,69,2,0,none,16277.139549568512,475.1,1.55,6,1
501881,101881,Bangalore,Hebbal,2,949.0,13065203.0,13043092.0,0.17,+91-9255836971,"Spacious 2BHK in Hebbal, close to metro & schools. Ready to move. Floor 12, North facing.",1,93,2,0,none,13767.337197049526,474.5,0.17,5,1
501576,101576,Bangalore,HSR Layout,2,863.9,14122514.0,13448330.0,5.01,+91-9320036460,"2BHK independent unit in HSR Layout society, floor 21. Immediate possession available.",1,140,3,0,none,16347.394374348884,431.95,5.01,4,1
502186,102186,Bangalore,Yelahanka,2,920.2,8315496.0,8136500.0,2.2,+91-9522526071,"Newly renovated 2BHK, Yelahanka. Family-friendly society with amenities. 11 yrs old.",1,85,12,0,none,9036.61812649424,460.1,2.2,10,1
501583,101583,Bangalore,HSR Layout,2,764.1,12061559.0,12537610.0,-3.8,+91-9879911141,Well-ventilated 2BHK for sale in HSR Layout. Great connectivity. Floor 17 of the tower.,1,20,6,0,none,15785.314749378353,382.05,3.8,9,1
501651,101651,Bangalore,HSR Layout,2,679.5,10877319.0,10889122.0,-0.11,+91-9203346309,Well-ventilated 2BHK for sale in HSR Layout. Great connectivity. Floor 12 of the tower.,0,97,5,0,none,16007.827814569537,339.75,0.11,7,1
501724,101724,Bangalore,Electronic City,2,817.5,8369869.0,8647564.0,-3.21,+91-9280546051,"Newly renovated 2BHK, Electronic City. Family-friendly society with amenities. 15 yrs old.",1,80,11,0,none,10238.371865443425,408.75,3.21,5,1
502179,102179,Bangalore,Yelahanka,3,1069.5,7867108.0,8745951.0,-10.05,+91-9850285918,"Newly renovated 3BHK, Yelahanka. Family-friendly society with amenities. 9 yrs old.",1,137,3,0,none,7355.874707807387,356.5,10.05,12,2
502105,102105,Bangalore,Sarjapur Road,3,1275.2,10067094.0,10185700.0,-1.16,+91-9767162773,Well-ventilated 3BHK for sale in Sarjapur Road. Great connectivity. Floor 17 of the tower.,1,75,12,0,none,7894.521643663738,425.06666666666666,1.16,4,1
501330,101330,Bangalore,Whitefield,3,1016.3,15827233.0,16086625.0,-1.61,+91-9161843816,"Spacious 2BHK in Prime Location, close to metro & schools. Ready to move. Floor 5, North facing.",1,157,12,1,recycled_description,15573.386795237628,338.76666666666665,1.61,5,57
500638,100638,Mumbai,Mulund West,2,877.4,15907388.0,16162892.0,-1.58,+91-9186867729,"Premium 2BHK apartment at Mulund West, Sobha Ltd project. RERA approved. 8 yrs old, South facing.",1,57,7,0,none,18130.14360610896,438.7,1.58,8,1
500563,100563,Mumbai,Thane West,3,1297.8,26270471.0,26068352.0,0.78,+91-9879558245,"Newly renovated 3BHK, Thane West. Family-friendly society with amenities. 23 yrs old.",1,91,7,0,none,20242.310833718602,432.59999999999997,0.78,8,1
500260,100260,Mumbai,Powai,4,1612.4,25498565.0,40340383.0,-36.79,+91-9145633649,Well-ventilated 4BHK for sale in Powai. Great connectivity. Floor 24 of the tower.,1,115,11,1,price_manipulation,15814.044281815926,403.1,36.79,3,1
501297,101297,Bangalore,Indiranagar,2,687.2,14579265.0,14779355.0,-1.35,+91-9496282119,"Spacious 2BHK in Indiranagar, close to metro & schools. Ready to move. Floor 14, East facing.",1,130,12,0,none,21215.46129220023,343.6,1.35,6,1
501486,101486,Bangalore,Koramangala,4,1574.0,36535061.0,37685109.0,-3.05,+91-9327491809,"Spacious 4BHK in Koramangala, close to metro & schools. Ready to move. Floor 15, North facing.",1,33,3,0,none,23211.60165184244,393.5,3.05,6,1
502171,102171,Bangalore,Yelahanka,2,903.1,10028217.0,10108874.0,-0.8,+91-9856151934,"Spacious 2BHK in Yelahanka, close to metro & schools. Ready to move. Floor 8, East facing.",1,65,13,0,none,11104.215480013287,451.55,0.8,8,1
500268,100268,Mumbai,Powai,1,466.0,15091406.0,14697230.0,2.68,+91-9282620576,Well-ventilated 1BHK for sale in Powai. Great connectivity. Floor 13 of the tower.,1,126,2,0,none,32384.991416309014,466.0,2.68,9,1
500119,100119,Mumbai,Bandra West,2,919.4,33424452.0,31064507.0,7.6,+91-9239014972,"Beautiful 2BHK near Bandra West main road, built by Regional Builders Ltd. Vastu compliant, North facing.",1,158,12,0,none,36354.635631933874,459.7,7.6,1,1
500811,100811,Mumbai,Chembur,3,1379.1,38084414.0,38804329.0,-1.86,+91-9496282119,Well-ventilated 3BHK for sale in Chembur. Great connectivity. Floor 13 of the tower.,1,155,14,0,none,27615.41150025379,459.7,1.86,6,1
501138,101138,Mumbai,Dombivli,2,694.4,8663189.0,8618562.0,0.52,+91-9625107845,"Premium 2BHK apartment at Dombivli, Kolte-Patil project. RERA approved. 5 yrs old, North facing.",1,51,7,0,none,12475.790610599079,347.2,0.52,7,1
501091,101091,Mumbai,Dombivli,1,411.8,4323883.0,4643902.0,-6.89,+91-9917892784,"Newly renovated 1BHK, Dombivli. Family-friendly society with amenities. 24 yrs old.",1,8,13,0,none,10499.958717824185,411.8,6.89,6,1
501988,101988,Bangalore,JP Nagar,4,1824.1,19594961.0,18535376.0,5.72,+91-9961088337,"4BHK flat in prime JP Nagar location. Negotiable price, urgent sale. North facing, floor 20.",0,153,7,0,none,10742.262485609343,456.025,5.72,9,1
500780,100780,Mumbai,Chembur,3,1160.1,27700152.0,29478898.0,-6.03,+91-9132112250,"3BHK independent unit in Chembur society, floor 5. Immediate possession available.",1,40,13,0,none,23877.3829842255,386.7,6.03,7,2
502048,102048,Bangalore,Sarjapur Road,1,507.9,5768863.0,5803973.0,-0.6,+91-9382961741,"Premium 1BHK apartment at Sarjapur Road, Prestige Group project. RERA approved. 10 yrs old, South facing.",1,3,7,1,scam_ring_broker,11358.265406576098,507.9,0.6,19,1
501773,101773,Bangalore,Electronic City,2,692.8,6018594.0,6085412.0,-1.1,+91-9282620576,"2BHK independent unit in Electronic City society, floor 5. Immediate possession available.",1,150,5,0,none,8687.346997690533,346.4,1.1,9,1
500397,100397,Mumbai,Malad West,3,974.6,19440229.0,20291231.0,-4.19,+91-9135087256,"Beautiful 3BHK near Malad West main road, built by Godrej Properties. Vastu compliant, South facing.",1,107,11,0,none,19946.87974553663,324.8666666666667,4.19,7,1
500351,100351,Mumbai,Powai,3,1127.1,27856931.0,26779079.0,4.02,+91-9605471506,"Beautiful 3BHK near Powai main road, built by Lodha Group. Vastu compliant, West facing.",1,64,4,0,none,24715.58069381599,375.7,4.02,11,1
501427,101427,Bangalore,Whitefield,3,959.5,15023911.0,14869940.0,1.04,+91-9329382628,"Newly renovated 3BHK, Whitefield. Family-friendly society with amenities. 5 yrs old.",1,24,4,0,none,15658.062532569047,319.8333333333333,1.04,5,1
502078,102078,Bangalore,Sarjapur Road,2,724.0,5996496.0,6299043.0,-4.8,+91-9294762416,"2BHK independent unit in Sarjapur Road society, floor 10. Immediate possession available.",1,81,4,1,duplicate_listing,8282.453038674033,362.0,4.8,9,2
500485,100485,Mumbai,Thane West,2,886.3,17211857.0,16436874.0,4.71,+91-9293503633,"Spacious 2BHK in Thane West, close to metro & schools. Ready to move. Floor 23, West facing.",1,93,13,0,none,19419.89958253413,443.15,4.71,11,1
501134,101134,Mumbai,Dombivli,3,1173.0,10432098.0,10029948.0,4.01,+91-9382961741,"Spacious 3BHK in Dombivli, close to metro & schools. Ready to move. Floor 11, East facing.",0,30,11,1,scam_ring_broker,8893.519181585678,391.0,4.01,19,1
502229,102229,Bangalore,Yelahanka,2,932.1,8126388.0,7728510.0,5.15,+91-9856959104,"Beautiful 2BHK near Yelahanka main road, built by Godrej Properties. Vastu compliant, South facing.",1,102,13,0,none,8718.364982298037,466.05,5.15,7,1
500037,100037,Mumbai,Bandra West,2,948.4,47475075.0,46585057.0,1.91,+91-9834818639,"Newly renovated 2BHK, Bandra West. Family-friendly society with amenities. 16 yrs old.",1,61,9,0,none,50058.07148882328,474.2,1.91,6,2
502154,102154,Bangalore,Sarjapur Road,3,951.7,11192617.0,11307663.0,-1.02,+91-9490014371,"Beautiful 3BHK near Sarjapur Road main road, built by Prestige Group. Vastu compliant, West facing.",1,88,9,0,none,11760.656719554481,317.23333333333335,1.02,10,1
502448,100202,Mumbai,Andheri West,4,1527.5,51821408.0,47426365.0,9.27,+91-9961088337,"Newly renovated 4BHK, Andheri West. Family-friendly society with amenities. 14 yrs old.",1,3,3,1,duplicate_listing,33925.63535188216,381.875,9.27,9,2
502227,102227,Bangalore,Yelahanka,2,673.5,6096739.0,6227909.0,-2.11,+91-9344372157,Well-ventilated 2BHK for sale in Yelahanka. Great connectivity. Floor 13 of the tower.,1,36,13,0,none,9052.322197475873,336.75,2.11,12,1
500059,100059,Mumbai,Bandra West,4,1547.3,64607460.0,68309189.0,-5.42,+91-9714051372,"Spacious 4BHK in Bandra West, close to metro & schools. Ready to move. Floor 19, West facing.",1,161,2,0,none,41754.96671621534,386.825,5.42,5,2
500159,100159,Mumbai,Andheri West,3,384.4,32321956.0,33496943.0,-3.51,+91-9813395726,"Beautiful 3BHK near Andheri West main road, built by Regional Builders Ltd. Vastu compliant, North facing.",1,151,1,1,fake_listing,84084.17273673258,128.13333333333333,3.51,3,1
502009,102009,Bangalore,JP Nagar,2,886.1,13791500.0,14272689.0,-3.37,+91-9888596926,"Newly renovated 2BHK, JP Nagar. Family-friendly society with amenities. 15 yrs old.",1,162,12,0,none,15564.270398374902,443.05,3.37,4,1
500384,100384,Mumbai,Malad West,4,1525.8,27565874.0,25828312.0,6.73,+91-9663950636,"Premium 4BHK apartment at Malad West, Brigade Group project. RERA approved. 21 yrs old, West facing.",1,21,6,0,none,18066.505439769302,381.45,6.73,5,1
500214,100214,Mumbai,Andheri West,4,2140.7,106889722.0,70501237.0,51.61,+91-9737130537,"Spacious 4BHK in Andheri West, close to metro & schools. Ready to move. Floor 14, West facing.",1,117,5,1,price_manipulation,49932.13528285141,535.175,51.61,7,1
502401,101441,Bangalore,Koramangala,3,1224.2,24586893.0,23328268.0,5.4,+91-9249410037,"3BHK independent unit in Koramangala society, floor 12. Immediate possession available.",1,27,8,1,duplicate_listing,20084.04917497141,408.06666666666666,5.4,4,2
500504,100504,Mumbai,Thane West,3,1126.4,17584082.0,17895253.0,-1.74,+91-9925450994,"Spacious 3BHK in Thane West, close to metro & schools. Ready to move. Floor 13, South facing.",0,68,11,0,none,15610.868252840908,375.4666666666667,1.74,8,1
500972,100972,Mumbai,Goregaon West,3,1212.9,25800349.0,26126201.0,-1.25,+91-9521340539,"Beautiful 3BHK near Goregaon West main road, built by Kolte-Patil. Vastu compliant, East facing.",1,167,14,0,none,21271.620908566245,404.3,1.25,4,1
500956,100956,Mumbai,Kandivali East,1,415.0,8902423.0,9237137.0,-3.62,+91-9668759251,"Spacious 1BHK in Kandivali East, close to metro & schools. Ready to move. Floor 14, West facing.",1,128,5,0,none,21451.62168674699,415.0,3.62,6,1
500415,100415,Mumbai,Malad West,2,748.8,11247513.0,11422963.0,-1.54,+91-9145633649,"Premium 2BHK apartment at Malad West, Lodha Group project. RERA approved. 16 yrs old, North facing.",1,49,14,0,none,15020.717147435898,374.4,1.54,3,1
500603,100603,Mumbai,Mulund West,3,972.4,17973592.0,18829346.0,-4.54,+91-9612747232,"Beautiful 3BHK near Mulund West main road, built by Prestige Group. Vastu compliant, North facing.",1,106,8,0,none,18483.74331550802,324.1333333333333,4.54,5,1
502201,102201,Bangalore,Yelahanka,4,1624.2,14869276.0,14529820.0,2.34,+91-9695993263,"Premium 4BHK apartment at Yelahanka, Kolte-Patil project. RERA approved. 3 yrs old, West facing.",1,162,6,0,none,9154.830685876123,406.05,2.34,9,1
501165,101165,Mumbai,Dombivli,2,751.5,8037741.0,7871730.0,2.11,+91-9580421995,"2BHK flat in prime Dombivli location. Negotiable price, urgent sale. South facing, floor 9.",1,49,3,0,none,10695.596806387226,375.75,2.11,6,1
500858,100858,Mumbai,Kandivali East,3,1269.0,24674967.0,24116422.0,2.32,+91-9825435231,"Spacious 3BHK in Kandivali East, close to metro & schools. Ready to move. Floor 20, West facing.",1,133,14,0,none,19444.41843971631,423.0,2.32,8,1
501533,101533,Bangalore,Koramangala,3,1302.8,33862918.0,34218175.0,-1.04,+91-9382961741,Well-ventilated 3BHK for sale in Koramangala. Great connectivity. Floor 20 of the tower.,1,170,7,1,scam_ring_broker,25992.41479889469,434.26666666666665,1.04,19,1
500752,100752,Mumbai,Chembur,1,427.6,9709313.0,9642589.0,0.69,+91-9995950253,"1BHK flat in prime Chembur location. Negotiable price, urgent sale. South facing, floor 12.",1,173,10,0,none,22706.53180542563,427.6,0.69,3,2
500717,100717,Mumbai,Mulund West,1,511.4,8729841.0,8883120.0,-1.73,+91-9235709216,"Spacious 1BHK in Mulund West, close to metro & schools. Ready to move. Floor 15, West facing.",1,56,13,0,none,17070.475166210403,511.4,1.73,5,1
500376,100376,Mumbai,Malad West,1,465.6,8874043.0,8607398.0,3.1,+91-9666659963,"1BHK flat in prime Malad West location. Negotiable price, urgent sale. East facing, floor 5.",1,22,5,0,none,19059.370704467354,465.6,3.1,10,1
502117,102117,Bangalore,Sarjapur Road,3,992.3,7748821.0,8273427.0,-6.34,+91-9406923322,"3BHK independent unit in Sarjapur Road society, floor 4. Immediate possession available.",1,119,9,0,none,7808.949914340422,330.76666666666665,6.34,10,1
501600,101600,Bangalore,HSR Layout,3,1172.9,21614427.0,22137582.0,-2.36,+91-9984992798,Well-ventilated 3BHK for sale in HSR Layout. Great connectivity. Floor 10 of the tower.,1,33,8,0,none,18428.19251428084,390.9666666666667,2.36,7,1
500667,100667,Mumbai,Mulund West,2,689.2,14390731.0,14533915.0,-0.99,+91-9972116370,"Newly renovated 2BHK, Mulund West. Family-friendly society with amenities. 10 yrs old.",1,76,2,0,none,20880.340975043528,344.6,0.99,4,1
500010,100010,Mumbai,Bandra West,2,912.4,39630134.0,41201198.0,-3.81,+91-9737130537,"Newly renovated 2BHK, Bandra West. Family-friendly society with amenities. 3 yrs old.",1,33,13,0,none,43435.04384042087,456.2,3.81,7,1
501923,101923,Bangalore,JP Nagar,4,2134.9,34252709.0,34447692.0,-0.57,+91-9825435231,Well-ventilated 4BHK for sale in JP Nagar. Great connectivity. Floor 22 of the tower.,1,176,6,0,none,16044.174902805751,533.725,0.57,8,2
502116,102116,Bangalore,Sarjapur Road,1,534.0,5915440.0,5840802.0,1.28,+91-9471340026,"1BHK flat in prime Sarjapur Road location. Negotiable price, urgent sale. North facing, floor 12.",1,81,6,0,none,11077.602996254682,534.0,1.28,5,1
501026,101026,Mumbai,Goregaon West,3,1090.2,25255690.0,23954017.0,5.43,+91-9821497963,"3BHK independent unit in Goregaon West society, floor 24. Immediate possession available.",1,74,12,0,none,23166.107136305265,363.40000000000003,5.43,5,1
501810,101810,Bangalore,Hebbal,1,457.4,7270634.0,7601300.0,-4.35,+91-9711850666,"1BHK flat in prime Hebbal location. Negotiable price, urgent sale. East facing, floor 24.",0,170,14,0,none,15895.570616528204,457.4,4.35,8,1
500451,100451,Mumbai,Malad West,2,650.6,13529024.0,13899829.0,-2.67,+91-9207174695,"2BHK flat in prime Malad West location. Negotiable price, urgent sale. East facing, floor 19.",1,55,14,0,none,20794.687980325853,325.3,2.67,9,1
500025,100025,Mumbai,Bandra West,3,1003.6,49786164.0,51315811.0,-2.98,+91-9265500456,"3BHK independent unit in Bandra West society, floor 11. Immediate possession available.",1,82,13,0,none,49607.57672379434,334.53333333333336,2.98,11,1
500480,100480,Mumbai,Malad West,2,753.7,16860543.0,17147298.0,-1.67,+91-9779522429,"Beautiful 2BHK near Malad West main road, built by Runwal Group. Vastu compliant, South facing.",1,21,3,0,none,22370.363539869973,376.85,1.67,5,2
502130,102130,Bangalore,Sarjapur Road,3,1232.9,8422200.0,8363651.0,0.7,+91-9438143376,"3BHK independent unit in Sarjapur Road society, floor 2. Immediate possession available.",1,92,7,0,none,6831.210966015085,410.9666666666667,0.7,4,2
501996,101996,Bangalore,JP Nagar,3,1219.0,17129237.0,17480688.0,-2.01,+91-9880546047,"Spacious 3BHK in JP Nagar, close to metro & schools. Ready to move. Floor 23, North facing.",1,91,6,1,scam_ring_broker,14051.876127973748,406.3333333333333,2.01,18,1
500513,100513,Mumbai,Thane West,3,1182.6,22084854.0,21162418.0,4.36,+91-9282620576,"3BHK flat in prime Thane West location. Negotiable price, urgent sale. North facing, floor 24.",1,27,13,0,none,18674.83003551497,394.2,4.36,9,1
502377,102377,Bangalore,Malleshwaram,3,1128.5,29572323.0,29676787.0,-0.35,+91-9892298937,Well-ventilated 3BHK for sale in Malleshwaram. Great connectivity. Floor 21 of the tower.,1,33,11,0,none,26204.982720425345,376.1666666666667,0.35,6,1
501766,101766,Bangalore,Electronic City,4,1743.6,14405634.0,14383625.0,0.15,+91-9671703564,"Premium 4BHK apartment at Electronic City, Puravankara project. RERA approved. 15 yrs old, West facing.",1,82,8,0,none,8262.006194081212,435.9,0.15,7,1
501908,101908,Bangalore,Hebbal,3,1157.8,15894182.0,16664327.0,-4.62,+91-9350583050,"Premium 3BHK apartment at Hebbal, Oberoi Realty project. RERA approved. 13 yrs old, West facing.",1,102,13,0,none,13727.916738642252,385.93333333333334,4.62,8,1
501771,101771,Bangalore,Electronic City,3,1387.6,11724235.0,11691218.0,0.28,+91-9730247004,Well-ventilated 3BHK for sale in Electronic City. Great connectivity. Floor 17 of the tower.,1,27,12,0,none,8449.290141251082,462.5333333333333,0.28,7,1
501383,101383,Bangalore,Whitefield,4,1737.3,16558943.0,16948945.0,-2.3,+91-9826897384,Well-ventilated 4BHK for sale in Whitefield. Great connectivity. Floor 12 of the tower.,1,62,6,0,none,9531.424048811374,434.325,2.3,8,1
501136,101136,Mumbai,Dombivli,2,947.5,10294682.0,10403051.0,-1.04,+91-9903652981,"Premium 2BHK apartment at Dombivli, Lodha Group project. RERA approved. 12 yrs old, West facing.",1,100,14,1,scam_ring_broker,10865.099736147757,473.75,1.04,14,1
501166,101166,Mumbai,Dombivli,1,460.7,4898668.0,5284787.0,-7.31,+91-9905922775,"Beautiful 1BHK near Dombivli main road, built by Lodha Group. Vastu compliant, West facing.",1,111,7,0,none,10633.097460386369,460.7,7.31,11,1
501698,101698,Bangalore,Electronic City,3,1082.6,10496133.0,10083267.0,4.09,+91-9547352752,"Spacious 3BHK in Electronic City, close to metro & schools. Ready to move. Floor 1, West facing.",1,134,11,0,none,9695.301126916684,360.8666666666666,4.09,9,1
501609,101609,Bangalore,HSR Layout,2,786.6,11080799.0,10740145.0,3.17,+91-9711850666,Well-ventilated 2BHK for sale in HSR Layout. Great connectivity. Floor 22 of the tower.,1,92,5,0,none,14086.955250444953,393.3,3.17,8,1
500300,100300,Mumbai,Powai,3,1321.8,28004181.0,28862611.0,-2.97,+91-9470365140,"Beautiful 3BHK near Powai main road, built by Local Developer Co. Vastu compliant, West facing.",1,127,8,0,none,21186.39809350885,440.59999999999997,2.97,4,3
500072,100072,Mumbai,Bandra West,3,1329.0,69250936.0,69426003.0,-0.25,+91-9880546047,Well-ventilated 3BHK for sale in Bandra West. Great connectivity. Floor 16 of the tower.,1,160,5,1,scam_ring_broker,52107.55154251317,443.0,0.25,18,1
501632,101632,Bangalore,HSR Layout,2,809.8,11885821.0,11917840.0,-0.27,+91-9890369072,Well-ventilated 2BHK for sale in HSR Layout. Great connectivity. Floor 11 of the tower.,1,43,5,0,none,14677.477154853052,404.9,0.27,7,2
502368,102368,Bangalore,Malleshwaram,2,722.3,12262179.0,12803602.0,-4.23,+91-9146095009,"Spacious 2BHK in Prime Location, close to metro & schools. Ready to move. Floor 5, North facing.",1,17,7,1,recycled_description,16976.573445936592,361.15,4.23,2,57
501935,101935,Bangalore,JP Nagar,3,1161.3,15230923.0,14838647.0,2.64,+91-9970433410,"3BHK independent unit in JP Nagar society, floor 12. Immediate possession available.",1,30,5,0,none,13115.407732713338,387.09999999999997,2.64,8,1
500621,100621,Mumbai,Mulund West,3,1119.6,26023975.0,26982116.0,-3.55,+91-9235956049,"3BHK independent unit in Mulund West society, floor 3. Immediate possession available.",1,170,2,0,none,23243.99339049661,373.2,3.55,5,1
500021,100021,Mumbai,Bandra West,1,480.0,19729926.0,19965037.0,-1.18,+91-9610350235,"Beautiful 1BHK near Bandra West main road, built by Brigade Group. Vastu compliant, North facing.",1,66,7,0,none,41104.0125,480.0,1.18,7,1
500280,100280,Mumbai,Powai,2,843.4,26433794.0,25074450.0,5.42,+91-9973238204,"2BHK flat in prime Powai location. Negotiable price, urgent sale. North facing, floor 9.",1,119,3,0,none,31341.94213896135,421.7,5.42,5,1
502055,102055,Bangalore,Sarjapur Road,1,481.1,5931852.0,5865122.0,1.14,+91-9187033684,"1BHK independent unit in Sarjapur Road society, floor 10. Immediate possession available.",1,109,4,0,none,12329.769278736228,481.1,1.14,7,1
501006,101006,Mumbai,Goregaon West,1,386.4,10232960.0,10339448.0,-1.03,+91-9443424589,"1BHK flat in prime Goregaon West location. Negotiable price, urgent sale. West facing, floor 24.",1,20,3,0,none,26482.81573498965,386.4,1.03,8,1
500097,100097,Mumbai,Bandra West,3,1092.4,57515218.0,58098891.0,-1.0,+91-9425137652,"Spacious 3BHK in Bandra West, close to metro & schools. Ready to move. Floor 17, West facing.",1,136,14,0,none,52650.32771878433,364.1333333333334,1.0,5,1
500442,100442,Mumbai,Malad West,3,1216.6,20162872.0,20468747.0,-1.49,+91-9344372157,"Newly renovated 3BHK, Malad West. Family-friendly society with amenities. 13 yrs old.",1,79,11,0,none,16573.131678448135,405.5333333333333,1.49,12,2
500173,100173,Mumbai,Andheri West,3,437.5,28351181.0,29519424.0,-3.96,+91-9885528286,Well-ventilated 3BHK for sale in Andheri West. Great connectivity. Floor 1 of the tower.,1,41,1,1,fake_listing,64802.69942857143,145.83333333333334,3.96,7,2
501343,101343,Bangalore,Whitefield,2,693.1,8370774.0,8387240.0,-0.2,+91-9868608163,"Premium 2BHK apartment at Whitefield, Kolte-Patil project. RERA approved. 24 yrs old, West facing.",1,136,8,0,none,12077.296205453758,346.55,0.2,4,1
501680,101680,Bangalore,HSR Layout,3,1369.9,25309419.0,25250406.0,0.23,+91-9717419131,"3BHK flat in prime HSR Layout location. Negotiable price, urgent sale. South facing, floor 21.",1,20,12,0,none,18475.37703482006,456.6333333333334,0.23,9,1
502241,102241,Bangalore,Yelahanka,2,838.0,6259064.0,6393185.0,-2.1,+91-9775196830,"2BHK independent unit in Yelahanka society, floor 6. Immediate possession available.",1,6,4,0,none,7469.050119331742,419.0,2.1,10,1
500597,100597,Mumbai,Thane West,2,761.7,15051611.0,14484344.0,3.92,+91-9376888175,"2BHK flat in prime Thane West location. Negotiable price, urgent sale. North facing, floor 19.",1,73,10,0,none,19760.55008533543,380.85,3.92,8,1
502106,102106,Bangalore,Sarjapur Road,3,982.5,8964161.0,8997555.0,-0.37,+91-9893659135,"Premium 3BHK apartment at Sarjapur Road, Runwal Group project. RERA approved. 18 yrs old, West facing.",1,118,13,0,none,9123.827989821883,327.5,0.37,4,1
501637,101637,Bangalore,HSR Layout,2,813.0,11940789.0,12474551.0,-4.28,+91-9856151934,"Newly renovated 2BHK, HSR Layout. Family-friendly society with amenities. 5 yrs old.",1,165,10,0,none,14687.317343173432,406.5,4.28,8,1
500807,100807,Mumbai,Chembur,2,793.8,23360279.0,23220894.0,0.6,+91-9980873094,"Premium 2BHK apartment at Chembur, Puravankara project. RERA approved. 22 yrs old, North facing.",1,26,4,0,none,29428.418997228524,396.9,0.6,10,1
500716,100716,Mumbai,Mulund West,3,1092.0,17198464.0,16940153.0,1.52,+91-9195552017,"3BHK independent unit in Mulund West society, floor 12. Immediate possession available.",1,58,2,0,none,15749.509157509157,364.0,1.52,8,1
501679,101679,Bangalore,HSR Layout,3,1170.5,19161523.0,18808299.0,1.88,+91-9736046830,"Newly renovated 3BHK, HSR Layout. Family-friendly society with amenities. 19 yrs old.",1,166,8,0,none,16370.37419906023,390.1666666666667,1.88,7,3
501757,101757,Bangalore,Electronic City,3,1175.2,9355518.0,9414271.0,-0.62,+91-9624288635,"3BHK flat in prime Electronic City location. Negotiable price, urgent sale. North facing, floor 19.",1,149,14,0,none,7960.787950987065,391.73333333333335,0.62,3,1
502013,102013,Bangalore,JP Nagar,1,473.9,6650005.0,6889425.0,-3.48,+91-9203346309,"1BHK independent unit in JP Nagar society, floor 17. Immediate possession available.",1,68,6,0,none,14032.506857986918,473.9,3.48,7,1
501734,101734,Bangalore,Electronic City,3,1023.0,10640907.0,10970940.0,-3.01,+91-9201445292,"Newly renovated 3BHK, Electronic City. Family-friendly society with amenities. 5 yrs old.",1,156,12,0,none,10401.66862170088,341.0,3.01,5,1
500577,100577,Mumbai,Thane West,3,1207.0,18336956.0,19554292.0,-6.23,+91-9294762416,"Premium 3BHK apartment at Thane West, Local Developer Co project. RERA approved. 24 yrs old, West facing.",0,155,14,0,none,15192.175642087821,402.3333333333333,6.23,9,1
501629,101629,Bangalore,HSR Layout,2,658.3,11169044.0,11206877.0,-0.34,+91-9323712795,"2BHK independent unit in HSR Layout society, floor 20. Immediate possession available.",1,165,8,0,none,16966.495518760446,329.15,0.34,9,1
502391,102391,Bangalore,Malleshwaram,2,794.4,16259745.0,16340680.0,-0.5,+91-9775643947,"Newly renovated 2BHK, Malleshwaram. Family-friendly society with amenities. 8 yrs old.",1,176,14,0,none,20467.956948640483,397.2,0.5,4,1
502333,102333,Bangalore,Malleshwaram,2,712.5,18981290.0,19828032.0,-4.27,+91-9203242092,"Newly renovated 2BHK, Malleshwaram. Family-friendly society with amenities. 1 yrs old.",1,106,12,0,none,26640.40701754386,356.25,4.27,4,1
501127,101127,Mumbai,Dombivli,3,1077.5,12041179.0,11808026.0,1.97,+91-9785294486,Well-ventilated 3BHK for sale in Dombivli. Great connectivity. Floor 19 of the tower.,1,144,2,0,none,11175.108120649653,359.1666666666667,1.97,2,3
500636,100636,Mumbai,Mulund West,1,546.7,10981091.0,10799085.0,1.69,+91-9618468237,"Spacious 1BHK in Mulund West, close to metro & schools. Ready to move. Floor 21, North facing.",1,129,2,0,none,20086.136820925552,546.7,1.69,5,1
501630,101630,Bangalore,HSR Layout,2,809.4,14057343.0,13725357.0,2.42,+91-9340839373,"Spacious 2BHK in HSR Layout, close to metro & schools. Ready to move. Floor 14, West facing.",1,147,11,0,none,17367.60934025204,404.7,2.42,6,1
501252,101252,Bangalore,Indiranagar,2,798.6,16194853.0,15787488.0,2.58,+91-9768490675,Well-ventilated 2BHK for sale in Indiranagar. Great connectivity. Floor 18 of the tower.,1,89,14,0,none,20279.0545955422,399.3,2.58,9,1
500766,100766,Mumbai,Chembur,2,791.9,21161826.0,22350214.0,-5.32,+91-9268753000,"Beautiful 2BHK near Chembur main road, built by Puravankara. Vastu compliant, South facing.",1,68,7,0,none,26722.85137012249,395.95,5.32,6,1
500368,100368,Mumbai,Malad West,4,1586.7,28994951.0,29945466.0,-3.17,+91-9871704332,"4BHK flat in prime Malad West location. Negotiable price, urgent sale. North facing, floor 7.",1,55,8,0,none,18273.74487930926,396.675,3.17,6,1
501308,101308,Bangalore,Indiranagar,2,244.4,20660663.0,20875056.0,-1.03,+91-9677414533,"2BHK independent unit in Indiranagar society, floor 14. Immediate possession available.",1,176,1,1,fake_listing,84536.2643207856,122.2,1.03,1,1
501551,101551,Bangalore,Koramangala,2,726.9,17379899.0,18257044.0,-4.8,+91-9584556741,Well-ventilated 2BHK for sale in Koramangala. Great connectivity. Floor 3 of the tower.,1,83,2,0,none,23909.614802586326,363.45,4.8,5,1
500880,100880,Mumbai,Kandivali East,3,1375.3,28228933.0,28748732.0,-1.81,+91-9845663635,"Newly renovated 3BHK, Kandivali East. Family-friendly society with amenities. 5 yrs old.",1,95,5,0,none,20525.654766232823,458.43333333333334,1.81,10,2
502277,102277,Bangalore,Yelahanka,3,1159.9,9872042.0,9837734.0,0.35,+91-9722828907,"Premium 3BHK apartment at Yelahanka, Regional Builders Ltd project. RERA approved. 8 yrs old, South facing.",1,118,2,0,none,8511.114751271662,386.6333333333334,0.35,7,1
502057,102057,Bangalore,Sarjapur Road,1,528.6,5835404.0,5502850.0,6.04,+91-9839105575,"1BHK independent unit in Sarjapur Road society, floor 14. Immediate possession available.",1,13,10,0,none,11039.356791524782,528.6,6.04,9,1
501397,101397,Bangalore,Whitefield,4,1676.0,24491745.0,23933822.0,2.33,+91-9368378778,"Spacious 4BHK in Whitefield, close to metro & schools. Ready to move. Floor 18, North facing.",1,99,3,0,none,14613.213007159904,419.0,2.33,12,1
500893,100893,Mumbai,Kandivali East,4,1912.3,36324009.0,37572668.0,-3.32,+91-9280546051,"Spacious 4BHK in Kandivali East, close to metro & schools. Ready to move. Floor 5, East facing.",1,120,7,0,none,18994.93228049992,478.075,3.32,5,1
500960,100960,Mumbai,Kandivali East,4,1718.6,28700602.0,28068461.0,2.25,+91-9235709216,"4BHK flat in prime Kandivali East location. Negotiable price, urgent sale. East facing, floor 15.",1,62,9,0,none,16699.989526358666,429.65,2.25,5,1
500174,100174,Mumbai,Andheri West,3,1250.1,28781675.0,28620911.0,0.56,+91-9830428661,"3BHK flat in prime Andheri West location. Negotiable price, urgent sale. East facing, floor 13.",1,178,6,0,none,23023.49812015039,416.7,0.56,8,1
502066,102066,Bangalore,Sarjapur Road,4,1877.2,15257035.0,15474464.0,-1.41,+91-9313202828,Well-ventilated 4BHK for sale in Sarjapur Road. Great connectivity. Floor 19 of the tower.,1,56,4,0,none,8127.5490091625825,469.3,1.41,5,1
500141,100141,Mumbai,Andheri West,4,1971.9,57576964.0,58750131.0,-2.0,+91-9877438606,"Newly renovated 4BHK, Andheri West. Family-friendly society with amenities. 2 yrs old.",1,78,11,0,none,29198.724073228863,492.975,2.0,6,1
501682,101682,Bangalore,Electronic City,3,1376.8,11834884.0,11392854.0,3.88,+91-9956835540,Well-ventilated 3BHK for sale in Electronic City. Great connectivity. Floor 8 of the tower.,1,134,6,0,none,8595.935502614759,458.93333333333334,3.88,4,1
500457,100457,Mumbai,Malad West,2,757.6,17601160.0,17600554.0,0.0,+91-9833699608,"Premium 2BHK apartment at Malad West, Brigade Group project. RERA approved. 10 yrs old, North facing.",1,139,10,0,none,23232.787750791973,378.8,0.0,4,1
501045,101045,Mumbai,Goregaon West,2,906.3,18965815.0,19986398.0,-5.11,+91-9845663635,"Spacious 2BHK in Goregaon West, close to metro & schools. Ready to move. Floor 17, South facing.",1,71,9,0,none,20926.641288756484,453.15,5.11,10,1
501023,101023,Mumbai,Goregaon West,3,1047.0,26262287.0,27356802.0,-4.0,+91-9344372157,"3BHK independent unit in Goregaon West society, floor 6. Immediate possession available.",1,21,7,0,none,25083.368672397326,349.0,4.0,12,1
501912,101912,Bangalore,Hebbal,2,704.4,10042785.0,10258553.0,-2.1,+91-9724678543,"Beautiful 2BHK near Hebbal main road, built by Puravankara. Vastu compliant, North facing.",1,123,12,0,none,14257.218909710393,352.2,2.1,5,1
501392,101392,Bangalore,Whitefield,3,1398.2,15686597.0,15144712.0,3.58,+91-9103360817,"3BHK flat in prime Whitefield location. Negotiable price, urgent sale. South facing, floor 8.",1,113,7,0,none,11219.136747246459,466.06666666666666,3.58,4,1
500038,100038,Mumbai,Bandra West,3,1000.2,47596603.0,49328862.0,-3.51,+91-9443424589,"3BHK independent unit in Bandra West society, floor 2. Immediate possession available.",1,154,13,0,none,47587.085582883425,333.40000000000003,3.51,8,1
502054,102054,Bangalore,Sarjapur Road,3,999.0,12598002.0,11990961.0,5.06,+91-9749842598,Well-ventilated 3BHK for sale in Sarjapur Road. Great connectivity. Floor 5 of the tower.,1,63,13,0,none,12610.612612612613,333.0,5.06,7,1
500872,100872,Mumbai,Kandivali East,3,1340.7,27313652.0,28075023.0,-2.71,+91-9369588493,"Spacious 3BHK in Kandivali East, close to metro & schools. Ready to move. Floor 21, South facing.",1,125,6,0,none,20372.679943313193,446.90000000000003,2.71,5,1
500979,100979,Mumbai,Goregaon West,1,509.7,12970134.0,13177847.0,-1.58,+91-9982355274,"Newly renovated 1BHK, Goregaon West. Family-friendly society with amenities. 8 yrs old.",1,173,13,0,none,25446.60388463802,509.7,1.58,3,1
500971,100971,Mumbai,Goregaon West,1,435.6,12169842.0,12019575.0,1.25,+91-9149588302,"1BHK flat in prime Goregaon West location. Negotiable price, urgent sale. South facing, floor 11.",1,37,10,0,none,27938.1129476584,435.6,1.25,7,1
501877,101877,Bangalore,Hebbal,4,1504.7,22077959.0,21445407.0,2.95,+91-9715315935,"Beautiful 4BHK near Hebbal main road, built by Regional Builders Ltd. Vastu compliant, West facing.",1,44,2,0,none,14672.6649830531,376.175,2.95,8,1
500977,100977,Mumbai,Goregaon West,4,1882.7,53079161.0,51245014.0,3.58,+91-9118967818,"Newly renovated 4BHK, Goregaon West. Family-friendly society with amenities. 17 yrs old.",1,119,6,0,none,28193.10617729856,470.675,3.58,8,1
501356,101356,Bangalore,Whitefield,2,720.8,8740480.0,8705176.0,0.41,+91-9144249588,"Newly renovated 2BHK, Whitefield. Family-friendly society with amenities. 22 yrs old.",1,151,2,0,none,12126.082130965595,360.4,0.41,14,1
500448,100448,Mumbai,Malad West,3,476.6,33805058.0,33553954.0,0.75,+91-9376888175,"Beautiful 3BHK near Malad West main road, built by Oberoi Realty. Vastu compliant, East facing.",1,19,1,1,fake_listing,70929.62232480067,158.86666666666667,0.75,8,1
500211,100211,Mumbai,Andheri West,3,1332.3,37954493.0,38913501.0,-2.46,+91-9218454233,"3BHK independent unit in Andheri West society, floor 23. Immediate possession available.",1,161,7,0,none,28487.947909629966,444.09999999999997,2.46,5,1
501052,101052,Mumbai,Goregaon West,4,1587.0,35252060.0,36526818.0,-3.49,+91-9547352752,"Beautiful 4BHK near Goregaon West main road, built by Kolte-Patil. Vastu compliant, North facing.",1,117,4,0,none,22213.01827347196,396.75,3.49,9,1
500378,100378,Mumbai,Malad West,3,1246.4,31107871.0,30954892.0,0.49,+91-9563399937,"3BHK independent unit in Malad West society, floor 22. Immediate possession available.",1,123,13,0,none,24958.176347881898,415.4666666666667,0.49,2,1
502137,102137,Bangalore,Sarjapur Road,3,1330.5,9895630.0,10021430.0,-1.26,+91-9968406093,Well-ventilated 3BHK for sale in Sarjapur Road. Great connectivity. Floor 2 of the tower.,1,52,11,0,none,7437.527245396467,443.5,1.26,5,1
501223,101223,Bangalore,Indiranagar,1,536.5,9570558.0,9819773.0,-2.54,+91-9197654256,"Newly renovated 1BHK, Indiranagar. Family-friendly society with amenities. 19 yrs old.",1,60,12,0,none,17838.877912395154,536.5,2.54,6,1
502456,100543,Mumbai,Thane West,3,1322.8,18773837.0,18164816.0,3.35,+91-9406923322,"3BHK independent unit in Thane West society, floor 19. Immediate possession available.",1,24,5,1,duplicate_listing,14192.49848805564,440.93333333333334,3.35,10,3
501700,101700,Bangalore,Electronic City,3,1269.3,8870490.0,8964766.0,-1.05,+91-9747523822,"Beautiful 3BHK near Electronic City main road, built by Regional Builders Ltd. Vastu compliant, West facing.",0,76,2,0,none,6988.489718742614,423.09999999999997,1.05,2,3
501269,101269,Bangalore,Indiranagar,1,472.9,10614837.0,10103639.0,5.06,+91-9536808015,"Spacious 1BHK in Indiranagar, close to metro & schools. Ready to move. Floor 16, West facing.",1,141,13,0,none,22446.261366039333,472.9,5.06,5,2
500640,100640,Mumbai,Mulund West,1,535.9,8683480.0,9107644.0,-4.66,+91-9280546051,"Newly renovated 1BHK, Mulund West. Family-friendly society with amenities. 23 yrs old.",1,30,14,0,none,16203.545437581639,535.9,4.66,5,1
500301,100301,Mumbai,Powai,3,1121.3,34801290.0,33497281.0,3.89,+91-9490014371,"Beautiful 3BHK near Powai main road, built by Godrej Properties. Vastu compliant, East facing.",1,73,8,0,none,31036.55578346562,373.76666666666665,3.89,10,1
500489,100489,Mumbai,Thane West,2,718.0,9231251.0,9098107.0,1.46,+91-9862435220,"2BHK independent unit in Thane West society, floor 7. Immediate possession available.",1,162,9,1,duplicate_listing,12856.895543175488,359.0,1.46,5,2
500468,100468,Mumbai,Malad West,3,1057.5,24073281.0,24058159.0,0.06,+91-9567563337,"Beautiful 3BHK near Malad West main road, built by Godrej Properties. Vastu compliant, North facing.",1,159,2,0,none,22764.331914893617,352.5,0.06,4,1
501523,101523,Bangalore,Koramangala,2,742.5,14593430.0,14562056.0,0.22,+91-9382349324,"Premium 2BHK apartment at Koramangala, Lodha Group project. RERA approved. 1 yrs old, South facing.",1,146,13,1,duplicate_listing,19654.451178451178,371.25,0.22,6,2
501399,101399,Bangalore,Whitefield,3,1268.9,29001793.0,18730405.0,54.84,+91-9339643011,"Newly renovated 3BHK, Whitefield. Family-friendly society with amenities. 10 yrs old.",1,106,10,1,price_manipulation,22855.853889195365,422.9666666666667,54.84,7,1
500469,100469,Mumbai,Malad West,2,790.9,15277594.0,14465503.0,5.61,+91-9179308582,"Spacious 2BHK in Prime Location, close to metro & schools. Ready to move. Floor 5, North facing.",1,55,12,1,recycled_description,19316.720192186116,395.45,5.61,14,57
501524,101524,Bangalore,Koramangala,4,2116.7,39206694.0,40240466.0,-2.57,+91-9775196830,"Spacious 4BHK in Koramangala, close to metro & schools. Ready to move. Floor 9, East facing.",1,23,7,0,none,18522.555865261966,529.175,2.57,10,1
502389,102389,Bangalore,Malleshwaram,3,1102.6,25605959.0,24700609.0,3.67,+91-9235956049,"Beautiful 3BHK near Malleshwaram main road, built by Prestige Group. Vastu compliant, South facing.",1,154,8,0,none,23223.253219662616,367.5333333333333,3.67,5,1
500750,100750,Mumbai,Chembur,4,1605.1,43347190.0,45267765.0,-4.24,+91-9879558245,"Spacious 4BHK in Chembur, close to metro & schools. Ready to move. Floor 5, North facing.",1,132,11,0,none,27005.912404211576,401.275,4.24,8,1
502090,102090,Bangalore,Sarjapur Road,2,939.3,9619903.0,10119872.0,-4.94,+91-9917892784,"Newly renovated 2BHK, Sarjapur Road. Family-friendly society with amenities. 12 yrs old.",1,126,14,0,none,10241.56605983179,469.65,4.94,6,1
501715,101715,Bangalore,Electronic City,3,964.2,7698827.0,7830961.0,-1.69,+91-9597093838,"Spacious 3BHK in Electronic City, close to metro & schools. Ready to move. Floor 15, East facing.",1,81,4,0,none,7984.678489939846,321.40000000000003,1.69,1,1
502262,102262,Bangalore,Yelahanka,4,1872.7,16549869.0,17515664.0,-5.51,+91-9118967818,"Spacious 4BHK in Yelahanka, close to metro & schools. Ready to move. Floor 20, South facing.",1,114,6,0,none,8837.437389864901,468.175,5.51,8,1
502249,102249,Bangalore,Yelahanka,2,653.3,6260104.0,6365632.0,-1.66,+91-9207174695,Well-ventilated 2BHK for sale in Yelahanka. Great connectivity. Floor 2 of the tower.,1,30,6,0,none,9582.280728608603,326.65,1.66,9,1
502251,102251,Bangalore,Yelahanka,2,850.3,6896462.0,6730777.0,2.46,+91-9372729183,"2BHK flat in prime Yelahanka location. Negotiable price, urgent sale. North facing, floor 23.",1,102,8,0,none,8110.622133364695,425.15,2.46,9,1
500440,100440,Mumbai,Malad West,3,1251.1,24115650.0,23265194.0,3.66,+91-9694140951,"Premium 3BHK apartment at Malad West, Puravankara project. RERA approved. 24 yrs old, North facing.",1,80,3,0,none,19275.557509391736,417.0333333333333,3.66,8,1
501292,101292,Bangalore,Indiranagar,3,1196.5,29942973.0,28882169.0,3.67,+91-9367439980,"3BHK flat in prime Indiranagar location. Negotiable price, urgent sale. East facing, floor 4.",1,145,11,0,none,25025.4684496448,398.8333333333333,3.67,10,1
500022,100022,Mumbai,Bandra West,1,532.5,22925446.0,24076048.0,-4.78,+91-9102889776,"Beautiful 1BHK near Bandra West main road, built by Oberoi Realty. Vastu compliant, North facing.",1,24,3,0,none,43052.48075117371,532.5,4.78,6,1
500181,100181,Mumbai,Andheri West,3,1272.7,45666635.0,44089883.0,3.58,+91-9999262332,"3BHK independent unit in Andheri West society, floor 5. Immediate possession available.",1,72,9,0,none,35881.696393494145,424.23333333333335,3.58,7,1
501065,101065,Mumbai,Goregaon West,4,1924.5,45091695.0,44255726.0,1.89,+91-9195552017,"Newly renovated 4BHK, Goregaon West. Family-friendly society with amenities. 0 yrs old.",1,91,9,0,none,23430.342946219796,481.125,1.89,8,1
500691,100691,Mumbai,Mulund West,3,954.5,19673497.0,20413963.0,-3.63,+91-9791154902,"3BHK independent unit in Mulund West society, floor 23. Immediate possession available.",1,148,2,0,none,20611.311681508643,318.1666666666667,3.63,8,1
500665,100665,Mumbai,Mulund West,3,1066.3,23430267.0,23286046.0,0.62,+91-9972556573,"Beautiful 3BHK near Mulund West main road, built by Runwal Group. Vastu compliant, South facing.",1,161,3,0,none,21973.428678608274,355.43333333333334,0.62,8,1
501689,101689,Bangalore,Electronic City,2,824.7,8246029.0,5942558.0,38.76,+91-9953311654,Well-ventilated 2BHK for sale in Electronic City. Great connectivity. Floor 16 of the tower.,1,119,12,1,price_manipulation,9998.82260215836,412.35,38.76,5,1
501798,101798,Bangalore,Electronic City,3,1383.4,12396946.0,12229059.0,1.37,+91-9558811728,"3BHK flat in prime Electronic City location. Negotiable price, urgent sale. South facing, floor 11.",1,44,7,0,none,8961.215845019517,461.1333333333334,1.37,5,1
500937,100937,Mumbai,Kandivali East,2,774.7,13132868.0,13333325.0,-1.5,+91-9587029438,"Spacious 2BHK in Kandivali East, close to metro & schools. Ready to move. Floor 13, East facing.",0,77,6,0,none,16952.19827029818,387.35,1.5,11,1
502157,102157,Bangalore,Sarjapur Road,2,897.3,7209612.0,7284339.0,-1.03,+91-9777679752,Well-ventilated 2BHK for sale in Sarjapur Road. Great connectivity. Floor 7 of the tower.,1,145,7,0,none,8034.784353059178,448.65,1.03,6,2
501755,101755,Bangalore,Electronic City,3,1069.2,8569109.0,8603588.0,-0.4,+91-9273161929,"Beautiful 3BHK near Electronic City main road, built by Local Developer Co. Vastu compliant, North facing.",0,97,5,0,none,8014.505237560793,356.40000000000003,0.4,8,1
500695,100695,Mumbai,Mulund West,1,549.5,11412092.0,11478469.0,-0.58,+91-9880546047,"1BHK flat in prime Mulund West location. Negotiable price, urgent sale. North facing, floor 11.",1,117,7,1,scam_ring_broker,20768.13830755232,549.5,0.58,18,1
500862,100862,Mumbai,Kandivali East,2,868.8,13313709.0,12960807.0,2.72,+91-9394451386,Well-ventilated 2BHK for sale in Kandivali East. Great connectivity. Floor 14 of the tower.,1,52,3,0,none,15324.250690607736,434.4,2.72,3,1
501853,101853,Bangalore,Hebbal,1,429.7,7075489.0,7118838.0,-0.61,+91-9186621109,"Beautiful 1BHK near Hebbal main road, built by Lodha Group. Vastu compliant, South facing.",1,156,5,0,none,16466.113567605305,429.7,0.61,8,1
500230,100230,Mumbai,Andheri West,2,828.7,15761202.0,27882897.0,-43.47,+91-9955493651,"Newly renovated 2BHK, Andheri West. Family-friendly society with amenities. 9 yrs old.",1,93,6,1,price_manipulation,19019.189091347893,414.35,43.47,2,1
501421,101421,Bangalore,Whitefield,4,1802.0,20073627.0,20271817.0,-0.98,+91-9620463206,"4BHK independent unit in Whitefield society, floor 17. Immediate possession available.",1,58,6,0,none,11139.637624861265,450.5,0.98,5,1
501828,101828,Bangalore,Hebbal,3,1033.0,11565814.0,11597161.0,-0.27,+91-9848220623,"Spacious 2BHK in Prime Location, close to metro & schools. Ready to move. Floor 5, North facing.",1,139,10,1,recycled_description,11196.334946757019,344.3333333333333,0.27,8,57
500714,100714,Mumbai,Mulund West,2,729.7,13077881.0,13133649.0,-0.42,+91-9132112250,"Spacious 2BHK in Prime Location, close to metro & schools. Ready to move. Floor 5, North facing.",1,133,6,1,recycled_description,17922.27079621762,364.85,0.42,7,57
502440,100887,Mumbai,Kandivali East,1,540.8,9859350.0,8200336.0,20.23,+91-9118967818,"1BHK independent unit in Kandivali East society, floor 2. Immediate possession available.",1,22,7,1,duplicate_listing,18231.046597633136,540.8,20.23,8,2
500896,100896,Mumbai,Kandivali East,3,963.5,15100068.0,14849531.0,1.69,+91-9775196830,"Beautiful 3BHK near Kandivali East main road, built by Runwal Group. Vastu compliant, South facing.",1,115,13,0,none,15672.099636741048,321.1666666666667,1.69,10,1
502343,102343,Bangalore,Malleshwaram,3,1081.3,26336439.0,25923074.0,1.59,+91-9448868620,Well-ventilated 3BHK for sale in Malleshwaram. Great connectivity. Floor 7 of the tower.,1,168,7,0,none,24356.27392952927,360.43333333333334,1.59,7,1
501278,101278,Bangalore,Indiranagar,2,903.7,19277812.0,19902953.0,-3.14,+91-9674196921,"Beautiful 2BHK near Indiranagar main road, built by Brigade Group. Vastu compliant, South facing.",1,122,7,0,none,21332.092508575854,451.85,3.14,5,1
500653,100653,Mumbai,Mulund West,2,714.6,15680107.0,15903855.0,-1.41,+91-9754108418,"2BHK independent unit in Mulund West society, floor 2. Immediate possession available.",1,71,2,0,none,21942.49510215505,357.3,1.41,6,2
500432,100432,Mumbai,Malad West,2,859.4,15605480.0,15761789.0,-0.99,+91-9303086200,Well-ventilated 2BHK for sale in Malad West. Great connectivity. Floor 12 of the tower.,0,140,6,0,none,18158.57575052362,429.7,0.99,6,2
501503,101503,Bangalore,Koramangala,1,456.8,8864892.0,9560028.0,-7.27,+91-9871704332,"1BHK flat in prime Koramangala location. Negotiable price, urgent sale. South facing, floor 9.",1,78,13,0,none,19406.506129597197,456.8,7.27,6,1
502407,101060,Mumbai,Goregaon West,2,950.0,27366518.0,28740010.0,-4.78,+91-9379513176,"Premium 2BHK apartment at Goregaon West, Lodha Group project. RERA approved. 6 yrs old, West facing.",1,1,2,1,duplicate_listing,28806.86105263158,475.0,4.78,7,2
500345,100345,Mumbai,Powai,1,450.0,11805077.0,11670118.0,1.16,+91-9570973736,"Beautiful 1BHK near Powai main road, built by Brigade Group. Vastu compliant, North facing.",1,87,7,0,none,26233.504444444443,450.0,1.16,5,1
502167,102167,Bangalore,Yelahanka,4,2172.3,23984214.0,23759164.0,0.95,+91-9991413795,"4BHK flat in prime Yelahanka location. Negotiable price, urgent sale. West facing, floor 6.",1,82,3,0,none,11040.93081066151,543.075,0.95,8,1
502324,102324,Bangalore,Malleshwaram,4,1926.7,41026661.0,41881194.0,-2.04,+91-9814425134,"Newly renovated 4BHK, Malleshwaram. Family-friendly society with amenities. 12 yrs old.",1,123,12,0,none,21293.746301967094,481.675,2.04,7,1
501227,101227,Bangalore,Indiranagar,2,651.7,15011096.0,14958705.0,0.35,+91-9616277060,"Spacious 2BHK in Indiranagar, close to metro & schools. Ready to move. Floor 23, East facing.",1,114,4,0,none,23033.75172625441,325.85,0.35,6,1
500179,100179,Mumbai,Andheri West,4,1514.3,52882877.0,51057327.0,3.58,+91-9186867729,"4BHK flat in prime Andheri West location. Negotiable price, urgent sale. West facing, floor 21.",1,157,9,0,none,34922.325166743714,378.575,3.58,8,1
500071,100071,Mumbai,Bandra West,3,970.3,39120384.0,40169003.0,-2.61,+91-9880546047,"Newly renovated 3BHK, Bandra West. Family-friendly society with amenities. 1 yrs old.",1,104,5,1,scam_ring_broker,40317.82335360198,323.43333333333334,2.61,18,1
501893,101893,Bangalore,Hebbal,2,804.6,9782001.0,9841445.0,-0.6,+91-9356560330,"Spacious 2BHK in Prime Location, close to metro & schools. Ready to move. Floor 5, North facing.",1,173,6,1,recycled_description,12157.595078299775,402.3,0.6,5,57
502145,102145,Bangalore,Sarjapur Road,3,1336.5,12373329.0,12710123.0,-2.65,+91-9954846640,"Spacious 3BHK in Sarjapur Road, close to metro & schools. Ready to move. Floor 23, North facing.",1,145,4,0,none,9258.008978675645,445.5,2.65,6,1
500131,100131,Mumbai,Andheri West,3,1377.5,40975692.0,43154234.0,-5.05,+91-9329382628,"Premium 3BHK apartment at Andheri West, Sobha Ltd project. RERA approved. 13 yrs old, West facing.",1,170,3,0,none,29746.41887477314,459.1666666666667,5.05,5,1
501654,101654,Bangalore,HSR Layout,3,430.8,21833546.0,21312308.0,2.45,+91-9182346044,"Newly renovated 3BHK, HSR Layout. Family-friendly society with amenities. 7 yrs old.",1,51,0,1,fake_listing,50681.3974001857,143.6,2.45,9,1
501837,101837,Bangalore,Hebbal,2,928.8,10036097.0,9923828.0,1.13,+91-9821832919,"2BHK flat in prime Hebbal location. Negotiable price, urgent sale. East facing, floor 24.",1,161,9,0,none,10805.444659776056,464.4,1.13,4,1
501289,101289,Bangalore,Indiranagar,2,746.8,20745863.0,19841239.0,4.56,+91-9382961741,"Spacious 2BHK in Indiranagar, close to metro & schools. Ready to move. Floor 24, West facing.",1,122,11,1,scam_ring_broker,27779.677289769686,373.4,4.56,19,1
500128,100128,Mumbai,Andheri West,2,890.8,19680760.0,20420114.0,-3.62,+91-9127259950,"Beautiful 2BHK near Andheri West main road, built by Puravankara. Vastu compliant, South facing.",1,158,12,0,none,22093.3542882802,445.4,3.62,7,1
500285,100285,Mumbai,Powai,2,677.6,19120941.0,19537197.0,-2.13,+91-9382961741,Well-ventilated 2BHK for sale in Powai. Great connectivity. Floor 18 of the tower.,1,18,12,1,scam_ring_broker,28218.62603305785,338.8,2.13,19,2
502326,102326,Bangalore,Malleshwaram,1,453.7,12580188.0,12894290.0,-2.44,+91-9372729183,"1BHK independent unit in Malleshwaram society, floor 21. Immediate possession available.",1,129,4,0,none,27727.9876570421,453.7,2.44,9,1
500471,100471,Mumbai,Malad West,2,810.3,13979141.0,14382139.0,-2.8,+91-9477013285,"Premium 2BHK apartment at Malad West, Prestige Group project. RERA approved. 24 yrs old, North facing.",1,154,10,0,none,17251.809206466743,405.15,2.8,4,1
501179,101179,Mumbai,Dombivli,3,1339.7,16441377.0,15903360.0,3.38,+91-9826897384,"3BHK independent unit in Dombivli society, floor 24. Immediate possession available.",1,19,3,0,none,12272.43188773606,446.56666666666666,3.38,8,2
501489,101489,Bangalore,Koramangala,2,837.7,19200301.0,19449727.0,-1.28,+91-9127315264,"Newly renovated 2BHK, Koramangala. Family-friendly society with amenities. 16 yrs old.",1,109,4,0,none,22920.259042616686,418.85,1.28,8,1
500126,100126,Mumbai,Andheri West,1,448.7,14519578.0,15600466.0,-6.93,+91-9178723043,"Premium 1BHK apartment at Andheri West, Oberoi Realty project. RERA approved. 14 yrs old, West facing.",1,86,7,0,none,32359.211054156454,448.7,6.93,6,1
500978,100978,Mumbai,Goregaon West,1,499.4,13672298.0,14029392.0,-2.55,+91-9462248467,"1BHK flat in prime Goregaon West location. Negotiable price, urgent sale. West facing, floor 2.",1,42,5,0,none,27377.448938726473,499.4,2.55,7,1
501283,101283,Bangalore,Indiranagar,2,782.3,19205082.0,18630250.0,3.09,+91-9261465424,"Beautiful 2BHK near Indiranagar main road, built by Prestige Group. Vastu compliant, West facing.",1,158,5,0,none,24549.51041799821,391.15,3.09,5,1
501088,101088,Mumbai,Dombivli,1,425.9,5239772.0,5102032.0,2.7,+91-9374488493,"Beautiful 1BHK near Dombivli main road, built by Godrej Properties. Vastu compliant, North facing.",1,70,13,0,none,12302.822258746186,425.9,2.7,6,1
500459,100459,Mumbai,Malad West,2,333.1,18229190.0,18594182.0,-1.96,+91-9605471506,"2BHK independent unit in Malad West society, floor 3. Immediate possession available.",1,121,0,1,fake_listing,54725.87811468027,166.55,1.96,11,1
501807,101807,Bangalore,Hebbal,4,1854.0,21340308.0,21371684.0,-0.15,+91-9310975757,"Premium 4BHK apartment at Hebbal, Regional Builders Ltd project. RERA approved. 18 yrs old, East facing.",0,3,6,0,none,11510.414239482201,463.5,0.15,6,1
501929,101929,Bangalore,JP Nagar,3,1396.5,24075232.0,23249971.0,3.55,+91-9622587576,"Spacious 3BHK in JP Nagar, close to metro & schools. Ready to move. Floor 13, North facing.",1,154,14,0,none,17239.693519513068,465.5,3.55,4,1
500463,100463,Mumbai,Malad West,3,1383.2,29065157.0,28381593.0,2.41,+91-9375993541,Well-ventilated 3BHK for sale in Malad West. Great connectivity. Floor 9 of the tower.,1,27,10,0,none,21012.982215153268,461.06666666666666,2.41,6,1
500550,100550,Mumbai,Thane West,3,980.1,15539559.0,16049016.0,-3.17,+91-9319586317,"3BHK flat in prime Thane West location. Negotiable price, urgent sale. West facing, floor 3.",1,119,10,0,none,15855.07499234772,326.7,3.17,5,1
500505,100505,Mumbai,Thane West,1,392.1,5134921.0,5071428.0,1.25,+91-9972477095,"Newly renovated 1BHK, Thane West. Family-friendly society with amenities. 18 yrs old.",1,109,13,0,none,13095.947462382044,392.1,1.25,8,1
500309,100309,Mumbai,Powai,1,403.5,9145080.0,9415579.0,-2.87,+91-9798117120,Well-ventilated 1BHK for sale in Powai. Great connectivity. Floor 12 of the tower.,1,123,5,0,none,22664.386617100372,403.5,2.87,5,1
501012,101012,Mumbai,Goregaon West,4,2037.2,42604149.0,41939418.0,1.58,+91-9918261381,"Beautiful 4BHK near Goregaon West main road, built by Puravankara. Vastu compliant, East facing.",1,147,3,0,none,20913.091007264873,509.3,1.58,6,1
500364,100364,Mumbai,Malad West,3,1110.6,24563346.0,26259341.0,-6.46,+91-9465495958,"3BHK independent unit in Malad West society, floor 7. Immediate possession available.",1,165,4,0,none,22117.18530524041,370.2,6.46,9,2
500580,100580,Mumbai,Thane West,2,806.0,15203905.0,14377168.0,5.75,+91-9474223729,Well-ventilated 2BHK for sale in Thane West. Great connectivity. Floor 5 of the tower.,1,37,13,0,none,18863.40570719603,403.0,5.75,9,1
501896,101896,Bangalore,Hebbal,3,1168.6,12692269.0,12424461.0,2.16,+91-9127315264,"Beautiful 3BHK near Hebbal main road, built by Runwal Group. Vastu compliant, North facing.",1,147,6,0,none,10861.089337669007,389.5333333333333,2.16,8,1
500109,100109,Mumbai,Bandra West,1,398.4,21336193.0,21943798.0,-2.77,+91-9422195908,"1BHK independent unit in Bandra West society, floor 23. Immediate possession available.",1,99,8,0,none,53554.701305220886,398.4,2.77,8,1
500508,100508,Mumbai,Thane West,3,1132.7,16311451.0,16603943.0,-1.76,+91-9181270264,Well-ventilated 3BHK for sale in Thane West. Great connectivity. Floor 18 of the tower.,1,124,2,0,none,14400.504105235277,377.56666666666666,1.76,10,1
501284,101284,Bangalore,Indiranagar,2,283.9,26798644.0,25033300.0,7.05,+91-9187473254,Well-ventilated 2BHK for sale in Indiranagar. Great connectivity. Floor 4 of the tower.,1,101,1,1,fake_listing,94394.66009158155,141.95,7.05,6,1
502332,102332,Bangalore,Malleshwaram,1,477.5,13220964.0,12604375.0,4.89,+91-9281979223,"Newly renovated 1BHK, Malleshwaram. Family-friendly society with amenities. 6 yrs old.",1,97,12,0,none,27687.882722513088,477.5,4.89,7,3
501874,101874,Bangalore,Hebbal,3,1100.4,13610288.0,13794700.0,-1.34,+91-9724678543,"Premium 3BHK apartment at Hebbal, Puravankara project. RERA approved. 12 yrs old, North facing.",1,73,7,0,none,12368.491457651762,366.8,1.34,5,1
502435,102376,Bangalore,Malleshwaram,3,1325.8,31250272.0,34459000.0,-9.31,+91-9659961305,"3BHK flat in prime Malleshwaram location. Negotiable price, urgent sale. South facing, floor 15.",1,7,14,1,duplicate_listing,23570.87946899985,441.93333333333334,9.31,5,2
500661,100661,Mumbai,Mulund West,2,774.6,18191297.0,17721366.0,2.65,+91-9638365659,"2BHK flat in prime Mulund West location. Negotiable price, urgent sale. West facing, floor 17.",0,163,5,0,none,23484.76245804286,387.3,2.65,6,1
500189,100189,Mumbai,Andheri West,2,697.6,19871163.0,19917693.0,-0.23,+91-9558502570,"2BHK independent unit in Andheri West society, floor 9. Immediate possession available.",1,76,10,0,none,28485.03870412844,348.8,0.23,7,1
501760,101760,Bangalore,Electronic City,4,1968.0,17726099.0,17633974.0,0.52,+91-9856959104,Well-ventilated 4BHK for sale in Electronic City. Great connectivity. Floor 22 of the tower.,1,106,4,0,none,9007.16412601626,492.0,0.52,7,1
501821,101821,Bangalore,Hebbal,2,793.5,12093795.0,11767178.0,2.78,+91-9474223729,"Beautiful 2BHK near Hebbal main road, built by Oberoi Realty. Vastu compliant, South facing.",1,4,8,0,none,15241.077504725898,396.75,2.78,9,1
501921,101921,Bangalore,JP Nagar,3,1293.4,17378654.0,18765279.0,-7.39,+91-9665615752,"3BHK flat in prime JP Nagar location. Negotiable price, urgent sale. North facing, floor 15.",1,34,12,0,none,13436.411009741765,431.1333333333334,7.39,11,1
501540,101540,Bangalore,Koramangala,2,744.7,15851452.0,15508201.0,2.21,+91-9197404522,"2BHK flat in prime Koramangala location. Negotiable price, urgent sale. South facing, floor 11.",1,42,11,0,none,21285.688196589228,372.35,2.21,7,1
500682,100682,Mumbai,Mulund West,2,683.8,12679303.0,12550991.0,1.02,+91-9562705881,"Beautiful 2BHK near Mulund West main road, built by Brigade Group. Vastu compliant, North facing.",1,122,3,0,none,18542.414448669202,341.9,1.02,6,1
501814,101814,Bangalore,Hebbal,2,899.8,13000274.0,13063692.0,-0.49,+91-9379008912,"Premium 2BHK apartment at Hebbal, Oberoi Realty project. RERA approved. 18 yrs old, North facing.",1,29,14,0,none,14447.959546565904,449.9,0.49,8,1
501235,101235,Bangalore,Indiranagar,2,726.2,20548750.0,20786459.0,-1.14,+91-9757997144,"Spacious 2BHK in Indiranagar, close to metro & schools. Ready to move. Floor 12, South facing.",1,22,10,0,none,28296.26824566235,363.1,1.14,5,1
500281,100281,Mumbai,Powai,1,481.5,14162601.0,13796986.0,2.65,+91-9562705881,"Premium 1BHK apartment at Powai, Lodha Group project. RERA approved. 18 yrs old, South facing.",1,89,8,0,none,29413.5015576324,481.5,2.65,6,1
501476,101476,Bangalore,Koramangala,4,1913.0,33877887.0,33552416.0,0.97,+91-9273161929,"Newly renovated 4BHK, Koramangala. Family-friendly society with amenities. 19 yrs old.",0,108,10,0,none,17709.2979613173,478.25,0.97,8,1
501398,101398,Bangalore,Whitefield,4,1861.1,22399189.0,21291208.0,5.2,+91-9419872398,"4BHK flat in prime Whitefield location. Negotiable price, urgent sale. West facing, floor 19.",1,27,8,0,none,12035.456987802912,465.275,5.2,3,1
501129,101129,Mumbai,Dombivli,3,1005.9,10096065.0,9661774.0,4.49,+91-9584556741,"Newly renovated 3BHK, Dombivli. Family-friendly society with amenities. 4 yrs old.",1,41,9,1,duplicate_listing,10036.847599164927,335.3,4.49,5,3
502012,102012,Bangalore,JP Nagar,1,532.6,8043176.0,8085116.0,-0.52,+91-9122677183,"Premium 1BHK apartment at JP Nagar, Sobha Ltd project. RERA approved. 13 yrs old, South facing.",1,85,9,0,none,15101.719864814118,532.6,0.52,9,1
501369,101369,Bangalore,Whitefield,3,1180.6,15712799.0,15521039.0,1.24,+91-9871802689,"3BHK flat in prime Whitefield location. Negotiable price, urgent sale. East facing, floor 15.",1,42,4,0,none,13309.163984414705,393.5333333333333,1.24,6,1
502259,102259,Bangalore,Yelahanka,3,1224.7,11632547.0,11970698.0,-2.82,+91-9717419131,"3BHK flat in prime Yelahanka location. Negotiable price, urgent sale. North facing, floor 19.",1,162,7,0,none,9498.282844778312,408.23333333333335,2.82,9,1
500354,100354,Mumbai,Powai,2,814.4,20328196.0,20877987.0,-2.63,+91-9558502570,Well-ventilated 2BHK for sale in Powai. Great connectivity. Floor 18 of the tower.,1,114,9,0,none,24960.94793713163,407.2,2.63,7,2
501554,101554,Bangalore,Koramangala,3,955.2,22611972.0,23252733.0,-2.76,+91-9368378778,"3BHK flat in prime Koramangala location. Negotiable price, urgent sale. East facing, floor 2.",1,126,3,0,none,23672.5,318.40000000000003,2.76,12,1
500422,100422,Mumbai,Malad West,2,934.2,20461414.0,20135079.0,1.62,+91-9880546047,"Beautiful 2BHK near Malad West main road, built by Runwal Group. Vastu compliant, East facing.",1,118,5,1,scam_ring_broker,21902.60543780775,467.1,1.62,18,1
501812,101812,Bangalore,Hebbal,3,1160.7,11678153.0,11711855.0,-0.29,+91-9547186091,"Spacious 3BHK in Hebbal, close to metro & schools. Ready to move. Floor 3, North facing.",1,132,10,0,none,10061.301800637546,386.90000000000003,0.29,5,1
502080,102080,Bangalore,Sarjapur Road,2,695.8,8871669.0,8501727.0,4.35,+91-9447439165,"Premium 2BHK apartment at Sarjapur Road, Prestige Group project. RERA approved. 11 yrs old, South facing.",1,18,14,0,none,12750.314745616557,347.9,4.35,10,1
501616,101616,Bangalore,HSR Layout,2,660.7,12338724.0,12564701.0,-1.8,+91-9598147616,"2BHK flat in prime HSR Layout location. Negotiable price, urgent sale. East facing, floor 12.",1,19,14,0,none,18675.229302255182,330.35,1.8,9,2
502384,102384,Bangalore,Malleshwaram,1,542.1,10636388.0,11225695.0,-5.25,+91-9754108418,"1BHK independent unit in Malleshwaram society, floor 14. Immediate possession available.",1,161,4,0,none,19620.712045748016,542.1,5.25,6,1
500846,100846,Mumbai,Kandivali East,4,1893.5,40602892.0,40453351.0,0.37,+91-9313286356,"Newly renovated 4BHK, Kandivali East. Family-friendly society with amenities. 1 yrs old.",1,29,8,0,none,21443.30182202271,473.375,0.37,3,1
501079,101079,Mumbai,Goregaon West,4,1511.1,39045217.0,39142639.0,-0.25,+91-9255836971,"Premium 4BHK apartment at Goregaon West, Oberoi Realty project. RERA approved. 24 yrs old, West facing.",1,18,9,0,none,25838.936536298064,377.775,0.25,5,1
501277,101277,Bangalore,Indiranagar,2,769.6,18340988.0,18867911.0,-2.79,+91-9779522429,"2BHK independent unit in Indiranagar society, floor 13. Immediate possession available.",1,157,14,0,none,23831.845114345113,384.8,2.79,5,1
500362,100362,Mumbai,Malad West,2,734.1,15371436.0,15273474.0,0.64,+91-9390732711,"Spacious 2BHK in Malad West, close to metro & schools. Ready to move. Floor 1, East facing.",1,168,11,0,none,20939.158152840213,367.05,0.64,4,1
501748,101748,Bangalore,Electronic City,3,971.6,6585893.0,6572490.0,0.2,+91-9382349324,"Newly renovated 3BHK, Electronic City. Family-friendly society with amenities. 9 yrs old.",1,158,6,0,none,6778.39954713874,323.8666666666667,0.2,6,1
501003,101003,Mumbai,Goregaon West,2,681.3,19716971.0,19821826.0,-0.53,+91-9618952114,"2BHK independent unit in Goregaon West society, floor 12. Immediate possession available.",1,78,8,0,none,28940.21869954499,340.65,0.53,1,1
500805,100805,Mumbai,Chembur,2,757.6,13691757.0,14574822.0,-6.06,+91-9500568674,"Spacious 2BHK in Chembur, close to metro & schools. Ready to move. Floor 1, West facing.",1,29,9,0,none,18072.5409186906,378.8,6.06,8,1
501870,101870,Bangalore,Hebbal,3,1008.1,11348405.0,11774807.0,-3.62,+91-9879911141,"Spacious 3BHK in Hebbal, close to metro & schools. Ready to move. Floor 22, North facing.",1,170,2,0,none,11257.221505802996,336.03333333333336,3.62,9,1
501643,101643,Bangalore,HSR Layout,3,1223.2,19130589.0,19391126.0,-1.34,+91-9425515741,"3BHK flat in prime HSR Layout location. Negotiable price, urgent sale. West facing, floor 15.",0,43,7,0,none,15639.78826030085,407.73333333333335,1.34,10,1
502222,102222,Bangalore,Yelahanka,2,779.2,7439481.0,7151650.0,4.02,+91-9394451386,"Beautiful 2BHK near Yelahanka main road, built by Puravankara. Vastu compliant, North facing.",1,94,9,0,none,9547.588552361396,389.6,4.02,3,2
500930,100930,Mumbai,Kandivali East,1,496.5,10029151.0,9671861.0,3.69,+91-9821497963,"1BHK independent unit in Kandivali East society, floor 3. Immediate possession available.",1,26,3,0,none,20199.699899295065,496.5,3.69,5,1
500659,100659,Mumbai,Mulund West,3,1020.7,25973568.0,24040467.0,8.04,+91-9329382628,"Beautiful 3BHK near Mulund West main road, built by Oberoi Realty. Vastu compliant, West facing.",1,2,4,0,none,25446.818849808955,340.23333333333335,8.04,5,1
500186,100186,Mumbai,Andheri West,4,1850.8,51383327.0,50166670.0,2.43,+91-9465495958,"4BHK flat in prime Andheri West location. Negotiable price, urgent sale. East facing, floor 21.",1,105,5,0,none,27762.765830992004,462.7,2.43,9,1
501403,101403,Bangalore,Whitefield,3,956.3,10094431.0,9989899.0,1.05,+91-9711850666,"3BHK flat in prime Whitefield location. Negotiable price, urgent sale. North facing, floor 19.",0,139,6,0,none,10555.715779567083,318.76666666666665,1.05,8,1
502432,102296,Bangalore,Malleshwaram,1,395.4,8140306.0,8106250.0,0.42,+91-9580421995,"1BHK independent unit in Malleshwaram society, floor 18. Immediate possession available.",1,4,2,1,duplicate_listing,20587.521497218007,395.4,0.42,6,2
500781,100781,Mumbai,Chembur,1,512.5,14160798.0,14119904.0,0.29,+91-9813721291,"1BHK independent unit in Chembur society, floor 18. Immediate possession available.",1,120,11,0,none,27630.82536585366,512.5,0.29,6,1
500161,100161,Mumbai,Andheri West,2,707.1,22874028.0,22982571.0,-0.47,+91-9917892784,"2BHK independent unit in Andheri West society, floor 5. Immediate possession available.",1,107,5,0,none,32349.070852778954,353.55,0.47,6,1
500677,100677,Mumbai,Mulund West,3,1163.1,30369172.0,31014002.0,-2.08,+91-9310975757,"Beautiful 3BHK near Mulund West main road, built by Kolte-Patil. Vastu compliant, South facing.",1,53,10,0,none,26110.542515690828,387.7,2.08,6,1
501274,101274,Bangalore,Indiranagar,1,449.8,9392841.0,9023218.0,4.1,+91-9879558245,"Beautiful 1BHK near Indiranagar main road, built by Puravankara. Vastu compliant, East facing.",1,99,6,0,none,20882.26100489106,449.8,4.1,8,1
501587,101587,Bangalore,HSR Layout,3,473.4,19387830.0,18796333.0,3.15,+91-9906886470,"Spacious 3BHK in HSR Layout, close to metro & schools. Ready to move. Floor 21, West facing.",1,128,1,1,fake_listing,40954.435994930296,157.79999999999998,3.15,8,1
500264,100264,Mumbai,Powai,4,1584.2,37530186.0,37056951.0,1.28,+91-9964063824,"4BHK independent unit in Powai society, floor 15. Immediate possession available.",1,34,9,0,none,23690.3080419139,396.05,1.28,4,1
500369,100369,Mumbai,Malad West,4,1857.0,37962990.0,37091624.0,2.35,+91-9922019374,"4BHK flat in prime Malad West location. Negotiable price, urgent sale. North facing, floor 12.",1,33,8,0,none,20443.18255250404,464.25,2.35,7,1
501265,101265,Bangalore,Indiranagar,3,1098.0,33464475.0,33691227.0,-0.67,+91-9369588493,"3BHK flat in prime Indiranagar location. Negotiable price, urgent sale. South facing, floor 16.",1,78,11,0,none,30477.66393442623,366.0,0.67,5,2
502345,102345,Bangalore,Malleshwaram,2,666.5,22507129.0,16253685.0,38.47,+91-9534428398,"2BHK flat in prime Malleshwaram location. Negotiable price, urgent sale. West facing, floor 6.",1,16,4,1,price_manipulation,33769.13578394599,333.25,38.47,3,1
501869,101869,Bangalore,Hebbal,3,1278.8,13566162.0,13567500.0,-0.01,+91-9382961741,"3BHK independent unit in Hebbal society, floor 16. Immediate possession available.",1,80,10,1,scam_ring_broker,10608.509540193932,426.26666666666665,0.01,19,1
500884,100884,Mumbai,Kandivali East,2,912.1,18938545.0,19482283.0,-2.79,+91-9617846911,"Beautiful 2BHK near Kandivali East main road, built by Kolte-Patil. Vastu compliant, West facing.",1,89,11,0,none,20763.671746519023,456.05,2.79,11,1
500688,100688,Mumbai,Mulund West,2,771.2,17538496.0,17055513.0,2.83,+91-9490014371,"Spacious 2BHK in Mulund West, close to metro & schools. Ready to move. Floor 16, North facing.",1,112,4,0,none,22741.825726141076,385.6,2.83,10,1
501914,101914,Bangalore,Hebbal,2,739.1,6580697.0,10899602.0,-39.62,+91-9178723043,"Spacious 2BHK in Hebbal, close to metro & schools. Ready to move. Floor 17, West facing.",1,105,11,1,price_manipulation,8903.662562576106,369.55,39.62,6,1
500985,100985,Mumbai,Goregaon West,3,1366.9,32151600.0,33503691.0,-4.04,+91-9104660979,"Spacious 3BHK in Goregaon West, close to metro & schools. Ready to move. Floor 5, North facing.",1,119,5,0,none,23521.545102055745,455.6333333333334,4.04,5,1
501882,101882,Bangalore,Hebbal,2,693.0,12250087.0,11771460.0,4.07,+91-9954846640,"Newly renovated 2BHK, Hebbal. Family-friendly society with amenities. 6 yrs old.",1,126,14,0,none,17676.89321789322,346.5,4.07,6,1
502268,102268,Bangalore,Yelahanka,3,1162.6,8860146.0,9032649.0,-1.91,+91-9905922775,"Premium 3BHK apartment at Yelahanka, Brigade Group project. RERA approved. 21 yrs old, North facing.",1,13,11,0,none,7620.975399965595,387.5333333333333,1.91,11,1
502120,102120,Bangalore,Sarjapur Road,3,1260.4,13182711.0,13032416.0,1.15,+91-9372729183,"Spacious 3BHK in Sarjapur Road, close to metro & schools. Ready to move. Floor 19, East facing.",1,19,3,0,none,10459.14868295779,420.1333333333334,1.15,9,1
501188,101188,Mumbai,Dombivli,2,834.6,8863553.0,9074777.0,-2.33,+91-9344372157,"Spacious 2BHK in Dombivli, close to metro & schools. Ready to move. Floor 3, South facing.",1,95,10,0,none,10620.121016055595,417.3,2.33,12,1
500381,100381,Mumbai,Malad West,1,475.6,9948921.0,10181973.0,-2.29,+91-9950453352,"Spacious 1BHK in Malad West, close to metro & schools. Ready to move. Floor 1, South facing.",1,98,2,0,none,20918.673254835994,475.6,2.29,3,1
501222,101222,Bangalore,Indiranagar,1,471.9,11007482.0,11333149.0,-2.87,+91-9310975757,Well-ventilated 1BHK for sale in Indiranagar. Great connectivity. Floor 18 of the tower.,1,123,12,0,none,23325.878364060183,471.9,2.87,6,1
501532,101532,Bangalore,Koramangala,1,513.9,11831946.0,11108971.0,6.51,+91-9825435231,"1BHK flat in prime Koramangala location. Negotiable price, urgent sale. North facing, floor 3.",1,123,10,0,none,23023.829538820784,513.9,6.51,8,1
502199,102199,Bangalore,Yelahanka,2,863.7,7423706.0,7489380.0,-0.88,+91-9526162016,"2BHK independent unit in Yelahanka society, floor 20. Immediate possession available.",1,40,3,0,none,8595.236772027323,431.85,0.88,7,1
502271,102271,Bangalore,Yelahanka,3,1244.0,9588722.0,9992983.0,-4.05,+91-9668759251,Well-ventilated 3BHK for sale in Yelahanka. Great connectivity. Floor 13 of the tower.,1,160,11,0,none,7707.9758842443725,414.6666666666667,4.05,6,1
502052,102052,Bangalore,Sarjapur Road,2,946.6,7767644.0,7838907.0,-0.91,+91-9841116743,"Spacious 2BHK in Sarjapur Road, close to metro & schools. Ready to move. Floor 5, South facing.",1,103,11,0,none,8205.835622226918,473.3,0.91,4,1
501226,101226,Bangalore,Indiranagar,4,1644.0,27659019.0,26476196.0,4.47,+91-9834704292,"Premium 4BHK apartment at Indiranagar, Local Developer Co project. RERA approved. 22 yrs old, East facing.",0,55,2,0,none,16824.220802919706,411.0,4.47,6,1
501635,101635,Bangalore,HSR Layout,3,1199.2,10704135.0,21707802.0,-50.69,+91-9237906702,"Newly renovated 3BHK, HSR Layout. Family-friendly society with amenities. 17 yrs old.",1,101,9,1,price_manipulation,8926.06320880587,399.73333333333335,50.69,6,2
500831,100831,Mumbai,Chembur,1,434.2,9550347.0,9735742.0,-1.9,+91-9571366096,"Beautiful 1BHK near Chembur main road, built by Sobha Ltd. Vastu compliant, South facing.",1,51,10,0,none,21995.27176416398,434.2,1.9,8,1
502428,102025,Bangalore,JP Nagar,1,473.8,6440930.0,6894165.0,-6.57,+91-9691984656,"Spacious 1BHK in JP Nagar, close to metro & schools. Ready to move. Floor 17, West facing.",1,21,6,1,duplicate_listing,13594.195863233432,473.8,6.57,7,2
500733,100733,Mumbai,Chembur,3,967.6,20921096.0,21197500.0,-1.3,+91-9187473254,"3BHK independent unit in Chembur society, floor 6. Immediate possession available.",1,131,8,0,none,21621.637040099213,322.53333333333336,1.3,6,1
500579,100579,Mumbai,Thane West,2,930.8,12656141.0,12600144.0,0.44,+91-9930483617,"2BHK flat in prime Thane West location. Negotiable price, urgent sale. South facing, floor 6.",1,17,12,0,none,13597.057370004299,465.4,0.44,6,1
500208,100208,Mumbai,Andheri West,2,747.1,19963159.0,19448845.0,2.64,+91-9970433410,"Newly renovated 2BHK, Andheri West. Family-friendly society with amenities. 16 yrs old.",1,159,12,0,none,26720.866015259002,373.55,2.64,8,1
502089,102089,Bangalore,Sarjapur Road,4,2084.4,24578513.0,24774589.0,-0.79,+91-9839105575,"Beautiful 4BHK near Sarjapur Road main road, built by Godrej Properties. Vastu compliant, North facing.",1,167,4,0,none,11791.648915755133,521.1,0.79,9,1
501233,101233,Bangalore,Indiranagar,4,2103.7,44828847.0,45231824.0,-0.89,+91-9441501553,"Beautiful 4BHK near Indiranagar main road, built by Brigade Group. Vastu compliant, West facing.",1,106,5,0,none,21309.524647050435,525.925,0.89,5,1
502382,102382,Bangalore,Malleshwaram,1,525.3,3541962.0,8249897.0,-57.07,+91-9558811728,"Beautiful 1BHK near Malleshwaram main road, built by Local Developer Co. Vastu compliant, North facing.",1,47,6,1,price_manipulation,6742.741290691034,525.3,57.07,5,1
501375,101375,Bangalore,Whitefield,4,1561.9,22282266.0,22441697.0,-0.71,+91-9265500456,"Newly renovated 4BHK, Whitefield. Family-friendly society with amenities. 2 yrs old.",1,145,5,0,none,14266.128433318394,390.475,0.71,11,1
500144,100144,Mumbai,Andheri West,1,421.6,11713494.0,11985357.0,-2.27,+91-9631261883,"Newly renovated 1BHK, Andheri West. Family-friendly society with amenities. 22 yrs old.",1,90,14,0,none,27783.429791271345,421.6,2.27,7,1
500557,100557,Mumbai,Thane West,4,1711.4,32822813.0,32494547.0,1.01,+91-9605471506,"Beautiful 4BHK near Thane West main road, built by Oberoi Realty. Vastu compliant, South facing.",1,35,12,0,none,19178.925441159285,427.85,1.01,11,1
500692,100692,Mumbai,Mulund West,3,1244.8,24087660.0,24137322.0,-0.21,+91-9460898286,Well-ventilated 3BHK for sale in Mulund West. Great connectivity. Floor 15 of the tower.,1,136,6,0,none,19350.626606683807,414.93333333333334,0.21,9,1
501649,101649,Bangalore,HSR Layout,3,1214.0,21713595.0,21547339.0,0.77,+91-9980873094,Well-ventilated 3BHK for sale in HSR Layout. Great connectivity. Floor 13 of the tower.,1,147,6,0,none,17885.99258649094,404.6666666666667,0.77,10,1
501676,101676,Bangalore,HSR Layout,3,1200.9,20974695.0,21713667.0,-3.4,+91-9399413312,"Newly renovated 3BHK, HSR Layout. Family-friendly society with amenities. 19 yrs old.",1,168,5,0,none,17465.81314014489,400.3,3.4,10,3
500431,100431,Mumbai,Malad West,3,1129.0,25515354.0,26208857.0,-2.65,+91-9880546047,"Beautiful 3BHK near Malad West main road, built by Brigade Group. Vastu compliant, South facing.",1,154,4,1,scam_ring_broker,22599.95925597874,376.3333333333333,2.65,18,1
501120,101120,Mumbai,Dombivli,1,444.9,4736235.0,4812729.0,-1.59,+91-9273161929,Well-ventilated 1BHK for sale in Dombivli. Great connectivity. Floor 24 of the tower.,1,26,4,0,none,10645.616992582603,444.9,1.59,8,1
501272,101272,Bangalore,Indiranagar,2,918.0,26403280.0,25961036.0,1.7,+91-9950414459,"Premium 2BHK apartment at Indiranagar, Runwal Group project. RERA approved. 3 yrs old, North facing.",1,166,7,0,none,28761.742919389977,459.0,1.7,5,1
501544,101544,Bangalore,Koramangala,1,440.6,7733132.0,7502318.0,3.08,+91-9993926432,"Spacious 1BHK in Koramangala, close to metro & schools. Ready to move. Floor 14, West facing.",1,11,11,0,none,17551.366318656375,440.6,3.08,4,1
501063,101063,Mumbai,Goregaon West,3,1384.7,40666899.0,40122374.0,1.36,+91-9755096065,"Beautiful 3BHK near Goregaon West main road, built by Sobha Ltd. Vastu compliant, South facing.",1,153,3,0,none,29368.743410124935,461.56666666666666,1.36,7,1
501304,101304,Bangalore,Indiranagar,4,2014.3,50277288.0,51526672.0,-2.42,+91-9382349324,Well-ventilated 4BHK for sale in Indiranagar. Great connectivity. Floor 5 of the tower.,1,65,9,0,none,24960.178722136723,503.575,2.42,6,1
501627,101627,Bangalore,HSR Layout,3,1281.5,15241393.0,16182583.0,-5.82,+91-9903652981,"Spacious 3BHK in HSR Layout, close to metro & schools. Ready to move. Floor 20, South facing.",1,137,13,1,scam_ring_broker,11893.40070230199,427.1666666666667,5.82,14,1
501419,101419,Bangalore,Whitefield,4,2018.5,25049329.0,26112173.0,-4.07,+91-9122677183,"4BHK independent unit in Whitefield society, floor 12. Immediate possession available.",0,35,4,0,none,12409.873173148377,504.625,4.07,9,1
500864,100864,Mumbai,Kandivali East,2,918.1,14853034.0,15239246.0,-2.53,+91-9813721291,"Premium 2BHK apartment at Kandivali East, Lodha Group project. RERA approved. 12 yrs old, North facing.",1,129,3,0,none,16178.013288312819,459.05,2.53,6,1
502210,102210,Bangalore,Yelahanka,2,903.8,9164296.0,9226514.0,-0.67,+91-9798117120,"Beautiful 2BHK near Yelahanka main road, built by Puravankara. Vastu compliant, North facing.",1,45,8,0,none,10139.738880283248,451.9,0.67,5,2
502150,102150,Bangalore,Sarjapur Road,2,863.6,10373408.0,10490380.0,-1.12,+91-9187033684,"2BHK independent unit in Sarjapur Road society, floor 9. Immediate possession available.",1,31,7,0,none,12011.820287169985,431.8,1.12,7,3
501294,101294,Bangalore,Indiranagar,3,984.7,19952911.0,20993241.0,-4.96,+91-9972116370,"Spacious 3BHK in Indiranagar, close to metro & schools. Ready to move. Floor 19, West facing.",1,13,2,0,none,20262.933888493957,328.23333333333335,4.96,4,1
501950,101950,Bangalore,JP Nagar,3,1183.6,18459930.0,17448141.0,5.8,+91-9753264477,"Beautiful 3BHK near JP Nagar main road, built by Kolte-Patil. Vastu compliant, South facing.",1,112,2,0,none,15596.42615748564,394.5333333333333,5.8,4,1
502260,102260,Bangalore,Yelahanka,2,796.9,5930851.0,6063379.0,-2.19,+91-9972556573,"Premium 2BHK apartment at Yelahanka, Sobha Ltd project. RERA approved. 6 yrs old, East facing.",1,40,3,0,none,7442.403061864726,398.45,2.19,8,1
500719,100719,Mumbai,Mulund West,3,1270.9,26357231.0,24753978.0,6.48,+91-9320900891,"Newly renovated 3BHK, Mulund West. Family-friendly society with amenities. 15 yrs old.",1,155,5,0,none,20739.02824769848,423.6333333333334,6.48,6,1
500632,100632,Mumbai,Mulund West,3,1226.6,25521482.0,25977161.0,-1.75,+91-9768798507,"3BHK independent unit in Mulund West society, floor 14. Immediate possession available.",1,113,8,0,none,20806.686776455244,408.8666666666666,1.75,8,1
502129,102129,Bangalore,Sarjapur Road,1,493.1,5117819.0,5106062.0,0.23,+91-9612724846,"1BHK flat in prime Sarjapur Road location. Negotiable price, urgent sale. West facing, floor 23.",1,120,9,0,none,10378.86635570878,493.1,0.23,7,1
501597,101597,Bangalore,HSR Layout,2,670.4,10177292.0,9785400.0,4.0,+91-9668759251,"Newly renovated 2BHK, HSR Layout. Family-friendly society with amenities. 4 yrs old.",1,71,8,0,none,15180.924821002387,335.2,4.0,6,1
501316,101316,Bangalore,Indiranagar,3,1003.2,21341300.0,21428140.0,-0.41,+91-9181270264,"Beautiful 3BHK near Indiranagar main road, built by Lodha Group. Vastu compliant, North facing.",1,163,9,0,none,21273.22567783094,334.40000000000003,0.41,10,2
501508,101508,Bangalore,Koramangala,2,880.9,15491035.0,15588607.0,-0.63,+91-9149588302,"Spacious 2BHK in Koramangala, close to metro & schools. Ready to move. Floor 24, North facing.",0,131,9,0,none,17585.463730275857,440.45,0.63,7,1
501354,101354,Bangalore,Whitefield,2,776.6,9898296.0,10358782.0,-4.45,+91-9768798507,"2BHK flat in prime Whitefield location. Negotiable price, urgent sale. South facing, floor 19.",1,139,10,0,none,12745.68117434973,388.3,4.45,8,1
500147,100147,Mumbai,Andheri West,3,1156.1,35036605.0,34385021.0,1.89,+91-9187473254,"Spacious 3BHK in Andheri West, close to metro & schools. Ready to move. Floor 11, East facing.",1,149,11,1,duplicate_listing,30305.86021970418,385.3666666666666,1.89,6,2
502083,102083,Bangalore,Sarjapur Road,4,2134.5,20681994.0,21721812.0,-4.79,+91-9834818639,"Spacious 4BHK in Sarjapur Road, close to metro & schools. Ready to move. Floor 17, West facing.",1,161,14,1,duplicate_listing,9689.385804638088,533.625,4.79,6,2
501962,101962,Bangalore,JP Nagar,1,499.9,6569593.0,6779489.0,-3.1,+91-9375993541,"1BHK flat in prime JP Nagar location. Negotiable price, urgent sale. North facing, floor 18.",1,13,3,0,none,13141.814362872576,499.9,3.1,6,1
501335,101335,Bangalore,Whitefield,4,1549.8,23453206.0,24046934.0,-2.47,+91-9181270264,"4BHK independent unit in Whitefield society, floor 3. Immediate possession available.",1,135,2,0,none,15133.05329719964,387.45,2.47,10,1
500747,100747,Mumbai,Chembur,2,915.0,22942063.0,23277861.0,-1.44,+91-9443424589,Well-ventilated 2BHK for sale in Chembur. Great connectivity. Floor 5 of the tower.,1,131,14,0,none,25073.292896174862,457.5,1.44,8,2
501043,101043,Mumbai,Goregaon West,3,1242.5,27076560.0,27067789.0,0.03,+91-9839105575,"Newly renovated 3BHK, Goregaon West. Family-friendly society with amenities. 12 yrs old.",1,16,10,0,none,21792.0,414.1666666666667,0.03,9,1
502311,102311,Bangalore,Malleshwaram,2,709.7,14400183.0,13785675.0,4.46,+91-9798117120,"Newly renovated 2BHK, Malleshwaram. Family-friendly society with amenities. 0 yrs old.",1,125,12,0,none,20290.52134704805,354.85,4.46,5,1
502360,102360,Bangalore,Malleshwaram,1,437.1,9731167.0,9611757.0,1.24,+91-9925450994,"Newly renovated 1BHK, Malleshwaram. Family-friendly society with amenities. 6 yrs old.",0,132,7,0,none,22263.02219171814,437.1,1.24,8,3
500554,100554,Mumbai,Thane West,1,516.8,8794016.0,8782141.0,0.14,+91-9127259950,"1BHK independent unit in Thane West society, floor 22. Immediate possession available.",1,104,8,0,none,17016.284829721364,516.8,0.14,7,1
501214,101214,Bangalore,Indiranagar,2,669.0,13931904.0,13755198.0,1.28,+91-9152236081,"Spacious 2BHK in Indiranagar, close to metro & schools. Ready to move. Floor 15, West facing.",1,80,12,0,none,20824.96860986547,334.5,1.28,5,1
500728,100728,Mumbai,Chembur,2,786.8,18048142.0,17072022.0,5.72,+91-9913525108,"Newly renovated 2BHK, Chembur. Family-friendly society with amenities. 23 yrs old.",1,157,13,0,none,22938.665480427047,393.4,5.72,4,1
500265,100265,Mumbai,Powai,3,1074.3,20608256.0,21195118.0,-2.77,+91-9903652981,"3BHK flat in prime Powai location. Negotiable price, urgent sale. East facing, floor 11.",1,135,3,1,scam_ring_broker,19182.961928697758,358.09999999999997,2.77,14,1
500322,100322,Mumbai,Powai,3,1111.3,20610333.0,21186613.0,-2.72,+91-9179308582,"Spacious 3BHK in Powai, close to metro & schools. Ready to move. Floor 4, East facing.",1,101,6,0,none,18546.146855034644,370.43333333333334,2.72,14,1
500112,100112,Mumbai,Bandra West,2,775.3,35111652.0,34882625.0,0.66,+91-9907492419,"2BHK independent unit in Bandra West society, floor 21. Immediate possession available.",1,42,6,0,none,45287.82664774926,387.65,0.66,9,1
502362,102362,Bangalore,Malleshwaram,3,1032.9,23413115.0,23214134.0,0.86,+91-9638496599,"Beautiful 3BHK near Malleshwaram main road, built by Runwal Group. Vastu compliant, South facing.",1,124,10,0,none,22667.358892438762,344.3,0.86,6,1
501696,101696,Bangalore,Electronic City,1,427.3,3173264.0,3212422.0,-1.22,+91-9186621109,"1BHK independent unit in Electronic City society, floor 15. Immediate possession available.",1,112,4,0,none,7426.314065059677,427.3,1.22,8,1
501140,101140,Mumbai,Dombivli,4,1596.2,17506284.0,17118553.0,2.26,+91-9616277060,"4BHK independent unit in Dombivli society, floor 9. Immediate possession available.",1,165,13,0,none,10967.475253727604,399.05,2.26,6,1
501423,101423,Bangalore,Whitefield,2,865.3,12717166.0,12368650.0,2.82,+91-9678587710,"Premium 2BHK apartment at Whitefield, Runwal Group project. RERA approved. 6 yrs old, West facing.",1,73,10,0,none,14696.828845487114,432.65,2.82,8,1
500455,100455,Mumbai,Malad West,2,797.3,14826409.0,15650442.0,-5.27,+91-9579730015,"Spacious 2BHK in Malad West, close to metro & schools. Ready to move. Floor 17, North facing.",0,54,4,0,none,18595.771980433965,398.65,5.27,14,1
500593,100593,Mumbai,Thane West,3,1103.3,14118653.0,14066410.0,0.37,+91-9434966744,"Spacious 3BHK in Thane West, close to metro & schools. Ready to move. Floor 22, East facing.",0,68,14,0,none,12796.748844375963,367.76666666666665,0.37,5,1
500137,100137,Mumbai,Andheri West,2,824.6,23071554.0,22886287.0,0.81,+91-9531276844,"2BHK flat in prime Andheri West location. Negotiable price, urgent sale. South facing, floor 4.",1,153,3,0,none,27979.08561726898,412.3,0.81,8,1
501471,101471,Bangalore,Koramangala,1,501.5,9804982.0,9731332.0,0.76,+91-9371206799,"1BHK independent unit in Koramangala society, floor 11. Immediate possession available.",1,135,3,0,none,19551.310069790627,501.5,0.76,5,1
500654,100654,Mumbai,Mulund West,3,1178.0,21321653.0,20708605.0,2.96,+91-9303086200,"3BHK independent unit in Mulund West society, floor 11. Immediate possession available.",1,139,6,0,none,18099.87521222411,392.6666666666667,2.96,6,1
500339,100339,Mumbai,Powai,3,1162.4,36465418.0,34810462.0,4.75,+91-9907492419,"3BHK flat in prime Powai location. Negotiable price, urgent sale. North facing, floor 18.",1,16,13,0,none,31370.800068823122,387.4666666666667,4.75,9,1
501574,101574,Bangalore,HSR Layout,4,1501.2,24417532.0,23413960.0,4.29,+91-9987787377,Well-ventilated 4BHK for sale in HSR Layout. Great connectivity. Floor 19 of the tower.,1,71,13,0,none,16265.342392752464,375.3,4.29,4,1
501030,101030,Mumbai,Goregaon West,3,1289.6,34710017.0,33998144.0,2.09,+91-9110614622,"Beautiful 3BHK near Goregaon West main road, built by Kolte-Patil. Vastu compliant, South facing.",1,120,12,0,none,26915.3357630273,429.8666666666666,2.09,5,1
500736,100736,Mumbai,Chembur,1,406.0,12786712.0,8122038.0,57.43,+91-9974404636,"Premium 1BHK apartment at Chembur, Brigade Group project. RERA approved. 14 yrs old, North facing.",1,52,12,1,price_manipulation,31494.364532019703,406.0,57.43,5,1
502142,102142,Bangalore,Sarjapur Road,3,1390.3,15520697.0,15262567.0,1.69,+91-9374488493,"3BHK flat in prime Sarjapur Road location. Negotiable price, urgent sale. South facing, floor 2.",1,68,6,0,none,11163.559663382004,463.43333333333334,1.69,6,1
501089,101089,Mumbai,Dombivli,2,889.5,8889938.0,9400110.0,-5.43,+91-9785287153,"Premium 2BHK apartment at Dombivli, Lodha Group project. RERA approved. 11 yrs old, West facing.",1,19,13,0,none,9994.309162450814,444.75,5.43,7,1
502218,102218,Bangalore,Yelahanka,1,142.8,5062747.0,4808612.0,5.28,+91-9203346309,Well-ventilated 1BHK for sale in Yelahanka. Great connectivity. Floor 8 of the tower.,1,56,1,1,fake_listing,35453.41036414565,142.8,5.28,7,1
500542,100542,Mumbai,Thane West,2,816.7,13339744.0,13410946.0,-0.53,+91-9434966744,"Beautiful 2BHK near Thane West main road, built by Local Developer Co. Vastu compliant, North facing.",1,66,13,0,none,16333.713725970367,408.35,0.53,5,1
500507,100507,Mumbai,Thane West,4,2151.8,27944472.0,28044109.0,-0.36,+91-9425515741,"4BHK independent unit in Thane West society, floor 17. Immediate possession available.",1,1,10,0,none,12986.55637140998,537.95,0.36,10,1
500441,100441,Mumbai,Malad West,3,1236.6,25959500.0,24899633.0,4.26,+91-9303086200,"Beautiful 3BHK near Malad West main road, built by Puravankara. Vastu compliant, East facing.",1,75,14,1,duplicate_listing,20992.641112728452,412.2,4.26,6,2
500221,100221,Mumbai,Andheri West,4,1547.0,44254528.0,41702473.0,6.12,+91-9382961741,"Spacious 4BHK in Andheri West, close to metro & schools. Ready to move. Floor 21, East facing.",1,43,14,1,scam_ring_broker,28606.67614738203,386.75,6.12,19,1
502258,102258,Bangalore,Yelahanka,2,709.7,9844979.0,6598906.0,49.19,+91-9666303628,"Premium 2BHK apartment at Yelahanka, Sobha Ltd project. RERA approved. 1 yrs old, North facing.",1,124,4,1,price_manipulation,13872.02902634916,354.85,49.19,9,1
500947,100947,Mumbai,Kandivali East,2,857.6,8480973.0,17557231.0,-51.7,+91-9879911141,Well-ventilated 2BHK for sale in Kandivali East. Great connectivity. Floor 19 of the tower.,1,4,13,1,price_manipulation,9889.1942630597,428.8,51.7,9,1
501673,101673,Bangalore,HSR Layout,3,1379.5,22663097.0,22319726.0,1.54,+91-9372355686,"Premium 3BHK apartment at HSR Layout, Godrej Properties project. RERA approved. 11 yrs old, South facing.",1,64,14,0,none,16428.486408118883,459.8333333333333,1.54,4,1
501824,101824,Bangalore,Hebbal,1,468.4,7505376.0,8096981.0,-7.31,+91-9691984656,"1BHK independent unit in Hebbal society, floor 18. Immediate possession available.",1,9,8,1,duplicate_listing,16023.432963279249,468.4,7.31,7,2
502168,102168,Bangalore,Yelahanka,2,816.2,8354765.0,8297323.0,0.69,+91-9830428661,"2BHK flat in prime Yelahanka location. Negotiable price, urgent sale. East facing, floor 13.",1,53,3,0,none,10236.173731928448,408.1,0.69,8,1
501556,101556,Bangalore,Koramangala,2,685.9,15536497.0,14999258.0,3.58,+91-9171121783,"2BHK independent unit in Koramangala society, floor 17. Immediate possession available.",1,2,5,0,none,22651.25674296545,342.95,3.58,3,1
501126,101126,Mumbai,Dombivli,3,1246.4,11734866.0,11380089.0,3.12,+91-9825435231,Well-ventilated 3BHK for sale in Dombivli. Great connectivity. Floor 2 of the tower.,1,161,11,0,none,9415.008023106546,415.4666666666667,3.12,8,1
500994,100994,Mumbai,Goregaon West,2,902.3,22794469.0,23856807.0,-4.45,+91-9613064446,"2BHK independent unit in Goregaon West society, floor 7. Immediate possession available.",1,10,14,0,none,25262.627729136653,451.15,4.45,9,2
502255,102255,Bangalore,Yelahanka,1,499.0,3722842.0,3625020.0,2.7,+91-9540113014,"Premium 1BHK apartment at Yelahanka, Puravankara project. RERA approved. 22 yrs old, North facing.",1,49,4,0,none,7460.605210420842,499.0,2.7,1,1
500741,100741,Mumbai,Chembur,2,876.4,26907525.0,26649468.0,0.97,+91-9367439980,"Newly renovated 2BHK, Chembur. Family-friendly society with amenities. 2 yrs old.",1,55,11,0,none,30702.3334094021,438.2,0.97,10,1
502433,102156,Bangalore,Sarjapur Road,1,495.8,4813368.0,5369547.0,-10.36,+91-9230913958,"Premium 1BHK apartment at Sarjapur Road, Regional Builders Ltd project. RERA approved. 4 yrs old, East facing.",0,8,8,1,duplicate_listing,9708.285599031868,495.8,10.36,11,2
501181,101181,Mumbai,Dombivli,4,1611.3,17169510.0,17256315.0,-0.5,+91-9890369072,"4BHK flat in prime Dombivli location. Negotiable price, urgent sale. East facing, floor 18.",1,12,12,0,none,10655.687953826104,402.825,0.5,7,1
500299,100299,Mumbai,Powai,3,1081.0,31578508.0,31747385.0,-0.53,+91-9871704332,"Spacious 3BHK in Powai, close to metro & schools. Ready to move. Floor 13, East facing.",1,7,14,0,none,29212.31082331175,360.3333333333333,0.53,6,1
501932,101932,Bangalore,JP Nagar,3,1237.1,17262778.0,18037193.0,-4.29,+91-9323712795,"Beautiful 3BHK near JP Nagar main road, built by Runwal Group. Vastu compliant, North facing.",1,25,11,0,none,13954.230054158921,412.3666666666666,4.29,9,1
501034,101034,Mumbai,Goregaon West,2,933.2,24726155.0,24680610.0,0.18,+91-9339643011,"2BHK independent unit in Goregaon West society, floor 7. Immediate possession available.",1,168,3,0,none,26496.094084869266,466.6,0.18,7,2
500114,100114,Mumbai,Bandra West,4,2163.2,121618927.0,127097049.0,-4.31,+91-9631261883,"Newly renovated 4BHK, Bandra West. Family-friendly society with amenities. 12 yrs old.",1,175,6,0,none,56221.76728920119,540.8,4.31,7,1
501268,101268,Bangalore,Indiranagar,2,777.1,24185986.0,23562261.0,2.65,+91-9186621109,"Newly renovated 2BHK, Indiranagar. Family-friendly society with amenities. 24 yrs old.",1,144,14,0,none,31123.389525157636,388.55,2.65,8,1
501535,101535,Bangalore,Koramangala,2,902.7,20469202.0,21517829.0,-4.87,+91-9768490675,"Spacious 2BHK in Koramangala, close to metro & schools. Ready to move. Floor 17, West facing.",1,160,14,0,none,22675.531184225103,451.35,4.87,9,1
502067,102067,Bangalore,Sarjapur Road,1,461.2,5236337.0,5182918.0,1.03,+91-9655787739,"Premium 1BHK apartment at Sarjapur Road, Sobha Ltd project. RERA approved. 0 yrs old, North facing.",1,121,12,0,none,11353.72289679098,461.2,1.03,8,1
500519,100519,Mumbai,Thane West,3,1040.9,20657020.0,20596973.0,0.29,+91-9323712795,"Newly renovated 3BHK, Thane West. Family-friendly society with amenities. 22 yrs old.",1,57,3,0,none,19845.345374195407,346.9666666666667,0.29,9,1
501671,101671,Bangalore,HSR Layout,2,803.9,12114435.0,11487662.0,5.46,+91-9323712795,"2BHK independent unit in HSR Layout society, floor 13. Immediate possession available.",1,3,5,0,none,15069.579549695236,401.95,5.46,9,1
502420,100033,Mumbai,Bandra West,4,1534.1,72163136.0,66750862.0,8.11,+91-9785294486,"Beautiful 4BHK near Bandra West main road, built by Local Developer Co. Vastu compliant, East facing.",1,16,7,1,duplicate_listing,47039.395085066164,383.525,8.11,2,2
501612,101612,Bangalore,HSR Layout,2,921.3,10722721.0,10998866.0,-2.51,+91-9500568674,"Beautiful 2BHK near HSR Layout main road, built by Sobha Ltd. Vastu compliant, South facing.",1,30,10,0,none,11638.685553022902,460.65,2.51,8,1
502216,102216,Bangalore,Yelahanka,1,530.9,4193710.0,4267331.0,-1.73,+91-9497258017,"1BHK independent unit in Yelahanka society, floor 3. Immediate possession available.",1,88,9,0,none,7899.246562441138,530.9,1.73,5,2
500096,100096,Mumbai,Bandra West,4,1724.6,91538166.0,92551926.0,-1.1,+91-9617846911,"Spacious 4BHK in Bandra West, close to metro & schools. Ready to move. Floor 19, West facing.",1,11,12,0,none,53077.91139974487,431.15,1.1,11,2
501622,101622,Bangalore,HSR Layout,3,1047.0,16474849.0,15669898.0,5.14,+91-9666303628,"Spacious 2BHK in Prime Location, close to metro & schools. Ready to move. Floor 5, North facing.",0,139,10,1,recycled_description,15735.29035339064,349.0,5.14,9,57
502338,102338,Bangalore,Malleshwaram,4,2117.5,42226222.0,42595896.0,-0.87,+91-9678587710,"Newly renovated 4BHK, Malleshwaram. Family-friendly society with amenities. 16 yrs old.",1,123,10,0,none,19941.545218417945,529.375,0.87,8,1
501209,101209,Bangalore,Indiranagar,3,1112.3,29777433.0,28998691.0,2.69,+91-9756990323,"Newly renovated 3BHK, Indiranagar. Family-friendly society with amenities. 17 yrs old.",1,18,7,0,none,26771.04468219006,370.76666666666665,2.69,3,1
500738,100738,Mumbai,Chembur,4,2134.4,57518966.0,53541344.0,7.43,+91-9367439980,"Premium 4BHK apartment at Chembur, Sobha Ltd project. RERA approved. 14 yrs old, South facing.",1,130,13,0,none,26948.54104197901,533.6,7.43,10,1
500348,100348,Mumbai,Powai,2,803.0,14145546.0,15058811.0,-6.06,+91-9592437012,Well-ventilated 2BHK for sale in Powai. Great connectivity. Floor 7 of the tower.,1,71,7,0,none,17615.87297633873,401.5,6.06,3,1
502282,102282,Bangalore,Malleshwaram,2,779.5,18831541.0,18048107.0,4.34,+91-9462248467,"Spacious 2BHK in Malleshwaram, close to metro & schools. Ready to move. Floor 11, East facing.",1,61,2,0,none,24158.48749198204,389.75,4.34,7,1
502118,102118,Bangalore,Sarjapur Road,3,988.3,4939948.0,8622448.0,-42.71,+91-9212550742,Well-ventilated 3BHK for sale in Sarjapur Road. Great connectivity. Floor 14 of the tower.,1,75,3,1,price_manipulation,4998.42962663159,329.43333333333334,42.71,2,1
500117,100117,Mumbai,Bandra West,3,1341.1,72432977.0,72491876.0,-0.08,+91-9297085007,"Beautiful 3BHK near Bandra West main road, built by Lodha Group. Vastu compliant, East facing.",1,137,9,0,none,54010.1237789874,447.0333333333333,0.08,9,1
500928,100928,Mumbai,Kandivali East,3,1059.4,18445785.0,18613909.0,-0.9,+91-9964063824,"Beautiful 3BHK near Kandivali East main road, built by Puravankara. Vastu compliant, East facing.",1,26,13,0,none,17411.539550689067,353.1333333333334,0.9,4,1
500531,100531,Mumbai,Thane West,4,1574.6,21089084.0,21173606.0,-0.4,+91-9110614622,"Premium 4BHK apartment at Thane West, Brigade Group project. RERA approved. 0 yrs old, East facing.",1,178,14,0,none,13393.2960751937,393.65,0.4,5,1
502163,102163,Bangalore,Yelahanka,4,1526.6,9543252.0,9261778.0,3.04,+91-9892298937,"Spacious 4BHK in Yelahanka, close to metro & schools. Ready to move. Floor 7, North facing.",1,147,3,0,none,6251.311410978646,381.65,3.04,6,1
501253,101253,Bangalore,Indiranagar,1,404.6,10489611.0,9965609.0,5.26,+91-9436959477,Well-ventilated 1BHK for sale in Indiranagar. Great connectivity. Floor 16 of the tower.,1,68,5,0,none,25925.879881364308,404.6,5.26,6,1
502081,102081,Bangalore,Sarjapur Road,2,724.2,6886798.0,6664797.0,3.33,+91-9618468237,"Spacious 2BHK in Sarjapur Road, close to metro & schools. Ready to move. Floor 9, North facing.",0,75,12,0,none,9509.524993095829,362.1,3.33,5,1
500005,100005,Mumbai,Bandra West,3,1150.8,56854704.0,60423555.0,-5.91,+91-9426814254,Well-ventilated 3BHK for sale in Bandra West. Great connectivity. Floor 9 of the tower.,1,128,5,0,none,49404.504692387905,383.59999999999997,5.91,10,1
501197,101197,Mumbai,Dombivli,3,963.9,10117069.0,10367425.0,-2.41,+91-9973373741,"Spacious 3BHK in Dombivli, close to metro & schools. Ready to move. Floor 4, South facing.",1,152,2,0,none,10495.973648718747,321.3,2.41,8,1
501133,101133,Mumbai,Dombivli,3,1133.4,15679794.0,15033675.0,4.3,+91-9501138021,"Premium 3BHK apartment at Dombivli, Oberoi Realty project. RERA approved. 2 yrs old, East facing.",1,103,5,0,none,13834.298570672312,377.8,4.3,9,1
501276,101276,Bangalore,Indiranagar,3,1381.3,25512611.0,26077273.0,-2.17,+91-9704588645,"Spacious 2BHK in Prime Location, close to metro & schools. Ready to move. Floor 5, North facing.",0,178,8,1,recycled_description,18470.0,460.43333333333334,2.17,3,57
500474,100474,Mumbai,Malad West,2,920.2,15687315.0,15753209.0,-0.42,+91-9879558245,"Premium 2BHK apartment at Malad West, Local Developer Co project. RERA approved. 7 yrs old, East facing.",1,144,6,0,none,17047.72332101717,460.1,0.42,8,1
501456,101456,Bangalore,Koramangala,2,671.3,14385615.0,13784076.0,4.36,+91-9880546047,"2BHK independent unit in Koramangala society, floor 9. Immediate possession available.",1,16,4,1,scam_ring_broker,21429.48756144794,335.65,4.36,18,1
500808,100808,Mumbai,Chembur,3,969.5,24626227.0,26031756.0,-5.4,+91-9791154902,"3BHK independent unit in Chembur society, floor 4. Immediate possession available.",1,129,5,0,none,25400.956162970604,323.1666666666667,5.4,8,1
501822,101822,Bangalore,Hebbal,2,861.0,13037235.0,13086222.0,-0.37,+91-9426814254,"2BHK independent unit in Hebbal society, floor 19. Immediate possession available.",1,32,8,0,none,15141.968641114983,430.5,0.37,10,2
501839,101839,Bangalore,Hebbal,3,1255.5,18845010.0,19140006.0,-1.54,+91-9860566887,"Newly renovated 3BHK, Hebbal. Family-friendly society with amenities. 15 yrs old.",1,131,6,0,none,15009.964157706094,418.5,1.54,7,1
502403,101656,Bangalore,HSR Layout,2,858.1,10388929.0,12074585.0,-13.96,+91-9825435231,"2BHK flat in prime HSR Layout location. Negotiable price, urgent sale. South facing, floor 1.",1,8,3,1,duplicate_listing,12106.897797459504,429.05,13.96,8,2
502018,102018,Bangalore,JP Nagar,4,1764.2,22822319.0,22408337.0,1.85,+91-9974404636,"Newly renovated 4BHK, JP Nagar. Family-friendly society with amenities. 20 yrs old.",1,89,10,0,none,12936.355855345199,441.05,1.85,5,1
500740,100740,Mumbai,Chembur,3,1326.8,37338357.0,36957655.0,1.03,+91-9404794074,"3BHK flat in prime Chembur location. Negotiable price, urgent sale. West facing, floor 6.",1,88,13,0,none,28141.661893277058,442.26666666666665,1.03,7,1
500228,100228,Mumbai,Andheri West,3,1214.9,38834091.0,37332515.0,4.02,+91-9990064131,"Beautiful 3BHK near Andheri West main road, built by Lodha Group. Vastu compliant, East facing.",1,74,13,0,none,31964.845666309982,404.9666666666667,4.02,2,1
501059,101059,Mumbai,Goregaon West,1,522.2,14596483.0,14661771.0,-0.45,+91-9646178083,"Beautiful 1BHK near Goregaon West main road, built by Lodha Group. Vastu compliant, East facing.",1,63,5,0,none,27951.901570279584,522.2,0.45,7,1
502419,100272,Mumbai,Powai,2,655.9,18161189.0,17388992.0,4.44,+91-9827601633,"Spacious 2BHK in Powai, close to metro & schools. Ready to move. Floor 12, North facing.",1,19,3,1,duplicate_listing,27688.960207348682,327.95,4.44,2,2
500756,100756,Mumbai,Chembur,1,448.5,6284158.0,10827346.0,-41.96,+91-9810215628,"1BHK flat in prime Chembur location. Negotiable price, urgent sale. North facing, floor 14.",0,97,12,1,price_manipulation,14011.500557413601,448.5,41.96,7,1
501115,101115,Mumbai,Dombivli,2,842.4,9726308.0,9617463.0,1.13,+91-9691984656,"Spacious 2BHK in Dombivli, close to metro & schools. Ready to move. Floor 16, North facing.",1,102,8,0,none,11545.949667616334,421.2,1.13,7,1
501534,101534,Bangalore,Koramangala,3,1020.9,20135772.0,20861458.0,-3.48,+91-9547352752,"3BHK independent unit in Koramangala society, floor 5. Immediate possession available.",1,14,4,0,none,19723.549808992066,340.3,3.48,9,1
501135,101135,Mumbai,Dombivli,2,713.5,7679746.0,7636428.0,0.57,+91-9352768024,"Premium 2BHK apartment at Dombivli, Lodha Group project. RERA approved. 24 yrs old, North facing.",1,31,14,0,none,10763.484232655921,356.75,0.57,12,1
501241,101241,Bangalore,Indiranagar,4,2062.0,51627000.0,51195716.0,0.84,+91-9146095009,"Newly renovated 4BHK, Indiranagar. Family-friendly society with amenities. 10 yrs old.",1,11,10,0,none,25037.34238603298,515.5,0.84,2,1
500082,100082,Mumbai,Bandra West,2,729.4,39772913.0,39493783.0,0.71,+91-9235956049,Well-ventilated 2BHK for sale in Bandra West. Great connectivity. Floor 4 of the tower.,1,24,7,0,none,54528.26021387442,364.7,0.71,5,1
501662,101662,Bangalore,HSR Layout,3,1129.5,19595800.0,18873636.0,3.83,+91-9861053448,"3BHK flat in prime HSR Layout location. Negotiable price, urgent sale. South facing, floor 6.",1,65,14,0,none,17349.092518813635,376.5,3.83,5,1
501943,101943,Bangalore,JP Nagar,2,900.6,11401652.0,11044499.0,3.23,+91-9210602891,"Beautiful 2BHK near JP Nagar main road, built by Local Developer Co. Vastu compliant, North facing.",1,141,11,0,none,12660.062180768376,450.3,3.23,7,1
500769,100769,Mumbai,Chembur,3,1283.7,24089439.0,24325949.0,-0.97,+91-9695993263,"3BHK independent unit in Chembur society, floor 18. Immediate possession available.",1,90,6,0,none,18765.629820051414,427.90000000000003,0.97,9,1
500821,100821,Mumbai,Chembur,3,1337.2,38094926.0,37717106.0,1.0,+91-9921360872,"Premium 3BHK apartment at Chembur, Runwal Group project. RERA approved. 2 yrs old, East facing.",1,104,9,0,none,28488.577624887825,445.73333333333335,1.0,11,1
500453,100453,Mumbai,Malad West,3,1030.1,16776753.0,16812652.0,-0.21,+91-9179308582,"3BHK independent unit in Malad West society, floor 8. Immediate possession available.",0,46,12,0,none,16286.528492379382,343.3666666666666,0.21,14,1
500669,100669,Mumbai,Mulund West,3,1071.3,19236421.0,18663082.0,3.07,+91-9508299192,Well-ventilated 3BHK for sale in Mulund West. Great connectivity. Floor 13 of the tower.,1,139,13,0,none,17956.14767105386,357.09999999999997,3.07,10,1
502212,102212,Bangalore,Yelahanka,3,1344.3,11466185.0,11540130.0,-0.64,+91-9549808106,Well-ventilated 3BHK for sale in Yelahanka. Great connectivity. Floor 10 of the tower.,1,105,3,0,none,8529.483746187607,448.09999999999997,0.64,3,1
502178,102178,Bangalore,Yelahanka,3,954.2,6785875.0,6893160.0,-1.56,+91-9693347505,"Premium 3BHK apartment at Yelahanka, Lodha Group project. RERA approved. 16 yrs old, South facing.",1,8,7,0,none,7111.585621463006,318.06666666666666,1.56,9,1
502390,102390,Bangalore,Malleshwaram,3,1244.2,31713134.0,32451890.0,-2.28,+91-9465495958,Well-ventilated 3BHK for sale in Malleshwaram. Great connectivity. Floor 19 of the tower.,1,91,13,0,none,25488.77511654075,414.73333333333335,2.28,9,1
500454,100454,Mumbai,Malad West,2,811.1,12503590.0,12937030.0,-3.35,+91-9149978419,"Premium 2BHK apartment at Malad West, Regional Builders Ltd project. RERA approved. 12 yrs old, East facing.",0,148,11,0,none,15415.59610405622,405.55,3.35,9,1
502453,100324,Mumbai,Powai,2,774.7,22834286.0,21774486.0,4.87,+91-9916484357,"Premium 2BHK apartment at Powai, Lodha Group project. RERA approved. 4 yrs old, South facing.",1,11,4,1,duplicate_listing,29475.004517877886,387.35,4.87,10,2
501310,101310,Bangalore,Indiranagar,2,758.8,14434956.0,13807467.0,4.54,+91-9294762416,"Newly renovated 2BHK, Indiranagar. Family-friendly society with amenities. 3 yrs old.",1,94,11,0,none,19023.400105429628,379.4,4.54,9,2
501727,101727,Bangalore,Electronic City,3,963.7,8346233.0,8204683.0,1.73,+91-9995950253,"Spacious 3BHK in Electronic City, close to metro & schools. Ready to move. Floor 14, South facing.",1,157,13,0,none,8660.613261388398,321.23333333333335,1.73,3,1
502283,102283,Bangalore,Malleshwaram,2,913.3,23284308.0,23831934.0,-2.3,+91-9253185212,"Premium 2BHK apartment at Malleshwaram, Sobha Ltd project. RERA approved. 15 yrs old, South facing.",1,42,8,0,none,25494.69834665499,456.65,2.3,10,1
502000,102000,Bangalore,JP Nagar,4,2129.7,31163468.0,30293926.0,2.87,+91-9807837077,Well-ventilated 4BHK for sale in JP Nagar. Great connectivity. Floor 2 of the tower.,1,115,13,0,none,14632.797107573839,532.425,2.87,5,1
500331,100331,Mumbai,Powai,3,1120.6,26759874.0,26316830.0,1.68,+91-9616955272,"Beautiful 3BHK near Powai main road, built by Local Developer Co. Vastu compliant, North facing.",1,177,10,1,duplicate_listing,23879.95181152954,373.5333333333333,1.68,5,2
500671,100671,Mumbai,Mulund West,2,842.8,23178161.0,22713928.0,2.04,+91-9895651203,"Beautiful 2BHK near Mulund West main road, built by Prestige Group. Vastu compliant, West facing.",1,65,2,0,none,27501.37755102041,421.4,2.04,7,1
500110,100110,Mumbai,Bandra West,3,1298.3,55436532.0,55083239.0,0.64,+91-9339643011,"Spacious 2BHK in Prime Location, close to metro & schools. Ready to move. Floor 5, North facing.",1,148,8,1,recycled_description,42699.32373103289,432.76666666666665,0.64,7,57
502418,100349,Mumbai,Powai,2,915.8,20438407.0,22486766.0,-9.11,+91-9406923322,"Beautiful 2BHK near Powai main road, built by Kolte-Patil. Vastu compliant, South facing.",1,2,12,1,duplicate_listing,22317.544223629615,457.9,9.11,10,2
501420,101420,Bangalore,Whitefield,3,1388.4,19071279.0,17993437.0,5.99,+91-9693347505,"Newly renovated 3BHK, Whitefield. Family-friendly society with amenities. 3 yrs old.",1,98,10,0,none,13736.156006914433,462.8,5.99,9,1
501125,101125,Mumbai,Dombivli,2,871.8,10605998.0,10710449.0,-0.98,+91-9438143376,"Newly renovated 2BHK, Dombivli. Family-friendly society with amenities. 18 yrs old.",1,44,5,0,none,12165.632025693967,435.9,0.98,4,1
501261,101261,Bangalore,Indiranagar,3,1309.6,24562139.0,24842328.0,-1.13,+91-9198143259,"Premium 3BHK apartment at Indiranagar, Puravankara project. RERA approved. 24 yrs old, East facing.",1,155,5,0,none,18755.451282834456,436.5333333333333,1.13,7,1
501964,101964,Bangalore,JP Nagar,2,683.4,8825808.0,9202325.0,-4.09,+91-9333060799,"2BHK flat in prime JP Nagar location. Negotiable price, urgent sale. South facing, floor 3.",1,26,5,0,none,12914.556628621598,341.7,4.09,4,1
501345,101345,Bangalore,Whitefield,4,1978.0,21402281.0,20916572.0,2.32,+91-9501138021,"4BHK flat in prime Whitefield location. Negotiable price, urgent sale. South facing, floor 23.",1,50,2,0,none,10820.162285136501,494.5,2.32,9,1
502211,102211,Bangalore,Yelahanka,3,1281.1,7629668.0,7859500.0,-2.92,+91-9352768024,"3BHK flat in prime Yelahanka location. Negotiable price, urgent sale. North facing, floor 12.",1,121,7,0,none,5955.560065568652,427.0333333333333,2.92,12,1
500355,100355,Mumbai,Powai,3,1271.5,36436134.0,36299375.0,0.38,+91-9485398221,"Beautiful 3BHK near Powai main road, built by Lodha Group. Vastu compliant, South facing.",1,49,8,0,none,28656.023594180104,423.8333333333333,0.38,5,1
501567,101567,Bangalore,HSR Layout,1,507.8,7507491.0,7899723.0,-4.97,+91-9973373741,"Beautiful 1BHK near HSR Layout main road, built by Prestige Group. Vastu compliant, North facing.",1,65,3,0,none,14784.34619929106,507.8,4.97,8,1
500528,100528,Mumbai,Thane West,4,2021.9,39200936.0,39158876.0,0.11,+91-9610778971,"Newly renovated 4BHK, Thane West. Family-friendly society with amenities. 6 yrs old.",1,151,4,0,none,19388.167565161482,505.475,0.11,6,1
502217,102217,Bangalore,Yelahanka,1,388.0,2539515.0,2533258.0,0.25,+91-9833699608,"1BHK independent unit in Yelahanka society, floor 14. Immediate possession available.",1,13,7,0,none,6545.1417525773195,388.0,0.25,4,1
501813,101813,Bangalore,Hebbal,1,403.2,4825948.0,4844648.0,-0.39,+91-9293503633,"Newly renovated 1BHK, Hebbal. Family-friendly society with amenities. 4 yrs old.",1,74,5,0,none,11969.117063492064,403.2,0.39,11,1
500312,100312,Mumbai,Powai,3,1089.0,24977872.0,23902710.0,4.5,+91-9235179755,"Newly renovated 3BHK, Powai. Family-friendly society with amenities. 1 yrs old.",1,90,4,0,none,22936.52157943067,363.0,4.5,5,1
501488,101488,Bangalore,Koramangala,2,777.6,14003559.0,14336343.0,-2.32,+91-9791154902,"2BHK flat in prime Koramangala location. Negotiable price, urgent sale. West facing, floor 17.",1,46,9,0,none,18008.692129629628,388.8,2.32,8,1
501603,101603,Bangalore,HSR Layout,2,705.1,10947982.0,10815237.0,1.23,+91-9490014371,"Premium 2BHK apartment at HSR Layout, Prestige Group project. RERA approved. 17 yrs old, West facing.",1,27,5,0,none,15526.850092185505,352.55,1.23,10,1
501203,101203,Bangalore,Indiranagar,4,1761.7,49200370.0,50174756.0,-1.94,+91-9322763429,"4BHK flat in prime Indiranagar location. Negotiable price, urgent sale. West facing, floor 21.",1,165,4,0,none,27927.779985241526,440.425,1.94,7,1
500020,100020,Mumbai,Bandra West,2,694.3,29156174.0,29462152.0,-1.04,+91-9610778971,"Newly renovated 2BHK, Bandra West. Family-friendly society with amenities. 18 yrs old.",1,4,11,0,none,41993.62523404868,347.15,1.04,6,1
502014,102014,Bangalore,JP Nagar,4,1585.7,31535858.0,31776911.0,-0.76,+91-9984992798,"Beautiful 4BHK near JP Nagar main road, built by Kolte-Patil. Vastu compliant, South facing.",1,33,2,0,none,19887.657186100776,396.425,0.76,7,1
500358,100358,Mumbai,Powai,3,985.9,19011783.0,19502031.0,-2.51,+91-9186621109,"Beautiful 3BHK near Powai main road, built by Local Developer Co. Vastu compliant, West facing.",1,53,8,0,none,19283.682929303177,328.6333333333333,2.51,8,3
500361,100361,Mumbai,Malad West,3,1187.2,23788296.0,23907068.0,-0.5,+91-9922019374,"3BHK independent unit in Malad West society, floor 16. Immediate possession available.",1,126,10,0,none,20037.311320754718,395.73333333333335,0.5,7,1
500763,100763,Mumbai,Chembur,4,1693.9,31918541.0,32596953.0,-2.08,+91-9909042384,Well-ventilated 4BHK for sale in Chembur. Great connectivity. Floor 20 of the tower.,1,69,12,0,none,18843.22628254324,423.475,2.08,8,1
502244,102244,Bangalore,Yelahanka,4,1876.5,13118002.0,13186971.0,-0.52,+91-9567563337,Well-ventilated 4BHK for sale in Yelahanka. Great connectivity. Floor 16 of the tower.,0,116,12,0,none,6990.67519317879,469.125,0.52,4,1
500739,100739,Mumbai,Chembur,2,842.3,20747889.0,20901575.0,-0.74,+91-9145633649,"Premium 2BHK apartment at Chembur, Regional Builders Ltd project. RERA approved. 1 yrs old, South facing.",1,66,5,0,none,24632.421939926393,421.15,0.74,3,1
502205,102205,Bangalore,Yelahanka,4,2088.9,17702946.0,18043514.0,-1.89,+91-9993926432,Well-ventilated 4BHK for sale in Yelahanka. Great connectivity. Floor 22 of the tower.,1,169,3,0,none,8474.769495906936,522.225,1.89,4,1
501305,101305,Bangalore,Indiranagar,1,426.5,8705171.0,8896508.0,-2.15,+91-9903652981,"Premium 1BHK apartment at Indiranagar, Oberoi Realty project. RERA approved. 23 yrs old, North facing.",1,56,4,1,scam_ring_broker,20410.717467760845,426.5,2.15,14,1
500804,100804,Mumbai,Chembur,1,459.9,9092454.0,9153995.0,-0.67,+91-9104660979,"Spacious 2BHK in Prime Location, close to metro & schools. Ready to move. Floor 5, North facing.",1,133,11,1,recycled_description,19770.502283105023,459.9,0.67,5,57
500393,100393,Mumbai,Malad West,3,1124.3,26435448.0,26348747.0,0.33,+91-9910500619,Well-ventilated 3BHK for sale in Malad West. Great connectivity. Floor 5 of the tower.,1,149,6,0,none,23512.806190518546,374.76666666666665,0.33,10,1
501083,101083,Mumbai,Dombivli,2,682.1,6635929.0,6608546.0,0.41,+91-9149978419,"Beautiful 2BHK near Dombivli main road, built by Godrej Properties. Vastu compliant, West facing.",1,128,10,0,none,9728.674681131799,341.05,0.41,9,1
500790,100790,Mumbai,Chembur,3,448.5,24387585.0,24009414.0,1.58,+91-9722828907,"3BHK flat in prime Chembur location. Negotiable price, urgent sale. West facing, floor 17.",1,81,1,1,fake_listing,54375.88628762542,149.5,1.58,7,1
500267,100267,Mumbai,Powai,3,1226.5,27235004.0,26149156.0,4.15,+91-9950453352,Well-ventilated 3BHK for sale in Powai. Great connectivity. Floor 21 of the tower.,1,46,5,0,none,22205.46596004892,408.8333333333333,4.15,3,2
502307,102307,Bangalore,Malleshwaram,3,1388.4,47278939.0,29980333.0,57.7,+91-9695993263,"3BHK flat in prime Malleshwaram location. Negotiable price, urgent sale. South facing, floor 21.",1,99,2,1,price_manipulation,34052.8226735811,462.8,57.7,9,1
500223,100223,Mumbai,Andheri West,2,908.7,22916344.0,23060279.0,-0.62,+91-9616955272,"Premium 2BHK apartment at Andheri West, Kolte-Patil project. RERA approved. 12 yrs old, East facing.",1,17,13,0,none,25218.822493672276,454.35,0.62,5,1
501803,101803,Bangalore,Hebbal,3,521.5,14873737.0,14441013.0,3.0,+91-9616955272,"3BHK independent unit in Hebbal society, floor 21. Immediate possession available.",1,28,1,1,fake_listing,28521.068072866732,173.83333333333334,3.0,5,1
501295,101295,Bangalore,Indiranagar,1,540.1,12692424.0,13054128.0,-2.77,+91-9132112250,"Newly renovated 1BHK, Indiranagar. Family-friendly society with amenities. 13 yrs old.",1,78,9,0,none,23500.137011664505,540.1,2.77,7,1
502165,102165,Bangalore,Yelahanka,2,819.6,4730632.0,4702795.0,0.59,+91-9767593851,Well-ventilated 2BHK for sale in Yelahanka. Great connectivity. Floor 23 of the tower.,1,76,6,0,none,5771.87896534895,409.8,0.59,6,1
501229,101229,Bangalore,Indiranagar,4,2051.6,55855827.0,55317397.0,0.97,+91-9907492419,"Spacious 4BHK in Indiranagar, close to metro & schools. Ready to move. Floor 3, North facing.",1,127,6,0,none,27225.495710664847,512.9,0.97,9,2
500624,100624,Mumbai,Mulund West,4,1751.4,31294703.0,31802845.0,-1.6,+91-9230913958,"Premium 4BHK apartment at Mulund West, Runwal Group project. RERA approved. 18 yrs old, North facing.",1,13,4,0,none,17868.392714399906,437.85,1.6,11,1
501804,101804,Bangalore,Hebbal,4,1966.9,24564336.0,24922340.0,-1.44,+91-9315607565,"Newly renovated 4BHK, Hebbal. Family-friendly society with amenities. 16 yrs old.",1,66,8,0,none,12488.858609995425,491.725,1.44,5,1
502376,102376,Bangalore,Malleshwaram,3,1325.8,34241973.0,34459000.0,-0.63,+91-9584556741,"3BHK flat in prime Malleshwaram location. Negotiable price, urgent sale. South facing, floor 15.",1,73,14,1,duplicate_listing,25827.404585910394,441.93333333333334,0.63,5,2
500398,100398,Mumbai,Malad West,3,1242.6,26442047.0,26151763.0,1.11,+91-9147034206,"Spacious 3BHK in Malad West, close to metro & schools. Ready to move. Floor 24, South facing.",1,24,4,0,none,21279.612908417836,414.2,1.11,6,1
500921,100921,Mumbai,Kandivali East,4,2170.7,31445838.0,32402472.0,-2.95,+91-9612747232,Well-ventilated 4BHK for sale in Kandivali East. Great connectivity. Floor 4 of the tower.,1,125,14,0,none,14486.49652185931,542.675,2.95,5,1
501704,101704,Bangalore,Electronic City,1,427.1,3108545.0,3192101.0,-2.62,+91-9665615752,"1BHK independent unit in Electronic City society, floor 7. Immediate possession available.",1,177,9,0,none,7278.260360571295,427.1,2.62,11,1
501565,101565,Bangalore,HSR Layout,1,440.8,6195071.0,6074658.0,1.98,+91-9291617375,Well-ventilated 1BHK for sale in HSR Layout. Great connectivity. Floor 9 of the tower.,1,101,10,0,none,14054.153811252268,440.8,1.98,6,1
500314,100314,Mumbai,Powai,4,2071.2,96856074.0,70413517.0,37.55,+91-9218454233,"Spacious 4BHK in Powai, close to metro & schools. Ready to move. Floor 17, North facing.",1,93,7,1,price_manipulation,46763.26477404404,517.8,37.55,5,1
500288,100288,Mumbai,Powai,2,915.2,21373956.0,20804367.0,2.74,+91-9371206799,"Beautiful 2BHK near Powai main road, built by Kolte-Patil. Vastu compliant, North facing.",1,51,7,0,none,23354.409965034964,457.6,2.74,5,1
500594,100594,Mumbai,Thane West,3,1141.4,22053013.0,22225619.0,-0.78,+91-9447439165,"Beautiful 3BHK near Thane West main road, built by Kolte-Patil. Vastu compliant, East facing.",1,97,5,0,none,19321.02067636236,380.4666666666667,0.78,10,1
500836,100836,Mumbai,Chembur,2,784.2,14563551.0,14891510.0,-2.2,+91-9889922228,"2BHK flat in prime Chembur location. Negotiable price, urgent sale. South facing, floor 16.",1,72,6,0,none,18571.220351951033,392.1,2.2,4,1
501683,101683,Bangalore,Electronic City,3,1148.9,7633655.0,7708012.0,-0.96,+91-9519607455,"Premium 3BHK apartment at Electronic City, Oberoi Realty project. RERA approved. 15 yrs old, South facing.",1,43,10,0,none,6644.316302550265,382.9666666666667,0.96,3,1
500702,100702,Mumbai,Mulund West,4,2181.3,39766645.0,39913774.0,-0.37,+91-9755096065,"4BHK independent unit in Mulund West society, floor 21. Immediate possession available.",1,54,5,0,none,18230.708751661852,545.325,0.37,7,1
502112,102112,Bangalore,Sarjapur Road,3,1323.2,12302167.0,12977097.0,-5.2,+91-9291617375,"3BHK flat in prime Sarjapur Road location. Negotiable price, urgent sale. South facing, floor 8.",1,59,12,0,none,9297.28461305925,441.06666666666666,5.2,6,1
502291,102291,Bangalore,Malleshwaram,3,1394.1,34485786.0,34334611.0,0.44,+91-9554093432,Well-ventilated 3BHK for sale in Malleshwaram. Great connectivity. Floor 9 of the tower.,1,42,7,0,none,24736.952872821177,464.7,0.44,1,1
501258,101258,Bangalore,Indiranagar,4,1939.8,44953877.0,43613793.0,3.07,+91-9303086200,"4BHK flat in prime Indiranagar location. Negotiable price, urgent sale. South facing, floor 3.",1,6,12,0,none,23174.49066914115,484.95,3.07,6,1
501189,101189,Mumbai,Dombivli,2,661.0,8442329.0,8288734.0,1.85,+91-9500030388,"2BHK independent unit in Dombivli society, floor 14. Immediate possession available.",1,54,3,0,none,12772.055975794252,330.5,1.85,4,1
501751,101751,Bangalore,Electronic City,3,978.8,11800115.0,11565623.0,2.03,+91-9918972603,"Spacious 2BHK in Prime Location, close to metro & schools. Ready to move. Floor 5, North facing.",1,131,8,1,recycled_description,12055.695749897835,326.26666666666665,2.03,8,57
501282,101282,Bangalore,Indiranagar,2,926.6,20916657.0,20798590.0,0.57,+91-9633931577,"Spacious 2BHK in Indiranagar, close to metro & schools. Ready to move. Floor 14, North facing.",1,176,7,0,none,22573.556011223827,463.3,0.57,4,1
500439,100439,Mumbai,Malad West,3,1236.1,22506165.0,22110999.0,1.79,+91-9500030388,"3BHK flat in prime Malad West location. Negotiable price, urgent sale. East facing, floor 8.",1,57,12,0,none,18207.398268748486,412.0333333333333,1.79,4,1
500327,100327,Mumbai,Powai,4,2083.3,61921801.0,60532201.0,2.3,+91-9127315264,"4BHK flat in prime Powai location. Negotiable price, urgent sale. South facing, floor 5.",1,61,6,0,none,29722.94004704075,520.825,2.3,8,1
500900,100900,Mumbai,Kandivali East,2,747.7,11101134.0,11238501.0,-1.22,+91-9626520521,"Spacious 2BHK in Prime Location, close to metro & schools. Ready to move. Floor 5, North facing.",1,75,2,1,recycled_description,14847.04293165708,373.85,1.22,4,57
500839,100839,Mumbai,Chembur,4,2127.0,50751918.0,50140494.0,1.22,+91-9294762416,"4BHK independent unit in Chembur society, floor 21. Immediate possession available.",1,57,4,0,none,23860.798307475317,531.75,1.22,9,1
502155,102155,Bangalore,Sarjapur Road,1,393.7,4436285.0,4533060.0,-2.13,+91-9845663635,Well-ventilated 1BHK for sale in Sarjapur Road. Great connectivity. Floor 7 of the tower.,1,173,12,0,none,11268.186436372873,393.7,2.13,10,1
502304,102304,Bangalore,Malleshwaram,4,1988.3,47602838.0,47198164.0,0.86,+91-9833699608,"Spacious 4BHK in Malleshwaram, close to metro & schools. Ready to move. Floor 8, East facing.",0,2,6,0,none,23941.476638334258,497.075,0.86,4,1
500018,100018,Mumbai,Bandra West,3,1226.5,56529568.0,54076916.0,4.54,+91-9470365140,"3BHK independent unit in Bandra West society, floor 19. Immediate possession available.",1,37,7,0,none,46090.14920505504,408.8333333333333,4.54,4,1
502114,102114,Bangalore,Sarjapur Road,2,331.9,7273611.0,7279874.0,-0.09,+91-9956320743,Well-ventilated 2BHK for sale in Sarjapur Road. Great connectivity. Floor 7 of the tower.,1,14,1,1,fake_listing,21915.067791503465,165.95,0.09,6,2
501592,101592,Bangalore,HSR Layout,3,1011.4,19670914.0,18685224.0,5.28,+91-9195552017,"3BHK independent unit in HSR Layout society, floor 4. Immediate possession available.",1,36,13,0,none,19449.193197547953,337.1333333333333,5.28,8,1
500282,100282,Mumbai,Powai,2,818.6,21148827.0,20810395.0,1.63,+91-9861053448,"Spacious 2BHK in Powai, close to metro & schools. Ready to move. Floor 3, North facing.",1,64,11,0,none,25835.361592963596,409.3,1.63,5,1
501048,101048,Mumbai,Goregaon West,3,1201.3,28423386.0,27301605.0,4.11,+91-9218454233,"Premium 3BHK apartment at Goregaon West, Brigade Group project. RERA approved. 24 yrs old, West facing.",1,177,9,0,none,23660.522767002414,400.43333333333334,4.11,5,1
500352,100352,Mumbai,Powai,2,758.6,18751215.0,18975917.0,-1.18,+91-9775196830,"Spacious 2BHK in Powai, close to metro & schools. Ready to move. Floor 13, West facing.",1,179,8,0,none,24718.184814131295,379.3,1.18,10,1
501693,101693,Bangalore,Electronic City,1,411.1,3796180.0,3825844.0,-0.78,+91-9132112250,"Spacious 1BHK in Electronic City, close to metro & schools. Ready to move. Floor 1, West facing.",1,86,4,0,none,9234.200924349307,411.1,0.78,7,1
500848,100848,Mumbai,Kandivali East,4,1567.9,28997761.0,28832592.0,0.57,+91-9841116743,"Spacious 4BHK in Kandivali East, close to metro & schools. Ready to move. Floor 4, West facing.",1,77,12,0,none,18494.6495312201,391.975,0.57,4,1
500732,100732,Mumbai,Chembur,3,1265.7,22502714.0,23478207.0,-4.15,+91-9268753000,"3BHK independent unit in Chembur society, floor 19. Immediate possession available.",1,72,4,0,none,17778.868610255195,421.90000000000003,4.15,6,1
501546,101546,Bangalore,Koramangala,4,1640.6,46022816.0,43648538.0,5.44,+91-9668759251,"Spacious 4BHK in Koramangala, close to metro & schools. Ready to move. Floor 20, North facing.",1,168,14,0,none,28052.429598927225,410.15,5.44,6,1
501139,101139,Mumbai,Dombivli,4,1974.9,19072041.0,19893415.0,-4.13,+91-9877438606,Well-ventilated 4BHK for sale in Dombivli. Great connectivity. Floor 22 of the tower.,1,117,9,0,none,9657.218593346499,493.725,4.13,6,1
500043,100043,Mumbai,Bandra West,4,1777.3,69409741.0,73216561.0,-5.2,+91-9860578620,Well-ventilated 4BHK for sale in Bandra West. Great connectivity. Floor 13 of the tower.,1,69,9,0,none,39053.47493388849,444.325,5.2,4,1
501848,101848,Bangalore,Hebbal,1,469.6,5519089.0,5868072.0,-5.95,+91-9906886470,Well-ventilated 1BHK for sale in Hebbal. Great connectivity. Floor 15 of the tower.,0,77,5,0,none,11752.744889267462,469.6,5.95,8,1
502197,102197,Bangalore,Yelahanka,3,1383.9,8350762.0,8250040.0,1.22,+91-9462248467,"Newly renovated 3BHK, Yelahanka. Family-friendly society with amenities. 22 yrs old.",1,115,10,0,none,6034.223571067273,461.3,1.22,7,1
500102,100102,Mumbai,Bandra West,2,946.2,31330268.0,31375826.0,-0.15,+91-9956320743,"2BHK flat in prime Bandra West location. Negotiable price, urgent sale. West facing, floor 21.",1,168,10,0,none,33111.6761783978,473.1,0.15,6,1
500276,100276,Mumbai,Powai,3,1338.2,34672259.0,33820138.0,2.52,+91-9955844374,"3BHK flat in prime Powai location. Negotiable price, urgent sale. North facing, floor 17.",1,173,6,0,none,25909.624121954865,446.06666666666666,2.52,11,1
500287,100287,Mumbai,Powai,3,1183.3,30288313.0,29922081.0,1.22,+91-9325899321,"Beautiful 3BHK near Powai main road, built by Kolte-Patil. Vastu compliant, West facing.",1,118,6,0,none,25596.478492351896,394.43333333333334,1.22,4,2
500447,100447,Mumbai,Malad West,4,1614.0,26926915.0,25862180.0,4.12,+91-9622587576,"Spacious 4BHK in Malad West, close to metro & schools. Ready to move. Floor 4, West facing.",0,137,2,0,none,16683.34262701363,403.5,4.12,4,1
501331,101331,Bangalore,Whitefield,1,484.3,4513068.0,4572509.0,-1.3,+91-9195552017,"Spacious 1BHK in Whitefield, close to metro & schools. Ready to move. Floor 1, West facing.",1,38,4,0,none,9318.744579805905,484.3,1.3,8,1
500250,100250,Mumbai,Powai,3,970.7,20462216.0,19930984.0,2.67,+91-9547186091,"Beautiful 3BHK near Powai main road, built by Kolte-Patil. Vastu compliant, West facing.",1,55,4,0,none,21079.85577418358,323.56666666666666,2.67,5,2
500135,100135,Mumbai,Andheri West,3,1159.0,46309974.0,43344487.0,6.84,+91-9695993263,"Newly renovated 3BHK, Andheri West. Family-friendly society with amenities. 22 yrs old.",1,89,5,0,none,39956.83692838654,386.3333333333333,6.84,9,1
500575,100575,Mumbai,Thane West,2,733.8,15177475.0,14944209.0,1.56,+91-9950414459,"Premium 2BHK apartment at Thane West, Sobha Ltd project. RERA approved. 22 yrs old, West facing.",1,43,12,1,duplicate_listing,20683.394657944944,366.9,1.56,5,2
502261,102261,Bangalore,Yelahanka,2,861.6,8037542.0,7942760.0,1.19,+91-9916484357,"2BHK independent unit in Yelahanka society, floor 7. Immediate possession available.",1,111,9,0,none,9328.623491179202,430.8,1.19,10,1
500877,100877,Mumbai,Kandivali East,2,781.7,12848594.0,13052468.0,-1.56,+91-9856959104,"2BHK independent unit in Kandivali East society, floor 11. Immediate possession available.",1,7,4,0,none,16436.732761929128,390.85,1.56,7,2
501939,101939,Bangalore,JP Nagar,4,1970.0,33045614.0,32080371.0,3.01,+91-9935115115,"Newly renovated 4BHK, JP Nagar. Family-friendly society with amenities. 6 yrs old.",1,120,2,0,none,16774.423350253808,492.5,3.01,8,1
500595,100595,Mumbai,Thane West,3,1026.8,16212372.0,15465200.0,4.83,+91-9956991811,"3BHK independent unit in Thane West society, floor 6. Immediate possession available.",1,124,13,0,none,15789.220880405142,342.26666666666665,4.83,7,1
500857,100857,Mumbai,Kandivali East,2,878.0,16338934.0,16606544.0,-1.61,+91-9665615752,"Newly renovated 2BHK, Kandivali East. Family-friendly society with amenities. 12 yrs old.",1,92,11,0,none,18609.26423690205,439.0,1.61,11,1
500129,100129,Mumbai,Andheri West,3,537.2,34889008.0,34534195.0,1.03,+91-9493650736,"Premium 3BHK apartment at Andheri West, Puravankara project. RERA approved. 23 yrs old, South facing.",1,87,1,1,fake_listing,64946.031273268796,179.0666666666667,1.03,4,1
502302,102302,Bangalore,Malleshwaram,3,1252.4,21701537.0,21046523.0,3.11,+91-9675745449,"Premium 3BHK apartment at Malleshwaram, Regional Builders Ltd project. RERA approved. 17 yrs old, West facing.",1,57,11,0,none,17327.959916959437,417.4666666666667,3.11,6,1
500929,100929,Mumbai,Kandivali East,4,2060.9,34137382.0,35156224.0,-2.9,+91-9807837077,"Spacious 4BHK in Kandivali East, close to metro & schools. Ready to move. Floor 18, East facing.",1,99,5,0,none,16564.307826677665,515.225,2.9,5,1
500748,100748,Mumbai,Chembur,2,794.8,20297269.0,20443406.0,-0.71,+91-9807837077,"Newly renovated 2BHK, Chembur. Family-friendly society with amenities. 7 yrs old.",1,160,10,0,none,25537.580523402114,397.4,0.71,5,1
502113,102113,Bangalore,Sarjapur Road,2,683.6,6917160.0,6991896.0,-1.07,+91-9356560330,"Spacious 2BHK in Sarjapur Road, close to metro & schools. Ready to move. Floor 10, East facing.",1,55,6,0,none,10118.724400234054,341.8,1.07,5,1
500573,100573,Mumbai,Thane West,4,2052.2,33133477.0,33116573.0,0.05,+91-9135717776,"Newly renovated 4BHK, Thane West. Family-friendly society with amenities. 15 yrs old.",1,6,10,0,none,16145.344995614463,513.05,0.05,6,1
502224,102224,Bangalore,Yelahanka,2,749.6,7972540.0,7766691.0,2.65,+91-9761492403,Well-ventilated 2BHK for sale in Yelahanka. Great connectivity. Floor 14 of the tower.,1,137,11,0,none,10635.725720384205,374.8,2.65,10,1
502380,102380,Bangalore,Malleshwaram,1,470.4,9382403.0,9236126.0,1.58,+91-9708824079,"Newly renovated 1BHK, Malleshwaram. Family-friendly society with amenities. 6 yrs old.",1,72,2,0,none,19945.58460884354,470.4,1.58,3,3
501959,101959,Bangalore,JP Nagar,3,1292.5,20445286.0,19483482.0,4.94,+91-9242257447,"Newly renovated 3BHK, JP Nagar. Family-friendly society with amenities. 15 yrs old.",1,118,3,0,none,15818.403094777563,430.8333333333333,4.94,6,1
501858,101858,Bangalore,Hebbal,4,1850.5,24264195.0,24810567.0,-2.2,+91-9696472636,"Spacious 4BHK in Hebbal, close to metro & schools. Ready to move. Floor 6, East facing.",1,10,6,0,none,13112.237233180222,462.625,2.2,8,1
500876,100876,Mumbai,Kandivali East,3,1022.0,20832288.0,19599870.0,6.29,+91-9754108418,Well-ventilated 3BHK for sale in Kandivali East. Great connectivity. Floor 5 of the tower.,1,134,9,0,none,20383.843444227005,340.6666666666667,6.29,6,1
500104,100104,Mumbai,Bandra West,2,768.2,32732981.0,31978444.0,2.36,+91-9921360872,"Premium 2BHK apartment at Bandra West, Puravankara project. RERA approved. 21 yrs old, North facing.",1,101,11,0,none,42609.97266336891,384.1,2.36,11,1
501085,101085,Mumbai,Dombivli,1,549.5,7318240.0,7417553.0,-1.34,+91-9323311439,"Spacious 1BHK in Dombivli, close to metro & schools. Ready to move. Floor 6, East facing.",1,20,13,0,none,13317.998180163786,549.5,1.34,8,1
500411,100411,Mumbai,Malad West,3,1246.7,22860452.0,22173532.0,3.1,+91-9303086200,"Newly renovated 3BHK, Malad West. Family-friendly society with amenities. 6 yrs old.",0,68,3,0,none,18336.770674580894,415.56666666666666,3.1,6,2
502136,102136,Bangalore,Sarjapur Road,1,437.0,3901081.0,3845831.0,1.44,+91-9955844374,"Spacious 1BHK in Sarjapur Road, close to metro & schools. Ready to move. Floor 16, West facing.",1,125,12,0,none,8926.95881006865,437.0,1.44,11,1
502058,102058,Bangalore,Sarjapur Road,3,1175.3,10243519.0,10148861.0,0.93,+91-9964063824,"Spacious 3BHK in Sarjapur Road, close to metro & schools. Ready to move. Floor 13, West facing.",1,165,4,0,none,8715.663234918744,391.76666666666665,0.93,4,1
502172,102172,Bangalore,Yelahanka,1,436.6,2787999.0,2744510.0,1.58,+91-9817414220,"Spacious 1BHK in Yelahanka, close to metro & schools. Ready to move. Floor 14, South facing.",1,65,9,0,none,6385.705451213926,436.6,1.58,8,1
500605,100605,Mumbai,Mulund West,2,899.8,20496363.0,20900768.0,-1.93,+91-9579730015,"Newly renovated 2BHK, Mulund West. Family-friendly society with amenities. 18 yrs old.",1,129,9,0,none,22778.798621915983,449.9,1.93,14,1
501634,101634,Bangalore,HSR Layout,1,404.5,7277557.0,7257055.0,0.28,+91-9447439165,"Beautiful 1BHK near HSR Layout main road, built by Runwal Group. Vastu compliant, East facing.",1,82,5,0,none,17991.48825710754,404.5,0.28,10,1
502064,102064,Bangalore,Sarjapur Road,2,848.8,7780183.0,7638927.0,1.85,+91-9722828907,"2BHK independent unit in Sarjapur Road society, floor 9. Immediate possession available.",1,77,6,0,none,9166.09684260132,424.4,1.85,7,3
501042,101042,Mumbai,Goregaon West,3,1260.0,34944827.0,34345491.0,1.75,+91-9834704292,"Newly renovated 3BHK, Goregaon West. Family-friendly society with amenities. 2 yrs old.",1,82,2,0,none,27733.989682539683,420.0,1.75,6,1
502091,102091,Bangalore,Sarjapur Road,2,817.5,8634544.0,8517906.0,1.37,+91-9182346044,"2BHK flat in prime Sarjapur Road location. Negotiable price, urgent sale. North facing, floor 9.",0,172,13,0,none,10562.133333333333,408.75,1.37,9,1
501224,101224,Bangalore,Indiranagar,2,241.5,19285504.0,18040286.0,6.9,+91-9399413312,"Spacious 2BHK in Indiranagar, close to metro & schools. Ready to move. Floor 2, North facing.",1,132,0,1,fake_listing,79857.15942028986,120.75,6.9,10,1
501765,101765,Bangalore,Electronic City,3,1144.9,13018115.0,12791486.0,1.77,+91-9925450994,"Premium 3BHK apartment at Electronic City, Puravankara project. RERA approved. 2 yrs old, West facing.",1,112,3,0,none,11370.525810114419,381.6333333333334,1.77,8,1
501498,101498,Bangalore,Koramangala,2,939.4,21055778.0,21250768.0,-0.92,+91-9145638681,"Newly renovated 2BHK, Koramangala. Family-friendly society with amenities. 2 yrs old.",1,78,8,0,none,22414.070683414946,469.7,0.92,7,1
500712,100712,Mumbai,Mulund West,2,858.8,13564303.0,13640506.0,-0.56,+91-9486997175,"2BHK flat in prime Mulund West location. Negotiable price, urgent sale. South facing, floor 6.",0,137,6,0,none,15794.484163949699,429.4,0.56,5,1
500325,100325,Mumbai,Powai,3,1121.9,29069865.0,27826332.0,4.47,+91-9810215628,"3BHK independent unit in Powai society, floor 24. Immediate possession available.",1,116,8,0,none,25911.279971476957,373.9666666666667,4.47,7,1
501905,101905,Bangalore,Hebbal,1,429.7,4820707.0,4743639.0,1.62,+91-9651652452,"Spacious 1BHK in Hebbal, close to metro & schools. Ready to move. Floor 16, North facing.",1,44,14,0,none,11218.773562950897,429.7,1.62,8,1
500079,100079,Mumbai,Bandra West,2,689.3,33210409.0,33506290.0,-0.88,+91-9768798507,"2BHK independent unit in Bandra West society, floor 11. Immediate possession available.",1,69,7,0,none,48179.90570143624,344.65,0.88,8,2
500541,100541,Mumbai,Thane West,3,1331.9,18739958.0,19243166.0,-2.61,+91-9906886470,"3BHK flat in prime Thane West location. Negotiable price, urgent sale. West facing, floor 5.",1,82,13,0,none,14070.093850889705,443.9666666666667,2.61,8,1
500356,100356,Mumbai,Powai,2,700.4,15053105.0,14331847.0,5.03,+91-9961088337,Well-ventilated 2BHK for sale in Powai. Great connectivity. Floor 6 of the tower.,1,76,12,0,none,21492.154483152484,350.2,5.03,9,1
500494,100494,Mumbai,Thane West,3,1061.0,18419516.0,18725316.0,-1.63,+91-9104660979,Well-ventilated 3BHK for sale in Thane West. Great connectivity. Floor 5 of the tower.,1,22,13,1,duplicate_listing,17360.524033930255,353.6666666666667,1.63,5,2
502015,102015,Bangalore,JP Nagar,3,1005.4,12993239.0,12877278.0,0.9,+91-9832858544,"Premium 3BHK apartment at JP Nagar, Lodha Group project. RERA approved. 24 yrs old, East facing.",1,76,5,0,none,12923.452357270739,335.1333333333333,0.9,6,1
500360,100360,Mumbai,Powai,1,490.9,15080590.0,14156329.0,6.53,+91-9210602891,"Beautiful 1BHK near Powai main road, built by Sobha Ltd. Vastu compliant, North facing.",1,132,4,0,none,30720.289264616014,490.9,6.53,7,2
501954,101954,Bangalore,JP Nagar,3,1199.6,18232987.0,18524586.0,-1.57,+91-9715761942,"3BHK independent unit in JP Nagar society, floor 24. Immediate possession available.",1,37,4,0,none,15199.222240746916,399.8666666666666,1.57,3,1
502305,102305,Bangalore,Malleshwaram,2,670.9,12035739.0,12609942.0,-4.55,+91-9923917956,Well-ventilated 2BHK for sale in Malleshwaram. Great connectivity. Floor 10 of the tower.,1,56,12,0,none,17939.691459233865,335.45,4.55,8,1
500225,100225,Mumbai,Andheri West,3,1066.4,37438723.0,37494503.0,-0.15,+91-9909042384,"3BHK independent unit in Andheri West society, floor 8. Immediate possession available.",1,37,14,0,none,35107.579707426856,355.4666666666667,0.15,8,1
500916,100916,Mumbai,Kandivali East,2,690.3,12054676.0,11857578.0,1.66,+91-9876528310,"Newly renovated 2BHK, Kandivali East. Family-friendly society with amenities. 11 yrs old.",1,97,2,1,duplicate_listing,17462.95233956251,345.15,1.66,8,2
500308,100308,Mumbai,Powai,3,1050.6,20053413.0,21145301.0,-5.16,+91-9675745449,"3BHK independent unit in Powai society, floor 9. Immediate possession available.",1,132,10,0,none,19087.58138206739,350.2,5.16,6,1
500988,100988,Mumbai,Goregaon West,1,453.8,12553657.0,12968616.0,-3.2,+91-9182346044,"1BHK flat in prime Goregaon West location. Negotiable price, urgent sale. North facing, floor 21.",1,33,9,0,none,27663.413397972676,453.8,3.2,9,1
501708,101708,Bangalore,Electronic City,3,1169.6,9087026.0,9446624.0,-3.81,+91-9426814254,"Spacious 3BHK in Electronic City, close to metro & schools. Ready to move. Floor 24, East facing.",1,103,14,0,none,7769.345075239398,389.8666666666666,3.81,10,1
501341,101341,Bangalore,Whitefield,3,1198.5,15821743.0,15840604.0,-0.12,+91-9144249588,"Premium 3BHK apartment at Whitefield, Runwal Group project. RERA approved. 2 yrs old, North facing.",1,8,11,0,none,13201.287442636629,399.5,0.12,14,1
501843,101843,Bangalore,Hebbal,2,845.1,7518792.0,7478582.0,0.54,+91-9646178083,"Premium 2BHK apartment at Hebbal, Oberoi Realty project. RERA approved. 24 yrs old, West facing.",1,148,4,0,none,8896.925807596734,422.55,0.54,7,1
502040,102040,Bangalore,JP Nagar,2,695.7,11280222.0,10896633.0,3.52,+91-9426814254,"2BHK flat in prime JP Nagar location. Negotiable price, urgent sale. South facing, floor 22.",1,125,8,0,none,16214.204398447606,347.85,3.52,10,1
500789,100789,Mumbai,Chembur,3,1270.3,31665709.0,31483750.0,0.58,+91-9118967818,"3BHK independent unit in Chembur society, floor 5. Immediate possession available.",1,116,9,0,none,24927.740691175313,423.43333333333334,0.58,8,2
502095,102095,Bangalore,Sarjapur Road,3,986.0,8704588.0,8681064.0,0.27,+91-9990064131,Well-ventilated 3BHK for sale in Sarjapur Road. Great connectivity. Floor 24 of the tower.,1,96,2,1,duplicate_listing,8828.182555780933,328.6666666666667,0.27,2,2
500658,100658,Mumbai,Mulund West,3,1098.2,21286849.0,21189355.0,0.46,+91-9207174695,"Newly renovated 3BHK, Mulund West. Family-friendly society with amenities. 10 yrs old.",1,21,6,0,none,19383.399198688763,366.06666666666666,0.46,9,1
500883,100883,Mumbai,Kandivali East,4,1607.3,36255715.0,26375076.0,37.46,+91-9272127411,"Spacious 4BHK in Kandivali East, close to metro & schools. Ready to move. Floor 9, South facing.",1,71,4,1,price_manipulation,22556.905991414173,401.825,37.46,10,1
501158,101158,Mumbai,Dombivli,2,703.1,7825497.0,7923826.0,-1.24,+91-9606563439,"2BHK independent unit in Dombivli society, floor 11. Immediate possession available.",1,108,4,0,none,11129.991466363248,351.55,1.24,5,1
500946,100946,Mumbai,Kandivali East,2,845.2,16703905.0,16235828.0,2.88,+91-9322763429,"Beautiful 2BHK near Kandivali East main road, built by Prestige Group. Vastu compliant, West facing.",1,171,3,0,none,19763.257217226692,422.6,2.88,7,1
500699,100699,Mumbai,Mulund West,2,763.7,15105917.0,16220346.0,-6.87,+91-9903652981,"2BHK flat in prime Mulund West location. Negotiable price, urgent sale. North facing, floor 19.",1,10,11,1,scam_ring_broker,19779.909650386275,381.85,6.87,14,2
502075,102075,Bangalore,Sarjapur Road,4,1658.2,13183092.0,13132202.0,0.39,+91-9587029438,"Spacious 4BHK in Sarjapur Road, close to metro & schools. Ready to move. Floor 10, East facing.",1,129,13,0,none,7950.242431552286,414.55,0.39,11,1
500944,100944,Mumbai,Kandivali East,3,1339.6,22689208.0,24217199.0,-6.31,+91-9319586317,"3BHK independent unit in Kandivali East society, floor 14. Immediate possession available.",1,41,11,0,none,16937.30068677217,446.5333333333333,6.31,5,2
500004,100004,Mumbai,Bandra West,2,720.2,37536555.0,36279924.0,3.46,+91-9666659963,"Beautiful 2BHK near Bandra West main road, built by Oberoi Realty. Vastu compliant, North facing.",1,94,6,0,none,52119.62649264093,360.1,3.46,10,1
501160,101160,Mumbai,Dombivli,2,716.7,7436541.0,7296934.0,1.91,+91-9633931577,Well-ventilated 2BHK for sale in Dombivli. Great connectivity. Floor 22 of the tower.,0,124,12,0,none,10376.086228547509,358.35,1.91,4,2
500216,100216,Mumbai,Andheri West,1,465.5,12329574.0,12951814.0,-4.8,+91-9907492419,"1BHK flat in prime Andheri West location. Negotiable price, urgent sale. South facing, floor 14.",1,13,14,0,none,26486.73254564984,465.5,4.8,9,1
500099,100099,Mumbai,Bandra West,2,655.5,29711494.0,29235079.0,1.63,+91-9813721291,"Newly renovated 2BHK, Bandra West. Family-friendly society with amenities. 1 yrs old.",1,103,9,0,none,45326.4591914569,327.75,1.63,6,1
501190,101190,Mumbai,Dombivli,2,868.7,8606320.0,8767492.0,-1.84,+91-9186867729,"Newly renovated 2BHK, Dombivli. Family-friendly society with amenities. 4 yrs old.",0,113,7,0,none,9907.125589962012,434.35,1.84,8,2
501743,101743,Bangalore,Electronic City,3,1290.2,12944628.0,12589210.0,2.82,+91-9980873094,"Spacious 3BHK in Electronic City, close to metro & schools. Ready to move. Floor 12, South facing.",1,135,3,0,none,10033.039838784684,430.06666666666666,2.82,10,1
501916,101916,Bangalore,Hebbal,2,653.4,8191774.0,7939389.0,3.18,+91-9973373741,Well-ventilated 2BHK for sale in Hebbal. Great connectivity. Floor 22 of the tower.,1,73,3,0,none,12537.150290786654,326.7,3.18,8,1
501210,101210,Bangalore,Indiranagar,3,1301.3,31527905.0,31431697.0,0.31,+91-9382349324,"Premium 3BHK apartment at Indiranagar, Lodha Group project. RERA approved. 21 yrs old, North facing.",1,76,10,0,none,24228.00660877584,433.76666666666665,0.31,6,1
502029,102029,Bangalore,JP Nagar,2,707.0,8672604.0,8483319.0,2.23,+91-9724678543,"Newly renovated 2BHK, JP Nagar. Family-friendly society with amenities. 20 yrs old.",1,105,14,0,none,12266.766619519094,353.5,2.23,5,1
502097,102097,Bangalore,Sarjapur Road,3,1029.6,10136325.0,10223104.0,-0.85,+91-9860578620,"Spacious 3BHK in Sarjapur Road, close to metro & schools. Ready to move. Floor 22, South facing.",1,124,4,0,none,9844.915501165502,343.2,0.85,4,1
501566,101566,Bangalore,HSR Layout,2,724.7,16938847.0,11539788.0,46.79,+91-9344372157,"Spacious 2BHK in HSR Layout, close to metro & schools. Ready to move. Floor 2, South facing.",1,26,11,1,price_manipulation,23373.598730509173,362.35,46.79,12,1
500700,100700,Mumbai,Mulund West,1,492.0,10158247.0,10234749.0,-0.75,+91-9888596926,"Beautiful 1BHK near Mulund West main road, built by Sobha Ltd. Vastu compliant, South facing.",1,102,8,0,none,20646.843495934958,492.0,0.75,4,1
502021,102021,Bangalore,JP Nagar,3,1277.3,25612800.0,25039784.0,2.29,+91-9235956049,Well-ventilated 3BHK for sale in JP Nagar. Great connectivity. Floor 2 of the tower.,1,91,8,0,none,20052.297815705002,425.76666666666665,2.29,5,1
500168,100168,Mumbai,Andheri West,2,661.2,17074953.0,17218515.0,-0.83,+91-9771196228,"Beautiful 2BHK near Andheri West main road, built by Local Developer Co. Vastu compliant, West facing.",0,37,2,0,none,25824.18784029038,330.6,0.83,7,1
501602,101602,Bangalore,HSR Layout,3,1300.0,21072887.0,21543983.0,-2.19,+91-9880546047,"Newly renovated 3BHK, HSR Layout. Family-friendly society with amenities. 3 yrs old.",1,150,9,1,scam_ring_broker,16209.913076923078,433.3333333333333,2.19,18,1
501172,101172,Mumbai,Dombivli,2,768.8,7658869.0,7517492.0,1.88,+91-9182346044,"Premium 2BHK apartment at Dombivli, Sobha Ltd project. RERA approved. 17 yrs old, West facing.",1,2,14,0,none,9962.10848074922,384.4,1.88,9,1
500493,100493,Mumbai,Thane West,3,1233.3,17415359.0,17545849.0,-0.74,+91-9580421995,"Newly renovated 3BHK, Thane West. Family-friendly society with amenities. 6 yrs old.",1,75,7,0,none,14120.942998459419,411.09999999999997,0.74,6,1
500701,100701,Mumbai,Mulund West,2,789.9,16065626.0,16212095.0,-0.9,+91-9425515741,"Spacious 2BHK in Mulund West, close to metro & schools. Ready to move. Floor 17, South facing.",0,93,9,0,none,20338.809975946322,394.95,0.9,10,1
500456,100456,Mumbai,Malad West,1,503.9,11997768.0,11891948.0,0.89,+91-9666303628,"Spacious 1BHK in Malad West, close to metro & schools. Ready to move. Floor 11, East facing.",1,29,3,0,none,23809.81940861282,503.9,0.89,9,1
500922,100922,Mumbai,Kandivali East,4,2121.4,40810983.0,42563318.0,-4.12,+91-9678587710,"4BHK independent unit in Kandivali East society, floor 5. Immediate possession available.",1,110,3,0,none,19237.759498444422,530.35,4.12,8,1
500743,100743,Mumbai,Chembur,3,1070.6,26623757.0,26885335.0,-0.97,+91-9847042955,Well-ventilated 3BHK for sale in Chembur. Great connectivity. Floor 22 of the tower.,1,87,12,0,none,24868.071175042034,356.8666666666666,0.97,6,1
502378,102378,Bangalore,Malleshwaram,1,473.0,10663317.0,10525360.0,1.31,+91-9439453697,Well-ventilated 1BHK for sale in Malleshwaram. Great connectivity. Floor 16 of the tower.,1,173,13,0,none,22544.010570824525,473.0,1.31,6,1
501591,101591,Bangalore,HSR Layout,2,720.6,9836288.0,9599134.0,2.47,+91-9175215650,Well-ventilated 2BHK for sale in HSR Layout. Great connectivity. Floor 4 of the tower.,1,28,11,0,none,13650.135997779627,360.3,2.47,4,2
500522,100522,Mumbai,Thane West,3,1010.4,14967326.0,14638221.0,2.25,+91-9968406093,"Spacious 3BHK in Thane West, close to metro & schools. Ready to move. Floor 13, East facing.",1,143,14,0,none,14813.26801266825,336.8,2.25,5,1
501953,101953,Bangalore,JP Nagar,4,2148.7,26203902.0,25824866.0,1.47,+91-9485398221,"Newly renovated 4BHK, JP Nagar. Family-friendly society with amenities. 16 yrs old.",1,105,9,0,none,12195.235258528413,537.175,1.47,5,1
501431,101431,Bangalore,Whitefield,4,1830.6,23035110.0,24357118.0,-5.43,+91-9462248467,"Spacious 4BHK in Whitefield, close to metro & schools. Ready to move. Floor 15, North facing.",1,154,12,0,none,12583.366109472305,457.65,5.43,7,1
501510,101510,Bangalore,Koramangala,3,1132.2,30056854.0,30058047.0,-0.0,+91-9771196228,"3BHK independent unit in Koramangala society, floor 13. Immediate possession available.",1,173,12,0,none,26547.300830242006,377.40000000000003,0.0,7,1
500014,100014,Mumbai,Bandra West,1,389.4,21129365.0,20402174.0,3.56,+91-9918972603,"Premium 1BHK apartment at Bandra West, Local Developer Co project. RERA approved. 12 yrs old, East facing.",0,115,13,0,none,54261.337955829484,389.4,3.56,8,1
500390,100390,Mumbai,Malad West,2,788.4,16871324.0,16628811.0,1.46,+91-9203242092,Well-ventilated 2BHK for sale in Malad West. Great connectivity. Floor 20 of the tower.,1,2,12,0,none,21399.446981227804,394.2,1.46,4,1
500952,100952,Mumbai,Kandivali East,3,1158.3,14620461.0,14462665.0,1.09,+91-9862664925,"Premium 3BHK apartment at Kandivali East, Regional Builders Ltd project. RERA approved. 23 yrs old, East facing.",0,97,4,0,none,12622.343952343952,386.09999999999997,1.09,3,1
502344,102344,Bangalore,Malleshwaram,2,673.4,16892441.0,16375571.0,3.16,+91-9834738883,Well-ventilated 2BHK for sale in Malleshwaram. Great connectivity. Floor 24 of the tower.,1,31,10,0,none,25085.29997029997,336.7,3.16,6,1
501865,101865,Bangalore,Hebbal,2,660.5,10982764.0,11260302.0,-2.46,+91-9218296648,"Spacious 2BHK in Hebbal, close to metro & schools. Ready to move. Floor 22, West facing.",1,74,14,1,duplicate_listing,16627.95457986374,330.25,2.46,7,2
501152,101152,Mumbai,Dombivli,3,1230.9,17283373.0,17029325.0,1.49,+91-9620804731,"3BHK independent unit in Dombivli society, floor 8. Immediate possession available.",1,175,11,0,none,14041.248679827768,410.3,1.49,7,1
501449,101449,Bangalore,Koramangala,2,695.9,14954204.0,14568073.0,2.65,+91-9814425134,"Newly renovated 2BHK, Koramangala. Family-friendly society with amenities. 11 yrs old.",1,114,11,0,none,21489.01278919385,347.95,2.65,7,1
500607,100607,Mumbai,Mulund West,4,1775.2,32295326.0,31503675.0,2.51,+91-9302686470,Well-ventilated 4BHK for sale in Mulund West. Great connectivity. Floor 7 of the tower.,1,86,7,0,none,18192.5,443.8,2.51,8,2
501878,101878,Bangalore,Hebbal,2,937.9,10866852.0,11459933.0,-5.18,+91-9984992798,"Spacious 2BHK in Hebbal, close to metro & schools. Ready to move. Floor 2, North facing.",1,107,14,0,none,11586.365284145431,468.95,5.18,7,1
501915,101915,Bangalore,Hebbal,3,1073.9,15922382.0,15758357.0,1.04,+91-9443424589,"Spacious 3BHK in Hebbal, close to metro & schools. Ready to move. Floor 17, West facing.",1,1,14,0,none,14826.689635906509,357.9666666666667,1.04,8,1
501443,101443,Bangalore,Koramangala,2,946.1,21492882.0,20846919.0,3.1,+91-9297085007,"Beautiful 2BHK near Koramangala main road, built by Lodha Group. Vastu compliant, East facing.",1,14,14,0,none,22717.347003488,473.05,3.1,9,2
502399,102399,Bangalore,Malleshwaram,2,836.2,19526063.0,19066477.0,2.41,+91-9344372157,"Spacious 2BHK in Prime Location, close to metro & schools. Ready to move. Floor 5, North facing.",1,104,3,1,recycled_description,23350.948337718248,418.1,2.41,12,57
501137,101137,Mumbai,Dombivli,3,974.9,9873265.0,9987675.0,-1.15,+91-9135717776,"3BHK independent unit in Dombivli society, floor 1. Immediate possession available.",1,76,6,0,none,10127.464355318494,324.96666666666664,1.15,6,1
501123,101123,Mumbai,Dombivli,3,1102.5,22125768.0,14836282.0,49.13,+91-9610350235,"Spacious 3BHK in Dombivli, close to metro & schools. Ready to move. Floor 5, East facing.",1,123,9,1,price_manipulation,20068.72380952381,367.5,49.13,7,1
501414,101414,Bangalore,Whitefield,3,1002.2,11275560.0,11226664.0,0.44,+91-9772023667,Well-ventilated 3BHK for sale in Whitefield. Great connectivity. Floor 1 of the tower.,1,36,7,0,none,11250.808221911793,334.06666666666666,0.44,8,1
501319,101319,Bangalore,Indiranagar,3,1048.2,24915826.0,24146037.0,3.19,+91-9323712795,"3BHK independent unit in Indiranagar society, floor 18. Immediate possession available.",1,8,12,0,none,23770.106849837815,349.40000000000003,3.19,9,1
500502,100502,Mumbai,Thane West,3,1060.6,19041812.0,19692872.0,-3.31,+91-9422195908,"3BHK flat in prime Thane West location. Negotiable price, urgent sale. South facing, floor 17.",1,45,10,0,none,17953.81105034886,353.5333333333333,3.31,8,1
502315,102315,Bangalore,Malleshwaram,4,1996.3,32669648.0,31398917.0,4.05,+91-9696472636,"Beautiful 4BHK near Malleshwaram main road, built by Regional Builders Ltd. Vastu compliant, East facing.",1,175,7,0,none,16365.099433952813,499.075,4.05,8,1
501931,101931,Bangalore,JP Nagar,1,544.4,9372502.0,9360518.0,0.13,+91-9471340026,"Spacious 1BHK in JP Nagar, close to metro & schools. Ready to move. Floor 24, East facing.",1,156,13,0,none,17216.204996326233,544.4,0.13,5,1
500759,100759,Mumbai,Chembur,2,890.3,21176224.0,20968912.0,0.99,+91-9145638681,"Premium 2BHK apartment at Chembur, Godrej Properties project. RERA approved. 15 yrs old, West facing.",1,40,6,0,none,23785.492530607662,445.15,0.99,7,1
501615,101615,Bangalore,HSR Layout,4,1688.7,26463959.0,25746615.0,2.79,+91-9399413312,"Newly renovated 4BHK, HSR Layout. Family-friendly society with amenities. 21 yrs old.",0,8,5,0,none,15671.202108130514,422.175,2.79,10,1
500429,100429,Mumbai,Malad West,4,1774.1,28609206.0,26844882.0,6.57,+91-9761492403,"Spacious 4BHK in Malad West, close to metro & schools. Ready to move. Floor 4, North facing.",1,128,3,0,none,16126.039118426244,443.525,6.57,10,1
501037,101037,Mumbai,Goregaon West,2,869.9,34384795.0,22416708.0,53.39,+91-9187033684,Well-ventilated 2BHK for sale in Goregaon West. Great connectivity. Floor 20 of the tower.,1,145,2,1,price_manipulation,39527.29624094724,434.95,53.39,7,1
501228,101228,Bangalore,Indiranagar,2,944.0,27164255.0,27389206.0,-0.82,+91-9230913958,"2BHK flat in prime Indiranagar location. Negotiable price, urgent sale. South facing, floor 20.",1,145,10,0,none,28775.693855932204,472.0,0.82,11,1
501854,101854,Bangalore,Hebbal,4,1883.5,20255910.0,19820729.0,2.2,+91-9406923322,"4BHK flat in prime Hebbal location. Negotiable price, urgent sale. West facing, floor 13.",0,74,5,0,none,10754.39872577648,470.875,2.2,10,1
500074,100074,Mumbai,Bandra West,3,1228.0,51433765.0,52644007.0,-2.3,+91-9465495958,"Spacious 3BHK in Bandra West, close to metro & schools. Ready to move. Floor 24, South facing.",1,42,5,0,none,41884.17345276873,409.3333333333333,2.3,9,1
500026,100026,Mumbai,Bandra West,3,1197.1,63993159.0,64385025.0,-0.61,+91-9905922775,"Beautiful 3BHK near Bandra West main road, built by Regional Builders Ltd. Vastu compliant, West facing.",1,47,8,0,none,53456.81981455184,399.0333333333333,0.61,11,1
502431,100779,Mumbai,Chembur,3,990.8,18871137.0,20833023.0,-9.42,+91-9945776865,"3BHK flat in prime Chembur location. Negotiable price, urgent sale. North facing, floor 22.",1,1,10,1,duplicate_listing,19046.363544610416,330.26666666666665,9.42,4,2
500321,100321,Mumbai,Powai,3,1238.5,29186905.0,28467038.0,2.53,+91-9606563439,Well-ventilated 3BHK for sale in Powai. Great connectivity. Floor 21 of the tower.,1,159,2,0,none,23566.334275333065,412.8333333333333,2.53,5,2
501730,101730,Bangalore,Electronic City,3,968.8,7747498.0,7761100.0,-0.18,+91-9558502570,"3BHK independent unit in Electronic City society, floor 6. Immediate possession available.",1,156,3,0,none,7997.004541701074,322.93333333333334,0.18,7,1
501349,101349,Bangalore,Whitefield,1,473.7,7076178.0,6960429.0,1.66,+91-9508299192,"Beautiful 1BHK near Whitefield main road, built by Runwal Group. Vastu compliant, North facing.",1,53,3,0,none,14938.100063331223,473.7,1.66,10,1
502214,102214,Bangalore,Yelahanka,3,1281.7,9961965.0,10036991.0,-0.75,+91-9580421995,"3BHK flat in prime Yelahanka location. Negotiable price, urgent sale. South facing, floor 22.",1,171,14,0,none,7772.4623546851835,427.23333333333335,0.75,6,1
500116,100116,Mumbai,Bandra West,3,1264.2,55326343.0,56844186.0,-2.67,+91-9775643947,"Spacious 3BHK in Bandra West, close to metro & schools. Ready to move. Floor 14, North facing.",1,94,10,0,none,43763.91631071033,421.40000000000003,2.67,4,1
500506,100506,Mumbai,Thane West,3,1313.9,20160674.0,18870867.0,6.83,+91-9352768024,"Premium 3BHK apartment at Thane West, Runwal Group project. RERA approved. 8 yrs old, South facing.",1,166,10,0,none,15344.146434279624,437.9666666666667,6.83,12,1
500537,100537,Mumbai,Thane West,2,744.1,13594757.0,13375275.0,1.64,+91-9293503633,"Premium 2BHK apartment at Thane West, Puravankara project. RERA approved. 0 yrs old, North facing.",1,85,7,0,none,18270.067195269454,372.05,1.64,11,1
500371,100371,Mumbai,Malad West,4,1645.7,24513535.0,26191202.0,-6.41,+91-9961088337,"Spacious 4BHK in Malad West, close to metro & schools. Ready to move. Floor 8, West facing.",1,11,12,0,none,14895.506471410341,411.425,6.41,9,1
501887,101887,Bangalore,Hebbal,2,659.8,7107693.0,6942940.0,2.37,+91-9692223472,"Beautiful 2BHK near Hebbal main road, built by Regional Builders Ltd. Vastu compliant, West facing.",1,87,7,0,none,10772.496210973022,329.9,2.37,5,1
501620,101620,Bangalore,HSR Layout,3,1190.3,16689951.0,16696772.0,-0.04,+91-9474223729,"Newly renovated 3BHK, HSR Layout. Family-friendly society with amenities. 17 yrs old.",1,21,13,0,none,14021.634041838193,396.76666666666665,0.04,9,2
502238,102238,Bangalore,Yelahanka,3,1127.2,8459114.0,8501521.0,-0.5,+91-9221326291,"Newly renovated 3BHK, Yelahanka. Family-friendly society with amenities. 9 yrs old.",1,173,4,0,none,7504.536905606813,375.73333333333335,0.5,7,2
501049,101049,Mumbai,Goregaon West,2,756.3,17267926.0,17388150.0,-0.69,+91-9694140951,"Premium 2BHK apartment at Goregaon West, Godrej Properties project. RERA approved. 21 yrs old, North facing.",1,67,6,0,none,22832.111595927545,378.15,0.69,8,1
500587,100587,Mumbai,Thane West,3,1023.1,13172285.0,13380916.0,-1.56,+91-9496282119,"3BHK independent unit in Thane West society, floor 3. Immediate possession available.",1,34,6,0,none,12874.875378750856,341.03333333333336,1.56,6,1
501376,101376,Bangalore,Whitefield,4,1668.3,15638571.0,16187890.0,-3.39,+91-9753264477,"4BHK flat in prime Whitefield location. Negotiable price, urgent sale. South facing, floor 1.",1,129,13,0,none,9373.956122999462,417.075,3.39,4,1
500612,100612,Mumbai,Mulund West,3,1042.8,18865853.0,19373804.0,-2.62,+91-9562705881,"Newly renovated 3BHK, Mulund West. Family-friendly society with amenities. 20 yrs old.",1,79,6,0,none,18091.53528960491,347.59999999999997,2.62,6,1
500426,100426,Mumbai,Malad West,3,1083.2,20568828.0,20740897.0,-0.83,+91-9888596926,"3BHK flat in prime Malad West location. Negotiable price, urgent sale. South facing, floor 16.",1,46,13,0,none,18988.947562776957,361.06666666666666,0.83,4,1
500649,100649,Mumbai,Mulund West,3,951.2,18944435.0,18241979.0,3.85,+91-9905922775,"Premium 3BHK apartment at Mulund West, Runwal Group project. RERA approved. 14 yrs old, North facing.",1,69,9,0,none,19916.353027754416,317.06666666666666,3.85,11,2
501947,101947,Bangalore,JP Nagar,2,896.5,11893871.0,12063390.0,-1.41,+91-9186621109,Well-ventilated 2BHK for sale in JP Nagar. Great connectivity. Floor 9 of the tower.,1,90,5,0,none,13267.006134969326,448.25,1.41,8,1
500566,100566,Mumbai,Thane West,1,475.1,5235976.0,5103262.0,2.6,+91-9817414220,"Beautiful 1BHK near Thane West main road, built by Prestige Group. Vastu compliant, North facing.",1,51,2,0,none,11020.78720269417,475.1,2.6,8,1
501121,101121,Mumbai,Dombivli,2,926.0,8534888.0,8531718.0,0.04,+91-9135087256,"2BHK flat in prime Dombivli location. Negotiable price, urgent sale. West facing, floor 1.",1,89,3,0,none,9216.941684665228,463.0,0.04,7,1
500886,100886,Mumbai,Kandivali East,3,1321.2,27520162.0,28106336.0,-2.09,+91-9182346044,"Spacious 2BHK in Prime Location, close to metro & schools. Ready to move. Floor 5, North facing.",1,104,7,1,recycled_description,20829.671510747805,440.40000000000003,2.09,9,57
502372,102372,Bangalore,Malleshwaram,2,856.5,16526103.0,16943957.0,-2.47,+91-9616955272,"Spacious 2BHK in Malleshwaram, close to metro & schools. Ready to move. Floor 9, East facing.",1,40,13,0,none,19294.92469352014,428.25,2.47,5,1
502104,102104,Bangalore,Sarjapur Road,2,731.3,6418678.0,6384530.0,0.53,+91-9470935030,Well-ventilated 2BHK for sale in Sarjapur Road. Great connectivity. Floor 12 of the tower.,1,63,12,0,none,8777.079174073568,365.65,0.53,1,1
501322,101322,Bangalore,Whitefield,4,2157.1,31502017.0,30986213.0,1.66,+91-9462248467,"Newly renovated 4BHK, Whitefield. Family-friendly society with amenities. 20 yrs old.",1,92,3,0,none,14603.874182930787,539.275,1.66,7,1
501585,101585,Bangalore,HSR Layout,3,1132.7,14871182.0,14797190.0,0.5,+91-9386202877,"Beautiful 3BHK near HSR Layout main road, built by Lodha Group. Vastu compliant, North facing.",1,153,8,0,none,13128.967952679437,377.56666666666666,0.5,5,1
501362,101362,Bangalore,Whitefield,3,959.8,13058676.0,12755479.0,2.38,+91-9547186091,"3BHK independent unit in Whitefield society, floor 2. Immediate possession available.",1,102,4,0,none,13605.62200458429,319.93333333333334,2.38,5,1
500501,100501,Mumbai,Thane West,3,1253.5,16445702.0,15268873.0,7.71,+91-9903652981,"3BHK flat in prime Thane West location. Negotiable price, urgent sale. South facing, floor 12.",1,46,9,1,scam_ring_broker,13119.826086956522,417.8333333333333,7.71,14,1
501911,101911,Bangalore,Hebbal,2,807.9,12567093.0,13018710.0,-3.47,+91-9961088337,"Newly renovated 2BHK, Hebbal. Family-friendly society with amenities. 18 yrs old.",1,113,6,0,none,15555.258076494616,403.95,3.47,9,1
501460,101460,Bangalore,Koramangala,2,917.4,22901937.0,22438337.0,2.07,+91-9198143259,Well-ventilated 2BHK for sale in Koramangala. Great connectivity. Floor 24 of the tower.,1,23,13,0,none,24963.96010464356,458.7,2.07,7,1
500165,100165,Mumbai,Andheri West,2,678.2,16961875.0,16531445.0,2.6,+91-9352768024,"Beautiful 2BHK near Andheri West main road, built by Lodha Group. Vastu compliant, South facing.",1,33,3,0,none,25010.137127690945,339.1,2.6,12,1
500244,100244,Mumbai,Powai,4,2016.0,43756506.0,46368507.0,-5.63,+91-9610778971,"4BHK flat in prime Powai location. Negotiable price, urgent sale. South facing, floor 1.",1,62,11,0,none,21704.616071428572,504.0,5.63,6,1
502313,102313,Bangalore,Malleshwaram,3,400.5,18562462.0,18757305.0,-1.04,+91-9644550627,"Newly renovated 3BHK, Malleshwaram. Family-friendly society with amenities. 22 yrs old.",1,33,1,1,fake_listing,46348.21972534332,133.5,1.04,4,1
500379,100379,Mumbai,Malad West,1,384.6,7075878.0,6914578.0,2.33,+91-9910500619,"Newly renovated 1BHK, Malad West. Family-friendly society with amenities. 23 yrs old.",1,171,5,0,none,18398.01872074883,384.6,2.33,10,1
500295,100295,Mumbai,Powai,4,1918.6,39440802.0,38032609.0,3.7,+91-9610350235,"Newly renovated 4BHK, Powai. Family-friendly society with amenities. 22 yrs old.",1,119,10,0,none,20557.07390805796,479.65,3.7,7,1
501607,101607,Bangalore,HSR Layout,2,689.1,10846740.0,10920647.0,-0.68,+91-9928969240,"Spacious 2BHK in HSR Layout, close to metro & schools. Ready to move. Floor 23, West facing.",1,55,6,0,none,15740.44405746626,344.55,0.68,8,1
501513,101513,Bangalore,Koramangala,3,1118.7,23489094.0,23446011.0,0.18,+91-9921360872,"Premium 3BHK apartment at Koramangala, Kolte-Patil project. RERA approved. 8 yrs old, East facing.",1,147,9,0,none,20996.77661571467,372.90000000000003,0.18,11,1
501525,101525,Bangalore,Koramangala,3,1349.8,32678609.0,33180112.0,-1.51,+91-9651652452,"3BHK flat in prime Koramangala location. Negotiable price, urgent sale. East facing, floor 6.",1,174,10,0,none,24209.96369832568,449.93333333333334,1.51,8,1
501344,101344,Bangalore,Whitefield,2,853.0,11564176.0,11480529.0,0.73,+91-9880546047,"Premium 2BHK apartment at Whitefield, Local Developer Co project. RERA approved. 6 yrs old, South facing.",1,48,13,1,scam_ring_broker,13557.06447831184,426.5,0.73,18,1
500316,100316,Mumbai,Powai,2,777.8,22227172.0,22714905.0,-2.15,+91-9376888175,"2BHK independent unit in Powai society, floor 7. Immediate possession available.",1,96,10,0,none,28576.97608639753,388.9,2.15,8,2
500529,100529,Mumbai,Thane West,3,1250.2,16432220.0,16318776.0,0.7,+91-9921360872,"Premium 3BHK apartment at Thane West, Kolte-Patil project. RERA approved. 17 yrs old, East facing.",1,159,11,0,none,13143.673012318028,416.73333333333335,0.7,11,1
500190,100190,Mumbai,Andheri West,2,738.9,22325679.0,23040430.0,-3.1,+91-9368378778,"Spacious 2BHK in Andheri West, close to metro & schools. Ready to move. Floor 3, East facing.",1,79,14,0,none,30214.7503045067,369.45,3.1,12,1
500028,100028,Mumbai,Bandra West,3,1267.4,51971494.0,49698734.0,4.57,+91-9500568674,"Premium 3BHK apartment at Bandra West, Puravankara project. RERA approved. 23 yrs old, East facing.",1,52,13,0,none,41006.38630266688,422.4666666666667,4.57,8,1
502072,102072,Bangalore,Sarjapur Road,3,1009.2,8205347.0,8283996.0,-0.95,+91-9587029438,"3BHK independent unit in Sarjapur Road society, floor 2. Immediate possession available.",1,6,6,0,none,8130.545977011494,336.40000000000003,0.95,11,2
501169,101169,Mumbai,Dombivli,3,1326.7,11213806.0,12138825.0,-7.62,+91-9508299192,"3BHK independent unit in Dombivli society, floor 24. Immediate possession available.",0,170,9,0,none,8452.405215949348,442.23333333333335,7.62,10,2
501293,101293,Bangalore,Indiranagar,1,476.4,9003554.0,9334474.0,-3.55,+91-9748878670,"Beautiful 1BHK near Indiranagar main road, built by Regional Builders Ltd. Vastu compliant, East facing.",0,99,6,0,none,18899.14777497901,476.4,3.55,2,1
502031,102031,Bangalore,JP Nagar,3,1069.4,13477896.0,13553347.0,-0.56,+91-9272127411,"Beautiful 3BHK near JP Nagar main road, built by Local Developer Co. Vastu compliant, West facing.",0,98,3,1,duplicate_listing,12603.231718720777,356.4666666666667,0.56,10,3
502160,102160,Bangalore,Sarjapur Road,4,1688.4,14292796.0,14101953.0,1.35,+91-9144249588,"Newly renovated 4BHK, Sarjapur Road. Family-friendly society with amenities. 6 yrs old.",1,81,4,1,duplicate_listing,8465.290215588722,422.1,1.35,14,2
501951,101951,Bangalore,JP Nagar,2,681.3,8251256.0,7791697.0,5.9,+91-9714051372,"Spacious 2BHK in JP Nagar, close to metro & schools. Ready to move. Floor 8, East facing.",1,99,6,0,none,12111.046528695142,340.65,5.9,5,1
500586,100586,Mumbai,Thane West,4,1785.7,30336684.0,30031514.0,1.02,+91-9379130751,"Premium 4BHK apartment at Thane West, Sobha Ltd project. RERA approved. 14 yrs old, West facing.",1,151,8,0,none,16988.678949431596,446.425,1.02,11,1
500838,100838,Mumbai,Chembur,2,672.8,17553481.0,17310477.0,1.4,+91-9520957194,"Spacious 2BHK in Chembur, close to metro & schools. Ready to move. Floor 21, West facing.",1,88,11,0,none,26090.19173602854,336.4,1.4,8,1
500711,100711,Mumbai,Mulund West,3,1160.1,23095787.0,22603237.0,2.18,+91-9265500456,"3BHK independent unit in Mulund West society, floor 19. Immediate possession available.",1,144,8,0,none,19908.44496164124,386.7,2.18,11,1
501636,101636,Bangalore,HSR Layout,2,895.0,13176492.0,13682650.0,-3.7,+91-9671703564,"Spacious 2BHK in HSR Layout, close to metro & schools. Ready to move. Floor 10, South facing.",1,4,12,0,none,14722.337430167598,447.5,3.7,7,1
501969,101969,Bangalore,JP Nagar,1,484.8,4513317.0,4473837.0,0.88,+91-9281979223,Well-ventilated 1BHK for sale in JP Nagar. Great connectivity. Floor 16 of the tower.,1,101,14,0,none,9309.647277227723,484.8,0.88,7,1
502086,102086,Bangalore,Sarjapur Road,3,1241.1,11659544.0,12303473.0,-5.23,+91-9249410037,"Beautiful 3BHK near Sarjapur Road main road, built by Godrej Properties. Vastu compliant, South facing.",1,15,4,0,none,9394.524212392233,413.7,5.23,4,1
501299,101299,Bangalore,Indiranagar,2,809.9,16378867.0,16140159.0,1.48,+91-9668759251,"Newly renovated 2BHK, Indiranagar. Family-friendly society with amenities. 6 yrs old.",1,70,13,0,none,20223.320162983084,404.95,1.48,6,1
500817,100817,Mumbai,Chembur,1,465.2,12540830.0,12557210.0,-0.13,+91-9876528310,"Newly renovated 1BHK, Chembur. Family-friendly society with amenities. 18 yrs old.",1,56,13,0,none,26957.932072227,465.2,0.13,8,1
501239,101239,Bangalore,Indiranagar,3,1184.6,31567420.0,31076366.0,1.58,+91-9826897384,"Spacious 2BHK in Prime Location, close to metro & schools. Ready to move. Floor 5, North facing.",1,70,3,1,recycled_description,26648.168158028027,394.8666666666666,1.58,8,57
500958,100958,Mumbai,Kandivali East,3,1245.1,21083147.0,20233408.0,4.2,+91-9832858544,"Beautiful 3BHK near Kandivali East main road, built by Regional Builders Ltd. Vastu compliant, East facing.",0,27,13,0,none,16932.894546622763,415.0333333333333,4.2,6,1
500303,100303,Mumbai,Powai,1,500.3,11123624.0,11582588.0,-3.96,+91-9390732711,"Spacious 2BHK in Prime Location, close to metro & schools. Ready to move. Floor 5, North facing.",1,71,3,1,recycled_description,22233.907655406754,500.3,3.96,4,57
500572,100572,Mumbai,Thane West,2,853.3,16185359.0,16169577.0,0.1,+91-9492012468,"2BHK independent unit in Thane West society, floor 18. Immediate possession available.",1,87,13,0,none,18967.958514004455,426.65,0.1,6,1
500631,100631,Mumbai,Mulund West,2,817.0,20159509.0,20685354.0,-2.54,+91-9426814254,"Beautiful 2BHK near Mulund West main road, built by Puravankara. Vastu compliant, North facing.",1,61,10,0,none,24675.041615667076,408.5,2.54,10,1
502346,102346,Bangalore,Malleshwaram,1,501.0,15049475.0,14814227.0,1.59,+91-9889922228,"Premium 1BHK apartment at Malleshwaram, Prestige Group project. RERA approved. 0 yrs old, South facing.",1,147,4,0,none,30038.872255489023,501.0,1.59,4,1
502367,102367,Bangalore,Malleshwaram,4,1849.3,46158859.0,46099250.0,0.13,+91-9519361576,"Spacious 4BHK in Malleshwaram, close to metro & schools. Ready to move. Floor 10, West facing.",1,29,5,1,scam_ring_broker,24960.178986643594,462.325,0.13,6,1
502427,101691,Bangalore,Electronic City,3,985.4,7737906.0,7220230.0,7.17,+91-9850285918,"Beautiful 3BHK near Electronic City main road, built by Regional Builders Ltd. Vastu compliant, West facing.",1,3,12,1,duplicate_listing,7852.5532778567085,328.46666666666664,7.17,12,3
502043,102043,Bangalore,Sarjapur Road,4,1848.5,20663118.0,19837602.0,4.16,+91-9526162016,"Premium 4BHK apartment at Sarjapur Road, Oberoi Realty project. RERA approved. 8 yrs old, North facing.",1,11,11,0,none,11178.316472815797,462.125,4.16,7,1
501528,101528,Bangalore,Koramangala,3,952.8,19631659.0,19538491.0,0.48,+91-9777679752,"Spacious 3BHK in Koramangala, close to metro & schools. Ready to move. Floor 23, West facing.",1,95,5,0,none,20604.176112510497,317.59999999999997,0.48,6,1
502397,102397,Bangalore,Malleshwaram,3,1328.9,31474274.0,30952130.0,1.69,+91-9910500619,"Beautiful 3BHK near Malleshwaram main road, built by Puravankara. Vastu compliant, West facing.",1,124,14,0,none,23684.45631725487,442.9666666666667,1.69,10,1
501193,101193,Mumbai,Dombivli,3,1356.8,15749743.0,15546728.0,1.31,+91-9333060799,"3BHK independent unit in Dombivli society, floor 22. Immediate possession available.",1,112,3,0,none,11608.006338443396,452.26666666666665,1.31,4,1
501422,101422,Bangalore,Whitefield,2,758.7,8356225.0,8254612.0,1.23,+91-9610778971,"Beautiful 2BHK near Whitefield main road, built by Puravankara. Vastu compliant, South facing.",1,177,6,0,none,11013.872413338604,379.35,1.23,6,1
500924,100924,Mumbai,Kandivali East,2,825.8,18391231.0,18181455.0,1.15,+91-9772023667,"Beautiful 2BHK near Kandivali East main road, built by Sobha Ltd. Vastu compliant, East facing.",1,87,8,0,none,22270.80527972875,412.9,1.15,8,1
501756,101756,Bangalore,Electronic City,4,2054.7,18594392.0,18857750.0,-1.4,+91-9235709216,Well-ventilated 4BHK for sale in Electronic City. Great connectivity. Floor 13 of the tower.,1,173,13,0,none,9049.687058938045,513.675,1.4,5,1
500060,100060,Mumbai,Bandra West,3,1115.6,54493514.0,57105126.0,-4.57,+91-9871802689,"3BHK flat in prime Bandra West location. Negotiable price, urgent sale. West facing, floor 10.",1,89,9,0,none,48846.821441376844,371.8666666666666,4.57,6,1
501572,101572,Bangalore,HSR Layout,3,1045.8,16659080.0,17215283.0,-3.23,+91-9945776865,Well-ventilated 3BHK for sale in HSR Layout. Great connectivity. Floor 23 of the tower.,1,136,4,0,none,15929.508510231402,348.59999999999997,3.23,4,2
502231,102231,Bangalore,Yelahanka,2,676.5,4561215.0,4541932.0,0.42,+91-9536808015,"2BHK independent unit in Yelahanka society, floor 19. Immediate possession available.",1,138,13,0,none,6742.372505543237,338.25,0.42,5,1
500024,100024,Mumbai,Bandra West,3,969.1,49034613.0,49500306.0,-0.94,+91-9823161428,"Newly renovated 3BHK, Bandra West. Family-friendly society with amenities. 11 yrs old.",1,96,9,0,none,50598.0941079352,323.03333333333336,0.94,4,1
501930,101930,Bangalore,JP Nagar,2,703.0,8052582.0,8480381.0,-5.04,+91-9579730015,Well-ventilated 2BHK for sale in JP Nagar. Great connectivity. Floor 19 of the tower.,1,60,7,1,duplicate_listing,11454.597439544808,351.5,5.04,14,2
500684,100684,Mumbai,Mulund West,2,827.4,14527943.0,14841693.0,-2.11,+91-9678921565,"2BHK flat in prime Mulund West location. Negotiable price, urgent sale. West facing, floor 8.",1,115,2,0,none,17558.548465071308,413.7,2.11,2,1
501016,101016,Mumbai,Goregaon West,1,419.1,10341190.0,10219758.0,1.19,+91-9462248467,"1BHK independent unit in Goregaon West society, floor 21. Immediate possession available.",1,102,13,0,none,24674.755428298733,419.1,1.19,7,1
500347,100347,Mumbai,Powai,3,1119.6,25181898.0,24869036.0,1.26,+91-9693347505,"Premium 3BHK apartment at Powai, Lodha Group project. RERA approved. 19 yrs old, West facing.",1,118,11,0,none,22491.870310825296,373.2,1.26,9,1
502417,100885,Mumbai,Kandivali East,2,829.6,15456338.0,13764710.0,12.29,+91-9490014371,"2BHK flat in prime Kandivali East location. Negotiable price, urgent sale. South facing, floor 22.",1,5,2,1,duplicate_listing,18631.072806171647,414.8,12.29,10,2
500009,100009,Mumbai,Bandra West,4,2194.7,106761805.0,110209835.0,-3.13,+91-9605471506,"Beautiful 4BHK near Bandra West main road, built by Godrej Properties. Vastu compliant, East facing.",1,135,12,0,none,48645.284093497976,548.675,3.13,11,1
502385,102385,Bangalore,Malleshwaram,1,426.5,10752436.0,11272649.0,-4.61,+91-9460898286,"Spacious 1BHK in Malleshwaram, close to metro & schools. Ready to move. Floor 24, West facing.",1,53,5,0,none,25210.869871043375,426.5,4.61,9,1
500229,100229,Mumbai,Andheri West,3,1019.4,23152085.0,23632045.0,-2.03,+91-9991413795,"Beautiful 3BHK near Andheri West main road, built by Regional Builders Ltd. Vastu compliant, East facing.",0,77,6,0,none,22711.482244457526,339.8,2.03,8,1
500490,100490,Mumbai,Thane West,3,1225.8,6320458.0,15428857.0,-59.03,+91-9460898286,"3BHK flat in prime Thane West location. Negotiable price, urgent sale. East facing, floor 7.",0,28,6,1,price_manipulation,5156.190243106543,408.59999999999997,59.03,9,1
500830,100830,Mumbai,Chembur,4,1799.1,44602993.0,44025349.0,1.31,+91-9890369072,"Spacious 2BHK in Prime Location, close to metro & schools. Ready to move. Floor 5, North facing.",1,24,13,1,recycled_description,24791.836473792453,449.775,1.31,7,57
501339,101339,Bangalore,Whitefield,3,1344.2,17077309.0,17356238.0,-1.61,+91-9834704292,"Newly renovated 3BHK, Whitefield. Family-friendly society with amenities. 11 yrs old.",1,155,6,0,none,12704.44055944056,448.06666666666666,1.61,6,1
500450,100450,Mumbai,Malad West,4,2128.6,38944318.0,39984566.0,-2.6,+91-9425137652,"4BHK flat in prime Malad West location. Negotiable price, urgent sale. West facing, floor 13.",1,170,7,0,none,18295.742741708167,532.15,2.6,5,1
501977,101977,Bangalore,JP Nagar,3,1334.9,19227583.0,19605398.0,-1.93,+91-9161843816,Well-ventilated 3BHK for sale in JP Nagar. Great connectivity. Floor 6 of the tower.,1,51,10,0,none,14403.762828676305,444.9666666666667,1.93,5,1
500016,100016,Mumbai,Bandra West,1,471.1,16310882.0,15852276.0,2.89,+91-9175215650,"Spacious 1BHK in Bandra West, close to metro & schools. Ready to move. Floor 18, South facing.",1,142,12,0,none,34622.97176820208,471.1,2.89,4,1
502441,101129,Mumbai,Dombivli,3,1005.9,10542096.0,9661774.0,9.11,+91-9694140951,"Newly renovated 3BHK, Dombivli. Family-friendly society with amenities. 4 yrs old.",1,26,9,1,duplicate_listing,10480.262451535938,335.3,9.11,8,3
501899,101899,Bangalore,Hebbal,3,1047.8,12005617.0,11536235.0,4.07,+91-9253185212,"Spacious 3BHK in Hebbal, close to metro & schools. Ready to move. Floor 8, North facing.",1,119,11,0,none,11457.928039702234,349.26666666666665,4.07,10,1
500824,100824,Mumbai,Chembur,3,1253.8,29597954.0,29154933.0,1.52,+91-9534428398,"Beautiful 3BHK near Chembur main road, built by Prestige Group. Vastu compliant, West facing.",1,30,6,0,none,23606.5991386186,417.93333333333334,1.52,3,2
501163,101163,Mumbai,Dombivli,3,982.6,8229091.0,7953790.0,3.46,+91-9696472636,"Beautiful 3BHK near Dombivli main road, built by Runwal Group. Vastu compliant, North facing.",1,119,4,0,none,8374.812741705678,327.53333333333336,3.46,8,1
501010,101010,Mumbai,Goregaon West,3,1290.2,17144892.0,41829420.0,-59.01,+91-9923917956,Well-ventilated 3BHK for sale in Goregaon West. Great connectivity. Floor 1 of the tower.,1,171,7,1,price_manipulation,13288.553712602697,430.06666666666666,59.01,8,1
501752,101752,Bangalore,Electronic City,1,457.4,5337186.0,5401694.0,-1.19,+91-9344372157,Well-ventilated 1BHK for sale in Electronic City. Great connectivity. Floor 11 of the tower.,1,175,12,0,none,11668.530826410144,457.4,1.19,12,1
501107,101107,Mumbai,Dombivli,3,980.7,9010461.0,8960141.0,0.56,+91-9122677183,"3BHK independent unit in Dombivli society, floor 9. Immediate possession available.",1,58,4,0,none,9187.785255429795,326.90000000000003,0.56,9,1
501545,101545,Bangalore,Koramangala,2,870.0,17931162.0,17928439.0,0.02,+91-9213611229,"2BHK flat in prime Koramangala location. Negotiable price, urgent sale. North facing, floor 24.",1,113,7,0,none,20610.53103448276,435.0,0.02,1,1
501706,101706,Bangalore,Electronic City,1,490.6,3713592.0,3690954.0,0.61,+91-9197404522,"Spacious 1BHK in Electronic City, close to metro & schools. Ready to move. Floor 23, North facing.",1,42,3,0,none,7569.490419894007,490.6,0.61,7,1
501232,101232,Bangalore,Indiranagar,3,1151.4,25856390.0,24867546.0,3.98,+91-9352768024,"Beautiful 3BHK near Indiranagar main road, built by Oberoi Realty. Vastu compliant, North facing.",1,22,12,0,none,22456.479068959525,383.8,3.98,12,1
500443,100443,Mumbai,Malad West,2,656.6,13258930.0,13758525.0,-3.63,+91-9352768024,"Newly renovated 2BHK, Malad West. Family-friendly society with amenities. 7 yrs old.",1,108,4,0,none,20193.314042034723,328.3,3.63,12,1
501594,101594,Bangalore,HSR Layout,2,795.4,13720322.0,13622812.0,0.72,+91-9406923322,Well-ventilated 2BHK for sale in HSR Layout. Great connectivity. Floor 18 of the tower.,1,175,13,0,none,17249.58762886598,397.7,0.72,10,1
500286,100286,Mumbai,Powai,3,1369.2,35138121.0,37205928.0,-5.56,+91-9903652981,"Spacious 3BHK in Powai, close to metro & schools. Ready to move. Floor 24, North facing.",1,127,14,1,scam_ring_broker,25663.24934268186,456.40000000000003,5.56,14,1
500784,100784,Mumbai,Chembur,1,431.4,11345029.0,11351242.0,-0.05,+91-9823161428,"Beautiful 1BHK near Chembur main road, built by Puravankara. Vastu compliant, West facing.",1,45,6,0,none,26298.166434863237,431.4,0.05,4,1
500861,100861,Mumbai,Kandivali East,4,675.7,29278570.0,29169764.0,0.37,+91-9973373741,Well-ventilated 4BHK for sale in Kandivali East. Great connectivity. Floor 3 of the tower.,1,75,1,1,fake_listing,43330.72369394702,168.925,0.37,8,1
501623,101623,Bangalore,HSR Layout,2,884.7,12697406.0,12828368.0,-1.02,+91-9754108418,"2BHK independent unit in HSR Layout society, floor 3. Immediate possession available.",1,98,13,0,none,14352.2165705889,442.35,1.02,6,2
502158,102158,Bangalore,Sarjapur Road,2,689.6,6192252.0,6213724.0,-0.35,+91-9368378778,Well-ventilated 2BHK for sale in Sarjapur Road. Great connectivity. Floor 8 of the tower.,1,161,5,0,none,8979.483758700695,344.8,0.35,12,2
500349,100349,Mumbai,Powai,2,915.8,21345947.0,22486766.0,-5.07,+91-9379008912,"Beautiful 2BHK near Powai main road, built by Kolte-Patil. Vastu compliant, South facing.",1,156,12,1,duplicate_listing,23308.524787071416,457.9,5.07,8,2
500069,100069,Mumbai,Bandra West,3,1086.7,63268093.0,61353197.0,3.12,+91-9587029438,"3BHK flat in prime Bandra West location. Negotiable price, urgent sale. South facing, floor 14.",1,93,11,0,none,58220.38557099475,362.23333333333335,3.12,11,1
500404,100404,Mumbai,Malad West,3,1360.2,30146414.0,28246512.0,6.73,+91-9955844374,"Premium 3BHK apartment at Malad West, Oberoi Realty project. RERA approved. 9 yrs old, West facing.",1,11,8,0,none,22163.22158506102,453.40000000000003,6.73,11,1
500755,100755,Mumbai,Chembur,1,477.2,10662175.0,10642710.0,0.18,+91-9871802689,"1BHK flat in prime Chembur location. Negotiable price, urgent sale. East facing, floor 24.",1,51,12,0,none,22343.199916177702,477.2,0.18,6,1
500798,100798,Mumbai,Chembur,2,655.7,13445426.0,13357140.0,0.66,+91-9879558245,Well-ventilated 2BHK for sale in Chembur. Great connectivity. Floor 15 of the tower.,1,38,7,0,none,20505.45371358853,327.85,0.66,8,1
501051,101051,Mumbai,Goregaon West,1,479.5,10111001.0,10023148.0,0.88,+91-9548368866,"Beautiful 1BHK near Goregaon West main road, built by Regional Builders Ltd. Vastu compliant, West facing.",0,71,5,0,none,21086.550573514076,479.5,0.88,4,1
501707,101707,Bangalore,Electronic City,3,1293.9,9966357.0,10357510.0,-3.78,+91-9548368866,"3BHK independent unit in Electronic City society, floor 14. Immediate possession available.",1,27,2,0,none,7702.571296081614,431.3,3.78,4,2
500178,100178,Mumbai,Andheri West,4,1730.1,63334464.0,62754464.0,0.92,+91-9339643011,Well-ventilated 4BHK for sale in Andheri West. Great connectivity. Floor 23 of the tower.,1,58,7,0,none,36607.4007282816,432.525,0.92,7,1
500954,100954,Mumbai,Kandivali East,3,1023.7,20702835.0,20163105.0,2.68,+91-9522526071,"Spacious 3BHK in Kandivali East, close to metro & schools. Ready to move. Floor 11, South facing.",1,160,10,0,none,20223.537169092506,341.23333333333335,2.68,10,1
501371,101371,Bangalore,Whitefield,3,1032.4,17045101.0,17214629.0,-0.98,+91-9486997175,"Beautiful 3BHK near Whitefield main road, built by Prestige Group. Vastu compliant, North facing.",1,150,4,0,none,16510.171445176285,344.1333333333334,0.98,5,1
501402,101402,Bangalore,Whitefield,2,709.5,10595922.0,10831701.0,-2.18,+91-9951184424,"Premium 2BHK apartment at Whitefield, Oberoi Realty project. RERA approved. 0 yrs old, East facing.",1,156,7,0,none,14934.350951374206,354.75,2.18,5,1
500253,100253,Mumbai,Powai,3,1312.5,28163585.0,29488214.0,-4.49,+91-9973373741,Well-ventilated 3BHK for sale in Powai. Great connectivity. Floor 2 of the tower.,1,154,10,0,none,21457.969523809523,437.5,4.49,8,1
500559,100559,Mumbai,Thane West,2,300.7,14108382.0,14201472.0,-0.66,+91-9253185212,"2BHK flat in prime Thane West location. Negotiable price, urgent sale. East facing, floor 10.",1,129,1,1,fake_listing,46918.463584968405,150.35,0.66,10,1
502044,102044,Bangalore,Sarjapur Road,2,826.1,7851622.0,7522586.0,4.37,+91-9369588493,"Beautiful 2BHK near Sarjapur Road main road, built by Regional Builders Ltd. Vastu compliant, South facing.",1,162,6,0,none,9504.444982447645,413.05,4.37,5,1
500194,100194,Mumbai,Andheri West,3,1089.3,25773086.0,25337113.0,1.72,+91-9441438610,"Newly renovated 3BHK, Andheri West. Family-friendly society with amenities. 21 yrs old.",1,162,13,0,none,23660.227669145323,363.09999999999997,1.72,5,1
502352,102352,Bangalore,Malleshwaram,4,2116.7,63095434.0,64352156.0,-1.95,+91-9644550627,"Newly renovated 4BHK, Malleshwaram. Family-friendly society with amenities. 2 yrs old.",1,176,7,0,none,29808.39703311759,529.175,1.95,4,1
502374,102374,Bangalore,Malleshwaram,1,517.5,9841571.0,10107447.0,-2.63,+91-9252080807,"Beautiful 1BHK near Malleshwaram main road, built by Regional Builders Ltd. Vastu compliant, South facing.",1,143,5,0,none,19017.52850241546,517.5,2.63,4,1
500446,100446,Mumbai,Malad West,4,1868.7,41931331.0,41926227.0,0.01,+91-9736046830,Well-ventilated 4BHK for sale in Malad West. Great connectivity. Floor 14 of the tower.,1,46,10,0,none,22438.770803232193,467.175,0.01,7,1
501507,101507,Bangalore,Koramangala,2,688.6,12851396.0,13355089.0,-3.77,+91-9112844070,"2BHK independent unit in Koramangala society, floor 14. Immediate possession available.",1,52,5,0,none,18663.07871042695,344.3,3.77,4,1
501537,101537,Bangalore,Koramangala,1,486.6,11553261.0,11377672.0,1.54,+91-9665615752,"1BHK independent unit in Koramangala society, floor 24. Immediate possession available.",1,17,3,0,none,23742.829839704067,486.6,1.54,11,1
500256,100256,Mumbai,Powai,2,789.7,17069160.0,16924654.0,0.85,+91-9434966744,"Beautiful 2BHK near Powai main road, built by Regional Builders Ltd. Vastu compliant, East facing.",1,128,11,0,none,21614.739774597947,394.85,0.85,5,1
500452,100452,Mumbai,Malad West,2,810.9,15814663.0,16497486.0,-4.14,+91-9895651203,"2BHK independent unit in Malad West society, floor 14. Immediate possession available.",1,22,4,0,none,19502.605746701196,405.45,4.14,7,1
501749,101749,Bangalore,Electronic City,4,1789.3,20146903.0,19724622.0,2.14,+91-9616277060,"4BHK independent unit in Electronic City society, floor 13. Immediate possession available.",1,46,9,0,none,11259.65629016934,447.325,2.14,6,1
501519,101519,Bangalore,Koramangala,3,1350.6,29437378.0,31159924.0,-5.53,+91-9717419131,"Premium 3BHK apartment at Koramangala, Runwal Group project. RERA approved. 16 yrs old, West facing.",1,112,7,0,none,21795.778172664002,450.2,5.53,9,1
501990,101990,Bangalore,JP Nagar,3,450.7,15468601.0,15499681.0,-0.2,+91-9323311439,"Newly renovated 3BHK, JP Nagar. Family-friendly society with amenities. 19 yrs old.",1,138,0,1,fake_listing,34321.28023075216,150.23333333333332,0.2,8,1
501417,101417,Bangalore,Whitefield,3,1041.2,6770723.0,14523385.0,-53.38,+91-9610778971,"Newly renovated 3BHK, Whitefield. Family-friendly society with amenities. 24 yrs old.",1,26,8,1,price_manipulation,6502.8073376872835,347.06666666666666,53.38,6,1
502336,102336,Bangalore,Malleshwaram,4,1977.4,46764687.0,46335748.0,0.93,+91-9833730649,"Newly renovated 4BHK, Malleshwaram. Family-friendly society with amenities. 21 yrs old.",1,99,2,0,none,23649.583796905026,494.35,0.93,4,1
500949,100949,Mumbai,Kandivali East,2,866.7,17549738.0,18046137.0,-2.75,+91-9563970401,"2BHK independent unit in Kandivali East society, floor 23. Immediate possession available.",1,68,9,0,none,20248.918887735086,433.35,2.75,5,2
500511,100511,Mumbai,Thane West,3,1239.5,23267641.0,23846401.0,-2.43,+91-9253185212,"Spacious 3BHK in Thane West, close to metro & schools. Ready to move. Floor 9, East facing.",1,12,8,0,none,18771.795885437677,413.1666666666667,2.43,10,1
502430,101824,Bangalore,Hebbal,1,468.4,6949564.0,8096981.0,-14.17,+91-9930483617,"1BHK independent unit in Hebbal society, floor 18. Immediate possession available.",1,16,8,1,duplicate_listing,14836.8146883006,468.4,14.17,6,2
502434,101658,Bangalore,HSR Layout,1,529.6,8241837.0,8783572.0,-6.17,+91-9198143259,"Premium 1BHK apartment at HSR Layout, Local Developer Co project. RERA approved. 2 yrs old, West facing.",1,11,14,1,duplicate_listing,15562.381042296072,529.6,6.17,7,2
501512,101512,Bangalore,Koramangala,2,740.8,14745232.0,14748927.0,-0.03,+91-9613064446,"2BHK flat in prime Koramangala location. Negotiable price, urgent sale. East facing, floor 2.",1,50,12,0,none,19904.470842332616,370.4,0.03,9,1
502037,102037,Bangalore,JP Nagar,2,902.1,13587920.0,13359119.0,1.71,+91-9187473254,"Newly renovated 2BHK, JP Nagar. Family-friendly society with amenities. 11 yrs old.",1,39,12,0,none,15062.54295532646,451.05,1.71,6,1
501889,101889,Bangalore,Hebbal,1,443.7,4371384.0,4356305.0,0.35,+91-9242257447,"1BHK independent unit in Hebbal society, floor 5. Immediate possession available.",1,76,14,0,none,9852.11629479378,443.7,0.35,6,1
502077,102077,Bangalore,Sarjapur Road,3,1300.4,11534608.0,11587837.0,-0.46,+91-9895651203,"Spacious 3BHK in Sarjapur Road, close to metro & schools. Ready to move. Floor 17, West facing.",1,102,10,0,none,8870.046139649337,433.4666666666667,0.46,7,1
500622,100622,Mumbai,Mulund West,2,726.7,19078595.0,18626189.0,2.43,+91-9635216382,"2BHK flat in prime Mulund West location. Negotiable price, urgent sale. North facing, floor 19.",1,98,6,0,none,26253.742947571212,363.35,2.43,6,2
501786,101786,Bangalore,Electronic City,2,689.1,5720039.0,5788224.0,-1.18,+91-9695993263,"Newly renovated 2BHK, Electronic City. Family-friendly society with amenities. 1 yrs old.",1,175,11,0,none,8300.73864460891,344.55,1.18,9,2
501204,101204,Bangalore,Indiranagar,2,798.7,9012618.0,19761948.0,-54.39,+91-9791154902,"Beautiful 2BHK near Indiranagar main road, built by Brigade Group. Vastu compliant, East facing.",1,46,13,1,price_manipulation,11284.109177413296,399.35,54.39,8,1
501873,101873,Bangalore,Hebbal,3,1335.1,13988977.0,13679271.0,2.26,+91-9850285918,"Beautiful 3BHK near Hebbal main road, built by Godrej Properties. Vastu compliant, West facing.",1,59,14,0,none,10477.849599280953,445.0333333333333,2.26,12,1
500664,100664,Mumbai,Mulund West,2,930.1,18603020.0,19795693.0,-6.02,+91-9984992798,"Spacious 2BHK in Mulund West, close to metro & schools. Ready to move. Floor 11, South facing.",1,17,10,0,none,20001.09665627352,465.05,6.02,7,1
500775,100775,Mumbai,Chembur,2,904.5,27347941.0,26802472.0,2.04,+91-9626520521,"2BHK flat in prime Chembur location. Negotiable price, urgent sale. North facing, floor 9.",1,163,13,0,none,30235.423991155334,452.25,2.04,4,1
500574,100574,Mumbai,Thane West,2,759.1,25762786.0,16663068.0,54.61,+91-9633931577,"Premium 2BHK apartment at Thane West, Puravankara project. RERA approved. 5 yrs old, East facing.",1,167,9,1,price_manipulation,33938.59307074167,379.55,54.61,4,1
501722,101722,Bangalore,Electronic City,3,1309.4,11057895.0,10977713.0,0.73,+91-9885528286,"3BHK flat in prime Electronic City location. Negotiable price, urgent sale. East facing, floor 14.",1,49,7,0,none,8445.009164502826,436.4666666666667,0.73,7,1
501237,101237,Bangalore,Indiranagar,2,654.7,16985224.0,17314585.0,-1.9,+91-9470481534,"Premium 2BHK apartment at Indiranagar, Kolte-Patil project. RERA approved. 10 yrs old, South facing.",1,176,12,0,none,25943.52222391935,327.35,1.9,1,1
501122,101122,Mumbai,Dombivli,4,1683.5,18222138.0,19010561.0,-4.15,+91-9441501553,"Premium 4BHK apartment at Dombivli, Lodha Group project. RERA approved. 15 yrs old, West facing.",1,171,14,0,none,10823.960795960797,420.875,4.15,5,1
501302,101302,Bangalore,Indiranagar,1,539.0,12091168.0,12201049.0,-0.9,+91-9368378778,"1BHK flat in prime Indiranagar location. Negotiable price, urgent sale. West facing, floor 2.",1,127,7,0,none,22432.593692022263,539.0,0.9,12,1
502115,102115,Bangalore,Sarjapur Road,2,737.7,7160363.0,7408411.0,-3.35,+91-9519361576,Well-ventilated 2BHK for sale in Sarjapur Road. Great connectivity. Floor 14 of the tower.,1,90,6,1,scam_ring_broker,9706.334553341467,368.85,3.35,6,1
501825,101825,Bangalore,Hebbal,1,529.4,5990103.0,5884560.0,1.79,+91-9460898286,"Premium 1BHK apartment at Hebbal, Kolte-Patil project. RERA approved. 3 yrs old, West facing.",1,142,13,0,none,11314.890442009822,529.4,1.79,9,1
500140,100140,Mumbai,Andheri West,3,1157.0,38683657.0,37129568.0,4.19,+91-9386202877,"3BHK independent unit in Andheri West society, floor 1. Immediate possession available.",1,156,2,0,none,33434.448573898015,385.6666666666667,4.19,5,1
501314,101314,Bangalore,Indiranagar,3,1319.7,30103265.0,29604708.0,1.68,+91-9230913958,"Spacious 3BHK in Indiranagar, close to metro & schools. Ready to move. Floor 8, North facing.",1,149,3,0,none,22810.688035159506,439.90000000000003,1.68,11,1
500283,100283,Mumbai,Powai,2,815.8,18690257.0,18809130.0,-0.63,+91-9972556573,Well-ventilated 2BHK for sale in Powai. Great connectivity. Floor 24 of the tower.,1,119,3,0,none,22910.341995587154,407.9,0.63,8,1
501820,101820,Bangalore,Hebbal,2,817.7,9688234.0,9589104.0,1.03,+91-9890369072,Well-ventilated 2BHK for sale in Hebbal. Great connectivity. Floor 23 of the tower.,0,63,8,0,none,11848.152134034486,408.85,1.03,7,1
501965,101965,Bangalore,JP Nagar,1,516.9,7735644.0,7572634.0,2.15,+91-9144249588,"Premium 1BHK apartment at JP Nagar, Prestige Group project. RERA approved. 24 yrs old, North facing.",1,7,4,0,none,14965.45560069646,516.9,2.15,14,1
501406,101406,Bangalore,Whitefield,3,1265.8,12595619.0,12789486.0,-1.52,+91-9926604330,"Newly renovated 3BHK, Whitefield. Family-friendly society with amenities. 13 yrs old.",1,121,10,0,none,9950.718122926213,421.93333333333334,1.52,5,1
500726,100726,Mumbai,Chembur,2,833.4,15863314.0,16104413.0,-1.5,+91-9970433410,"2BHK flat in prime Chembur location. Negotiable price, urgent sale. East facing, floor 15.",1,42,5,0,none,19034.454043676506,416.7,1.5,8,1
501412,101412,Bangalore,Whitefield,1,458.5,5325341.0,5242906.0,1.57,+91-9663950636,Well-ventilated 1BHK for sale in Whitefield. Great connectivity. Floor 5 of the tower.,1,76,2,0,none,11614.702290076335,458.5,1.57,5,1
500678,100678,Mumbai,Mulund West,3,1182.2,21869194.0,23710353.0,-7.77,+91-9425515741,Well-ventilated 3BHK for sale in Mulund West. Great connectivity. Floor 18 of the tower.,1,21,14,0,none,18498.72610387413,394.06666666666666,7.77,10,1
501153,101153,Mumbai,Dombivli,4,2120.9,24645734.0,24848493.0,-0.82,+91-9748878670,Well-ventilated 4BHK for sale in Dombivli. Great connectivity. Floor 23 of the tower.,1,44,5,0,none,11620.413032203309,530.225,0.82,2,1
500056,100056,Mumbai,Bandra West,2,894.8,52195965.0,52439783.0,-0.46,+91-9987787377,Well-ventilated 2BHK for sale in Bandra West. Great connectivity. Floor 10 of the tower.,1,30,11,0,none,58332.549172999556,447.4,0.46,4,1
502208,102208,Bangalore,Yelahanka,2,673.9,4818539.0,4720663.0,2.07,+91-9376888175,"Newly renovated 2BHK, Yelahanka. Family-friendly society with amenities. 4 yrs old.",0,121,5,0,none,7150.228520552011,336.95,2.07,8,1
500167,100167,Mumbai,Andheri West,1,542.2,17370922.0,17134361.0,1.38,+91-9708805218,"Spacious 1BHK in Andheri West, close to metro & schools. Ready to move. Floor 3, West facing.",1,132,14,0,none,32037.84950202877,542.2,1.38,5,1
501410,101410,Bangalore,Whitefield,3,1019.7,13405889.0,12836997.0,4.43,+91-9970433410,"Premium 3BHK apartment at Whitefield, Lodha Group project. RERA approved. 12 yrs old, East facing.",1,33,10,0,none,13146.89516524468,339.90000000000003,4.43,8,1
500873,100873,Mumbai,Kandivali East,1,406.1,8617373.0,8604299.0,0.15,+91-9631261883,"Beautiful 1BHK near Kandivali East main road, built by Brigade Group. Vastu compliant, South facing.",1,112,3,0,none,21219.83009111056,406.1,0.15,7,1
500888,100888,Mumbai,Kandivali East,2,757.5,12655922.0,12648745.0,0.06,+91-9810215628,"Newly renovated 2BHK, Kandivali East. Family-friendly society with amenities. 19 yrs old.",1,83,11,0,none,16707.48778877888,378.75,0.06,7,2
500889,100889,Mumbai,Kandivali East,1,171.7,6612566.0,6832292.0,-3.22,+91-9439453697,"1BHK flat in prime Kandivali East location. Negotiable price, urgent sale. South facing, floor 12.",1,52,0,1,fake_listing,38512.323820617356,171.7,3.22,6,1
501767,101767,Bangalore,Electronic City,3,1300.3,12982375.0,13214482.0,-1.76,+91-9791154902,"3BHK flat in prime Electronic City location. Negotiable price, urgent sale. North facing, floor 12.",1,69,12,0,none,9984.138275782512,433.43333333333334,1.76,8,1
500499,100499,Mumbai,Thane West,3,1275.4,13988427.0,14132989.0,-1.02,+91-9767162773,"Beautiful 3BHK near Thane West main road, built by Local Developer Co. Vastu compliant, South facing.",1,38,9,0,none,10967.874392347498,425.1333333333334,1.02,4,1
500715,100715,Mumbai,Mulund West,4,1885.3,32984732.0,33118947.0,-0.41,+91-9772023667,"Spacious 4BHK in Mulund West, close to metro & schools. Ready to move. Floor 17, South facing.",1,25,11,0,none,17495.7470959529,471.325,0.41,8,1
502209,102209,Bangalore,Yelahanka,2,808.0,6999418.0,6862683.0,1.99,+91-9519607455,"Spacious 2BHK in Yelahanka, close to metro & schools. Ready to move. Floor 13, East facing.",1,96,14,0,none,8662.64603960396,404.0,1.99,3,1
501057,101057,Mumbai,Goregaon West,1,487.2,14118607.0,14351551.0,-1.62,+91-9631261883,"Premium 1BHK apartment at Goregaon West, Kolte-Patil project. RERA approved. 1 yrs old, South facing.",1,172,2,0,none,28979.07840722496,487.2,1.62,7,1
502221,102221,Bangalore,Yelahanka,2,656.4,4669128.0,4645055.0,0.52,+91-9547186091,"2BHK flat in prime Yelahanka location. Negotiable price, urgent sale. West facing, floor 7.",1,49,12,0,none,7113.235831809872,328.2,0.52,5,2
500365,100365,Mumbai,Malad West,4,1721.8,28859765.0,29082395.0,-0.77,+91-9916484357,"Spacious 2BHK in Prime Location, close to metro & schools. Ready to move. Floor 5, North facing.",1,35,3,1,recycled_description,16761.39214775235,430.45,0.77,10,57
501984,101984,Bangalore,JP Nagar,3,1121.5,11704541.0,12417967.0,-5.75,+91-9814425134,"3BHK independent unit in JP Nagar society, floor 13. Immediate possession available.",1,152,13,0,none,10436.505572893446,373.8333333333333,5.75,7,1
501313,101313,Bangalore,Indiranagar,3,1153.9,35023813.0,34016272.0,2.96,+91-9965215759,"3BHK independent unit in Indiranagar society, floor 16. Immediate possession available.",1,65,2,0,none,30352.554814108673,384.6333333333334,2.96,6,1
502446,100147,Mumbai,Andheri West,3,1156.1,37764953.0,34385021.0,9.83,+91-9323311439,"Spacious 3BHK in Andheri West, close to metro & schools. Ready to move. Floor 11, East facing.",1,4,11,1,duplicate_listing,32665.81870080443,385.3666666666666,9.83,8,2
500801,100801,Mumbai,Chembur,3,1054.3,23077061.0,23232952.0,-0.67,+91-9323311439,"Spacious 2BHK in Prime Location, close to metro & schools. Ready to move. Floor 5, North facing.",1,70,7,1,recycled_description,21888.514654272978,351.43333333333334,0.67,8,57
500618,100618,Mumbai,Mulund West,3,1183.3,21026882.0,20713076.0,1.52,+91-9253185212,"3BHK flat in prime Mulund West location. Negotiable price, urgent sale. North facing, floor 7.",1,108,7,0,none,17769.696611172145,394.43333333333334,1.52,10,1
501845,101845,Bangalore,Hebbal,3,1276.6,20861720.0,21468410.0,-2.83,+91-9635216382,"3BHK flat in prime Hebbal location. Negotiable price, urgent sale. West facing, floor 13.",0,121,2,0,none,16341.626194579352,425.5333333333333,2.83,6,1
500124,100124,Mumbai,Andheri West,3,1351.6,35555526.0,34842175.0,2.05,+91-9372729183,"Premium 3BHK apartment at Andheri West, Local Developer Co project. RERA approved. 13 yrs old, East facing.",0,126,4,0,none,26306.248890204206,450.5333333333333,2.05,9,1
500335,100335,Mumbai,Powai,3,1190.4,38538742.0,39074162.0,-1.37,+91-9972477095,"Newly renovated 3BHK, Powai. Family-friendly society with amenities. 0 yrs old.",1,101,14,0,none,32374.615255376342,396.8,1.37,8,1
501353,101353,Bangalore,Whitefield,1,429.0,5548978.0,5566237.0,-0.31,+91-9149588302,Well-ventilated 1BHK for sale in Whitefield. Great connectivity. Floor 9 of the tower.,1,39,5,0,none,12934.680652680652,429.0,0.31,7,1
501855,101855,Bangalore,Hebbal,1,475.0,5386582.0,5620252.0,-4.16,+91-9265500456,"Beautiful 1BHK near Hebbal main road, built by Lodha Group. Vastu compliant, West facing.",1,127,13,0,none,11340.172631578947,475.0,4.16,11,1
501694,101694,Bangalore,Electronic City,2,821.1,8841603.0,8630446.0,2.45,+91-9666303628,"Spacious 2BHK in Electronic City, close to metro & schools. Ready to move. Floor 17, East facing.",1,42,8,0,none,10767.99780781878,410.55,2.45,9,1
502016,102016,Bangalore,JP Nagar,2,873.1,12050870.0,12229108.0,-1.46,+91-9536808015,"Beautiful 2BHK near JP Nagar main road, built by Oberoi Realty. Vastu compliant, East facing.",1,71,14,0,none,13802.393769327682,436.55,1.46,5,1
500919,100919,Mumbai,Kandivali East,4,1599.3,28413178.0,27428515.0,3.59,+91-9144249588,"4BHK independent unit in Kandivali East society, floor 14. Immediate possession available.",1,174,7,0,none,17766.008878884513,399.825,3.59,14,1
502310,102310,Bangalore,Malleshwaram,3,1016.8,25759499.0,24327349.0,5.89,+91-9924071890,"Premium 3BHK apartment at Malleshwaram, Lodha Group project. RERA approved. 1 yrs old, North facing.",1,90,4,0,none,25333.889653815895,338.93333333333334,5.89,5,1
502458,101523,Bangalore,Koramangala,2,742.5,12480864.0,14562056.0,-14.29,+91-9439453697,"Premium 2BHK apartment at Koramangala, Lodha Group project. RERA approved. 1 yrs old, South facing.",1,2,13,1,duplicate_listing,16809.244444444445,371.25,14.29,6,2
500582,100582,Mumbai,Thane West,2,758.9,9946460.0,9471012.0,5.02,+91-9787627078,"Beautiful 2BHK near Thane West main road, built by Local Developer Co. Vastu compliant, South facing.",1,137,14,0,none,13106.417182764528,379.45,5.02,3,1
501230,101230,Bangalore,Indiranagar,3,1093.0,26130143.0,25676799.0,1.77,+91-9197654256,"3BHK flat in prime Indiranagar location. Negotiable price, urgent sale. North facing, floor 20.",1,96,8,0,none,23906.809698078683,364.3333333333333,1.77,6,1
501195,101195,Mumbai,Dombivli,2,784.9,8877277.0,9225699.0,-3.78,+91-9924071890,Well-ventilated 2BHK for sale in Dombivli. Great connectivity. Floor 22 of the tower.,1,178,6,0,none,11310.073894763664,392.45,3.78,5,2
500829,100829,Mumbai,Chembur,1,499.4,10787996.0,10982829.0,-1.77,+91-9767162773,"Premium 1BHK apartment at Chembur, Sobha Ltd project. RERA approved. 18 yrs old, East facing.",1,51,4,0,none,21601.91429715659,499.4,1.77,4,1
500992,100992,Mumbai,Goregaon West,3,1374.2,29961102.0,28453762.0,5.3,+91-9972556573,"3BHK flat in prime Goregaon West location. Negotiable price, urgent sale. South facing, floor 10.",1,122,2,0,none,21802.57749963615,458.06666666666666,5.3,8,1
501482,101482,Bangalore,Koramangala,4,1664.6,41223730.0,42220262.0,-2.36,+91-9651652452,"Spacious 2BHK in Prime Location, close to metro & schools. Ready to move. Floor 5, North facing.",1,36,10,1,recycled_description,24764.94653370179,416.15,2.36,8,57
501196,101196,Mumbai,Dombivli,1,409.4,2187428.0,4122899.0,-46.94,+91-9709846013,"1BHK independent unit in Dombivli society, floor 22. Immediate possession available.",1,68,10,1,price_manipulation,5343.009281875917,409.4,46.94,11,1
501816,101816,Bangalore,Hebbal,1,479.1,6731609.0,6777076.0,-0.67,+91-9230913958,"Newly renovated 1BHK, Hebbal. Family-friendly society with amenities. 12 yrs old.",1,2,2,0,none,14050.530160718012,479.1,0.67,11,1
502001,102001,Bangalore,JP Nagar,1,482.4,7417636.0,6876814.0,7.86,+91-9112844070,"Spacious 1BHK in JP Nagar, close to metro & schools. Ready to move. Floor 4, South facing.",1,121,2,0,none,15376.525704809288,482.4,7.86,4,1
500410,100410,Mumbai,Malad West,2,891.3,24214273.0,23955322.0,1.08,+91-9262497248,Well-ventilated 2BHK for sale in Malad West. Great connectivity. Floor 21 of the tower.,1,146,6,0,none,27167.365645686077,445.65,1.08,5,1
501681,101681,Bangalore,Electronic City,3,1040.7,7175195.0,7449901.0,-3.69,+91-9352768024,"3BHK flat in prime Electronic City location. Negotiable price, urgent sale. East facing, floor 16.",0,56,3,0,none,6894.585375228212,346.90000000000003,3.69,12,1
500298,100298,Mumbai,Powai,3,1112.8,38574243.0,36818161.0,4.77,+91-9282620576,"Newly renovated 3BHK, Powai. Family-friendly society with amenities. 5 yrs old.",1,72,4,0,none,34664.12922358016,370.93333333333334,4.77,9,1
500926,100926,Mumbai,Kandivali East,3,1050.5,19449212.0,19523784.0,-0.38,+91-9406923322,"3BHK flat in prime Kandivali East location. Negotiable price, urgent sale. North facing, floor 23.",1,3,6,1,duplicate_listing,18514.242741551643,350.1666666666667,0.38,10,2
501774,101774,Bangalore,Electronic City,3,1016.8,9671053.0,9325625.0,3.7,+91-9951184424,"3BHK independent unit in Electronic City society, floor 2. Immediate possession available.",1,174,9,0,none,9511.263768686074,338.93333333333334,3.7,5,1
501555,101555,Bangalore,Koramangala,3,1369.8,29114512.0,29419548.0,-1.04,+91-9972477095,"3BHK independent unit in Koramangala society, floor 22. Immediate possession available.",1,90,5,0,none,21254.571470287636,456.59999999999997,1.04,8,2
500729,100729,Mumbai,Chembur,2,850.2,21425717.0,21336723.0,0.42,+91-9460898286,"Spacious 2BHK in Chembur, close to metro & schools. Ready to move. Floor 5, East facing.",1,165,5,0,none,25200.796283227475,425.1,0.42,9,1
501333,101333,Bangalore,Whitefield,1,468.7,5692204.0,5676333.0,0.28,+91-9666303628,"Newly renovated 1BHK, Whitefield. Family-friendly society with amenities. 18 yrs old.",1,163,3,0,none,12144.663964156178,468.7,0.28,9,1
500672,100672,Mumbai,Mulund West,4,1896.6,37025479.0,36731904.0,0.8,+91-9905922775,"4BHK independent unit in Mulund West society, floor 9. Immediate possession available.",1,144,4,0,none,19522.028366550672,474.15,0.8,11,1
501200,101200,Mumbai,Dombivli,2,652.2,6632641.0,7104787.0,-6.65,+91-9501138021,Well-ventilated 2BHK for sale in Dombivli. Great connectivity. Floor 17 of the tower.,1,72,6,0,none,10169.642747623428,326.1,6.65,9,1
500182,100182,Mumbai,Andheri West,3,1194.5,35630176.0,36332809.0,-1.93,+91-9691984656,"Premium 3BHK apartment at Andheri West, Brigade Group project. RERA approved. 22 yrs old, South facing.",1,60,2,0,none,29828.527417329427,398.1666666666667,1.93,7,1
500294,100294,Mumbai,Powai,3,1205.9,34653099.0,37090838.0,-6.57,+91-9954846640,"Newly renovated 3BHK, Powai. Family-friendly society with amenities. 14 yrs old.",1,32,11,0,none,28736.295712745665,401.9666666666667,6.57,6,1
500202,100202,Mumbai,Andheri West,4,1527.5,45388920.0,47426365.0,-4.3,+91-9655787739,"Newly renovated 4BHK, Andheri West. Family-friendly society with amenities. 14 yrs old.",1,164,3,1,duplicate_listing,29714.513911620295,381.875,4.3,8,2
501439,101439,Bangalore,Whitefield,3,536.3,14426492.0,14683608.0,-1.75,+91-9817414220,"Spacious 3BHK in Whitefield, close to metro & schools. Ready to move. Floor 22, West facing.",1,49,1,1,fake_listing,26900.04102181615,178.76666666666665,1.75,8,1
500127,100127,Mumbai,Andheri West,3,1150.8,41920269.0,39569999.0,5.94,+91-9144249588,"3BHK flat in prime Andheri West location. Negotiable price, urgent sale. West facing, floor 4.",1,137,11,0,none,36427.06725755996,383.59999999999997,5.94,14,1
500532,100532,Mumbai,Thane West,1,450.9,9673562.0,9340617.0,3.56,+91-9558502570,"Newly renovated 1BHK, Thane West. Family-friendly society with amenities. 7 yrs old.",1,35,6,0,none,21453.89665114216,450.9,3.56,7,1
500200,100200,Mumbai,Andheri West,3,1077.5,30711878.0,32473716.0,-5.43,+91-9657093714,Well-ventilated 3BHK for sale in Andheri West. Great connectivity. Floor 22 of the tower.,1,153,3,0,none,28502.9030162413,359.1666666666667,5.43,10,1
501270,101270,Bangalore,Indiranagar,3,1185.1,31619911.0,31570338.0,0.16,+91-9935115115,"Spacious 3BHK in Indiranagar, close to metro & schools. Ready to move. Floor 21, South facing.",1,112,14,0,none,26681.21761876635,395.0333333333333,0.16,8,1
500693,100693,Mumbai,Mulund West,1,433.2,8483290.0,8876427.0,-4.43,+91-9955844374,"Spacious 1BHK in Mulund West, close to metro & schools. Ready to move. Floor 24, South facing.",1,136,4,0,none,19582.848568790396,433.2,4.43,11,2
501970,101970,Bangalore,JP Nagar,2,659.4,8623443.0,8369768.0,3.03,+91-9379130751,"Spacious 2BHK in Prime Location, close to metro & schools. Ready to move. Floor 5, North facing.",1,24,8,1,recycled_description,13077.711555959964,329.7,3.03,11,57
501819,101819,Bangalore,Hebbal,1,411.0,4906076.0,4929457.0,-0.47,+91-9666303628,"Newly renovated 1BHK, Hebbal. Family-friendly society with amenities. 5 yrs old.",1,96,11,0,none,11936.924574209246,411.0,0.47,9,1
500818,100818,Mumbai,Chembur,4,1985.6,45888184.0,43994927.0,4.3,+91-9646178083,"4BHK independent unit in Chembur society, floor 4. Immediate possession available.",1,95,14,0,none,23110.487510072522,496.4,4.3,7,1
500217,100217,Mumbai,Andheri West,2,781.4,19700601.0,19861218.0,-0.81,+91-9830428661,Well-ventilated 2BHK for sale in Andheri West. Great connectivity. Floor 3 of the tower.,1,54,5,0,none,25211.928589710777,390.7,0.81,8,1
500153,100153,Mumbai,Andheri West,2,688.5,27723911.0,25738207.0,7.72,+91-9320900891,"2BHK independent unit in Andheri West society, floor 7. Immediate possession available.",1,135,9,0,none,40267.11837327523,344.25,7.72,6,1
501852,101852,Bangalore,Hebbal,2,809.4,9378406.0,9328100.0,0.54,+91-9657093714,"2BHK independent unit in Hebbal society, floor 15. Immediate possession available.",1,168,12,0,none,11586.86187299234,404.7,0.54,10,1
501407,101407,Bangalore,Whitefield,3,1119.1,13880430.0,13889549.0,-0.07,+91-9695993263,"3BHK independent unit in Whitefield society, floor 12. Immediate possession available.",1,17,10,0,none,12403.207934947726,373.0333333333333,0.07,9,1
500966,100966,Mumbai,Goregaon West,3,1048.5,27905781.0,27514210.0,1.42,+91-9665615752,"3BHK independent unit in Goregaon West society, floor 11. Immediate possession available.",1,44,4,0,none,26614.9556509299,349.5,1.42,11,2
500479,100479,Mumbai,Malad West,3,992.1,22068807.0,21760177.0,1.42,+91-9821497963,"Newly renovated 3BHK, Malad West. Family-friendly society with amenities. 6 yrs old.",1,94,12,0,none,22244.538856970063,330.7,1.42,5,2
501802,101802,Bangalore,Hebbal,2,927.5,12291841.0,12879205.0,-4.56,+91-9856151934,"2BHK flat in prime Hebbal location. Negotiable price, urgent sale. South facing, floor 20.",1,69,3,0,none,13252.658760107817,463.75,4.56,8,1
501151,101151,Mumbai,Dombivli,3,1324.7,11853775.0,12466082.0,-4.91,+91-9344372157,"Newly renovated 3BHK, Dombivli. Family-friendly society with amenities. 4 yrs old.",1,74,14,0,none,8948.271306710953,441.56666666666666,4.91,12,3
501948,101948,Bangalore,JP Nagar,2,857.0,14145089.0,13769872.0,2.72,+91-9771196228,"Beautiful 2BHK near JP Nagar main road, built by Kolte-Patil. Vastu compliant, East facing.",1,14,11,0,none,16505.35472578763,428.5,2.72,7,1
501650,101650,Bangalore,HSR Layout,2,827.9,12279276.0,12536883.0,-2.05,+91-9144249588,"2BHK independent unit in HSR Layout society, floor 7. Immediate possession available.",1,41,11,0,none,14831.834762652496,413.95,2.05,14,1
502005,102005,Bangalore,JP Nagar,2,665.1,9552252.0,9513245.0,0.41,+91-9147034206,"Premium 2BHK apartment at JP Nagar, Runwal Group project. RERA approved. 13 yrs old, East facing.",1,172,7,0,none,14362.129003157419,332.55,0.41,6,1
501847,101847,Bangalore,Hebbal,4,1530.9,23532378.0,23820676.0,-1.21,+91-9974611178,Well-ventilated 4BHK for sale in Hebbal. Great connectivity. Floor 19 of the tower.,1,126,14,0,none,15371.597099745248,382.725,1.21,8,1
501009,101009,Mumbai,Goregaon West,3,1271.2,27546246.0,26348972.0,4.54,+91-9313202828,Well-ventilated 3BHK for sale in Goregaon West. Great connectivity. Floor 4 of the tower.,1,70,11,0,none,21669.482378854624,423.73333333333335,4.54,5,1
501624,101624,Bangalore,HSR Layout,3,1247.2,20390219.0,20168977.0,1.1,+91-9273615422,"3BHK independent unit in HSR Layout society, floor 10. Immediate possession available.",1,85,9,0,none,16348.796504169339,415.73333333333335,1.1,2,2
500968,100968,Mumbai,Goregaon West,2,927.1,20324086.0,20612979.0,-1.4,+91-9845663635,"Spacious 2BHK in Goregaon West, close to metro & schools. Ready to move. Floor 8, North facing.",1,83,8,0,none,21922.215510732392,463.55,1.4,10,1
502256,102256,Bangalore,Yelahanka,4,1864.9,14753747.0,14893688.0,-0.94,+91-9955844374,Well-ventilated 4BHK for sale in Yelahanka. Great connectivity. Floor 4 of the tower.,1,54,5,0,none,7911.280497613812,466.225,0.94,11,1
501846,101846,Bangalore,Hebbal,3,976.9,10093825.0,10020133.0,0.74,+91-9772023667,"Spacious 3BHK in Hebbal, close to metro & schools. Ready to move. Floor 17, South facing.",1,177,13,0,none,10332.505885965811,325.6333333333333,0.74,8,1
500973,100973,Mumbai,Goregaon West,2,891.5,22087264.0,21912723.0,0.8,+91-9605471506,"Newly renovated 2BHK, Goregaon West. Family-friendly society with amenities. 10 yrs old.",1,102,2,0,none,24775.394279304543,445.75,0.8,11,1
500188,100188,Mumbai,Andheri West,3,1190.5,40620708.0,39742520.0,2.21,+91-9253185212,"3BHK flat in prime Andheri West location. Negotiable price, urgent sale. South facing, floor 2.",1,89,6,0,none,34120.712305753885,396.8333333333333,2.21,10,1
500247,100247,Mumbai,Powai,3,1237.3,31499945.0,31638219.0,-0.44,+91-9375993541,"3BHK independent unit in Powai society, floor 3. Immediate possession available.",1,122,6,0,none,25458.61553382365,412.43333333333334,0.44,6,1
501390,101390,Bangalore,Whitefield,2,943.3,11714595.0,11754722.0,-0.34,+91-9246461550,"Premium 2BHK apartment at Whitefield, Local Developer Co project. RERA approved. 1 yrs old, East facing.",1,96,9,0,none,12418.737411215945,471.65,0.34,6,1
502247,102247,Bangalore,Yelahanka,1,483.3,4124261.0,4250346.0,-2.97,+91-9879911141,"Newly renovated 1BHK, Yelahanka. Family-friendly society with amenities. 24 yrs old.",1,153,5,0,none,8533.542313262984,483.3,2.97,9,1
502370,102370,Bangalore,Malleshwaram,1,480.3,14125210.0,13402484.0,5.39,+91-9197404522,"Premium 1BHK apartment at Malleshwaram, Brigade Group project. RERA approved. 9 yrs old, West facing.",1,63,14,0,none,29409.14012075786,480.3,5.39,7,1
500284,100284,Mumbai,Powai,1,440.1,9790235.0,9677922.0,1.16,+91-9485398221,Well-ventilated 1BHK for sale in Powai. Great connectivity. Floor 14 of the tower.,1,87,12,0,none,22245.478300386276,440.1,1.16,5,2
502329,102329,Bangalore,Malleshwaram,3,1117.2,29896796.0,30936693.0,-3.36,+91-9857727504,"Premium 3BHK apartment at Malleshwaram, Sobha Ltd project. RERA approved. 21 yrs old, West facing.",1,158,13,0,none,26760.469029717147,372.40000000000003,3.36,9,1
501386,101386,Bangalore,Whitefield,1,387.2,4244036.0,4235732.0,0.2,+91-9522526071,"1BHK independent unit in Whitefield society, floor 16. Immediate possession available.",1,61,12,0,none,10960.836776859505,387.2,0.2,10,1
500904,100904,Mumbai,Kandivali East,1,476.6,9491496.0,9684059.0,-1.99,+91-9422195908,"Spacious 1BHK in Kandivali East, close to metro & schools. Ready to move. Floor 5, North facing.",1,55,4,0,none,19915.01468736886,476.6,1.99,8,1
502135,102135,Bangalore,Sarjapur Road,3,1000.9,10463282.0,9944453.0,5.22,+91-9558811728,Well-ventilated 3BHK for sale in Sarjapur Road. Great connectivity. Floor 18 of the tower.,1,55,6,0,none,10453.873513837547,333.6333333333333,5.22,5,1
500976,100976,Mumbai,Goregaon West,2,866.0,21239442.0,20677613.0,2.72,+91-9302686470,Well-ventilated 2BHK for sale in Goregaon West. Great connectivity. Floor 23 of the tower.,1,119,9,0,none,24525.91454965358,433.0,2.72,8,1
501351,101351,Bangalore,Whitefield,3,1133.0,13798073.0,13461634.0,2.5,+91-9278669032,Well-ventilated 3BHK for sale in Whitefield. Great connectivity. Floor 17 of the tower.,1,77,8,0,none,12178.352162400706,377.6666666666667,2.5,4,1
501509,101509,Bangalore,Koramangala,2,685.3,15986454.0,16106405.0,-0.74,+91-9441501553,"Spacious 2BHK in Koramangala, close to metro & schools. Ready to move. Floor 24, West facing.",1,98,13,0,none,23327.672552166936,342.65,0.74,5,1
500123,100123,Mumbai,Andheri West,2,664.2,17148185.0,17526197.0,-2.16,+91-9980873094,"2BHK flat in prime Andheri West location. Negotiable price, urgent sale. South facing, floor 3.",0,109,13,0,none,25817.803372478167,332.1,2.16,10,1
501073,101073,Mumbai,Goregaon West,3,1248.4,31719990.0,31472772.0,0.79,+91-9971045244,Well-ventilated 3BHK for sale in Goregaon West. Great connectivity. Floor 23 of the tower.,1,134,3,0,none,25408.514899070808,416.1333333333334,0.79,3,1
501808,101808,Bangalore,Hebbal,3,1375.4,19464608.0,19331788.0,0.69,+91-9935115115,"Premium 3BHK apartment at Hebbal, Brigade Group project. RERA approved. 16 yrs old, South facing.",1,88,11,0,none,14151.961611167659,458.4666666666667,0.69,8,1
502010,102010,Bangalore,JP Nagar,2,675.3,11305832.0,11280993.0,0.22,+91-9847042955,"2BHK independent unit in JP Nagar society, floor 9. Immediate possession available.",1,104,6,0,none,16741.939878572488,337.65,0.22,6,1
500870,100870,Mumbai,Kandivali East,3,1303.1,23921046.0,24119336.0,-0.82,+91-9755096065,"Newly renovated 3BHK, Kandivali East. Family-friendly society with amenities. 17 yrs old.",1,66,2,0,none,18357.03015885197,434.3666666666666,0.82,7,1
501589,101589,Bangalore,HSR Layout,2,701.0,13959804.0,14032719.0,-0.52,+91-9953311654,Well-ventilated 2BHK for sale in HSR Layout. Great connectivity. Floor 23 of the tower.,1,169,7,0,none,19914.128388017118,350.5,0.52,5,1
501645,101645,Bangalore,HSR Layout,3,1370.3,19224321.0,19040549.0,0.97,+91-9841116743,"3BHK independent unit in HSR Layout society, floor 24. Immediate possession available.",1,15,10,0,none,14029.278990002189,456.76666666666665,0.97,4,2
500757,100757,Mumbai,Chembur,1,510.2,12597359.0,12418540.0,1.44,+91-9868608163,"Beautiful 1BHK near Chembur main road, built by Puravankara. Vastu compliant, East facing.",1,176,2,0,none,24691.021168169347,510.2,1.44,4,1
501157,101157,Mumbai,Dombivli,3,1053.3,10380564.0,10377296.0,0.03,+91-9399413312,"Premium 3BHK apartment at Dombivli, Puravankara project. RERA approved. 2 yrs old, West facing.",1,151,11,0,none,9855.27769866135,351.09999999999997,0.03,10,1
501109,101109,Mumbai,Dombivli,3,1038.6,10429432.0,10755980.0,-3.04,+91-9961088337,"Premium 3BHK apartment at Dombivli, Brigade Group project. RERA approved. 8 yrs old, South facing.",1,116,9,0,none,10041.817831696515,346.2,3.04,9,1
500068,100068,Mumbai,Bandra West,2,731.1,29704768.0,28514742.0,4.17,+91-9905922775,"Premium 2BHK apartment at Bandra West, Regional Builders Ltd project. RERA approved. 21 yrs old, West facing.",0,148,6,0,none,40630.2393653399,365.55,4.17,11,1
501902,101902,Bangalore,Hebbal,2,697.2,8063193.0,7935429.0,1.61,+91-9379130751,"Spacious 2BHK in Hebbal, close to metro & schools. Ready to move. Floor 2, South facing.",1,75,14,0,none,11565.10757314974,348.6,1.61,11,1
500333,100333,Mumbai,Powai,1,545.5,14197648.0,14246549.0,-0.34,+91-9419872398,"Beautiful 1BHK near Powai main road, built by Sobha Ltd. Vastu compliant, North facing.",1,111,8,0,none,26026.852428964252,545.5,0.34,3,2
500337,100337,Mumbai,Powai,3,1275.7,45138501.0,45146821.0,-0.02,+91-9154552980,"3BHK independent unit in Powai society, floor 7. Immediate possession available.",1,77,12,0,none,35383.31974602179,425.23333333333335,0.02,3,1
500913,100913,Mumbai,Kandivali East,3,982.7,16173764.0,17127632.0,-5.57,+91-9127259950,"Newly renovated 3BHK, Kandivali East. Family-friendly society with amenities. 11 yrs old.",1,178,8,0,none,16458.49598046199,327.56666666666666,5.57,7,1
501494,101494,Bangalore,Koramangala,1,452.4,8462360.0,8386268.0,0.91,+91-9753264477,"Premium 1BHK apartment at Koramangala, Regional Builders Ltd project. RERA approved. 20 yrs old, East facing.",1,138,10,0,none,18705.481874447392,452.4,0.91,4,1
500473,100473,Mumbai,Malad West,2,916.9,23166996.0,21796503.0,6.29,+91-9635216382,"Premium 2BHK apartment at Malad West, Runwal Group project. RERA approved. 3 yrs old, East facing.",1,169,8,0,none,25266.655033264262,458.45,6.29,6,1
500902,100902,Mumbai,Kandivali East,2,933.3,16683124.0,16061070.0,3.87,+91-9379130751,"2BHK independent unit in Kandivali East society, floor 1. Immediate possession available.",1,87,10,0,none,17875.41412193293,466.65,3.87,11,1
501699,101699,Bangalore,Electronic City,3,1347.8,9985165.0,9951954.0,0.33,+91-9671703564,"Beautiful 3BHK near Electronic City main road, built by Sobha Ltd. Vastu compliant, West facing.",1,36,7,0,none,7408.491615966761,449.26666666666665,0.33,7,1
500885,100885,Mumbai,Kandivali East,2,829.6,14485037.0,13764710.0,5.23,+91-9974404636,"2BHK flat in prime Kandivali East location. Negotiable price, urgent sale. South facing, floor 22.",1,58,2,1,duplicate_listing,17460.266393442624,414.8,5.23,5,2
500478,100478,Mumbai,Malad West,3,1152.1,19479772.0,18937541.0,2.86,+91-9230913958,"Newly renovated 3BHK, Malad West. Family-friendly society with amenities. 22 yrs old.",1,93,7,0,none,16908.0565923097,384.0333333333333,2.86,11,1
502219,102219,Bangalore,Yelahanka,2,793.6,7235279.0,7269930.0,-0.48,+91-9249410037,"Spacious 2BHK in Prime Location, close to metro & schools. Ready to move. Floor 5, North facing.",1,118,3,1,recycled_description,9117.035030241936,396.8,0.48,4,57
502263,102263,Bangalore,Yelahanka,4,1693.2,22411661.0,15338455.0,46.11,+91-9709846013,"4BHK flat in prime Yelahanka location. Negotiable price, urgent sale. West facing, floor 20.",1,86,7,1,price_manipulation,13236.275100401606,423.3,46.11,11,1
500133,100133,Mumbai,Andheri West,3,1006.0,21478025.0,21514251.0,-0.17,+91-9913525108,Well-ventilated 3BHK for sale in Andheri West. Great connectivity. Floor 1 of the tower.,1,139,5,0,none,21349.9254473161,335.3333333333333,0.17,4,2
502267,102267,Bangalore,Yelahanka,1,486.1,3490190.0,3352821.0,4.1,+91-9474223729,"1BHK flat in prime Yelahanka location. Negotiable price, urgent sale. West facing, floor 15.",1,166,6,0,none,7179.983542480971,486.1,4.1,9,2
501348,101348,Bangalore,Whitefield,2,776.7,8463217.0,8477528.0,-0.17,+91-9181270264,Well-ventilated 2BHK for sale in Whitefield. Great connectivity. Floor 3 of the tower.,1,2,2,0,none,10896.378267027165,388.35,0.17,10,1
500982,100982,Mumbai,Goregaon West,2,761.2,18898528.0,17819690.0,6.05,+91-9925450994,"Beautiful 2BHK near Goregaon West main road, built by Lodha Group. Vastu compliant, West facing.",1,146,4,0,none,24827.28323699422,380.6,6.05,8,1
501234,101234,Bangalore,Indiranagar,1,393.6,7074619.0,7127969.0,-0.75,+91-9210602891,"Newly renovated 1BHK, Indiranagar. Family-friendly society with amenities. 22 yrs old.",1,101,13,0,none,17974.13363821138,393.6,0.75,7,1
501973,101973,Bangalore,JP Nagar,3,1167.0,12871246.0,13047068.0,-1.35,+91-9651652452,"Premium 3BHK apartment at JP Nagar, Oberoi Realty project. RERA approved. 18 yrs old, West facing.",1,37,10,0,none,11029.345329905742,389.0,1.35,8,1
501150,101150,Mumbai,Dombivli,3,1121.6,12261864.0,12300321.0,-0.31,+91-9605471506,"Premium 3BHK apartment at Dombivli, Sobha Ltd project. RERA approved. 17 yrs old, North facing.",1,177,11,0,none,10932.47503566334,373.8666666666666,0.31,11,1
501891,101891,Bangalore,Hebbal,1,452.0,6841501.0,6590888.0,3.8,+91-9955844374,"Spacious 1BHK in Hebbal, close to metro & schools. Ready to move. Floor 11, West facing.",1,112,8,0,none,15136.064159292035,452.0,3.8,11,1
500257,100257,Mumbai,Powai,2,865.0,22244725.0,21480822.0,3.56,+91-9519256030,"Premium 2BHK apartment at Powai, Sobha Ltd project. RERA approved. 8 yrs old, South facing.",1,154,2,0,none,25716.445086705204,432.5,3.56,5,1
500551,100551,Mumbai,Thane West,4,1962.3,29130372.0,29980019.0,-2.83,+91-9999262332,"Spacious 4BHK in Thane West, close to metro & schools. Ready to move. Floor 4, South facing.",1,110,12,0,none,14845.014523773123,490.575,2.83,7,1
502266,102266,Bangalore,Yelahanka,3,1348.8,12811590.0,12583063.0,1.82,+91-9382961741,"3BHK independent unit in Yelahanka society, floor 18. Immediate possession available.",1,111,4,1,scam_ring_broker,9498.509786476869,449.59999999999997,1.82,19,1
500899,100899,Mumbai,Kandivali East,3,1054.0,18389066.0,17484816.0,5.17,+91-9848220623,"3BHK flat in prime Kandivali East location. Negotiable price, urgent sale. South facing, floor 4.",1,20,6,0,none,17446.931688804554,351.3333333333333,5.17,8,1
500290,100290,Mumbai,Powai,4,1899.1,35416779.0,35095402.0,0.92,+91-9221326291,"Spacious 4BHK in Powai, close to metro & schools. Ready to move. Floor 6, South facing.",1,41,8,0,none,18649.243852351115,474.775,0.92,7,1
501862,101862,Bangalore,Hebbal,2,931.4,14812709.0,15174146.0,-2.38,+91-9558811728,Well-ventilated 2BHK for sale in Hebbal. Great connectivity. Floor 13 of the tower.,1,119,4,0,none,15903.703027700236,465.7,2.38,5,1
500778,100778,Mumbai,Chembur,1,127.2,9265381.0,9190101.0,0.82,+91-9612747232,"Premium 1BHK apartment at Chembur, Regional Builders Ltd project. RERA approved. 19 yrs old, East facing.",1,16,1,1,fake_listing,72841.04559748428,127.2,0.82,5,1
501792,101792,Bangalore,Electronic City,2,748.5,5676321.0,5766215.0,-1.56,+91-9368378778,"Spacious 2BHK in Electronic City, close to metro & schools. Ready to move. Floor 14, North facing.",1,135,7,0,none,7583.595190380762,374.25,1.56,12,1
500054,100054,Mumbai,Bandra West,1,426.8,17368998.0,16935399.0,2.56,+91-9953311654,"1BHK independent unit in Bandra West society, floor 17. Immediate possession available.",1,28,8,0,none,40695.87160262418,426.8,2.56,5,1
500558,100558,Mumbai,Thane West,2,840.3,12523684.0,12794879.0,-2.12,+91-9536808015,Well-ventilated 2BHK for sale in Thane West. Great connectivity. Floor 9 of the tower.,1,61,9,0,none,14903.824824467452,420.15,2.12,5,1
500041,100041,Mumbai,Bandra West,2,945.4,42112653.0,42609668.0,-1.17,+91-9709846013,Well-ventilated 2BHK for sale in Bandra West. Great connectivity. Floor 5 of the tower.,1,71,13,0,none,44544.79902686694,472.7,1.17,11,1
501521,101521,Bangalore,Koramangala,1,530.2,14343028.0,14358243.0,-0.11,+91-9917892784,Well-ventilated 1BHK for sale in Koramangala. Great connectivity. Floor 5 of the tower.,1,29,3,0,none,27052.108638249716,530.2,0.11,6,1
501173,101173,Mumbai,Dombivli,3,1279.9,16121473.0,15806037.0,2.0,+91-9171121783,Well-ventilated 3BHK for sale in Dombivli. Great connectivity. Floor 19 of the tower.,1,110,12,0,none,12595.884834752715,426.6333333333334,2.0,3,3
500262,100262,Mumbai,Powai,2,796.0,15235842.0,15145570.0,0.6,+91-9460898286,"2BHK independent unit in Powai society, floor 7. Immediate possession available.",1,80,7,0,none,19140.50502512563,398.0,0.6,9,2
501394,101394,Bangalore,Whitefield,4,2179.2,21965274.0,22479784.0,-2.29,+91-9235179755,"Spacious 4BHK in Whitefield, close to metro & schools. Ready to move. Floor 1, North facing.",1,152,2,0,none,10079.51266519824,544.8,2.29,5,1
500084,100084,Mumbai,Bandra West,1,459.6,23465130.0,23295281.0,0.73,+91-9122677183,"Newly renovated 1BHK, Bandra West. Family-friendly society with amenities. 5 yrs old.",1,85,12,0,none,51055.54830287206,459.6,0.73,9,1
501762,101762,Bangalore,Electronic City,1,455.0,2724046.0,2690991.0,1.23,+91-9547352752,"Premium 1BHK apartment at Electronic City, Local Developer Co project. RERA approved. 19 yrs old, North facing.",1,75,2,0,none,5986.914285714286,455.0,1.23,9,1
501084,101084,Mumbai,Dombivli,3,1161.4,12467530.0,12353332.0,0.92,+91-9692223472,"Beautiful 3BHK near Dombivli main road, built by Prestige Group. Vastu compliant, North facing.",1,139,11,0,none,10734.914758050627,387.1333333333334,0.92,5,1
502281,102281,Bangalore,Malleshwaram,3,1363.0,35585852.0,34702794.0,2.54,+91-9297085007,"Spacious 3BHK in Malleshwaram, close to metro & schools. Ready to move. Floor 21, West facing.",1,162,13,0,none,26108.475421863535,454.3333333333333,2.54,9,1
501691,101691,Bangalore,Electronic City,3,985.4,7210354.0,7220230.0,-0.14,+91-9657093714,"Beautiful 3BHK near Electronic City main road, built by Regional Builders Ltd. Vastu compliant, West facing.",1,151,12,1,duplicate_listing,7317.184899533185,328.46666666666664,0.14,10,3
500031,100031,Mumbai,Bandra West,4,1505.1,59853478.0,61429845.0,-2.57,+91-9903652981,"Premium 4BHK apartment at Bandra West, Local Developer Co project. RERA approved. 10 yrs old, East facing.",0,169,4,1,scam_ring_broker,39767.11049099728,376.275,2.57,14,1
501459,101459,Bangalore,Koramangala,2,818.7,17599939.0,17890892.0,-1.63,+91-9722828907,"Spacious 2BHK in Koramangala, close to metro & schools. Ready to move. Floor 8, South facing.",1,43,3,0,none,21497.421521925004,409.35,1.63,7,1
502242,102242,Bangalore,Yelahanka,2,908.5,7007212.0,7013244.0,-0.09,+91-9984992798,"Spacious 2BHK in Yelahanka, close to metro & schools. Ready to move. Floor 17, West facing.",1,149,4,0,none,7712.946615299945,454.25,0.09,7,1
502413,100565,Mumbai,Thane West,3,1229.9,16071580.0,18177438.0,-11.59,+91-9242257447,"3BHK flat in prime Thane West location. Negotiable price, urgent sale. North facing, floor 16.",1,10,6,1,duplicate_listing,13067.387592487194,409.9666666666667,11.59,6,2
502187,102187,Bangalore,Yelahanka,3,1129.8,7787832.0,7486985.0,4.02,+91-9768490675,"Beautiful 3BHK near Yelahanka main road, built by Regional Builders Ltd. Vastu compliant, West facing.",0,39,13,0,none,6893.106744556559,376.59999999999997,4.02,9,2
501021,101021,Mumbai,Goregaon West,3,998.3,22408315.0,22103709.0,1.38,+91-9779522429,"Premium 3BHK apartment at Goregaon West, Kolte-Patil project. RERA approved. 1 yrs old, East facing.",1,92,3,0,none,22446.47400580988,332.76666666666665,1.38,5,1
502174,102174,Bangalore,Yelahanka,4,1535.0,12955629.0,12588615.0,2.92,+91-9955844374,"Premium 4BHK apartment at Yelahanka, Brigade Group project. RERA approved. 11 yrs old, South facing.",1,162,9,0,none,8440.149185667753,383.75,2.92,11,1
501599,101599,Bangalore,HSR Layout,3,1233.2,21371507.0,22497200.0,-5.0,+91-9122677183,"Spacious 2BHK in Prime Location, close to metro & schools. Ready to move. Floor 5, North facing.",1,29,14,1,recycled_description,17330.1224456698,411.06666666666666,5.0,9,57
501207,101207,Bangalore,Indiranagar,1,503.6,13391561.0,13190804.0,1.52,+91-9918972603,"1BHK independent unit in Indiranagar society, floor 10. Immediate possession available.",1,112,4,0,none,26591.662033359808,503.6,1.52,8,1
502366,102366,Bangalore,Malleshwaram,1,437.6,9276747.0,9134559.0,1.56,+91-9500568674,Well-ventilated 1BHK for sale in Malleshwaram. Great connectivity. Floor 22 of the tower.,1,12,5,0,none,21199.147623400364,437.6,1.56,8,1
500049,100049,Mumbai,Bandra West,2,698.4,26763128.0,27074102.0,-1.15,+91-9693347505,"Newly renovated 2BHK, Bandra West. Family-friendly society with amenities. 13 yrs old.",1,167,11,0,none,38320.630011454756,349.2,1.15,9,1
502320,102320,Bangalore,Malleshwaram,2,789.1,15227520.0,16964126.0,-10.24,+91-9319586317,"Beautiful 2BHK near Malleshwaram main road, built by Puravankara. Vastu compliant, South facing.",1,28,8,0,none,19297.32606767203,394.55,10.24,5,1
500894,100894,Mumbai,Kandivali East,2,704.1,14498932.0,14495952.0,0.02,+91-9918261381,"Premium 2BHK apartment at Kandivali East, Oberoi Realty project. RERA approved. 2 yrs old, South facing.",1,113,7,0,none,20592.148842493963,352.05,0.02,6,1
500154,100154,Mumbai,Andheri West,2,818.9,27516823.0,26884241.0,2.35,+91-9772023667,"Beautiful 2BHK near Andheri West main road, built by Local Developer Co. Vastu compliant, North facing.",0,101,14,0,none,33602.177311026986,409.45,2.35,8,1
500395,100395,Mumbai,Malad West,3,1264.2,26198806.0,26637995.0,-1.65,+91-9606563439,"3BHK flat in prime Malad West location. Negotiable price, urgent sale. North facing, floor 24.",1,146,14,0,none,20723.62442651479,421.40000000000003,1.65,5,1
501148,101148,Mumbai,Dombivli,1,420.2,5113184.0,5181022.0,-1.31,+91-9903652981,"1BHK flat in prime Dombivli location. Negotiable price, urgent sale. North facing, floor 23.",1,60,5,1,scam_ring_broker,12168.453117563065,420.2,1.31,14,1
501159,101159,Mumbai,Dombivli,1,436.2,5642356.0,5554054.0,1.59,+91-9715315935,"Beautiful 1BHK near Dombivli main road, built by Sobha Ltd. Vastu compliant, East facing.",1,115,4,0,none,12935.249885373682,436.2,1.59,8,1
500269,100269,Mumbai,Powai,3,1099.0,32561959.0,33095773.0,-1.61,+91-9127259950,"3BHK independent unit in Powai society, floor 19. Immediate possession available.",1,43,6,0,none,29628.716105550502,366.3333333333333,1.61,7,1
500386,100386,Mumbai,Malad West,2,689.0,14945395.0,15761543.0,-5.18,+91-9928969240,"Premium 2BHK apartment at Malad West, Oberoi Realty project. RERA approved. 8 yrs old, North facing.",1,125,9,0,none,21691.42960812772,344.5,5.18,8,1
501245,101245,Bangalore,Indiranagar,3,971.0,24300717.0,24910460.0,-2.45,+91-9845663635,"Beautiful 3BHK near Indiranagar main road, built by Kolte-Patil. Vastu compliant, East facing.",1,121,12,0,none,25026.4850669413,323.6666666666667,2.45,10,1
500042,100042,Mumbai,Bandra West,1,404.4,21027567.0,20538154.0,2.38,+91-9646178083,"Beautiful 1BHK near Bandra West main road, built by Kolte-Patil. Vastu compliant, West facing.",1,107,4,0,none,51996.95103857567,404.4,2.38,7,1
501966,101966,Bangalore,JP Nagar,2,805.4,9878813.0,10024597.0,-1.45,+91-9674874968,"Beautiful 2BHK near JP Nagar main road, built by Prestige Group. Vastu compliant, East facing.",1,95,10,0,none,12265.72262229948,402.7,1.45,6,1
500598,100598,Mumbai,Thane West,2,916.0,17965711.0,17441937.0,3.0,+91-9617846911,"2BHK flat in prime Thane West location. Negotiable price, urgent sale. North facing, floor 1.",1,85,6,0,none,19613.221615720526,458.0,3.0,11,1
501090,101090,Mumbai,Dombivli,3,1190.0,13838608.0,13908344.0,-0.5,+91-9460898286,"Newly renovated 3BHK, Dombivli. Family-friendly society with amenities. 12 yrs old.",1,34,3,0,none,11629.082352941177,396.6666666666667,0.5,9,1
500681,100681,Mumbai,Mulund West,3,1304.0,23864487.0,24128161.0,-1.09,+91-9678587710,"Premium 3BHK apartment at Mulund West, Prestige Group project. RERA approved. 23 yrs old, North facing.",1,93,2,0,none,18300.986963190186,434.6666666666667,1.09,8,1
502184,102184,Bangalore,Yelahanka,2,763.8,5100503.0,5262240.0,-3.07,+91-9753264477,"2BHK flat in prime Yelahanka location. Negotiable price, urgent sale. North facing, floor 12.",1,41,6,0,none,6677.799162084316,381.9,3.07,4,1
500525,100525,Mumbai,Thane West,3,1370.9,16685970.0,16043659.0,4.0,+91-9635216382,"Beautiful 3BHK near Thane West main road, built by Puravankara. Vastu compliant, East facing.",1,51,11,0,none,12171.544241009555,456.9666666666667,4.0,6,2
501531,101531,Bangalore,Koramangala,3,1107.7,23940252.0,23788030.0,0.64,+91-9768490675,"3BHK independent unit in Koramangala society, floor 15. Immediate possession available.",1,21,5,0,none,21612.577412656854,369.23333333333335,0.64,9,1
501898,101898,Bangalore,Hebbal,3,1078.0,14139913.0,13617487.0,3.84,+91-9862435220,"Premium 3BHK apartment at Hebbal, Prestige Group project. RERA approved. 8 yrs old, West facing.",1,59,12,0,none,13116.802411873841,359.3333333333333,3.84,5,1
501972,101972,Bangalore,JP Nagar,1,439.2,6534143.0,6446584.0,1.36,+91-9638496599,"Spacious 2BHK in Prime Location, close to metro & schools. Ready to move. Floor 5, North facing.",1,65,3,1,recycled_description,14877.374772313296,439.2,1.36,6,57
501769,101769,Bangalore,Electronic City,3,1267.9,9783125.0,10280640.0,-4.84,+91-9374488493,"3BHK independent unit in Electronic City society, floor 24. Immediate possession available.",1,105,12,0,none,7716.006782869311,422.6333333333334,4.84,6,1
502371,102371,Bangalore,Malleshwaram,3,996.6,20659746.0,20844107.0,-0.88,+91-9567563337,"Beautiful 3BHK near Malleshwaram main road, built by Brigade Group. Vastu compliant, North facing.",1,34,9,0,none,20730.22877784467,332.2,0.88,4,1
502139,102139,Bangalore,Sarjapur Road,3,1239.7,16283565.0,15717540.0,3.6,+91-9102889776,"3BHK independent unit in Sarjapur Road society, floor 19. Immediate possession available.",1,151,13,0,none,13135.085101234168,413.23333333333335,3.6,6,1
501017,101017,Mumbai,Goregaon West,3,1384.1,39606502.0,38055267.0,4.08,+91-9404794074,"Spacious 3BHK in Goregaon West, close to metro & schools. Ready to move. Floor 5, East facing.",1,142,3,0,none,28615.34715699733,461.3666666666666,4.08,7,1
501876,101876,Bangalore,Hebbal,2,846.8,11878773.0,11867968.0,0.09,+91-9178723043,"2BHK independent unit in Hebbal society, floor 19. Immediate possession available.",1,131,12,0,none,14027.83774208786,423.4,0.09,6,2
502288,102288,Bangalore,Malleshwaram,1,442.6,8741363.0,8942864.0,-2.25,+91-9625107845,"Newly renovated 1BHK, Malleshwaram. Family-friendly society with amenities. 23 yrs old.",1,52,5,0,none,19750.029371893357,442.6,2.25,7,1
501581,101581,Bangalore,HSR Layout,2,870.7,15798785.0,15696282.0,0.65,+91-9179308582,"2BHK independent unit in HSR Layout society, floor 23. Immediate possession available.",1,160,9,0,none,18144.923624669806,435.35,0.65,14,1
501904,101904,Bangalore,Hebbal,4,2084.8,25693103.0,24721945.0,3.93,+91-9563399937,"4BHK flat in prime Hebbal location. Negotiable price, urgent sale. East facing, floor 1.",1,177,2,0,none,12324.013334612431,521.2,3.93,2,1
500226,100226,Mumbai,Andheri West,1,460.6,13666428.0,13518030.0,1.1,+91-9526162016,"1BHK independent unit in Andheri West society, floor 1. Immediate possession available.",1,157,12,0,none,29670.924880590534,460.6,1.1,7,1
502325,102325,Bangalore,Malleshwaram,2,927.3,22120106.0,22879869.0,-3.32,+91-9965215759,"2BHK flat in prime Malleshwaram location. Negotiable price, urgent sale. North facing, floor 8.",1,57,2,0,none,23854.314677019305,463.65,3.32,6,1
502286,102286,Bangalore,Malleshwaram,2,659.4,16146651.0,15765374.0,2.42,+91-9477013285,"2BHK flat in prime Malleshwaram location. Negotiable price, urgent sale. West facing, floor 10.",1,5,9,0,none,24486.883530482257,329.7,2.42,4,1
502355,102355,Bangalore,Malleshwaram,2,689.8,13950968.0,13607547.0,2.52,+91-9436959477,"2BHK independent unit in Malleshwaram society, floor 6. Immediate possession available.",1,71,7,0,none,20224.65642215135,344.9,2.52,6,3
501777,101777,Bangalore,Electronic City,2,811.0,8854242.0,8577534.0,3.23,+91-9320036460,"2BHK independent unit in Electronic City society, floor 21. Immediate possession available.",1,172,5,0,none,10917.684340320591,405.5,3.23,4,1
502450,101710,Bangalore,Electronic City,3,956.9,11901899.0,10287009.0,15.7,+91-9913525108,"3BHK flat in prime Electronic City location. Negotiable price, urgent sale. West facing, floor 10.",1,17,3,1,duplicate_listing,12437.975755042324,318.96666666666664,15.7,4,2
501361,101361,Bangalore,Whitefield,2,790.9,11264104.0,11731750.0,-3.99,+91-9375993541,"Spacious 2BHK in Prime Location, close to metro & schools. Ready to move. Floor 5, North facing.",1,7,8,1,recycled_description,14242.134277405488,395.45,3.99,6,57
501257,101257,Bangalore,Indiranagar,2,655.1,18975326.0,18295801.0,3.71,+91-9352768024,Well-ventilated 2BHK for sale in Indiranagar. Great connectivity. Floor 15 of the tower.,1,69,10,0,none,28965.541138757442,327.55,3.71,12,1
502383,102383,Bangalore,Malleshwaram,2,733.5,17365935.0,17290106.0,0.44,+91-9182346044,"2BHK flat in prime Malleshwaram location. Negotiable price, urgent sale. South facing, floor 13.",1,97,8,0,none,23675.439672801636,366.75,0.44,9,1
501618,101618,Bangalore,HSR Layout,2,917.7,17279190.0,17302384.0,-0.13,+91-9755096065,"Spacious 2BHK in HSR Layout, close to metro & schools. Ready to move. Floor 18, West facing.",1,165,11,0,none,18828.800261523375,458.85,0.13,7,1
500206,100206,Mumbai,Andheri West,4,1590.8,48286808.0,49739245.0,-2.92,+91-9665615752,"Newly renovated 4BHK, Andheri West. Family-friendly society with amenities. 3 yrs old.",1,128,9,0,none,30353.78928840835,397.7,2.92,11,1
501028,101028,Mumbai,Goregaon West,3,1098.7,27016414.0,26616519.0,1.5,+91-9857727504,"Newly renovated 3BHK, Goregaon West. Family-friendly society with amenities. 9 yrs old.",1,62,11,0,none,24589.43660689906,366.23333333333335,1.5,9,1
502215,102215,Bangalore,Yelahanka,2,676.7,4669660.0,4918471.0,-5.06,+91-9520957194,Well-ventilated 2BHK for sale in Yelahanka. Great connectivity. Floor 21 of the tower.,1,149,12,0,none,6900.635436677996,338.35,5.06,8,1
501396,101396,Bangalore,Whitefield,3,1246.4,6536510.0,13774345.0,-52.55,+91-9198143259,"Spacious 3BHK in Whitefield, close to metro & schools. Ready to move. Floor 3, West facing.",1,10,6,1,price_manipulation,5244.311617458279,415.4666666666667,52.55,7,2
501328,101328,Bangalore,Whitefield,1,494.8,6493886.0,6611327.0,-1.78,+91-9122677183,"1BHK flat in prime Whitefield location. Negotiable price, urgent sale. West facing, floor 6.",1,62,8,0,none,13124.264349232013,494.8,1.78,9,1
501047,101047,Mumbai,Goregaon West,1,380.6,7807673.0,8000449.0,-2.41,+91-9320036460,Well-ventilated 1BHK for sale in Goregaon West. Great connectivity. Floor 16 of the tower.,1,39,14,0,none,20514.11718339464,380.6,2.41,4,1
500694,100694,Mumbai,Mulund West,2,717.6,9793772.0,16080853.0,-39.1,+91-9294762416,"Spacious 2BHK in Mulund West, close to metro & schools. Ready to move. Floor 8, North facing.",0,53,14,1,price_manipulation,13647.954292084727,358.8,39.1,9,1
501692,101692,Bangalore,Electronic City,2,873.7,7000751.0,7082841.0,-1.16,+91-9323311439,"Premium 2BHK apartment at Electronic City, Oberoi Realty project. RERA approved. 21 yrs old, East facing.",1,90,12,0,none,8012.762962115142,436.85,1.16,8,1
501956,101956,Bangalore,JP Nagar,2,818.3,12041711.0,11993890.0,0.4,+91-9520957194,"2BHK flat in prime JP Nagar location. Negotiable price, urgent sale. East facing, floor 17.",1,118,4,0,none,14715.521202492973,409.15,0.4,8,1
501424,101424,Bangalore,Whitefield,4,2058.9,30522342.0,31040249.0,-1.67,+91-9152236081,"4BHK independent unit in Whitefield society, floor 7. Immediate possession available.",1,20,9,0,none,14824.586915343143,514.725,1.67,5,1
501187,101187,Mumbai,Dombivli,2,808.5,8618994.0,8406162.0,2.53,+91-9928969240,"Premium 2BHK apartment at Dombivli, Sobha Ltd project. RERA approved. 14 yrs old, East facing.",1,5,9,0,none,10660.474953617811,404.25,2.53,8,1
501370,101370,Bangalore,Whitefield,3,1263.9,16379365.0,16078753.0,1.87,+91-9857727504,"Spacious 3BHK in Whitefield, close to metro & schools. Ready to move. Floor 22, South facing.",1,109,2,0,none,12959.383653770075,421.3,1.87,9,1
501174,101174,Mumbai,Dombivli,2,790.7,6939091.0,7124209.0,-2.6,+91-9905922775,"Newly renovated 2BHK, Dombivli. Family-friendly society with amenities. 16 yrs old.",1,38,7,0,none,8775.883394460605,395.35,2.6,11,1
501536,101536,Bangalore,Koramangala,2,705.7,6852597.0,15345556.0,-55.34,+91-9696472636,"2BHK independent unit in Koramangala society, floor 6. Immediate possession available.",1,141,9,1,price_manipulation,9710.354258183363,352.85,55.34,8,1
501610,101610,Bangalore,HSR Layout,2,925.9,13724125.0,13371340.0,2.64,+91-9880546047,"2BHK independent unit in HSR Layout society, floor 15. Immediate possession available.",1,41,12,1,scam_ring_broker,14822.470029160817,462.95,2.64,18,1
501783,101783,Bangalore,Electronic City,3,1040.1,9446087.0,9327970.0,1.27,+91-9856959104,"Beautiful 3BHK near Electronic City main road, built by Sobha Ltd. Vastu compliant, South facing.",1,131,13,0,none,9081.902701663303,346.7,1.27,7,1
501538,101538,Bangalore,Koramangala,2,947.5,24515205.0,23788600.0,3.05,+91-9923917956,Well-ventilated 2BHK for sale in Koramangala. Great connectivity. Floor 8 of the tower.,1,141,10,0,none,25873.5672823219,473.75,3.05,8,1
500158,100158,Mumbai,Andheri West,2,869.5,25334732.0,25394725.0,-0.24,+91-9646178083,Well-ventilated 2BHK for sale in Andheri West. Great connectivity. Floor 9 of the tower.,1,69,2,0,none,29137.12708453134,434.75,0.24,7,1
501672,101672,Bangalore,HSR Layout,2,812.3,11901300.0,11914152.0,-0.11,+91-9974611178,"Spacious 2BHK in HSR Layout, close to metro & schools. Ready to move. Floor 19, West facing.",1,67,14,0,none,14651.360334851657,406.15,0.11,8,1
501185,101185,Mumbai,Dombivli,3,1070.2,12744235.0,12464627.0,2.24,+91-9674874968,Well-ventilated 3BHK for sale in Dombivli. Great connectivity. Floor 21 of the tower.,1,156,6,0,none,11908.27415436367,356.73333333333335,2.24,6,1
500306,100306,Mumbai,Powai,2,749.8,18465678.0,18083276.0,2.11,+91-9201445292,"2BHK independent unit in Powai society, floor 10. Immediate possession available.",1,82,3,0,none,24627.471325686853,374.9,2.11,5,1
500657,100657,Mumbai,Mulund West,2,776.2,18716979.0,18794606.0,-0.41,+91-9862417905,"2BHK independent unit in Mulund West society, floor 15. Immediate possession available.",1,59,9,0,none,24113.60345271837,388.1,0.41,3,1
500400,100400,Mumbai,Malad West,3,1180.7,22870186.0,21670963.0,5.53,+91-9876528310,"Beautiful 3BHK near Malad West main road, built by Regional Builders Ltd. Vastu compliant, West facing.",1,99,5,0,none,19370.022867790292,393.56666666666666,5.53,8,1
500799,100799,Mumbai,Chembur,4,2006.7,53816343.0,51448193.0,4.6,+91-9145638681,"4BHK flat in prime Chembur location. Negotiable price, urgent sale. West facing, floor 7.",1,8,11,0,none,26818.330094184483,501.675,4.6,7,1
502323,102323,Bangalore,Malleshwaram,3,1035.0,21365577.0,22654544.0,-5.69,+91-9879911141,Well-ventilated 3BHK for sale in Malleshwaram. Great connectivity. Floor 11 of the tower.,0,23,13,0,none,20643.069565217393,345.0,5.69,9,1
500619,100619,Mumbai,Mulund West,2,677.0,21373654.0,20057556.0,6.56,+91-9291617375,"Premium 2BHK apartment at Mulund West, Lodha Group project. RERA approved. 11 yrs old, South facing.",1,143,10,0,none,31571.12850812408,338.5,6.56,6,1
501991,101991,Bangalore,JP Nagar,1,449.8,5981824.0,6414458.0,-6.74,+91-9379008912,"1BHK independent unit in JP Nagar society, floor 16. Immediate possession available.",1,1,4,0,none,13298.8528234771,449.8,6.74,8,1
500509,100509,Mumbai,Thane West,2,716.1,9459299.0,10033809.0,-5.73,+91-9856959104,"Spacious 2BHK in Thane West, close to metro & schools. Ready to move. Floor 3, East facing.",1,171,5,0,none,13209.466554950426,358.05,5.73,7,1
502068,102068,Bangalore,Sarjapur Road,2,794.4,7427449.0,7261333.0,2.29,+91-9519361576,"Spacious 2BHK in Sarjapur Road, close to metro & schools. Ready to move. Floor 4, West facing.",1,177,2,1,scam_ring_broker,9349.759566968782,397.2,2.29,6,1
500737,100737,Mumbai,Chembur,1,437.8,11939845.0,12050123.0,-0.92,+91-9469859753,Well-ventilated 1BHK for sale in Chembur. Great connectivity. Floor 16 of the tower.,1,60,5,0,none,27272.37322978529,437.8,0.92,6,1
501658,101658,Bangalore,HSR Layout,1,529.6,9096232.0,8783572.0,3.56,+91-9665615752,"Premium 1BHK apartment at HSR Layout, Local Developer Co project. RERA approved. 2 yrs old, West facing.",1,108,14,1,duplicate_listing,17175.664652567975,529.6,3.56,11,2
500275,100275,Mumbai,Powai,1,435.7,12620206.0,13299325.0,-5.11,+91-9860566887,"Newly renovated 1BHK, Powai. Family-friendly society with amenities. 9 yrs old.",1,59,8,0,none,28965.35689694744,435.7,5.11,7,1
502289,102289,Bangalore,Malleshwaram,3,1012.9,20122804.0,19623536.0,2.54,+91-9961088337,"Premium 3BHK apartment at Malleshwaram, Sobha Ltd project. RERA approved. 19 yrs old, South facing.",1,113,10,0,none,19866.525816961203,337.6333333333333,2.54,9,1
500868,100868,Mumbai,Kandivali East,3,1158.2,18323886.0,18719742.0,-2.11,+91-9579730015,"Beautiful 3BHK near Kandivali East main road, built by Prestige Group. Vastu compliant, West facing.",1,58,6,0,none,15821.003280953202,386.06666666666666,2.11,14,1
500460,100460,Mumbai,Malad West,3,1071.5,20751733.0,21052775.0,-1.43,+91-9711850666,"Newly renovated 3BHK, Malad West. Family-friendly society with amenities. 19 yrs old.",1,123,6,0,none,19366.993000466635,357.1666666666667,1.43,8,3
501938,101938,Bangalore,JP Nagar,2,751.9,9273586.0,9035786.0,2.63,+91-9323712795,Well-ventilated 2BHK for sale in JP Nagar. Great connectivity. Floor 3 of the tower.,1,106,12,0,none,12333.53637451789,375.95,2.63,9,1
500063,100063,Mumbai,Bandra West,2,791.0,33068170.0,34316044.0,-3.64,+91-9144249588,"Newly renovated 2BHK, Bandra West. Family-friendly society with amenities. 16 yrs old.",0,166,6,0,none,41805.52465233881,395.5,3.64,14,2
500600,100600,Mumbai,Thane West,3,1317.1,17192116.0,17376551.0,-1.06,+91-9860566887,"Beautiful 3BHK near Thane West main road, built by Puravankara. Vastu compliant, East facing.",1,123,7,0,none,13053.007364664794,439.0333333333333,1.06,7,2
501468,101468,Bangalore,Koramangala,4,2187.1,46673942.0,48760204.0,-4.28,+91-9779522429,"4BHK flat in prime Koramangala location. Negotiable price, urgent sale. South facing, floor 17.",1,107,13,0,none,21340.561474098122,546.775,4.28,5,1
500860,100860,Mumbai,Kandivali East,3,1074.1,17722226.0,18117276.0,-2.18,+91-9379008912,"Spacious 3BHK in Kandivali East, close to metro & schools. Ready to move. Floor 21, North facing.",1,65,13,0,none,16499.605250907738,358.0333333333333,2.18,8,1
500458,100458,Mumbai,Malad West,1,513.8,8852691.0,8514852.0,3.97,+91-9848220623,Well-ventilated 1BHK for sale in Malad West. Great connectivity. Floor 18 of the tower.,1,32,11,0,none,17229.83845854418,513.8,3.97,8,1
501426,101426,Bangalore,Whitefield,3,982.9,14929572.0,14673227.0,1.75,+91-9112844070,"Spacious 3BHK in Whitefield, close to metro & schools. Ready to move. Floor 3, West facing.",1,148,3,0,none,15189.3091870994,327.6333333333333,1.75,4,2
501118,101118,Mumbai,Dombivli,4,2085.7,20278008.0,21335086.0,-4.95,+91-9149588302,Well-ventilated 4BHK for sale in Dombivli. Great connectivity. Floor 24 of the tower.,0,101,6,0,none,9722.399194515032,521.425,4.95,7,1
500871,100871,Mumbai,Kandivali East,3,1379.7,26621966.0,27059216.0,-1.62,+91-9132112250,"Newly renovated 3BHK, Kandivali East. Family-friendly society with amenities. 18 yrs old.",1,102,7,0,none,19295.474378488077,459.90000000000003,1.62,7,1
500791,100791,Mumbai,Chembur,3,975.3,24478446.0,24555920.0,-0.32,+91-9950414459,"3BHK flat in prime Chembur location. Negotiable price, urgent sale. East facing, floor 24.",1,169,10,0,none,25098.37588434328,325.09999999999997,0.32,5,1
501307,101307,Bangalore,Indiranagar,3,969.8,24777053.0,24769074.0,0.03,+91-9207174695,"Beautiful 3BHK near Indiranagar main road, built by Runwal Group. Vastu compliant, North facing.",1,90,2,0,none,25548.621365229945,323.26666666666665,0.03,9,1
502194,102194,Bangalore,Yelahanka,3,1390.1,11976452.0,12430854.0,-3.66,+91-9737130537,"Premium 3BHK apartment at Yelahanka, Lodha Group project. RERA approved. 20 yrs old, North facing.",1,21,3,0,none,8615.532695489534,463.3666666666666,3.66,7,1
501372,101372,Bangalore,Whitefield,4,1809.8,27215180.0,26530783.0,2.58,+91-9918972603,"4BHK flat in prime Whitefield location. Negotiable price, urgent sale. West facing, floor 23.",1,32,6,0,none,15037.672671013372,452.45,2.58,8,1
501737,101737,Bangalore,Electronic City,1,429.7,4034678.0,4115134.0,-1.96,+91-9666659963,"Newly renovated 1BHK, Electronic City. Family-friendly society with amenities. 19 yrs old.",1,19,5,0,none,9389.522922969514,429.7,1.96,10,2
500761,100761,Mumbai,Chembur,4,1869.4,45244277.0,44894321.0,0.78,+91-9907492419,Well-ventilated 4BHK for sale in Chembur. Great connectivity. Floor 18 of the tower.,1,174,11,0,none,24202.566063977745,467.35,0.78,9,1
500955,100955,Mumbai,Kandivali East,2,348.4,13008276.0,12816570.0,1.5,+91-9455311360,"Spacious 2BHK in Kandivali East, close to metro & schools. Ready to move. Floor 1, East facing.",1,5,0,1,fake_listing,37337.18714121699,174.2,1.5,3,1
500651,100651,Mumbai,Mulund West,3,1075.4,19931129.0,19647021.0,1.45,+91-9508299192,"Spacious 3BHK in Mulund West, close to metro & schools. Ready to move. Floor 23, North facing.",1,7,3,0,none,18533.688859959082,358.4666666666667,1.45,10,1
501801,101801,Bangalore,Hebbal,1,413.7,5636100.0,5613108.0,0.41,+91-9974404636,"1BHK flat in prime Hebbal location. Negotiable price, urgent sale. West facing, floor 24.",1,59,12,0,none,13623.640319071792,413.7,0.41,5,1
502292,102292,Bangalore,Malleshwaram,2,802.2,15680923.0,15352806.0,2.14,+91-9242257447,"Premium 2BHK apartment at Malleshwaram, Kolte-Patil project. RERA approved. 15 yrs old, East facing.",1,35,10,0,none,19547.39840438793,401.1,2.14,6,1
500380,100380,Mumbai,Malad West,3,1345.6,28262920.0,28029523.0,0.83,+91-9152236081,"Premium 3BHK apartment at Malad West, Sobha Ltd project. RERA approved. 17 yrs old, West facing.",1,48,14,0,none,21003.95362663496,448.5333333333333,0.83,5,1
500565,100565,Mumbai,Thane West,3,1229.9,18214498.0,18177438.0,0.2,+91-9890369072,"3BHK flat in prime Thane West location. Negotiable price, urgent sale. North facing, floor 16.",1,142,6,1,duplicate_listing,14809.73900317099,409.9666666666667,0.2,7,2
501201,101201,Bangalore,Indiranagar,2,925.8,22360722.0,21788276.0,2.63,+91-9277554312,Well-ventilated 2BHK for sale in Indiranagar. Great connectivity. Floor 8 of the tower.,1,165,7,0,none,24152.864549578742,462.9,2.63,6,1
502226,102226,Bangalore,Yelahanka,3,965.2,9505397.0,9444755.0,0.64,+91-9956991811,Well-ventilated 3BHK for sale in Yelahanka. Great connectivity. Floor 23 of the tower.,1,89,2,0,none,9848.111272275175,321.73333333333335,0.64,7,1
500957,100957,Mumbai,Kandivali East,3,1109.4,18128711.0,18581423.0,-2.44,+91-9879558245,Well-ventilated 3BHK for sale in Kandivali East. Great connectivity. Floor 11 of the tower.,1,63,7,0,none,16341.00504777357,369.8,2.44,8,1
500742,100742,Mumbai,Chembur,2,900.7,22078363.0,21719326.0,1.65,+91-9379008912,"Spacious 2BHK in Chembur, close to metro & schools. Ready to move. Floor 4, North facing.",1,73,14,0,none,24512.449206172976,450.35,1.65,8,1
501438,101438,Bangalore,Whitefield,2,778.5,15512504.0,10829657.0,43.24,+91-9847042955,"Spacious 2BHK in Whitefield, close to metro & schools. Ready to move. Floor 22, South facing.",1,69,9,1,price_manipulation,19926.14515093128,389.25,43.24,6,1
500232,100232,Mumbai,Andheri West,1,457.9,13452070.0,13766886.0,-2.29,+91-9333060799,"Beautiful 1BHK near Andheri West main road, built by Brigade Group. Vastu compliant, East facing.",1,6,14,0,none,29377.746232801925,457.9,2.29,4,1
501759,101759,Bangalore,Electronic City,3,969.1,7976190.0,7644873.0,4.33,+91-9201445292,"3BHK flat in prime Electronic City location. Negotiable price, urgent sale. North facing, floor 10.",1,65,6,0,none,8230.512846971416,323.03333333333336,4.33,5,1
500383,100383,Mumbai,Malad West,2,913.7,17202047.0,17325198.0,-0.71,+91-9631349080,"Premium 2BHK apartment at Malad West, Puravankara project. RERA approved. 20 yrs old, South facing.",1,166,6,0,none,18826.799824887818,456.85,0.71,1,1
501764,101764,Bangalore,Electronic City,3,971.9,9619446.0,9725524.0,-1.09,+91-9218454233,"Beautiful 3BHK near Electronic City main road, built by Puravankara. Vastu compliant, West facing.",1,87,13,0,none,9897.5676509929,323.96666666666664,1.09,5,1
500073,100073,Mumbai,Bandra West,3,1042.6,59802893.0,59872357.0,-0.12,+91-9178723043,Well-ventilated 3BHK for sale in Bandra West. Great connectivity. Floor 12 of the tower.,1,30,4,0,none,57359.383272587766,347.5333333333333,0.12,6,1
501095,101095,Mumbai,Dombivli,3,1001.2,10812861.0,10526828.0,2.72,+91-9315607565,Well-ventilated 3BHK for sale in Dombivli. Great connectivity. Floor 22 of the tower.,1,67,10,0,none,10799.90111865761,333.73333333333335,2.72,5,2
501934,101934,Bangalore,JP Nagar,2,694.8,10682740.0,10528195.0,1.47,+91-9862417905,"Spacious 2BHK in JP Nagar, close to metro & schools. Ready to move. Floor 8, West facing.",1,2,6,0,none,15375.273459988486,347.4,1.47,3,1
502273,102273,Bangalore,Yelahanka,3,1056.0,10103690.0,9891884.0,2.14,+91-9922019374,"3BHK flat in prime Yelahanka location. Negotiable price, urgent sale. East facing, floor 4.",1,82,7,0,none,9567.888257575758,352.0,2.14,7,1
500172,100172,Mumbai,Andheri West,3,1132.9,31213562.0,30535492.0,2.22,+91-9149588302,"3BHK independent unit in Andheri West society, floor 21. Immediate possession available.",0,64,8,0,none,27551.91279018448,377.6333333333334,2.22,7,1
501506,101506,Bangalore,Koramangala,2,667.7,13958941.0,14336309.0,-2.63,+91-9497258017,"Premium 2BHK apartment at Koramangala, Regional Builders Ltd project. RERA approved. 0 yrs old, East facing.",1,1,12,0,none,20906.00718885727,333.85,2.63,5,1
500169,100169,Mumbai,Andheri West,3,1266.9,31530333.0,31550317.0,-0.06,+91-9598147616,"Spacious 3BHK in Andheri West, close to metro & schools. Ready to move. Floor 22, South facing.",1,68,11,0,none,24887.783566185175,422.3,0.06,9,1
501493,101493,Bangalore,Koramangala,1,540.3,12700851.0,12836362.0,-1.06,+91-9569049515,"Newly renovated 1BHK, Koramangala. Family-friendly society with amenities. 2 yrs old.",0,5,6,0,none,23507.034980566354,540.3,1.06,3,2
501347,101347,Bangalore,Whitefield,2,724.0,9861833.0,10163936.0,-2.97,+91-9519361576,"2BHK flat in prime Whitefield location. Negotiable price, urgent sale. West facing, floor 11.",1,169,2,1,scam_ring_broker,13621.31629834254,362.0,2.97,6,1
500273,100273,Mumbai,Powai,1,475.3,13615608.0,13217846.0,3.01,+91-9382961741,"Spacious 1BHK in Powai, close to metro & schools. Ready to move. Floor 14, East facing.",1,117,13,1,scam_ring_broker,28646.34546602146,475.3,3.01,19,1
501216,101216,Bangalore,Indiranagar,1,406.7,11117128.0,11092051.0,0.23,+91-9465495958,"Premium 1BHK apartment at Indiranagar, Sobha Ltd project. RERA approved. 6 yrs old, West facing.",1,30,2,0,none,27334.959429554954,406.7,0.23,9,1
500421,100421,Mumbai,Malad West,2,882.7,14750360.0,14758975.0,-0.06,+91-9577748824,"Premium 2BHK apartment at Malad West, Godrej Properties project. RERA approved. 5 yrs old, South facing.",1,133,5,0,none,16710.501869264754,441.35,0.06,4,1
501119,101119,Mumbai,Dombivli,4,1986.2,21141609.0,20689601.0,2.18,+91-9519607455,"4BHK flat in prime Dombivli location. Negotiable price, urgent sale. South facing, floor 1.",1,107,6,0,none,10644.24982378411,496.55,2.18,3,1
501978,101978,Bangalore,JP Nagar,1,399.4,4447363.0,4260336.0,4.39,+91-9508299192,"Premium 1BHK apartment at JP Nagar, Local Developer Co project. RERA approved. 21 yrs old, North facing.",1,21,8,0,none,11135.110165247872,399.4,4.39,10,1
500196,100196,Mumbai,Andheri West,4,2172.2,73302725.0,74193964.0,-1.2,+91-9563970401,"4BHK independent unit in Andheri West society, floor 5. Immediate possession available.",1,21,7,0,none,33745.845226038124,543.05,1.2,5,1
501067,101067,Mumbai,Goregaon West,2,711.3,14766929.0,15180032.0,-2.72,+91-9519256030,"Spacious 2BHK in Goregaon West, close to metro & schools. Ready to move. Floor 7, East facing.",1,111,13,0,none,20760.47940390834,355.65,2.72,5,1
500057,100057,Mumbai,Bandra West,1,403.5,16030795.0,16080033.0,-0.31,+91-9810215628,"1BHK independent unit in Bandra West society, floor 10. Immediate possession available.",1,158,8,0,none,39729.355638166046,403.5,0.31,7,1
501128,101128,Mumbai,Dombivli,2,687.0,6675198.0,7035617.0,-5.12,+91-9372355686,"Beautiful 2BHK near Dombivli main road, built by Lodha Group. Vastu compliant, North facing.",1,23,10,0,none,9716.445414847161,343.5,5.12,4,1
501842,101842,Bangalore,Hebbal,4,1500.8,17208741.0,18210065.0,-5.5,+91-9906886470,"Premium 4BHK apartment at Hebbal, Kolte-Patil project. RERA approved. 14 yrs old, South facing.",1,117,5,0,none,11466.378598081024,375.2,5.5,8,1
501705,101705,Bangalore,Electronic City,4,1630.8,16147060.0,17232626.0,-6.3,+91-9315607565,"Premium 4BHK apartment at Electronic City, Oberoi Realty project. RERA approved. 3 yrs old, West facing.",1,8,8,0,none,9901.31223939171,407.7,6.3,5,1
501872,101872,Bangalore,Hebbal,4,1566.4,12583240.0,23545337.0,-46.56,+91-9848220623,Well-ventilated 4BHK for sale in Hebbal. Great connectivity. Floor 23 of the tower.,1,71,12,1,price_manipulation,8033.222676200204,391.6,46.56,8,1
500039,100039,Mumbai,Bandra West,3,1144.1,49904961.0,49731366.0,0.35,+91-9974611178,"Spacious 3BHK in Bandra West, close to metro & schools. Ready to move. Floor 19, West facing.",1,150,11,0,none,43619.40477231012,381.3666666666666,0.35,8,1
500307,100307,Mumbai,Powai,3,1099.5,24188164.0,23986887.0,0.84,+91-9103360817,"3BHK independent unit in Powai society, floor 14. Immediate possession available.",1,177,14,0,none,21999.23965438836,366.5,0.84,4,1
500007,100007,Mumbai,Bandra West,4,1516.0,58962759.0,57028446.0,3.39,+91-9106831896,"Beautiful 4BHK near Bandra West main road, built by Puravankara. Vastu compliant, West facing.",1,36,11,0,none,38893.64050131926,379.0,3.39,4,1
501105,101105,Mumbai,Dombivli,3,1298.4,14143912.0,14416657.0,-1.89,+91-9577748824,"Spacious 3BHK in Dombivli, close to metro & schools. Ready to move. Floor 2, West facing.",1,166,4,0,none,10893.339494762784,432.8,1.89,4,1
500783,100783,Mumbai,Chembur,4,2150.3,60666385.0,61456869.0,-1.29,+91-9834738883,"4BHK flat in prime Chembur location. Negotiable price, urgent sale. West facing, floor 22.",1,11,12,0,none,28212.98656001488,537.575,1.29,6,1
500409,100409,Mumbai,Malad West,2,710.5,10675712.0,10733724.0,-0.54,+91-9620804731,"Beautiful 2BHK near Malad West main road, built by Runwal Group. Vastu compliant, South facing.",1,81,12,0,none,15025.632653061224,355.25,0.54,7,2
501543,101543,Bangalore,Koramangala,3,1303.8,29843512.0,30189849.0,-1.15,+91-9845663635,"3BHK independent unit in Koramangala society, floor 17. Immediate possession available.",1,13,7,0,none,22889.63951526308,434.59999999999997,1.15,10,2
500782,100782,Mumbai,Chembur,2,666.6,17778151.0,18304973.0,-2.88,+91-9972556573,"2BHK flat in prime Chembur location. Negotiable price, urgent sale. West facing, floor 14.",1,15,6,0,none,26669.893489348935,333.3,2.88,8,1
501191,101191,Mumbai,Dombivli,3,1382.7,12793089.0,13628597.0,-6.13,+91-9237906702,"3BHK flat in prime Dombivli location. Negotiable price, urgent sale. North facing, floor 3.",1,110,14,0,none,9252.25211542634,460.90000000000003,6.13,6,1
500535,100535,Mumbai,Thane West,3,1296.2,19643712.0,19810140.0,-0.84,+91-9526162016,"Premium 3BHK apartment at Thane West, Prestige Group project. RERA approved. 17 yrs old, South facing.",1,174,13,0,none,15154.84647430952,432.06666666666666,0.84,7,1
500584,100584,Mumbai,Thane West,1,497.4,6776998.0,6671713.0,1.58,+91-9877438606,Well-ventilated 1BHK for sale in Thane West. Great connectivity. Floor 13 of the tower.,0,134,13,0,none,13624.845195014073,497.4,1.58,6,1
501823,101823,Bangalore,Hebbal,3,1186.5,11952309.0,12326687.0,-3.04,+91-9620463206,"Newly renovated 3BHK, Hebbal. Family-friendly society with amenities. 11 yrs old.",1,114,9,0,none,10073.585335018963,395.5,3.04,5,1
502393,102393,Bangalore,Malleshwaram,1,169.3,8925564.0,9077094.0,-1.67,+91-9376888175,"1BHK flat in prime Malleshwaram location. Negotiable price, urgent sale. West facing, floor 8.",1,146,0,1,fake_listing,52720.40165386887,169.3,1.67,8,1
502061,102061,Bangalore,Sarjapur Road,2,694.2,6183021.0,6114265.0,1.12,+91-9320900891,"Spacious 2BHK in Prime Location, close to metro & schools. Ready to move. Floor 5, North facing.",1,169,7,1,recycled_description,8906.685393258427,347.1,1.12,6,57
501800,101800,Bangalore,Electronic City,2,838.6,7388270.0,7459359.0,-0.95,+91-9500568674,"Premium 2BHK apartment at Electronic City, Runwal Group project. RERA approved. 10 yrs old, West facing.",1,108,2,0,none,8810.24326258049,419.3,0.95,8,1
502235,102235,Bangalore,Yelahanka,4,1619.7,13631311.0,13275352.0,2.68,+91-9112836222,"4BHK flat in prime Yelahanka location. Negotiable price, urgent sale. East facing, floor 11.",1,40,14,0,none,8415.948015064518,404.925,2.68,2,1
501611,101611,Bangalore,HSR Layout,2,923.4,12447354.0,12272366.0,1.43,+91-9825435231,Well-ventilated 2BHK for sale in HSR Layout. Great connectivity. Floor 11 of the tower.,1,176,11,0,none,13479.915529564652,461.7,1.43,8,2
501352,101352,Bangalore,Whitefield,4,1966.7,26061147.0,26690693.0,-2.36,+91-9179308582,"Spacious 4BHK in Whitefield, close to metro & schools. Ready to move. Floor 11, West facing.",1,24,11,0,none,13251.20608125286,491.675,2.36,14,1
501561,101561,Bangalore,HSR Layout,2,687.4,10690230.0,10577798.0,1.06,+91-9971045244,"2BHK flat in prime HSR Layout location. Negotiable price, urgent sale. West facing, floor 7.",1,178,10,0,none,15551.687518184464,343.7,1.06,3,1
500814,100814,Mumbai,Chembur,1,516.2,13278830.0,13540670.0,-1.93,+91-9447439165,Well-ventilated 1BHK for sale in Chembur. Great connectivity. Floor 22 of the tower.,1,127,7,0,none,25724.19604804339,516.2,1.93,10,1
500317,100317,Mumbai,Powai,3,1131.4,29386457.0,28260128.0,3.99,+91-9973238204,Well-ventilated 3BHK for sale in Powai. Great connectivity. Floor 18 of the tower.,1,60,6,0,none,25973.534558953506,377.1333333333334,3.99,5,1
501871,101871,Bangalore,Hebbal,2,777.9,10686806.0,10829185.0,-1.31,+91-9223810236,"Spacious 2BHK in Hebbal, close to metro & schools. Ready to move. Floor 18, South facing.",1,110,8,0,none,13738.020311093971,388.95,1.31,2,1
502269,102269,Bangalore,Yelahanka,2,874.5,7105454.0,7429475.0,-4.36,+91-9767593851,Well-ventilated 2BHK for sale in Yelahanka. Great connectivity. Floor 19 of the tower.,1,154,8,0,none,8125.1618067467125,437.25,4.36,6,1
500517,100517,Mumbai,Thane West,1,396.2,7897664.0,7458528.0,5.89,+91-9694140951,"Beautiful 1BHK near Thane West main road, built by Runwal Group. Vastu compliant, South facing.",1,140,6,0,none,19933.528520949018,396.2,5.89,8,1
501560,101560,Bangalore,Koramangala,2,825.1,19845795.0,20919774.0,-5.13,+91-9810215628,"Newly renovated 2BHK, Koramangala. Family-friendly society with amenities. 17 yrs old.",1,144,10,0,none,24052.59362501515,412.55,5.13,7,1
500662,100662,Mumbai,Mulund West,2,747.6,18448524.0,19123570.0,-3.53,+91-9826897384,"Spacious 2BHK in Mulund West, close to metro & schools. Ready to move. Floor 19, North facing.",1,131,8,0,none,24676.998394863564,373.8,3.53,8,1
500534,100534,Mumbai,Thane West,1,387.6,6047631.0,6004452.0,0.72,+91-9871802689,"Spacious 1BHK in Thane West, close to metro & schools. Ready to move. Floor 8, South facing.",1,124,10,0,none,15602.763157894737,387.6,0.72,6,1
501960,101960,Bangalore,JP Nagar,2,736.1,11558034.0,11127154.0,3.87,+91-9678587710,"Premium 2BHK apartment at JP Nagar, Godrej Properties project. RERA approved. 17 yrs old, North facing.",1,30,11,0,none,15701.717157994837,368.05,3.87,8,1
501517,101517,Bangalore,Koramangala,1,520.6,12054736.0,11418181.0,5.57,+91-9436959477,"1BHK independent unit in Koramangala society, floor 10. Immediate possession available.",1,104,7,0,none,23155.46676911256,520.6,5.57,6,1
500272,100272,Mumbai,Powai,2,655.9,16946925.0,17388992.0,-2.54,+91-9671703564,"Spacious 2BHK in Powai, close to metro & schools. Ready to move. Floor 12, North facing.",1,45,3,1,duplicate_listing,25837.66580271383,327.95,2.54,7,2
500549,100549,Mumbai,Thane West,2,918.6,12909419.0,12796215.0,0.88,+91-9379130751,"Beautiful 2BHK near Thane West main road, built by Regional Builders Ltd. Vastu compliant, West facing.",1,161,12,0,none,14053.36272588722,459.3,0.88,11,1
501997,101997,Bangalore,JP Nagar,3,1259.2,20839766.0,20567731.0,1.32,+91-9696472636,"3BHK independent unit in JP Nagar society, floor 10. Immediate possession available.",1,23,7,0,none,16550.004764930112,419.73333333333335,1.32,8,1
500965,100965,Mumbai,Goregaon West,4,2094.8,62292135.0,61937276.0,0.57,+91-9104738773,"Premium 4BHK apartment at Goregaon West, Local Developer Co project. RERA approved. 2 yrs old, East facing.",1,158,11,0,none,29736.554802367766,523.7,0.57,5,1
502395,102395,Bangalore,Malleshwaram,2,677.9,15030850.0,14551876.0,3.29,+91-9814425134,"2BHK independent unit in Malleshwaram society, floor 23. Immediate possession available.",1,96,13,0,none,22172.665584894527,338.95,3.29,7,1
502202,102202,Bangalore,Yelahanka,1,497.7,3089143.0,3094918.0,-0.19,+91-9956835540,"Beautiful 1BHK near Yelahanka main road, built by Kolte-Patil. Vastu compliant, West facing.",1,27,7,0,none,6206.837452280491,497.7,0.19,4,1
500599,100599,Mumbai,Thane West,1,427.8,6433587.0,6122969.0,5.07,+91-9829474146,"Beautiful 1BHK near Thane West main road, built by Brigade Group. Vastu compliant, South facing.",1,96,2,0,none,15038.772791023843,427.8,5.07,5,1
500895,100895,Mumbai,Kandivali East,4,2178.7,34336529.0,33592351.0,2.22,+91-9606563439,"Premium 4BHK apartment at Kandivali East, Oberoi Realty project. RERA approved. 9 yrs old, South facing.",1,104,5,0,none,15760.099600679305,544.675,2.22,5,1
500571,100571,Mumbai,Thane West,3,1053.4,13575557.0,13421364.0,1.15,+91-9709846013,"Premium 3BHK apartment at Thane West, Runwal Group project. RERA approved. 18 yrs old, South facing.",1,10,3,0,none,12887.371368900702,351.1333333333334,1.15,11,1
500075,100075,Mumbai,Bandra West,2,799.3,38191099.0,38258415.0,-0.18,+91-9970433410,Well-ventilated 2BHK for sale in Bandra West. Great connectivity. Floor 2 of the tower.,1,69,11,0,none,47780.68184661579,399.65,0.18,8,1
500062,100062,Mumbai,Bandra West,2,898.0,36744598.0,37596745.0,-2.27,+91-9956320743,"Spacious 2BHK in Bandra West, close to metro & schools. Ready to move. Floor 5, South facing.",1,45,7,0,none,40918.26057906459,449.0,2.27,6,1
501248,101248,Bangalore,Indiranagar,2,779.1,24336733.0,23839190.0,2.09,+91-9558502570,"Newly renovated 2BHK, Indiranagar. Family-friendly society with amenities. 3 yrs old.",1,51,5,0,none,31236.982415607752,389.55,2.09,7,2
502443,100093,Mumbai,Bandra West,2,716.7,44564601.0,42811443.0,4.1,+91-9470365140,"Newly renovated 2BHK, Bandra West. Family-friendly society with amenities. 11 yrs old.",1,10,5,1,duplicate_listing,62180.27208036835,358.35,4.1,4,2
501260,101260,Bangalore,Indiranagar,2,704.9,18684029.0,18108836.0,3.18,+91-9916484357,"Newly renovated 2BHK, Indiranagar. Family-friendly society with amenities. 17 yrs old.",1,49,11,0,none,26505.928500496524,352.45,3.18,10,1
500810,100810,Mumbai,Chembur,3,988.5,25907062.0,25642761.0,1.03,+91-9918972603,"3BHK flat in prime Chembur location. Negotiable price, urgent sale. South facing, floor 4.",1,164,3,0,none,26208.45928174001,329.5,1.03,8,1
500245,100245,Mumbai,Powai,3,1104.0,30495153.0,30288908.0,0.68,+91-9633931577,"Newly renovated 3BHK, Powai. Family-friendly society with amenities. 6 yrs old.",1,113,14,0,none,27622.421195652172,368.0,0.68,4,1
501050,101050,Mumbai,Goregaon West,1,450.8,12228152.0,12009373.0,1.82,+91-9529465471,"Newly renovated 1BHK, Goregaon West. Family-friendly society with amenities. 11 yrs old.",1,125,13,0,none,27125.44809228039,450.8,1.82,3,1
501598,101598,Bangalore,HSR Layout,1,466.7,7588316.0,7626504.0,-0.5,+91-9375272841,"Newly renovated 1BHK, HSR Layout. Family-friendly society with amenities. 24 yrs old.",1,54,12,0,none,16259.515748875081,466.7,0.5,5,1
501247,101247,Bangalore,Indiranagar,2,806.7,18481072.0,19050462.0,-2.99,+91-9668759251,"Premium 2BHK apartment at Indiranagar, Brigade Group project. RERA approved. 19 yrs old, West facing.",1,105,2,0,none,22909.473162266022,403.35,2.99,6,1
500108,100108,Mumbai,Bandra West,4,1586.8,77804178.0,77329384.0,0.61,+91-9810215628,"4BHK flat in prime Bandra West location. Negotiable price, urgent sale. West facing, floor 2.",1,64,11,1,duplicate_listing,49032.126291908244,396.7,0.61,7,2
500106,100106,Mumbai,Bandra West,3,1390.1,56338696.0,55515999.0,1.48,+91-9409789599,"Spacious 3BHK in Bandra West, close to metro & schools. Ready to move. Floor 21, South facing.",1,108,5,0,none,40528.5202503417,463.3666666666666,1.48,3,1
500674,100674,Mumbai,Mulund West,3,1091.1,25053456.0,25406493.0,-1.39,+91-9127315264,Well-ventilated 3BHK for sale in Mulund West. Great connectivity. Floor 14 of the tower.,1,39,2,0,none,22961.649711300524,363.7,1.39,8,2
500643,100643,Mumbai,Mulund West,2,913.6,20754972.0,21169445.0,-1.96,+91-9714051372,Well-ventilated 2BHK for sale in Mulund West. Great connectivity. Floor 14 of the tower.,1,85,10,0,none,22717.788966725042,456.8,1.96,5,2
502041,102041,Bangalore,Sarjapur Road,2,880.5,8907493.0,8614190.0,3.4,+91-9848220623,"2BHK independent unit in Sarjapur Road society, floor 4. Immediate possession available.",1,12,2,0,none,10116.403180011357,440.25,3.4,8,2
500666,100666,Mumbai,Mulund West,3,1375.2,24971856.0,25478597.0,-1.99,+91-9399413312,"Spacious 3BHK in Mulund West, close to metro & schools. Ready to move. Floor 20, North facing.",1,7,11,0,none,18158.70855148342,458.40000000000003,1.99,10,1
500510,100510,Mumbai,Thane West,1,504.1,7901973.0,8076396.0,-2.16,+91-9278669032,"Premium 1BHK apartment at Thane West, Regional Builders Ltd project. RERA approved. 21 yrs old, North facing.",1,150,11,0,none,15675.40765721087,504.1,2.16,4,1
500132,100132,Mumbai,Andheri West,3,1195.3,41651162.0,40062502.0,3.97,+91-9262497248,"3BHK flat in prime Andheri West location. Negotiable price, urgent sale. North facing, floor 12.",1,132,5,0,none,34845.78097548732,398.43333333333334,3.97,5,1
500445,100445,Mumbai,Malad West,3,1314.8,23415796.0,24010344.0,-2.48,+91-9134251557,"Newly renovated 3BHK, Malad West. Family-friendly society with amenities. 20 yrs old.",1,41,9,0,none,17809.397627015518,438.26666666666665,2.48,4,1
502146,102146,Bangalore,Sarjapur Road,3,1381.8,14004914.0,14008233.0,-0.02,+91-9147034206,"3BHK flat in prime Sarjapur Road location. Negotiable price, urgent sale. West facing, floor 19.",1,161,12,0,none,10135.268490374874,460.59999999999997,0.02,6,1
500867,100867,Mumbai,Kandivali East,3,1007.7,21968791.0,21956721.0,0.05,+91-9490014371,"Spacious 3BHK in Kandivali East, close to metro & schools. Ready to move. Floor 2, West facing.",1,6,5,0,none,21800.923886077206,335.90000000000003,0.05,10,1
502454,102078,Bangalore,Sarjapur Road,2,724.0,5225843.0,6299043.0,-17.04,+91-9441438610,"2BHK independent unit in Sarjapur Road society, floor 10. Immediate possession available.",1,9,4,1,duplicate_listing,7218.015193370165,362.0,17.04,5,2
502442,100698,Mumbai,Mulund West,1,399.7,6668159.0,7262376.0,-8.18,+91-9916484357,"1BHK independent unit in Mulund West society, floor 12. Immediate possession available.",1,16,7,1,duplicate_listing,16682.909682261696,399.7,8.18,10,3
501061,101061,Mumbai,Goregaon West,2,910.2,25767969.0,26455266.0,-2.6,+91-9207174695,"Spacious 2BHK in Goregaon West, close to metro & schools. Ready to move. Floor 12, North facing.",1,5,10,1,duplicate_listing,28310.227422544493,455.1,2.6,9,2
500209,100209,Mumbai,Andheri West,3,1153.7,33684615.0,35139307.0,-4.14,+91-9955844374,"Newly renovated 3BHK, Andheri West. Family-friendly society with amenities. 1 yrs old.",1,178,8,0,none,29197.031290630144,384.56666666666666,4.14,11,2
500058,100058,Mumbai,Bandra West,2,325.3,32562571.0,32601037.0,-0.12,+91-9268753000,"Spacious 2BHK in Bandra West, close to metro & schools. Ready to move. Floor 9, North facing.",1,68,0,1,fake_listing,100100.12603750384,162.65,0.12,6,1
502457,101834,Bangalore,Hebbal,2,844.5,13609318.0,12200000.0,11.55,+91-9980873094,Well-ventilated 2BHK for sale in Hebbal. Great connectivity. Floor 6 of the tower.,1,4,3,1,duplicate_listing,16115.237418590883,422.25,11.55,10,2
500103,100103,Mumbai,Bandra West,1,530.5,21610845.0,20698442.0,4.41,+91-9469859753,"Premium 1BHK apartment at Bandra West, Puravankara project. RERA approved. 16 yrs old, North facing.",1,31,11,0,none,40736.74835061263,530.5,4.41,6,1
501550,101550,Bangalore,Koramangala,3,1032.7,22405110.0,21917727.0,2.22,+91-9951184424,"3BHK flat in prime Koramangala location. Negotiable price, urgent sale. East facing, floor 12.",1,50,13,0,none,21695.661857267358,344.23333333333335,2.22,5,2
502339,102339,Bangalore,Malleshwaram,3,1139.2,21134905.0,21855368.0,-3.3,+91-9666659963,"3BHK flat in prime Malleshwaram location. Negotiable price, urgent sale. East facing, floor 1.",1,157,11,0,none,18552.409585674155,379.73333333333335,3.3,10,1
501795,101795,Bangalore,Electronic City,2,844.6,6974793.0,6959844.0,0.21,+91-9534428398,"Spacious 2BHK in Electronic City, close to metro & schools. Ready to move. Floor 7, West facing.",1,96,7,0,none,8258.102060146815,422.3,0.21,3,1
501593,101593,Bangalore,HSR Layout,3,1057.7,12643207.0,12846764.0,-1.58,+91-9693347505,"Beautiful 3BHK near HSR Layout main road, built by Prestige Group. Vastu compliant, North facing.",1,156,2,0,none,11953.490592795688,352.56666666666666,1.58,9,1
502124,102124,Bangalore,Sarjapur Road,3,1153.2,14273822.0,14167711.0,0.75,+91-9995950253,"Beautiful 3BHK near Sarjapur Road main road, built by Puravankara. Vastu compliant, East facing.",1,78,6,0,none,12377.577176552202,384.40000000000003,0.75,3,1
500087,100087,Mumbai,Bandra West,3,992.2,57629923.0,57228389.0,0.7,+91-9775643947,"3BHK independent unit in Bandra West society, floor 6. Immediate possession available.",1,26,3,0,none,58082.97016730498,330.73333333333335,0.7,4,1
502350,102350,Bangalore,Malleshwaram,3,495.8,24341173.0,23094525.0,5.4,+91-9197404522,"3BHK independent unit in Malleshwaram society, floor 19. Immediate possession available.",1,5,0,1,fake_listing,49094.741831383624,165.26666666666668,5.4,7,1
500772,100772,Mumbai,Chembur,2,651.7,14407216.0,13811438.0,4.31,+91-9817414220,"Newly renovated 2BHK, Chembur. Family-friendly society with amenities. 19 yrs old.",1,34,10,0,none,22107.129047107563,325.85,4.31,8,1
501359,101359,Bangalore,Whitefield,1,477.0,5425518.0,5428075.0,-0.05,+91-9313286356,"Premium 1BHK apartment at Whitefield, Regional Builders Ltd project. RERA approved. 15 yrs old, South facing.",1,43,13,0,none,11374.251572327044,477.0,0.05,3,1
501793,101793,Bangalore,Electronic City,3,1128.5,9562130.0,9701588.0,-1.44,+91-9892298937,"Premium 3BHK apartment at Electronic City, Godrej Properties project. RERA approved. 17 yrs old, West facing.",1,131,4,0,none,8473.30970314577,376.1666666666667,1.44,6,1
501772,101772,Bangalore,Electronic City,2,713.3,6809481.0,6969465.0,-2.3,+91-9879911141,"2BHK flat in prime Electronic City location. Negotiable price, urgent sale. South facing, floor 12.",1,22,14,0,none,9546.447497546615,356.65,2.3,9,1
500709,100709,Mumbai,Mulund West,1,177.1,8236067.0,8358422.0,-1.46,+91-9910500619,"Spacious 1BHK in Mulund West, close to metro & schools. Ready to move. Floor 11, South facing.",1,115,1,1,fake_listing,46505.17786561265,177.1,1.46,10,1
501110,101110,Mumbai,Dombivli,2,684.9,7688312.0,7807033.0,-1.52,+91-9197654256,"Beautiful 2BHK near Dombivli main road, built by Sobha Ltd. Vastu compliant, East facing.",1,94,12,0,none,11225.451890786977,342.45,1.52,6,1
502220,102220,Bangalore,Yelahanka,3,1270.9,8065962.0,7943232.0,1.55,+91-9477013285,"Beautiful 3BHK near Yelahanka main road, built by Regional Builders Ltd. Vastu compliant, North facing.",1,179,3,0,none,6346.653552600519,423.6333333333334,1.55,4,1
501941,101941,Bangalore,JP Nagar,2,860.5,11510280.0,11422524.0,0.77,+91-9717419131,"Beautiful 2BHK near JP Nagar main road, built by Local Developer Co. Vastu compliant, West facing.",0,40,8,0,none,13376.26961069146,430.25,0.77,9,1
500430,100430,Mumbai,Malad West,2,876.6,18989762.0,18817054.0,0.92,+91-9924071890,Well-ventilated 2BHK for sale in Malad West. Great connectivity. Floor 7 of the tower.,1,152,13,0,none,21662.97284964636,438.3,0.92,5,1
500539,100539,Mumbai,Thane West,3,1379.9,16829293.0,17590058.0,-4.32,+91-9923917956,"3BHK independent unit in Thane West society, floor 19. Immediate possession available.",1,34,3,0,none,12196.023624900354,459.9666666666667,4.32,8,3
500676,100676,Mumbai,Mulund West,2,801.1,18095541.0,19065931.0,-5.09,+91-9372729183,"2BHK independent unit in Mulund West society, floor 13. Immediate possession available.",1,10,10,0,none,22588.367245038073,400.55,5.09,9,1
502062,102062,Bangalore,Sarjapur Road,1,462.8,4791831.0,4732253.0,1.26,+91-9441501553,"Beautiful 1BHK near Sarjapur Road main road, built by Brigade Group. Vastu compliant, South facing.",1,65,11,0,none,10353.999567847883,462.8,1.26,5,1
502148,102148,Bangalore,Sarjapur Road,3,1234.5,9716604.0,9581326.0,1.41,+91-9730247004,"Spacious 3BHK in Sarjapur Road, close to metro & schools. Ready to move. Floor 14, West facing.",1,36,2,0,none,7870.882138517619,411.5,1.41,7,1
502447,102331,Bangalore,Malleshwaram,1,468.5,9640748.0,10953085.0,-11.98,+91-9404794074,Well-ventilated 1BHK for sale in Malleshwaram. Great connectivity. Floor 3 of the tower.,1,21,2,1,duplicate_listing,20577.90394877268,468.5,11.98,7,2
500419,100419,Mumbai,Malad West,3,1179.6,24035357.0,24779945.0,-3.0,+91-9297085007,"Premium 3BHK apartment at Malad West, Lodha Group project. RERA approved. 20 yrs old, South facing.",1,59,13,0,none,20375.853679213295,393.2,3.0,9,1
501462,101462,Bangalore,Koramangala,4,1677.9,34303521.0,35986454.0,-4.68,+91-9207174695,"Premium 4BHK apartment at Koramangala, Godrej Properties project. RERA approved. 0 yrs old, West facing.",1,53,3,0,none,20444.317897371715,419.475,4.68,9,1
501485,101485,Bangalore,Koramangala,2,703.9,15012917.0,16182537.0,-7.23,+91-9497258017,"Spacious 2BHK in Koramangala, close to metro & schools. Ready to move. Floor 2, North facing.",1,12,3,0,none,21328.195766444096,351.95,7.23,5,1
500498,100498,Mumbai,Thane West,3,1128.5,18710206.0,19065985.0,-1.87,+91-9674196921,"Premium 3BHK apartment at Thane West, Prestige Group project. RERA approved. 3 yrs old, East facing.",1,58,2,1,duplicate_listing,16579.71289322109,376.1666666666667,1.87,5,2
501074,101074,Mumbai,Goregaon West,1,443.9,14038795.0,13603312.0,3.2,+91-9134251557,"Beautiful 1BHK near Goregaon West main road, built by Runwal Group. Vastu compliant, South facing.",1,150,8,0,none,31626.030637530977,443.9,3.2,4,1
502253,102253,Bangalore,Yelahanka,1,446.5,4727524.0,4746393.0,-0.4,+91-9956991811,"1BHK flat in prime Yelahanka location. Negotiable price, urgent sale. East facing, floor 22.",1,16,12,0,none,10587.959686450167,446.5,0.4,7,1
502340,102340,Bangalore,Malleshwaram,2,872.0,22243759.0,21414644.0,3.87,+91-9210602891,"Premium 2BHK apartment at Malleshwaram, Runwal Group project. RERA approved. 9 yrs old, South facing.",1,118,13,0,none,25508.897935779816,436.0,3.87,7,1
502387,102387,Bangalore,Malleshwaram,2,862.2,19186072.0,18098792.0,6.01,+91-9879911141,"Beautiful 2BHK near Malleshwaram main road, built by Brigade Group. Vastu compliant, North facing.",1,93,13,0,none,22252.46114590582,431.1,6.01,9,1
500852,100852,Mumbai,Kandivali East,3,1101.4,22086806.0,21787533.0,1.37,+91-9982355274,"Beautiful 3BHK near Kandivali East main road, built by Brigade Group. Vastu compliant, East facing.",1,3,10,0,none,20053.39204648629,367.1333333333334,1.37,3,1
501005,101005,Mumbai,Goregaon West,3,953.8,24465441.0,23919742.0,2.28,+91-9439453697,"Spacious 3BHK in Goregaon West, close to metro & schools. Ready to move. Floor 6, East facing.",1,78,4,0,none,25650.493814216818,317.93333333333334,2.28,6,1
501781,101781,Bangalore,Electronic City,2,684.4,7493445.0,7515657.0,-0.3,+91-9613064446,"Premium 2BHK apartment at Electronic City, Puravankara project. RERA approved. 15 yrs old, North facing.",1,143,2,0,none,10948.926066627704,342.2,0.3,9,1
500437,100437,Mumbai,Malad West,3,1237.9,29443853.0,29573773.0,-0.44,+91-9610350235,Well-ventilated 3BHK for sale in Malad West. Great connectivity. Floor 8 of the tower.,1,151,5,0,none,23785.3243396074,412.6333333333334,0.44,7,1
501317,101317,Bangalore,Indiranagar,3,1365.6,25788243.0,26304732.0,-1.96,+91-9737130537,"3BHK independent unit in Indiranagar society, floor 12. Immediate possession available.",1,50,4,0,none,18884.184973637963,455.2,1.96,7,1
501280,101280,Bangalore,Indiranagar,3,1226.3,33231836.0,33572275.0,-1.01,+91-9261465424,"Beautiful 3BHK near Indiranagar main road, built by Runwal Group. Vastu compliant, East facing.",1,151,2,0,none,27099.270977737913,408.76666666666665,1.01,5,1
501481,101481,Bangalore,Koramangala,2,821.7,20389732.0,21457352.0,-4.98,+91-9508299192,"2BHK flat in prime Koramangala location. Negotiable price, urgent sale. South facing, floor 8.",1,105,11,0,none,24814.08299866131,410.85,4.98,10,1
501004,101004,Mumbai,Goregaon West,2,255.5,24755770.0,24754147.0,0.01,+91-9273615422,"2BHK flat in prime Goregaon West location. Negotiable price, urgent sale. West facing, floor 7.",1,70,0,1,fake_listing,96891.46771037181,127.75,0.01,2,1
501279,101279,Bangalore,Indiranagar,2,694.3,13203364.0,13534521.0,-2.45,+91-9913525108,"Premium 2BHK apartment at Indiranagar, Regional Builders Ltd project. RERA approved. 22 yrs old, East facing.",0,79,9,1,duplicate_listing,19016.7996543281,347.15,2.45,4,2
501033,101033,Mumbai,Goregaon West,2,830.0,20885956.0,20476038.0,2.0,+91-9954846640,"Newly renovated 2BHK, Goregaon West. Family-friendly society with amenities. 18 yrs old.",1,3,5,0,none,25163.802409638552,415.0,2.0,6,1
501884,101884,Bangalore,Hebbal,1,518.4,7377935.0,7347028.0,0.42,+91-9439453697,"Premium 1BHK apartment at Hebbal, Puravankara project. RERA approved. 15 yrs old, East facing.",1,114,3,0,none,14232.127700617284,518.4,0.42,6,1
502342,102342,Bangalore,Malleshwaram,2,683.2,14618738.0,14880367.0,-1.76,+91-9218296648,"Newly renovated 2BHK, Malleshwaram. Family-friendly society with amenities. 11 yrs old.",1,121,4,0,none,21397.450234192034,341.6,1.76,7,1
502308,102308,Bangalore,Malleshwaram,2,879.7,21261015.0,21509055.0,-1.15,+91-9925450994,"2BHK independent unit in Malleshwaram society, floor 22. Immediate possession available.",1,160,7,0,none,24168.48357394566,439.85,1.15,8,1
500305,100305,Mumbai,Powai,3,1114.8,30548107.0,29270660.0,4.36,+91-9973238204,"Beautiful 3BHK near Powai main road, built by Sobha Ltd. Vastu compliant, South facing.",1,90,6,0,none,27402.320595622536,371.59999999999997,4.36,5,1
502121,102121,Bangalore,Sarjapur Road,1,502.4,4561936.0,4701029.0,-2.96,+91-9987787377,Well-ventilated 1BHK for sale in Sarjapur Road. Great connectivity. Floor 19 of the tower.,1,52,8,0,none,9080.286624203822,502.4,2.96,4,1
501099,101099,Mumbai,Dombivli,2,759.0,6650216.0,6819908.0,-2.49,+91-9329382628,"Beautiful 2BHK near Dombivli main road, built by Oberoi Realty. Vastu compliant, South facing.",1,148,6,0,none,8761.812911725956,379.5,2.49,5,1
501442,101442,Bangalore,Koramangala,3,1234.5,20607535.0,20528743.0,0.38,+91-9182346044,"Newly renovated 3BHK, Koramangala. Family-friendly society with amenities. 11 yrs old.",0,59,5,0,none,16693.02146618064,411.5,0.38,9,1
501547,101547,Bangalore,Koramangala,2,751.3,20571292.0,21458594.0,-4.13,+91-9722828907,"Spacious 2BHK in Koramangala, close to metro & schools. Ready to move. Floor 17, North facing.",1,96,2,0,none,27380.92905630241,375.65,4.13,7,1
500336,100336,Mumbai,Powai,2,925.0,24655119.0,25645030.0,-3.86,+91-9616277060,"2BHK flat in prime Powai location. Negotiable price, urgent sale. North facing, floor 23.",1,9,10,0,none,26654.182702702703,462.5,3.86,6,1
500996,100996,Mumbai,Goregaon West,3,1194.9,36946114.0,36897365.0,0.13,+91-9974611178,"Spacious 3BHK in Goregaon West, close to metro & schools. Ready to move. Floor 3, South facing.",1,102,11,0,none,30919.83764331743,398.3,0.13,8,1
500570,100570,Mumbai,Thane West,1,498.2,8999399.0,8846132.0,1.73,+91-9367439980,"Beautiful 1BHK near Thane West main road, built by Puravankara. Vastu compliant, North facing.",1,59,14,0,none,18063.82778000803,498.2,1.73,10,1
500089,100089,Mumbai,Bandra West,3,1189.1,64909743.0,66170204.0,-1.9,+91-9951184424,"3BHK independent unit in Bandra West society, floor 24. Immediate possession available.",1,142,10,0,none,54587.287023799516,396.3666666666666,1.9,5,1
500875,100875,Mumbai,Kandivali East,3,1352.5,27609558.0,27928330.0,-1.14,+91-9531276844,"3BHK independent unit in Kandivali East society, floor 7. Immediate possession available.",0,171,8,0,none,20413.721256931607,450.8333333333333,1.14,8,1
501668,101668,Bangalore,HSR Layout,2,863.0,13894772.0,14499122.0,-4.17,+91-9935115115,"Newly renovated 2BHK, HSR Layout. Family-friendly society with amenities. 0 yrs old.",1,49,12,0,none,16100.546929316339,431.5,4.17,8,1
501242,101242,Bangalore,Indiranagar,1,381.9,11365371.0,11335652.0,0.26,+91-9293503633,"1BHK independent unit in Indiranagar society, floor 21. Immediate possession available.",1,79,2,0,none,29760.0706991359,381.9,0.26,11,1
502131,102131,Bangalore,Sarjapur Road,3,1337.1,13282047.0,13416533.0,-1.0,+91-9973373741,"3BHK flat in prime Sarjapur Road location. Negotiable price, urgent sale. West facing, floor 15.",1,50,13,0,none,9933.473188243213,445.7,1.0,8,1
500713,100713,Mumbai,Mulund West,3,1067.3,26752773.0,27095504.0,-1.26,+91-9862435220,"Premium 3BHK apartment at Mulund West, Kolte-Patil project. RERA approved. 2 yrs old, South facing.",1,38,2,0,none,25065.841843905182,355.76666666666665,1.26,5,1
501069,101069,Mumbai,Goregaon West,3,1244.3,26899239.0,26631151.0,1.01,+91-9465495958,"Spacious 3BHK in Goregaon West, close to metro & schools. Ready to move. Floor 22, West facing.",1,64,7,0,none,21617.969139275094,414.76666666666665,1.01,9,1
501198,101198,Mumbai,Dombivli,3,1217.8,11562779.0,12269039.0,-5.76,+91-9618468237,"3BHK flat in prime Dombivli location. Negotiable price, urgent sale. East facing, floor 20.",1,89,13,0,none,9494.809492527509,405.93333333333334,5.76,5,1
502347,102347,Bangalore,Malleshwaram,2,783.8,22317267.0,16336283.0,36.61,+91-9616277060,"2BHK flat in prime Malleshwaram location. Negotiable price, urgent sale. East facing, floor 18.",1,153,3,1,price_manipulation,28473.16534830314,391.9,36.61,6,1
501999,101999,Bangalore,JP Nagar,2,675.0,8327466.0,8535924.0,-2.44,+91-9149978419,"Spacious 2BHK in JP Nagar, close to metro & schools. Ready to move. Floor 22, South facing.",1,17,8,0,none,12336.986666666666,337.5,2.44,9,1
500222,100222,Mumbai,Andheri West,2,706.0,25590893.0,23799508.0,7.53,+91-9905922775,"Spacious 2BHK in Andheri West, close to metro & schools. Ready to move. Floor 12, North facing.",1,53,13,0,none,36247.72379603399,353.0,7.53,11,1
500320,100320,Mumbai,Powai,1,445.1,10338224.0,10251393.0,0.85,+91-9320900891,Well-ventilated 1BHK for sale in Powai. Great connectivity. Floor 15 of the tower.,1,176,10,0,none,23226.744551786116,445.1,0.85,6,1
500520,100520,Mumbai,Thane West,3,993.1,16892301.0,17026785.0,-0.79,+91-9340839373,"Beautiful 3BHK near Thane West main road, built by Oberoi Realty. Vastu compliant, East facing.",1,115,13,0,none,17009.66770717954,331.03333333333336,0.79,6,1
500879,100879,Mumbai,Kandivali East,2,698.1,16565747.0,16197066.0,2.28,+91-9862417905,"Premium 2BHK apartment at Kandivali East, Runwal Group project. RERA approved. 4 yrs old, North facing.",1,134,7,0,none,23729.76221171752,349.05,2.28,3,1
500630,100630,Mumbai,Mulund West,4,2016.2,45696302.0,44429087.0,2.85,+91-9861053448,Well-ventilated 4BHK for sale in Mulund West. Great connectivity. Floor 16 of the tower.,1,58,8,0,none,22664.56799920643,504.05,2.85,5,1
500826,100826,Mumbai,Chembur,4,1515.3,29036507.0,29119120.0,-0.28,+91-9474223729,"Spacious 4BHK in Chembur, close to metro & schools. Ready to move. Floor 8, East facing.",1,106,12,0,none,19162.21672276117,378.825,0.28,9,1
501199,101199,Mumbai,Dombivli,1,455.7,4437179.0,4528337.0,-2.01,+91-9325899321,"Newly renovated 1BHK, Dombivli. Family-friendly society with amenities. 12 yrs old.",1,69,5,1,duplicate_listing,9737.061663375027,455.7,2.01,4,2
501291,101291,Bangalore,Indiranagar,4,1682.5,45367472.0,46591966.0,-2.63,+91-9486997175,"4BHK flat in prime Indiranagar location. Negotiable price, urgent sale. East facing, floor 4.",1,71,13,0,none,26964.322139673106,420.625,2.63,5,1
501031,101031,Mumbai,Goregaon West,3,1352.8,32186691.0,34028139.0,-5.41,+91-9691984656,"Premium 3BHK apartment at Goregaon West, Prestige Group project. RERA approved. 18 yrs old, North facing.",1,140,13,0,none,23792.64562389119,450.93333333333334,5.41,7,1
502087,102087,Bangalore,Sarjapur Road,3,500.6,10816784.0,10826064.0,-0.09,+91-9493650736,"3BHK flat in prime Sarjapur Road location. Negotiable price, urgent sale. East facing, floor 14.",1,33,0,1,fake_listing,21607.63883339992,166.86666666666667,0.09,4,1
500139,100139,Mumbai,Andheri West,2,691.8,19129993.0,19522478.0,-2.01,+91-9871704332,"2BHK independent unit in Andheri West society, floor 3. Immediate possession available.",1,9,14,0,none,27652.490604220875,345.9,2.01,6,1
500164,100164,Mumbai,Andheri West,4,1540.4,45341055.0,43618109.0,3.95,+91-9246461550,"Spacious 4BHK in Andheri West, close to metro & schools. Ready to move. Floor 4, East facing.",1,47,4,0,none,29434.59815632303,385.1,3.95,6,1
501464,101464,Bangalore,Koramangala,4,2013.7,47899010.0,48471723.0,-1.18,+91-9132112250,"Beautiful 4BHK near Koramangala main road, built by Godrej Properties. Vastu compliant, North facing.",1,90,8,0,none,23786.567015940804,503.425,1.18,7,1
500002,100002,Mumbai,Bandra West,4,1632.6,81602917.0,81822581.0,-0.27,+91-9492012468,"Premium 4BHK apartment at Bandra West, Brigade Group project. RERA approved. 18 yrs old, East facing.",1,29,5,0,none,49983.41112336151,408.15,0.27,6,1
501580,101580,Bangalore,HSR Layout,2,827.8,15151669.0,15559405.0,-2.62,+91-9379130751,"Beautiful 2BHK near HSR Layout main road, built by Lodha Group. Vastu compliant, North facing.",1,120,8,1,duplicate_listing,18303.53829427398,413.9,2.62,11,2
501046,101046,Mumbai,Goregaon West,4,1753.4,39271763.0,38679592.0,1.53,+91-9695993263,"Spacious 2BHK in Prime Location, close to metro & schools. Ready to move. Floor 5, North facing.",1,87,3,1,recycled_description,22397.492300672977,438.35,1.53,9,57
500961,100961,Mumbai,Goregaon West,2,782.3,19636615.0,19920110.0,-1.42,+91-9827601633,"2BHK independent unit in Goregaon West society, floor 18. Immediate possession available.",1,68,2,0,none,25101.13127956027,391.15,1.42,2,1
502074,102074,Bangalore,Sarjapur Road,3,1079.8,10889706.0,10379287.0,4.92,+91-9625107845,"3BHK flat in prime Sarjapur Road location. Negotiable price, urgent sale. West facing, floor 10.",1,27,2,0,none,10084.92869049824,359.93333333333334,4.92,7,1
501548,101548,Bangalore,Koramangala,4,1861.0,46444891.0,45088724.0,3.01,+91-9178723043,"4BHK flat in prime Koramangala location. Negotiable price, urgent sale. West facing, floor 10.",1,11,6,0,none,24956.953788285868,465.25,3.01,6,1
502353,102353,Bangalore,Malleshwaram,1,534.3,17689297.0,16969722.0,4.24,+91-9273161929,"Premium 1BHK apartment at Malleshwaram, Sobha Ltd project. RERA approved. 5 yrs old, North facing.",1,97,4,0,none,33107.42466778964,534.3,4.24,8,1
501505,101505,Bangalore,Koramangala,3,1053.3,24211310.0,23246203.0,4.15,+91-9605471506,"Spacious 3BHK in Koramangala, close to metro & schools. Ready to move. Floor 6, South facing.",1,147,3,0,none,22986.148295832147,351.09999999999997,4.15,11,1
502119,102119,Bangalore,Sarjapur Road,3,1014.7,10402821.0,10931085.0,-4.83,+91-9612724846,"Beautiful 3BHK near Sarjapur Road main road, built by Runwal Group. Vastu compliant, North facing.",1,44,9,0,none,10252.114910811077,338.23333333333335,4.83,7,1
502409,102095,Bangalore,Sarjapur Road,3,986.0,9527592.0,8681064.0,9.75,+91-9570973736,Well-ventilated 3BHK for sale in Sarjapur Road. Great connectivity. Floor 24 of the tower.,1,16,2,1,duplicate_listing,9662.872210953346,328.6666666666667,9.75,5,2
501885,101885,Bangalore,Hebbal,3,1297.0,16274502.0,16786553.0,-3.05,+91-9547352752,"Spacious 3BHK in Hebbal, close to metro & schools. Ready to move. Floor 12, West facing.",1,116,12,0,none,12547.804163454124,432.3333333333333,3.05,9,1
501060,101060,Mumbai,Goregaon West,2,950.0,28797905.0,28740010.0,0.2,+91-9425137652,"Premium 2BHK apartment at Goregaon West, Lodha Group project. RERA approved. 6 yrs old, West facing.",1,136,2,1,duplicate_listing,30313.584210526315,475.0,0.2,5,2
500634,100634,Mumbai,Mulund West,1,438.3,7662130.0,7966679.0,-3.82,+91-9198143259,"1BHK flat in prime Mulund West location. Negotiable price, urgent sale. East facing, floor 10.",1,21,9,0,none,17481.473876340406,438.3,3.82,7,1
501243,101243,Bangalore,Indiranagar,3,1242.9,39200487.0,38828690.0,0.96,+91-9761492403,Well-ventilated 3BHK for sale in Indiranagar. Great connectivity. Floor 2 of the tower.,1,108,13,0,none,31539.534153994686,414.3,0.96,10,1
501720,101720,Bangalore,Electronic City,3,1283.5,8999605.0,8793325.0,2.35,+91-9785287153,Well-ventilated 3BHK for sale in Electronic City. Great connectivity. Floor 20 of the tower.,0,147,7,0,none,7011.768601480328,427.8333333333333,2.35,7,1
500656,100656,Mumbai,Mulund West,3,1144.1,32213643.0,23662255.0,36.14,+91-9951184424,"Premium 3BHK apartment at Mulund West, Lodha Group project. RERA approved. 8 yrs old, North facing.",1,134,5,1,price_manipulation,28156.317629577836,381.3666666666666,36.14,5,1
500017,100017,Mumbai,Bandra West,2,924.9,40638988.0,40377958.0,0.65,+91-9592871678,"Spacious 2BHK in Bandra West, close to metro & schools. Ready to move. Floor 19, East facing.",1,36,4,0,none,43938.79122067251,462.45,0.65,3,1
502198,102198,Bangalore,Yelahanka,2,705.2,4860182.0,4893799.0,-0.69,+91-9625107845,"Spacious 2BHK in Prime Location, close to metro & schools. Ready to move. Floor 5, North facing.",1,148,13,1,recycled_description,6891.920022688599,352.6,0.69,7,57
501687,101687,Bangalore,Electronic City,3,1022.2,10791079.0,10311665.0,4.65,+91-9880546047,"Beautiful 3BHK near Electronic City main road, built by Prestige Group. Vastu compliant, West facing.",1,100,8,1,scam_ring_broker,10556.719819996086,340.73333333333335,4.65,18,1
500138,100138,Mumbai,Andheri West,2,726.5,23388771.0,23330855.0,0.25,+91-9923917956,Well-ventilated 2BHK for sale in Andheri West. Great connectivity. Floor 24 of the tower.,1,29,13,0,none,32193.76600137646,363.25,0.25,8,1
501780,101780,Bangalore,Electronic City,3,1221.7,14166434.0,14025059.0,1.01,+91-9918261381,"Premium 3BHK apartment at Electronic City, Lodha Group project. RERA approved. 5 yrs old, South facing.",1,155,11,0,none,11595.673242203486,407.23333333333335,1.01,6,1
501582,101582,Bangalore,HSR Layout,3,1143.6,19896592.0,19345599.0,2.85,+91-9605471506,"3BHK independent unit in HSR Layout society, floor 24. Immediate possession available.",1,13,10,0,none,17398.209164043372,381.2,2.85,11,2
500698,100698,Mumbai,Mulund West,1,399.7,6953597.0,7262376.0,-4.25,+91-9724678543,"1BHK independent unit in Mulund West society, floor 12. Immediate possession available.",1,26,7,1,duplicate_listing,17397.04028021016,399.7,4.25,5,3
501098,101098,Mumbai,Dombivli,2,809.5,6251280.0,6666038.0,-6.22,+91-9886198099,"2BHK flat in prime Dombivli location. Negotiable price, urgent sale. South facing, floor 2.",1,174,5,0,none,7722.396541074738,404.75,6.22,3,1
501652,101652,Bangalore,HSR Layout,4,1749.7,21071703.0,22758342.0,-7.41,+91-9711850666,"Spacious 4BHK in HSR Layout, close to metro & schools. Ready to move. Floor 23, North facing.",1,66,5,0,none,12043.037663599474,437.425,7.41,8,1
502188,102188,Bangalore,Yelahanka,2,674.0,6709467.0,6459596.0,3.87,+91-9562705881,"Premium 2BHK apartment at Yelahanka, Lodha Group project. RERA approved. 20 yrs old, West facing.",1,169,10,0,none,9954.69881305638,337.0,3.87,6,1
500449,100449,Mumbai,Malad West,3,1284.6,18628023.0,19876200.0,-6.28,+91-9850285918,"Newly renovated 3BHK, Malad West. Family-friendly society with amenities. 8 yrs old.",1,72,6,0,none,14501.029892573564,428.2,6.28,12,1
501393,101393,Bangalore,Whitefield,3,1221.5,12990355.0,13403902.0,-3.09,+91-9665615752,"Newly renovated 3BHK, Whitefield. Family-friendly society with amenities. 2 yrs old.",1,77,11,0,none,10634.756446991403,407.1666666666667,3.09,11,1
500036,100036,Mumbai,Bandra West,4,1957.4,93908156.0,94332480.0,-0.45,+91-9717419131,"4BHK flat in prime Bandra West location. Negotiable price, urgent sale. West facing, floor 24.",1,80,8,0,none,47975.96607744967,489.35,0.45,9,1
501267,101267,Bangalore,Indiranagar,3,1281.0,24310429.0,23338073.0,4.17,+91-9910500619,"Spacious 3BHK in Indiranagar, close to metro & schools. Ready to move. Floor 23, East facing.",1,71,7,0,none,18977.696330991414,427.0,4.17,10,1
500328,100328,Mumbai,Powai,1,499.8,12896848.0,13249825.0,-2.66,+91-9356560330,"1BHK flat in prime Powai location. Negotiable price, urgent sale. South facing, floor 20.",1,113,12,0,none,25804.017607042817,499.8,2.66,5,1
500318,100318,Mumbai,Powai,2,311.2,20881801.0,21557332.0,-3.13,+91-9709846013,"Beautiful 2BHK near Powai main road, built by Lodha Group. Vastu compliant, West facing.",1,13,0,1,fake_listing,67100.9029562982,155.6,3.13,11,1
500136,100136,Mumbai,Andheri West,3,1316.3,45479706.0,44533649.0,2.12,+91-9571366096,"Newly renovated 3BHK, Andheri West. Family-friendly society with amenities. 1 yrs old.",1,143,14,0,none,34551.17070576616,438.76666666666665,2.12,8,2
501170,101170,Mumbai,Dombivli,3,1080.6,9155265.0,8960258.0,2.18,+91-9103360817,"Premium 3BHK apartment at Dombivli, Local Developer Co project. RERA approved. 14 yrs old, West facing.",0,179,10,0,none,8472.390338700723,360.2,2.18,4,1
501553,101553,Bangalore,Koramangala,4,1876.2,34458163.0,34711029.0,-0.73,+91-9777679752,"4BHK independent unit in Koramangala society, floor 18. Immediate possession available.",1,152,4,0,none,18365.93273638205,469.05,0.73,6,1
500527,100527,Mumbai,Thane West,4,1983.2,25138224.0,25422785.0,-1.12,+91-9371206799,"Beautiful 4BHK near Thane West main road, built by Regional Builders Ltd. Vastu compliant, West facing.",1,93,2,0,none,12675.586930213796,495.8,1.12,5,1
500088,100088,Mumbai,Bandra West,1,417.4,19225742.0,20806530.0,-7.6,+91-9549808106,"Premium 1BHK apartment at Bandra West, Local Developer Co project. RERA approved. 11 yrs old, South facing.",0,122,13,0,none,46060.713943459516,417.4,7.6,3,1
501504,101504,Bangalore,Koramangala,4,1736.5,29313274.0,30271468.0,-3.17,+91-9315607565,"4BHK independent unit in Koramangala society, floor 2. Immediate possession available.",1,19,3,0,none,16880.66455513965,434.125,3.17,5,1
501363,101363,Bangalore,Whitefield,1,511.3,6061239.0,6054876.0,0.11,+91-9655787739,"1BHK independent unit in Whitefield society, floor 17. Immediate possession available.",1,46,14,0,none,11854.564834734989,511.3,0.11,8,1
501850,101850,Bangalore,Hebbal,4,2156.0,36385375.0,35912062.0,1.32,+91-9955493651,"Premium 4BHK apartment at Hebbal, Lodha Group project. RERA approved. 9 yrs old, South facing.",1,50,2,0,none,16876.333487940632,539.0,1.32,2,1
501701,101701,Bangalore,Electronic City,1,470.4,5013394.0,4797688.0,4.5,+91-9956991811,"Beautiful 1BHK near Electronic City main road, built by Puravankara. Vastu compliant, West facing.",1,36,10,0,none,10657.725340136056,470.4,4.5,7,1
500149,100149,Mumbai,Andheri West,3,1388.5,36666800.0,36954286.0,-0.78,+91-9147034206,"Newly renovated 3BHK, Andheri West. Family-friendly society with amenities. 15 yrs old.",1,94,11,0,none,26407.490097227223,462.8333333333333,0.78,6,1
500304,100304,Mumbai,Powai,2,831.6,22157994.0,22008854.0,0.68,+91-9118967818,"Spacious 2BHK in Powai, close to metro & schools. Ready to move. Floor 24, West facing.",1,138,7,0,none,26645.014430014427,415.8,0.68,8,2
502204,102204,Bangalore,Yelahanka,4,1743.6,18716688.0,18050115.0,3.69,+91-9375993541,"4BHK independent unit in Yelahanka society, floor 23. Immediate possession available.",1,166,7,0,none,10734.507914659325,435.9,3.69,6,1
502140,102140,Bangalore,Sarjapur Road,2,923.3,9492648.0,9514509.0,-0.23,+91-9830428661,"Newly renovated 2BHK, Sarjapur Road. Family-friendly society with amenities. 13 yrs old.",1,75,9,0,none,10281.21737246832,461.65,0.23,8,3
501053,101053,Mumbai,Goregaon West,1,410.1,8427781.0,7929198.0,6.29,+91-9956320743,Well-ventilated 1BHK for sale in Goregaon West. Great connectivity. Floor 7 of the tower.,1,108,7,0,none,20550.551085101193,410.1,6.29,6,2
502223,102223,Bangalore,Yelahanka,4,1807.5,14745823.0,14875834.0,-0.87,+91-9497258017,"Beautiful 4BHK near Yelahanka main road, built by Regional Builders Ltd. Vastu compliant, West facing.",1,86,9,0,none,8158.131673582296,451.875,0.87,5,1
500366,100366,Mumbai,Malad West,2,872.6,19458289.0,12660393.0,53.69,+91-9182346044,"2BHK flat in prime Malad West location. Negotiable price, urgent sale. West facing, floor 21.",1,146,4,1,price_manipulation,22299.208113683246,436.3,53.69,9,1
500590,100590,Mumbai,Thane West,2,818.2,16503762.0,17194840.0,-4.02,+91-9161843816,"Beautiful 2BHK near Thane West main road, built by Godrej Properties. Vastu compliant, West facing.",1,154,11,0,none,20170.816426301637,409.1,4.02,5,1
500163,100163,Mumbai,Andheri West,4,1599.8,44492010.0,46944363.0,-5.22,+91-9880546047,"4BHK independent unit in Andheri West society, floor 8. Immediate possession available.",1,178,2,1,scam_ring_broker,27810.982622827854,399.95,5.22,18,1
500199,100199,Mumbai,Andheri West,2,737.1,20426425.0,20162636.0,1.31,+91-9880546047,Well-ventilated 2BHK for sale in Andheri West. Great connectivity. Floor 8 of the tower.,1,137,8,1,scam_ring_broker,27711.877628544295,368.55,1.31,18,1
501785,101785,Bangalore,Electronic City,1,444.8,5378851.0,5351575.0,0.51,+91-9768798507,"Premium 1BHK apartment at Electronic City, Kolte-Patil project. RERA approved. 9 yrs old, West facing.",1,106,8,0,none,12092.740557553956,444.8,0.51,8,1
502379,102379,Bangalore,Malleshwaram,3,1120.9,30784822.0,30716335.0,0.22,+91-9678587710,"Newly renovated 3BHK, Malleshwaram. Family-friendly society with amenities. 0 yrs old.",1,100,5,0,none,27464.37862431974,373.6333333333334,0.22,8,1
500193,100193,Mumbai,Andheri West,4,2182.5,66111133.0,66393427.0,-0.43,+91-9587029438,Well-ventilated 4BHK for sale in Andheri West. Great connectivity. Floor 13 of the tower.,1,171,5,0,none,30291.46987399771,545.625,0.43,11,1
500405,100405,Mumbai,Malad West,3,1022.0,21652233.0,22448025.0,-3.55,+91-9918972603,"Spacious 3BHK in Malad West, close to metro & schools. Ready to move. Floor 15, East facing.",1,73,14,0,none,21186.137964774953,340.6666666666667,3.55,8,1
502162,102162,Bangalore,Yelahanka,4,1858.2,13897912.0,14455176.0,-3.86,+91-9885528286,"4BHK independent unit in Yelahanka society, floor 22. Immediate possession available.",1,104,8,0,none,7479.233666989559,464.55,3.86,7,1
500251,100251,Mumbai,Powai,2,720.9,14558801.0,14930884.0,-2.49,+91-9135717776,"Premium 2BHK apartment at Powai, Brigade Group project. RERA approved. 22 yrs old, West facing.",1,66,10,0,none,20195.312803440145,360.45,2.49,6,1
500484,100484,Mumbai,Thane West,3,1097.5,15233077.0,15074428.0,1.05,+91-9856959104,"Premium 3BHK apartment at Thane West, Brigade Group project. RERA approved. 0 yrs old, South facing.",1,58,6,0,none,13879.79681093394,365.8333333333333,1.05,7,1
501183,101183,Mumbai,Dombivli,2,854.8,9552991.0,9786296.0,-2.38,+91-9261465424,"Premium 2BHK apartment at Dombivli, Oberoi Realty project. RERA approved. 8 yrs old, North facing.",1,106,3,0,none,11175.703088441742,427.4,2.38,5,1
501340,101340,Bangalore,Whitefield,3,1297.4,12352139.0,13041854.0,-5.29,+91-9612724846,"Premium 3BHK apartment at Whitefield, Godrej Properties project. RERA approved. 21 yrs old, North facing.",1,146,8,0,none,9520.686758131647,432.4666666666667,5.29,7,1
501281,101281,Bangalore,Indiranagar,3,1166.7,22766978.0,23196785.0,-1.85,+91-9674874968,"3BHK independent unit in Indiranagar society, floor 7. Immediate possession available.",1,45,2,0,none,19513.995028713463,388.90000000000003,1.85,6,1
501032,101032,Mumbai,Goregaon West,2,754.7,20755511.0,21434061.0,-3.17,+91-9379008912,"2BHK independent unit in Goregaon West society, floor 4. Immediate possession available.",1,72,10,0,none,27501.67086259441,377.35,3.17,8,1
501983,101983,Bangalore,JP Nagar,2,896.9,12583127.0,12812361.0,-1.79,+91-9772023667,"2BHK flat in prime JP Nagar location. Negotiable price, urgent sale. East facing, floor 13.",1,112,7,0,none,14029.576318430149,448.45,1.79,8,1
500792,100792,Mumbai,Chembur,4,2058.8,55289026.0,51873799.0,6.58,+91-9587029438,"4BHK flat in prime Chembur location. Negotiable price, urgent sale. South facing, floor 22.",1,56,12,0,none,26854.976685447833,514.7,6.58,11,1
500800,100800,Mumbai,Chembur,3,1339.9,29952647.0,30164546.0,-0.7,+91-9350583050,"Newly renovated 3BHK, Chembur. Family-friendly society with amenities. 10 yrs old.",1,135,14,0,none,22354.38987984178,446.6333333333334,0.7,8,1
500385,100385,Mumbai,Malad West,2,766.7,14709868.0,15175400.0,-3.07,+91-9492012468,Well-ventilated 2BHK for sale in Malad West. Great connectivity. Floor 22 of the tower.,1,155,3,0,none,19185.9501760793,383.35,3.07,6,1
500751,100751,Mumbai,Chembur,3,995.3,29557076.0,29584095.0,-0.09,+91-9382961741,"Beautiful 3BHK near Chembur main road, built by Prestige Group. Vastu compliant, West facing.",1,75,12,1,scam_ring_broker,29696.65025620416,331.76666666666665,0.09,19,2
501202,101202,Bangalore,Indiranagar,2,873.8,17280625.0,18416513.0,-6.17,+91-9291617375,"Beautiful 2BHK near Indiranagar main road, built by Local Developer Co. Vastu compliant, South facing.",1,166,9,0,none,19776.40764476997,436.9,6.17,6,1
500423,100423,Mumbai,Malad West,2,902.1,20462468.0,20300471.0,0.8,+91-9179308582,"Premium 2BHK apartment at Malad West, Lodha Group project. RERA approved. 19 yrs old, West facing.",1,170,12,0,none,22683.148209732844,451.05,0.8,14,1
500315,100315,Mumbai,Powai,4,2114.9,54514821.0,54153031.0,0.67,+91-9474223729,"Spacious 4BHK in Powai, close to metro & schools. Ready to move. Floor 8, North facing.",1,96,2,0,none,25776.54782732044,528.725,0.67,9,1
501022,101022,Mumbai,Goregaon West,1,421.0,13614983.0,14125374.0,-3.61,+91-9830428661,"1BHK flat in prime Goregaon West location. Negotiable price, urgent sale. North facing, floor 8.",1,7,13,0,none,32339.627078384798,421.0,3.61,8,1
501382,101382,Bangalore,Whitefield,2,916.2,13188387.0,13124352.0,0.49,+91-9531276844,"2BHK independent unit in Whitefield society, floor 19. Immediate possession available.",1,128,8,0,none,14394.659462999345,458.1,0.49,8,1
501323,101323,Bangalore,Whitefield,4,1861.5,22781727.0,23740870.0,-4.04,+91-9579730015,"4BHK independent unit in Whitefield society, floor 18. Immediate possession available.",1,19,6,0,none,12238.37066881547,465.375,4.04,14,1
501480,101480,Bangalore,Koramangala,2,740.2,15761851.0,15141790.0,4.1,+91-9876528310,"Spacious 2BHK in Koramangala, close to metro & schools. Ready to move. Floor 22, West facing.",1,94,11,0,none,21294.04350175628,370.1,4.1,8,1
500544,100544,Mumbai,Thane West,3,1306.5,24666922.0,25010035.0,-1.37,+91-9493650736,"Beautiful 3BHK near Thane West main road, built by Runwal Group. Vastu compliant, South facing.",1,104,6,0,none,18880.1546115576,435.5,1.37,4,1
500914,100914,Mumbai,Kandivali East,2,730.2,14869372.0,15446791.0,-3.74,+91-9813721291,"2BHK independent unit in Kandivali East society, floor 8. Immediate possession available.",1,118,9,0,none,20363.423719528895,365.1,3.74,6,1
500663,100663,Mumbai,Mulund West,1,491.5,12386744.0,12625028.0,-1.89,+91-9135087256,"Premium 1BHK apartment at Mulund West, Prestige Group project. RERA approved. 4 yrs old, South facing.",1,49,2,0,none,25201.920651068158,491.5,1.89,7,1
502381,102381,Bangalore,Malleshwaram,2,774.8,14991674.0,15098674.0,-0.71,+91-9905922775,"2BHK independent unit in Malleshwaram society, floor 3. Immediate possession available.",1,45,6,0,none,19349.088797108932,387.4,0.71,11,1
501797,101797,Bangalore,Electronic City,2,947.1,7372417.0,7348066.0,0.33,+91-9671703564,"2BHK flat in prime Electronic City location. Negotiable price, urgent sale. North facing, floor 22.",1,122,14,0,none,7784.201245908563,473.55,0.33,7,1
500903,100903,Mumbai,Kandivali East,3,1385.5,23739712.0,23780378.0,-0.17,+91-9708824079,"3BHK flat in prime Kandivali East location. Negotiable price, urgent sale. East facing, floor 9.",1,168,2,0,none,17134.400577408876,461.8333333333333,0.17,3,1
502022,102022,Bangalore,JP Nagar,4,1844.8,20510079.0,21530484.0,-4.74,+91-9889922228,"Premium 4BHK apartment at JP Nagar, Kolte-Patil project. RERA approved. 17 yrs old, West facing.",1,97,12,0,none,11117.779163052906,461.2,4.74,4,1
500686,100686,Mumbai,Mulund West,2,907.4,20441260.0,19881905.0,2.81,+91-9297085007,"Spacious 2BHK in Mulund West, close to metro & schools. Ready to move. Floor 3, South facing.",1,47,11,0,none,22527.28675336125,453.7,2.81,9,1
501552,101552,Bangalore,Koramangala,4,2017.4,40929129.0,40845408.0,0.2,+91-9972556573,Well-ventilated 4BHK for sale in Koramangala. Great connectivity. Floor 18 of the tower.,1,48,8,0,none,20288.05839198969,504.35,0.2,8,1
500434,100434,Mumbai,Malad West,2,754.8,16087317.0,16136391.0,-0.3,+91-9785287153,"Spacious 2BHK in Malad West, close to metro & schools. Ready to move. Floor 24, South facing.",1,33,13,0,none,21313.350556438792,377.4,0.3,7,1
500160,100160,Mumbai,Andheri West,3,1099.2,31439294.0,30382664.0,3.48,+91-9549808106,"Newly renovated 3BHK, Andheri West. Family-friendly society with amenities. 10 yrs old.",1,175,7,0,none,28601.977802037844,366.40000000000003,3.48,3,1
501000,101000,Mumbai,Goregaon West,3,1178.5,26698392.0,28268422.0,-5.55,+91-9425137652,Well-ventilated 3BHK for sale in Goregaon West. Great connectivity. Floor 12 of the tower.,1,133,8,0,none,22654.554094187526,392.8333333333333,5.55,5,2
501888,101888,Bangalore,Hebbal,3,1237.5,21153514.0,20696334.0,2.21,+91-9281979223,"Newly renovated 3BHK, Hebbal. Family-friendly society with amenities. 22 yrs old.",1,16,2,0,none,17093.748686868686,412.5,2.21,7,2
501385,101385,Bangalore,Whitefield,3,1302.6,21577786.0,21591717.0,-0.06,+91-9968406093,"Beautiful 3BHK near Whitefield main road, built by Sobha Ltd. Vastu compliant, West facing.",1,78,12,0,none,16565.16658989713,434.2,0.06,5,1
502294,102294,Bangalore,Malleshwaram,1,393.8,10614736.0,10081211.0,5.29,+91-9492012468,Well-ventilated 1BHK for sale in Malleshwaram. Great connectivity. Floor 5 of the tower.,1,76,14,0,none,26954.63687150838,393.8,5.29,6,1
500203,100203,Mumbai,Andheri West,3,1250.8,33073651.0,34061625.0,-2.9,+91-9909042384,"Newly renovated 3BHK, Andheri West. Family-friendly society with amenities. 20 yrs old.",1,102,3,0,none,26441.99792133035,416.93333333333334,2.9,8,1
501024,101024,Mumbai,Goregaon West,2,868.8,19436149.0,19636259.0,-1.02,+91-9592437012,"Premium 2BHK apartment at Goregaon West, Godrej Properties project. RERA approved. 23 yrs old, East facing.",1,174,6,0,none,22371.25805709024,434.4,1.02,3,1
500843,100843,Mumbai,Kandivali East,1,526.9,10815448.0,10769513.0,0.43,+91-9508299192,"1BHK flat in prime Kandivali East location. Negotiable price, urgent sale. East facing, floor 7.",1,113,5,0,none,20526.566710950847,526.9,0.43,10,1
501903,101903,Bangalore,Hebbal,2,790.9,10851399.0,10948166.0,-0.88,+91-9252080807,"2BHK independent unit in Hebbal society, floor 1. Immediate possession available.",1,151,13,0,none,13720.317359969655,395.45,0.88,4,1
501721,101721,Bangalore,Electronic City,3,1161.4,12024069.0,12276529.0,-2.06,+91-9352768024,Well-ventilated 3BHK for sale in Electronic City. Great connectivity. Floor 9 of the tower.,1,62,14,0,none,10353.081625624245,387.1333333333334,2.06,12,1
500113,100113,Mumbai,Bandra West,3,1219.0,62472931.0,62254650.0,0.35,+91-9826897384,"Newly renovated 3BHK, Bandra West. Family-friendly society with amenities. 0 yrs old.",1,52,12,0,none,51249.32813781788,406.3333333333333,0.35,8,1
502316,102316,Bangalore,Malleshwaram,1,459.3,10591632.0,10702593.0,-1.04,+91-9900430921,"Premium 1BHK apartment at Malleshwaram, Lodha Group project. RERA approved. 19 yrs old, East facing.",1,127,9,0,none,23060.3788373612,459.3,1.04,5,1
502071,102071,Bangalore,Sarjapur Road,3,1009.8,9594715.0,9767265.0,-1.77,+91-9659961305,"Newly renovated 3BHK, Sarjapur Road. Family-friendly society with amenities. 4 yrs old.",1,112,2,0,none,9501.599326599327,336.59999999999997,1.77,5,1
501332,101332,Bangalore,Whitefield,3,1203.8,14644333.0,14431833.0,1.47,+91-9638365659,"3BHK flat in prime Whitefield location. Negotiable price, urgent sale. South facing, floor 21.",1,138,13,0,none,12165.088054494103,401.26666666666665,1.47,6,1
501796,101796,Bangalore,Electronic City,4,2190.2,23925447.0,24015108.0,-0.37,+91-9319586317,"Premium 4BHK apartment at Electronic City, Puravankara project. RERA approved. 4 yrs old, West facing.",1,177,7,0,none,10923.86403068213,547.55,0.37,5,1
501447,101447,Bangalore,Koramangala,2,848.0,22628167.0,22413395.0,0.96,+91-9711850666,"Newly renovated 2BHK, Koramangala. Family-friendly society with amenities. 13 yrs old.",1,26,14,0,none,26684.159198113208,424.0,0.96,8,2
500981,100981,Mumbai,Goregaon West,1,434.3,10984737.0,11057362.0,-0.66,+91-9956835540,"Beautiful 1BHK near Goregaon West main road, built by Prestige Group. Vastu compliant, North facing.",1,25,4,0,none,25292.970297029704,434.3,0.66,4,1
500923,100923,Mumbai,Kandivali East,2,827.6,16345957.0,15797112.0,3.47,+91-9272127411,"Newly renovated 2BHK, Kandivali East. Family-friendly society with amenities. 21 yrs old.",1,177,3,0,none,19751.035524407926,413.8,3.47,10,1
501625,101625,Bangalore,HSR Layout,2,793.8,12372465.0,13148697.0,-5.9,+91-9955844374,"Premium 2BHK apartment at HSR Layout, Regional Builders Ltd project. RERA approved. 21 yrs old, North facing.",1,164,12,0,none,15586.375661375661,396.9,5.9,11,1
502101,102101,Bangalore,Sarjapur Road,2,716.5,5262807.0,5264912.0,-0.04,+91-9708805218,"2BHK flat in prime Sarjapur Road location. Negotiable price, urgent sale. North facing, floor 4.",1,3,11,0,none,7345.1598046057225,358.25,0.04,5,1
502169,102169,Bangalore,Yelahanka,3,993.5,8200595.0,8263889.0,-0.77,+91-9519361576,"Beautiful 3BHK near Yelahanka main road, built by Local Developer Co. Vastu compliant, West facing.",1,124,13,1,scam_ring_broker,8254.2476094615,331.1666666666667,0.77,6,1
500866,100866,Mumbai,Kandivali East,1,457.8,8822001.0,8890795.0,-0.77,+91-9955844374,"Newly renovated 1BHK, Kandivali East. Family-friendly society with amenities. 9 yrs old.",1,164,3,0,none,19270.425950196593,457.8,0.77,11,1
501806,101806,Bangalore,Hebbal,4,1906.8,20852067.0,20865110.0,-0.06,+91-9382961741,"4BHK flat in prime Hebbal location. Negotiable price, urgent sale. East facing, floor 4.",0,171,14,1,scam_ring_broker,10935.63404657017,476.7,0.06,19,1
501320,101320,Bangalore,Indiranagar,3,1017.7,25553061.0,25861755.0,-1.19,+91-9147034206,"3BHK flat in prime Indiranagar location. Negotiable price, urgent sale. South facing, floor 16.",1,117,4,0,none,25108.63810553208,339.23333333333335,1.19,6,2
501484,101484,Bangalore,Koramangala,3,1168.0,26800667.0,26547371.0,0.95,+91-9972477095,"3BHK independent unit in Koramangala society, floor 24. Immediate possession available.",1,76,12,0,none,22945.77654109589,389.3333333333333,0.95,8,1
501937,101937,Bangalore,JP Nagar,2,783.1,13505800.0,13239186.0,2.01,+91-9340839373,"2BHK independent unit in JP Nagar society, floor 6. Immediate possession available.",1,117,5,0,none,17246.58408887754,391.55,2.01,6,1
501664,101664,Bangalore,HSR Layout,2,886.5,12837392.0,13088843.0,-1.92,+91-9956835540,"2BHK flat in prime HSR Layout location. Negotiable price, urgent sale. South facing, floor 6.",1,51,5,0,none,14480.983643542018,443.25,1.92,4,1
500816,100816,Mumbai,Chembur,1,473.3,8779469.0,9404024.0,-6.64,+91-9221326291,"1BHK flat in prime Chembur location. Negotiable price, urgent sale. South facing, floor 3.",1,89,4,0,none,18549.48024508768,473.3,6.64,7,1
501975,101975,Bangalore,JP Nagar,2,919.3,11533841.0,11437971.0,0.84,+91-9655787739,"Newly renovated 2BHK, JP Nagar. Family-friendly society with amenities. 17 yrs old.",0,67,14,0,none,12546.329816164474,459.65,0.84,8,1
501875,101875,Bangalore,Hebbal,1,448.8,8260377.0,8182289.0,0.95,+91-9775196830,"Spacious 1BHK in Hebbal, close to metro & schools. Ready to move. Floor 7, South facing.",1,75,7,0,none,18405.47459893048,448.8,0.95,10,1
501474,101474,Bangalore,Koramangala,1,383.4,6664502.0,6764867.0,-1.48,+91-9422195908,"Premium 1BHK apartment at Koramangala, Local Developer Co project. RERA approved. 9 yrs old, East facing.",0,135,10,0,none,17382.63432446531,383.4,1.48,8,1
500680,100680,Mumbai,Mulund West,1,516.9,8053419.0,8333387.0,-3.36,+91-9255836971,"1BHK independent unit in Mulund West society, floor 2. Immediate possession available.",1,32,12,0,none,15580.2263493906,516.9,3.36,5,1
501094,101094,Mumbai,Dombivli,2,934.1,10006751.0,9734877.0,2.79,+91-9368378778,"Spacious 2BHK in Dombivli, close to metro & schools. Ready to move. Floor 21, East facing.",1,19,12,0,none,10712.719194947007,467.05,2.79,12,1
500081,100081,Mumbai,Bandra West,4,1618.9,76446259.0,77069832.0,-0.81,+91-9277554312,"4BHK independent unit in Bandra West society, floor 7. Immediate possession available.",1,3,4,0,none,47221.112483785284,404.725,0.81,6,1
500613,100613,Mumbai,Mulund West,2,910.9,21660378.0,20088027.0,7.83,+91-9813395726,Well-ventilated 2BHK for sale in Mulund West. Great connectivity. Floor 17 of the tower.,1,177,10,0,none,23779.095400153696,455.45,7.83,3,1
501945,101945,Bangalore,JP Nagar,3,1002.8,15684827.0,15731305.0,-0.3,+91-9210602891,"Spacious 3BHK in JP Nagar, close to metro & schools. Ready to move. Floor 18, North facing.",1,11,4,0,none,15641.032110091744,334.26666666666665,0.3,7,1
500837,100837,Mumbai,Chembur,2,934.4,18067829.0,18929566.0,-4.55,+91-9195552017,Well-ventilated 2BHK for sale in Chembur. Great connectivity. Floor 8 of the tower.,1,73,7,0,none,19336.28959760274,467.2,4.55,8,1
500753,100753,Mumbai,Chembur,3,1136.0,21773800.0,22248064.0,-2.13,+91-9490014371,"Newly renovated 3BHK, Chembur. Family-friendly society with amenities. 4 yrs old.",0,80,4,0,none,19167.077464788734,378.6666666666667,2.13,10,1
501240,101240,Bangalore,Indiranagar,2,682.9,13277664.0,13085054.0,1.47,+91-9749842598,"2BHK flat in prime Indiranagar location. Negotiable price, urgent sale. South facing, floor 1.",1,144,9,0,none,19443.057548689412,341.45,1.47,7,1
501913,101913,Bangalore,Hebbal,2,791.7,8446233.0,8294779.0,1.83,+91-9625107845,"2BHK independent unit in Hebbal society, floor 9. Immediate possession available.",0,120,4,0,none,10668.476695718075,395.85,1.83,7,1
501055,101055,Mumbai,Goregaon West,3,1059.9,26788019.0,26937603.0,-0.56,+91-9903652981,"Spacious 3BHK in Goregaon West, close to metro & schools. Ready to move. Floor 2, South facing.",1,118,5,1,scam_ring_broker,25274.100386828944,353.3,0.56,14,1
500243,100243,Mumbai,Powai,3,987.4,26221607.0,26873139.0,-2.42,+91-9313202828,"Beautiful 3BHK near Powai main road, built by Runwal Group. Vastu compliant, South facing.",1,45,5,0,none,26556.215312943084,329.1333333333333,2.42,5,1
502196,102196,Bangalore,Yelahanka,3,1397.0,12243779.0,12168088.0,0.62,+91-9709846013,"Spacious 3BHK in Yelahanka, close to metro & schools. Ready to move. Floor 14, South facing.",1,5,11,0,none,8764.337151037938,465.6666666666667,0.62,11,1
500642,100642,Mumbai,Mulund West,4,1528.3,26480444.0,27305781.0,-3.02,+91-9496282119,Well-ventilated 4BHK for sale in Mulund West. Great connectivity. Floor 7 of the tower.,1,22,3,0,none,17326.731662631682,382.075,3.02,6,2
500697,100697,Mumbai,Mulund West,2,883.5,15780582.0,16392482.0,-3.73,+91-9485398221,"Newly renovated 2BHK, Mulund West. Family-friendly society with amenities. 3 yrs old.",0,128,7,0,none,17861.43972835314,441.75,3.73,5,1
500210,100210,Mumbai,Andheri West,3,1195.8,41068324.0,42481702.0,-3.33,+91-9918261381,Well-ventilated 3BHK for sale in Andheri West. Great connectivity. Floor 21 of the tower.,1,168,5,0,none,34343.80665663155,398.59999999999997,3.33,6,2
500503,100503,Mumbai,Thane West,1,392.5,7162591.0,6770458.0,5.79,+91-9465495958,"1BHK flat in prime Thane West location. Negotiable price, urgent sale. South facing, floor 22.",1,79,3,0,none,18248.63949044586,392.5,5.79,9,1
500771,100771,Mumbai,Chembur,4,2120.9,56080336.0,55648639.0,0.78,+91-9212550742,Well-ventilated 4BHK for sale in Chembur. Great connectivity. Floor 9 of the tower.,1,50,3,0,none,26441.763402329198,530.225,0.78,2,1
500754,100754,Mumbai,Chembur,1,511.5,9002135.0,9071681.0,-0.77,+91-9501138021,"1BHK flat in prime Chembur location. Negotiable price, urgent sale. South facing, floor 12.",0,37,4,0,none,17599.481915933527,511.5,0.77,9,2
500436,100436,Mumbai,Malad West,3,1352.6,22789433.0,22868995.0,-0.35,+91-9768490675,Well-ventilated 3BHK for sale in Malad West. Great connectivity. Floor 24 of the tower.,0,77,12,0,none,16848.612302232737,450.8666666666666,0.35,9,1
502039,102039,Bangalore,JP Nagar,4,2099.6,31872596.0,31059610.0,2.62,+91-9655787739,"Newly renovated 4BHK, JP Nagar. Family-friendly society with amenities. 12 yrs old.",1,130,4,0,none,15180.318155839208,524.9,2.62,8,1
501064,101064,Mumbai,Goregaon West,3,1333.7,30383090.0,29963399.0,1.4,+91-9144249588,"Premium 3BHK apartment at Goregaon West, Local Developer Co project. RERA approved. 18 yrs old, East facing.",1,10,14,0,none,22781.05271050461,444.56666666666666,1.4,14,1
502248,102248,Bangalore,Yelahanka,2,938.9,8668751.0,8610410.0,0.68,+91-9235179755,"Beautiful 2BHK near Yelahanka main road, built by Godrej Properties. Vastu compliant, East facing.",1,57,5,0,none,9232.879965917564,469.45,0.68,5,1
501446,101446,Bangalore,Koramangala,2,943.9,19353046.0,19475451.0,-0.63,+91-9821497963,"2BHK flat in prime Koramangala location. Negotiable price, urgent sale. East facing, floor 14.",1,3,10,0,none,20503.280008475474,471.95,0.63,5,1
500975,100975,Mumbai,Goregaon West,2,737.8,22067322.0,21450579.0,2.88,+91-9972477095,"2BHK flat in prime Goregaon West location. Negotiable price, urgent sale. North facing, floor 15.",1,157,5,0,none,29909.625914882083,368.9,2.88,8,1
501713,101713,Bangalore,Electronic City,3,1269.0,12513310.0,12590494.0,-0.61,+91-9930483617,"Premium 3BHK apartment at Electronic City, Regional Builders Ltd project. RERA approved. 5 yrs old, South facing.",0,133,8,0,none,9860.76438140268,423.0,0.61,6,1
500552,100552,Mumbai,Thane West,1,491.1,8322272.0,8141507.0,2.22,+91-9638365659,"Premium 1BHK apartment at Thane West, Runwal Group project. RERA approved. 4 yrs old, North facing.",1,19,9,0,none,16946.18611280798,491.1,2.22,6,1
501569,101569,Bangalore,HSR Layout,2,766.9,11975162.0,11822731.0,1.29,+91-9372355686,"Premium 2BHK apartment at HSR Layout, Brigade Group project. RERA approved. 2 yrs old, North facing.",1,19,4,0,none,15615.024123092971,383.45,1.29,4,1
502019,102019,Bangalore,JP Nagar,2,890.4,12696287.0,12875508.0,-1.39,+91-9907492419,"Premium 2BHK apartment at JP Nagar, Puravankara project. RERA approved. 4 yrs old, South facing.",1,57,6,0,none,14259.082434860737,445.2,1.39,9,1
502034,102034,Bangalore,JP Nagar,3,1001.1,11077677.0,11606180.0,-4.55,+91-9526162016,"Beautiful 3BHK near JP Nagar main road, built by Regional Builders Ltd. Vastu compliant, East facing.",1,49,2,0,none,11065.504944560982,333.7,4.55,7,1
501516,101516,Bangalore,Koramangala,2,932.1,20594755.0,21594254.0,-4.63,+91-9736046830,"2BHK flat in prime Koramangala location. Negotiable price, urgent sale. South facing, floor 4.",1,36,12,0,none,22095.005900654436,466.05,4.63,7,1
501014,101014,Mumbai,Goregaon West,1,406.2,9478491.0,10129643.0,-6.43,+91-9352768024,"1BHK flat in prime Goregaon West location. Negotiable price, urgent sale. West facing, floor 17.",1,67,10,0,none,23334.542097488924,406.2,6.43,12,1
501008,101008,Mumbai,Goregaon West,4,2009.7,56572898.0,55080776.0,2.71,+91-9127259950,"4BHK independent unit in Goregaon West society, floor 6. Immediate possession available.",1,28,7,0,none,28149.921878887395,502.425,2.71,7,1
502426,101502,Bangalore,Koramangala,2,842.2,15855658.0,15123808.0,4.84,+91-9175215650,"2BHK flat in prime Koramangala location. Negotiable price, urgent sale. East facing, floor 9.",1,24,10,1,duplicate_listing,18826.47589646165,421.1,4.84,4,2
501428,101428,Bangalore,Whitefield,2,763.6,7826532.0,8338150.0,-6.14,+91-9768490675,"Spacious 2BHK in Whitefield, close to metro & schools. Ready to move. Floor 19, South facing.",1,78,9,0,none,10249.518072289156,381.8,6.14,9,1
501275,101275,Bangalore,Indiranagar,3,1287.8,30194473.0,32011664.0,-5.68,+91-9715761942,"Premium 3BHK apartment at Indiranagar, Brigade Group project. RERA approved. 18 yrs old, West facing.",1,37,6,0,none,23446.55458922193,429.26666666666665,5.68,3,1
501387,101387,Bangalore,Whitefield,3,1128.6,12428255.0,12615651.0,-1.49,+91-9892298937,"3BHK independent unit in Whitefield society, floor 15. Immediate possession available.",1,34,10,0,none,11012.099060783272,376.2,1.49,6,1
501296,101296,Bangalore,Indiranagar,2,756.7,16387527.0,17079755.0,-4.05,+91-9832858544,Well-ventilated 2BHK for sale in Indiranagar. Great connectivity. Floor 5 of the tower.,1,44,8,0,none,21656.570635654814,378.35,4.05,6,1
500467,100467,Mumbai,Malad West,3,961.1,14221410.0,14747626.0,-3.57,+91-9522526071,"Newly renovated 3BHK, Malad West. Family-friendly society with amenities. 19 yrs old.",1,19,8,0,none,14797.01383831027,320.3666666666667,3.57,10,3
501500,101500,Bangalore,Koramangala,3,1172.3,25854763.0,25072922.0,3.12,+91-9322763429,"Spacious 2BHK in Prime Location, close to metro & schools. Ready to move. Floor 5, North facing.",1,125,5,1,recycled_description,22054.732576985414,390.76666666666665,3.12,7,57
502092,102092,Bangalore,Sarjapur Road,3,1208.4,11706424.0,12168528.0,-3.8,+91-9821497963,Well-ventilated 3BHK for sale in Sarjapur Road. Great connectivity. Floor 6 of the tower.,1,154,14,0,none,9687.540549486925,402.8,3.8,5,1
501894,101894,Bangalore,Hebbal,3,427.5,15239550.0,15203799.0,0.24,+91-9610350235,"Newly renovated 3BHK, Hebbal. Family-friendly society with amenities. 22 yrs old.",1,158,0,1,fake_listing,35648.070175438595,142.5,0.24,7,2
500278,100278,Mumbai,Powai,1,487.8,11095027.0,12028001.0,-7.76,+91-9149978419,Well-ventilated 1BHK for sale in Powai. Great connectivity. Floor 14 of the tower.,1,151,4,0,none,22745.032800328,487.8,7.76,9,2
501070,101070,Mumbai,Goregaon West,3,1387.0,41098884.0,39422434.0,4.25,+91-9638496599,"Beautiful 3BHK near Goregaon West main road, built by Puravankara. Vastu compliant, East facing.",1,109,11,0,none,29631.495313626532,462.3333333333333,4.25,6,1
501549,101549,Bangalore,Koramangala,2,780.6,7762582.0,18669112.0,-58.42,+91-9928969240,"2BHK flat in prime Koramangala location. Negotiable price, urgent sale. North facing, floor 16.",1,156,9,1,price_manipulation,9944.37868306431,390.3,58.42,8,1
501018,101018,Mumbai,Goregaon West,2,905.7,25326176.0,25699825.0,-1.45,+91-9570973736,"2BHK flat in prime Goregaon West location. Negotiable price, urgent sale. West facing, floor 13.",1,14,12,0,none,27963.095947885613,452.85,1.45,5,1
501919,101919,Bangalore,Hebbal,2,261.5,15664445.0,15326597.0,2.2,+91-9118194015,"Premium 2BHK apartment at Hebbal, Kolte-Patil project. RERA approved. 2 yrs old, North facing.",1,19,1,1,fake_listing,59902.27533460803,130.75,2.2,5,1
502276,102276,Bangalore,Yelahanka,2,768.8,5265266.0,5467613.0,-3.7,+91-9195552017,"2BHK independent unit in Yelahanka society, floor 11. Immediate possession available.",1,101,6,0,none,6848.681061394382,384.4,3.7,8,1
500723,100723,Mumbai,Chembur,4,1968.6,43086409.0,43906926.0,-1.87,+91-9218296648,"Beautiful 4BHK near Chembur main road, built by Kolte-Patil. Vastu compliant, South facing.",1,80,2,0,none,21886.827694808493,492.15,1.87,7,1
500941,100941,Mumbai,Kandivali East,3,1011.5,16535319.0,16436698.0,0.6,+91-9519256030,"Premium 3BHK apartment at Kandivali East, Sobha Ltd project. RERA approved. 15 yrs old, West facing.",1,105,13,0,none,16347.324765200197,337.1666666666667,0.6,5,1
500787,100787,Mumbai,Chembur,3,1081.7,24745478.0,24872975.0,-0.51,+91-9813721291,"3BHK independent unit in Chembur society, floor 10. Immediate possession available.",1,175,3,0,none,22876.470370712766,360.56666666666666,0.51,6,1
500660,100660,Mumbai,Mulund West,3,1184.0,28533639.0,28913720.0,-1.31,+91-9118194015,"Premium 3BHK apartment at Mulund West, Oberoi Realty project. RERA approved. 19 yrs old, East facing.",1,130,13,0,none,24099.357263513513,394.6666666666667,1.31,5,1
501467,101467,Bangalore,Koramangala,2,844.9,17580670.0,17648669.0,-0.39,+91-9617846911,"Beautiful 2BHK near Koramangala main road, built by Oberoi Realty. Vastu compliant, South facing.",1,81,4,0,none,20807.989111137413,422.45,0.39,11,1
501324,101324,Bangalore,Whitefield,1,487.4,7200511.0,7134664.0,0.92,+91-9909042384,"Spacious 1BHK in Whitefield, close to metro & schools. Ready to move. Floor 24, East facing.",1,137,12,0,none,14773.309396799345,487.4,0.92,8,1
501897,101897,Bangalore,Hebbal,3,1279.1,24069850.0,23933939.0,0.57,+91-9291617375,"Spacious 3BHK in Hebbal, close to metro & schools. Ready to move. Floor 12, South facing.",1,20,13,0,none,18817.8015792354,426.3666666666666,0.57,6,1
501400,101400,Bangalore,Whitefield,3,997.5,14726521.0,14583718.0,0.98,+91-9441501553,"Beautiful 3BHK near Whitefield main road, built by Brigade Group. Vastu compliant, North facing.",1,132,12,0,none,14763.429573934836,332.5,0.98,5,1
501980,101980,Bangalore,JP Nagar,4,1743.1,20074119.0,20380250.0,-1.5,+91-9850285918,"4BHK flat in prime JP Nagar location. Negotiable price, urgent sale. South facing, floor 24.",1,34,8,0,none,11516.332396305434,435.775,1.5,12,1
501450,101450,Bangalore,Koramangala,4,2017.9,49958684.0,51339121.0,-2.69,+91-9272127411,"Newly renovated 4BHK, Koramangala. Family-friendly society with amenities. 21 yrs old.",1,38,5,0,none,24757.76004757421,504.475,2.69,10,1
501890,101890,Bangalore,Hebbal,2,940.0,14400313.0,14912107.0,-3.43,+91-9814425134,"Beautiful 2BHK near Hebbal main road, built by Brigade Group. Vastu compliant, South facing.",1,147,4,0,none,15319.481914893617,470.0,3.43,7,1
500907,100907,Mumbai,Kandivali East,3,1356.1,26264951.0,25973694.0,1.12,+91-9877438606,"Spacious 2BHK in Prime Location, close to metro & schools. Ready to move. Floor 5, North facing.",1,157,9,1,recycled_description,19368.004571934223,452.0333333333333,1.12,6,57
502176,102176,Bangalore,Yelahanka,4,2009.9,19642233.0,19898235.0,-1.29,+91-9197404522,"Newly renovated 4BHK, Yelahanka. Family-friendly society with amenities. 21 yrs old.",1,97,6,0,none,9772.741429921885,502.475,1.29,7,1
501497,101497,Bangalore,Koramangala,2,733.2,15038150.0,15386429.0,-2.26,+91-9186621109,"Newly renovated 2BHK, Koramangala. Family-friendly society with amenities. 21 yrs old.",1,68,10,0,none,20510.297326786687,366.6,2.26,8,1
502375,102375,Bangalore,Malleshwaram,3,1078.3,26912848.0,25467433.0,5.68,+91-9379513176,"Beautiful 3BHK near Malleshwaram main road, built by Local Developer Co. Vastu compliant, South facing.",0,163,2,0,none,24958.59037373644,359.43333333333334,5.68,7,1
500564,100564,Mumbai,Thane West,3,1143.3,9011383.0,18968643.0,-52.49,+91-9246461550,"Spacious 3BHK in Thane West, close to metro & schools. Ready to move. Floor 7, South facing.",1,124,9,1,price_manipulation,7881.905886468993,381.09999999999997,52.49,6,1
501250,101250,Bangalore,Indiranagar,2,884.0,25529642.0,18108700.0,40.98,+91-9768490675,"2BHK independent unit in Indiranagar society, floor 21. Immediate possession available.",1,106,2,1,price_manipulation,28879.685520361993,442.0,40.98,9,1
500389,100389,Mumbai,Malad West,2,950.0,17295728.0,17257323.0,0.22,+91-9674874968,"Beautiful 2BHK near Malad West main road, built by Prestige Group. Vastu compliant, South facing.",1,158,5,0,none,18206.02947368421,475.0,0.22,6,1
500023,100023,Mumbai,Bandra West,3,1367.5,50573363.0,51770184.0,-2.31,+91-9268753000,Well-ventilated 3BHK for sale in Bandra West. Great connectivity. Floor 18 of the tower.,1,46,3,0,none,36982.34954296161,455.8333333333333,2.31,6,1
501776,101776,Bangalore,Electronic City,3,1250.5,12252846.0,12368369.0,-0.93,+91-9127315264,"3BHK independent unit in Electronic City society, floor 14. Immediate possession available.",1,132,7,0,none,9798.357457017193,416.8333333333333,0.93,8,2
500125,100125,Mumbai,Andheri West,1,533.0,18784326.0,19211621.0,-2.22,+91-9237906702,"Newly renovated 1BHK, Andheri West. Family-friendly society with amenities. 19 yrs old.",1,141,4,0,none,35242.63789868668,533.0,2.22,6,1
501448,101448,Bangalore,Koramangala,2,700.0,17501844.0,17235531.0,1.55,+91-9265500456,"Premium 2BHK apartment at Koramangala, Runwal Group project. RERA approved. 17 yrs old, East facing.",1,76,8,0,none,25002.634285714284,350.0,1.55,11,1
501809,101809,Bangalore,Hebbal,1,533.4,7902246.0,8071647.0,-2.1,+91-9367439980,Well-ventilated 1BHK for sale in Hebbal. Great connectivity. Floor 3 of the tower.,1,35,6,0,none,14814.859392575929,533.4,2.1,10,1
500774,100774,Mumbai,Chembur,3,1070.3,29180204.0,28653352.0,1.84,+91-9841116743,Well-ventilated 3BHK for sale in Chembur. Great connectivity. Floor 5 of the tower.,1,25,10,0,none,27263.574698682613,356.76666666666665,1.84,4,1
500881,100881,Mumbai,Kandivali East,2,918.7,13723021.0,14224691.0,-3.53,+91-9434966744,"Newly renovated 2BHK, Kandivali East. Family-friendly society with amenities. 13 yrs old.",1,171,8,0,none,14937.43441819963,459.35,3.53,5,1
502225,102225,Bangalore,Yelahanka,2,888.3,8837867.0,8433209.0,4.8,+91-9261465424,"Beautiful 2BHK near Yelahanka main road, built by Lodha Group. Vastu compliant, West facing.",1,59,12,0,none,9949.191714510864,444.15,4.8,5,1
502073,102073,Bangalore,Sarjapur Road,2,754.9,5658344.0,5805545.0,-2.54,+91-9579730015,"Beautiful 2BHK near Sarjapur Road main road, built by Local Developer Co. Vastu compliant, West facing.",1,60,4,0,none,7495.48814412505,377.45,2.54,14,1
501746,101746,Bangalore,Electronic City,2,892.4,10994433.0,10797340.0,1.83,+91-9909042384,"Spacious 2BHK in Electronic City, close to metro & schools. Ready to move. Floor 5, North facing.",1,20,2,0,none,12320.072837292693,446.2,1.83,8,1
501145,101145,Mumbai,Dombivli,3,1030.8,10497300.0,10865503.0,-3.39,+91-9730247004,Well-ventilated 3BHK for sale in Dombivli. Great connectivity. Floor 22 of the tower.,1,166,12,0,none,10183.643771827707,343.59999999999997,3.39,7,2
501527,101527,Bangalore,Koramangala,3,988.1,17597485.0,17325490.0,1.57,+91-9436959477,"Beautiful 3BHK near Koramangala main road, built by Regional Builders Ltd. Vastu compliant, East facing.",1,85,5,0,none,17809.4170630503,329.3666666666667,1.57,6,1
501167,101167,Mumbai,Dombivli,2,815.8,7759050.0,7750102.0,0.12,+91-9521340539,"Beautiful 2BHK near Dombivli main road, built by Brigade Group. Vastu compliant, East facing.",1,31,2,0,none,9510.97082618289,407.9,0.12,4,1
500051,100051,Mumbai,Bandra West,2,781.4,30895335.0,30941301.0,-0.15,+91-9631261883,"2BHK flat in prime Bandra West location. Negotiable price, urgent sale. West facing, floor 1.",1,13,9,0,none,39538.43742001536,390.7,0.15,7,1
501703,101703,Bangalore,Electronic City,4,2173.3,28383181.0,29018062.0,-2.19,+91-9182346044,"4BHK independent unit in Electronic City society, floor 10. Immediate possession available.",1,176,11,0,none,13059.946164818477,543.325,2.19,9,1
502020,102020,Bangalore,JP Nagar,3,969.8,10680235.0,10774048.0,-0.87,+91-9203242092,"3BHK independent unit in JP Nagar society, floor 16. Immediate possession available.",1,104,4,0,none,11012.822231387916,323.26666666666665,0.87,4,1
501648,101648,Bangalore,HSR Layout,4,1757.1,21249133.0,22316000.0,-4.78,+91-9893659135,"Beautiful 4BHK near HSR Layout main road, built by Brigade Group. Vastu compliant, West facing.",1,93,10,0,none,12093.297478800296,439.275,4.78,4,1
500134,100134,Mumbai,Andheri West,4,1689.8,39600108.0,40123985.0,-1.31,+91-9761492403,"Premium 4BHK apartment at Andheri West, Regional Builders Ltd project. RERA approved. 8 yrs old, South facing.",1,39,13,0,none,23434.789915966387,422.45,1.31,10,1
501106,101106,Mumbai,Dombivli,3,1191.8,13260573.0,13587089.0,-2.4,+91-9817414220,"Beautiful 3BHK near Dombivli main road, built by Oberoi Realty. Vastu compliant, North facing.",1,41,11,0,none,11126.508642389663,397.26666666666665,2.4,8,1
500704,100704,Mumbai,Mulund West,3,984.5,23358061.0,22947330.0,1.79,+91-9389946978,"Newly renovated 3BHK, Mulund West. Family-friendly society with amenities. 12 yrs old.",1,17,9,0,none,23725.811071609955,328.1666666666667,1.79,5,1
500483,100483,Mumbai,Thane West,2,903.0,14483369.0,13477010.0,7.47,+91-9972556573,"Premium 2BHK apartment at Thane West, Sobha Ltd project. RERA approved. 11 yrs old, North facing.",1,23,3,0,none,16039.168327796235,451.5,7.47,8,1
501346,101346,Bangalore,Whitefield,2,828.3,8520064.0,8400496.0,1.42,+91-9921360872,"2BHK independent unit in Whitefield society, floor 18. Immediate possession available.",1,81,7,0,none,10286.20548110588,414.15,1.42,11,1
501146,101146,Mumbai,Dombivli,2,887.7,7678367.0,7727998.0,-0.64,+91-9694140951,"Newly renovated 2BHK, Dombivli. Family-friendly society with amenities. 12 yrs old.",1,55,5,0,none,8649.731891404754,443.85,0.64,8,1
501530,101530,Bangalore,Koramangala,3,1257.2,32562275.0,33345891.0,-2.35,+91-9302686470,"3BHK flat in prime Koramangala location. Negotiable price, urgent sale. East facing, floor 12.",1,173,9,0,none,25900.632357620107,419.06666666666666,2.35,8,2
500204,100204,Mumbai,Andheri West,3,1340.1,35532121.0,37056980.0,-4.11,+91-9367439980,"Beautiful 3BHK near Andheri West main road, built by Runwal Group. Vastu compliant, East facing.",1,84,3,0,none,26514.529512722933,446.7,4.11,10,1
500067,100067,Mumbai,Bandra West,3,1375.5,68079547.0,66444264.0,2.46,+91-9474223729,"Spacious 3BHK in Bandra West, close to metro & schools. Ready to move. Floor 5, West facing.",1,84,12,0,none,49494.39985459833,458.5,2.46,9,1
500847,100847,Mumbai,Kandivali East,3,1268.1,21471477.0,22139253.0,-3.02,+91-9382961741,"Spacious 3BHK in Kandivali East, close to metro & schools. Ready to move. Floor 5, North facing.",1,112,14,1,scam_ring_broker,16932.00615093447,422.7,3.02,19,1
500734,100734,Mumbai,Chembur,3,1120.7,28386959.0,28995006.0,-2.1,+91-9500568674,"Spacious 2BHK in Prime Location, close to metro & schools. Ready to move. Floor 5, North facing.",1,42,3,1,recycled_description,25329.66806460248,373.56666666666666,2.1,8,57
502301,102301,Bangalore,Malleshwaram,2,832.3,16851658.0,16793223.0,0.35,+91-9817414220,"Beautiful 2BHK near Malleshwaram main road, built by Puravankara. Vastu compliant, West facing.",1,100,9,0,none,20247.09599903881,416.15,0.35,8,1
500802,100802,Mumbai,Chembur,4,1503.7,34061087.0,34806640.0,-2.14,+91-9895651203,Well-ventilated 4BHK for sale in Chembur. Great connectivity. Floor 17 of the tower.,1,68,13,0,none,22651.5175899448,375.925,2.14,7,1
502143,102143,Bangalore,Sarjapur Road,2,850.3,11287244.0,10672275.0,5.76,+91-9909042384,"2BHK flat in prime Sarjapur Road location. Negotiable price, urgent sale. East facing, floor 13.",1,151,9,0,none,13274.425496883454,425.15,5.76,8,1
502088,102088,Bangalore,Sarjapur Road,4,656.6,16835309.0,17254619.0,-2.43,+91-9918261381,"Premium 4BHK apartment at Sarjapur Road, Prestige Group project. RERA approved. 24 yrs old, South facing.",1,151,0,1,fake_listing,25640.129454766982,164.15,2.43,6,1
500908,100908,Mumbai,Kandivali East,2,868.8,14044458.0,14114913.0,-0.5,+91-9426814254,"2BHK flat in prime Kandivali East location. Negotiable price, urgent sale. South facing, floor 2.",0,119,13,0,none,16165.352209944753,434.4,0.5,10,1
500032,100032,Mumbai,Bandra West,4,2025.0,44651921.0,96087653.0,-53.53,+91-9235709216,"Premium 4BHK apartment at Bandra West, Sobha Ltd project. RERA approved. 16 yrs old, West facing.",1,140,5,1,price_manipulation,22050.33135802469,506.25,53.53,5,1
500418,100418,Mumbai,Malad West,3,1369.7,22591791.0,22808859.0,-0.95,+91-9857727504,"Spacious 3BHK in Malad West, close to metro & schools. Ready to move. Floor 18, East facing.",1,40,9,0,none,16493.970212455282,456.56666666666666,0.95,9,1
500882,100882,Mumbai,Kandivali East,3,1039.5,16620599.0,16432150.0,1.15,+91-9145638681,"Newly renovated 3BHK, Kandivali East. Family-friendly society with amenities. 24 yrs old.",1,48,12,0,none,15989.032227032227,346.5,1.15,7,1
500633,100633,Mumbai,Mulund West,2,832.7,16905672.0,17536773.0,-3.6,+91-9945776865,"2BHK independent unit in Mulund West society, floor 18. Immediate possession available.",1,17,13,0,none,20302.23609943557,416.35,3.6,4,1
502306,102306,Bangalore,Malleshwaram,2,671.6,10580885.0,11357639.0,-6.84,+91-9843543543,"Premium 2BHK apartment at Malleshwaram, Regional Builders Ltd project. RERA approved. 22 yrs old, North facing.",1,54,5,0,none,15754.742406194162,335.8,6.84,4,1
500011,100011,Mumbai,Bandra West,3,1271.9,46144125.0,43877453.0,5.17,+91-9531276844,"3BHK independent unit in Bandra West society, floor 10. Immediate possession available.",1,119,11,0,none,36279.6800062898,423.9666666666667,5.17,8,1
500065,100065,Mumbai,Bandra West,2,764.2,45749351.0,43272170.0,5.72,+91-9272127411,"Spacious 2BHK in Prime Location, close to metro & schools. Ready to move. Floor 5, North facing.",1,168,10,1,recycled_description,59865.677833028,382.1,5.72,10,57
501164,101164,Mumbai,Dombivli,2,920.5,9003744.0,8910345.0,1.05,+91-9399413312,"Newly renovated 2BHK, Dombivli. Family-friendly society with amenities. 3 yrs old.",0,157,2,0,none,9781.362303096143,460.25,1.05,10,1
501430,101430,Bangalore,Whitefield,3,1139.9,19018940.0,19130587.0,-0.58,+91-9282620576,"Beautiful 3BHK near Whitefield main road, built by Puravankara. Vastu compliant, North facing.",1,17,9,0,none,16684.744275813668,379.9666666666667,0.58,9,1
500777,100777,Mumbai,Chembur,2,812.7,23318995.0,23751292.0,-1.82,+91-9737130537,"Newly renovated 2BHK, Chembur. Family-friendly society with amenities. 14 yrs old.",1,168,5,0,none,28693.238587424632,406.35,1.82,7,1
500078,100078,Mumbai,Bandra West,2,694.2,26562663.0,27694516.0,-4.09,+91-9265500456,"Beautiful 2BHK near Bandra West main road, built by Sobha Ltd. Vastu compliant, South facing.",1,39,5,0,none,38263.70354364736,347.1,4.09,11,1
500492,100492,Mumbai,Thane West,3,1047.8,18933740.0,18657144.0,1.48,+91-9956320743,"Beautiful 3BHK near Thane West main road, built by Puravankara. Vastu compliant, South facing.",1,3,14,0,none,18069.99427371636,349.26666666666665,1.48,6,1
502042,102042,Bangalore,Sarjapur Road,2,890.2,7739501.0,7928875.0,-2.39,+91-9521340539,"Premium 2BHK apartment at Sarjapur Road, Runwal Group project. RERA approved. 14 yrs old, West facing.",1,50,10,0,none,8694.11480566165,445.1,2.39,4,1
500259,100259,Mumbai,Powai,1,443.0,9746149.0,9852621.0,-1.08,+91-9877438606,"Spacious 1BHK in Powai, close to metro & schools. Ready to move. Floor 5, South facing.",1,110,9,0,none,22000.336343115123,443.0,1.08,6,1
500533,100533,Mumbai,Thane West,4,1602.7,30954240.0,30887368.0,0.22,+91-9293503633,"4BHK independent unit in Thane West society, floor 18. Immediate possession available.",1,152,2,0,none,19313.807949085916,400.675,0.22,11,1
500066,100066,Mumbai,Bandra West,2,788.5,45182610.0,46965103.0,-3.8,+91-9678587710,"Spacious 2BHK in Bandra West, close to metro & schools. Ready to move. Floor 2, North facing.",1,97,8,0,none,57301.97844007609,394.25,3.8,8,1
502246,102246,Bangalore,Yelahanka,2,838.9,7462916.0,7433848.0,0.39,+91-9775196830,"2BHK independent unit in Yelahanka society, floor 16. Immediate possession available.",1,176,6,0,none,8896.073429491,419.45,0.39,10,1
501436,101436,Bangalore,Whitefield,1,498.9,6472164.0,6374271.0,1.54,+91-9448868620,"1BHK flat in prime Whitefield location. Negotiable price, urgent sale. South facing, floor 7.",1,121,8,0,none,12972.868310282622,498.9,1.54,7,2
501285,101285,Bangalore,Indiranagar,3,976.3,22079446.0,21980454.0,0.45,+91-9118194015,"Newly renovated 3BHK, Indiranagar. Family-friendly society with amenities. 13 yrs old.",1,95,10,0,none,22615.431732049576,325.43333333333334,0.45,5,1
500297,100297,Mumbai,Powai,2,915.0,24277170.0,23772176.0,2.12,+91-9625107845,Well-ventilated 2BHK for sale in Powai. Great connectivity. Floor 12 of the tower.,1,83,13,0,none,26532.426229508197,457.5,2.12,7,1
500592,100592,Mumbai,Thane West,3,1394.4,21322263.0,21708653.0,-1.78,+91-9374488493,"3BHK independent unit in Thane West society, floor 12. Immediate possession available.",1,21,2,0,none,15291.353270223752,464.8,1.78,6,1
501444,101444,Bangalore,Koramangala,4,2006.8,49631168.0,49130605.0,1.02,+91-9833730649,"Beautiful 4BHK near Koramangala main road, built by Puravankara. Vastu compliant, North facing.",1,119,5,0,none,24731.496910504287,501.7,1.02,4,1
500768,100768,Mumbai,Chembur,2,788.5,17081424.0,16507910.0,3.47,+91-9474223729,"Premium 2BHK apartment at Chembur, Puravankara project. RERA approved. 17 yrs old, North facing.",1,162,8,0,none,21663.188332276473,394.25,3.47,9,1
502341,102341,Bangalore,Malleshwaram,2,947.8,15611466.0,16491537.0,-5.34,+91-9112844070,"2BHK independent unit in Malleshwaram society, floor 6. Immediate possession available.",1,63,6,0,none,16471.266089892382,473.9,5.34,4,3
501286,101286,Bangalore,Indiranagar,2,726.7,23097671.0,22241873.0,3.85,+91-9755096065,"2BHK flat in prime Indiranagar location. Negotiable price, urgent sale. East facing, floor 1.",1,76,8,0,none,31784.32778312921,363.35,3.85,7,1
500725,100725,Mumbai,Chembur,4,1688.2,55066010.0,55192533.0,-0.23,+91-9625107845,"Premium 4BHK apartment at Chembur, Prestige Group project. RERA approved. 5 yrs old, North facing.",1,170,9,0,none,32618.179125696006,422.05,0.23,7,1
501194,101194,Mumbai,Dombivli,2,806.8,13704263.0,8669376.0,58.08,+91-9278669032,"2BHK independent unit in Dombivli society, floor 10. Immediate possession available.",1,149,9,1,price_manipulation,16985.948190381758,403.4,58.08,4,1
501306,101306,Bangalore,Indiranagar,3,1355.8,32171373.0,30645624.0,4.98,+91-9971045244,Well-ventilated 3BHK for sale in Indiranagar. Great connectivity. Floor 13 of the tower.,0,161,6,0,none,23728.70113586075,451.93333333333334,4.98,3,1
500627,100627,Mumbai,Mulund West,2,947.3,17087599.0,16750884.0,2.01,+91-9282620576,"2BHK independent unit in Mulund West society, floor 2. Immediate possession available.",1,88,4,0,none,18038.21281537,473.65,2.01,9,2
501377,101377,Bangalore,Whitefield,2,885.4,10568854.0,10487455.0,0.78,+91-9693347505,"Newly renovated 2BHK, Whitefield. Family-friendly society with amenities. 0 yrs old.",1,119,5,0,none,11936.812740004518,442.7,0.78,9,1
502038,102038,Bangalore,JP Nagar,3,1393.4,20049224.0,21140350.0,-5.16,+91-9302686470,"Spacious 3BHK in JP Nagar, close to metro & schools. Ready to move. Floor 24, East facing.",1,19,11,1,duplicate_listing,14388.706760442083,464.4666666666667,5.16,8,2
500746,100746,Mumbai,Chembur,3,1347.1,36432363.0,36291075.0,0.39,+91-9798117120,"Spacious 3BHK in Chembur, close to metro & schools. Ready to move. Floor 14, West facing.",1,150,6,0,none,27045.03229158934,449.0333333333333,0.39,5,1
501213,101213,Bangalore,Indiranagar,2,883.8,22947300.0,22248734.0,3.14,+91-9970433410,"2BHK flat in prime Indiranagar location. Negotiable price, urgent sale. West facing, floor 3.",1,147,3,0,none,25964.358452138495,441.9,3.14,8,1
502185,102185,Bangalore,Yelahanka,2,662.7,4694225.0,4644177.0,1.08,+91-9520957194,"Newly renovated 2BHK, Yelahanka. Family-friendly society with amenities. 24 yrs old.",0,90,12,0,none,7083.484231175494,331.35,1.08,8,1
500252,100252,Mumbai,Powai,3,983.2,20938321.0,20564529.0,1.82,+91-9372729183,"Spacious 2BHK in Prime Location, close to metro & schools. Ready to move. Floor 5, North facing.",1,91,8,1,recycled_description,21296.095402766477,327.73333333333335,1.82,9,57
502096,102096,Bangalore,Sarjapur Road,2,835.5,7505485.0,7345522.0,2.18,+91-9149588302,"2BHK independent unit in Sarjapur Road society, floor 15. Immediate possession available.",1,62,8,0,none,8983.225613405146,417.75,2.18,7,1
501638,101638,Bangalore,HSR Layout,3,1269.7,11851905.0,19446095.0,-39.05,+91-9711850666,"Spacious 3BHK in HSR Layout, close to metro & schools. Ready to move. Floor 24, South facing.",1,162,10,1,price_manipulation,9334.413641017563,423.23333333333335,39.05,8,1
500477,100477,Mumbai,Malad West,3,1193.7,16820487.0,17295788.0,-2.75,+91-9761492403,"3BHK independent unit in Malad West society, floor 7. Immediate possession available.",0,57,11,0,none,14091.050515204824,397.90000000000003,2.75,10,2
501924,101924,Bangalore,JP Nagar,1,450.2,6297767.0,6299582.0,-0.03,+91-9644550627,Well-ventilated 1BHK for sale in JP Nagar. Great connectivity. Floor 11 of the tower.,1,145,7,0,none,13988.820524211462,450.2,0.03,4,1
501539,101539,Bangalore,Koramangala,3,960.2,16630968.0,16987195.0,-2.1,+91-9980873094,"Spacious 3BHK in Koramangala, close to metro & schools. Ready to move. Floor 1, East facing.",0,32,10,0,none,17320.316600708185,320.06666666666666,2.1,10,1
501817,101817,Bangalore,Hebbal,1,455.3,5388646.0,5409939.0,-0.39,+91-9756990323,"1BHK flat in prime Hebbal location. Negotiable price, urgent sale. West facing, floor 9.",1,113,3,0,none,11835.374478365913,455.3,0.39,3,1
501906,101906,Bangalore,Hebbal,3,1199.8,13021011.0,13703999.0,-4.98,+91-9999262332,"Beautiful 3BHK near Hebbal main road, built by Sobha Ltd. Vastu compliant, North facing.",1,105,6,0,none,10852.651275212536,399.93333333333334,4.98,7,1
502388,102388,Bangalore,Malleshwaram,2,786.9,18426347.0,19263142.0,-4.34,+91-9704588645,Well-ventilated 2BHK for sale in Malleshwaram. Great connectivity. Floor 14 of the tower.,1,65,10,0,none,23416.376922099378,393.45,4.34,3,1
500983,100983,Mumbai,Goregaon West,2,902.1,19656825.0,20375071.0,-3.53,+91-9644550627,"Premium 2BHK apartment at Goregaon West, Godrej Properties project. RERA approved. 19 yrs old, North facing.",1,49,7,0,none,21790.073162620552,451.05,3.53,4,1
500980,100980,Mumbai,Goregaon West,1,505.6,12127636.0,12022042.0,0.88,+91-9693347505,"Premium 1BHK apartment at Goregaon West, Prestige Group project. RERA approved. 10 yrs old, East facing.",1,92,12,0,none,23986.62183544304,505.6,0.88,9,1
500707,100707,Mumbai,Mulund West,2,680.3,13477868.0,13444999.0,0.24,+91-9376888175,"Newly renovated 2BHK, Mulund West. Family-friendly society with amenities. 13 yrs old.",1,106,6,0,none,19811.65368219903,340.15,0.24,8,2
500488,100488,Mumbai,Thane West,4,1783.7,24123762.0,23690250.0,1.83,+91-9964063824,"Premium 4BHK apartment at Thane West, Regional Builders Ltd project. RERA approved. 2 yrs old, East facing.",1,122,12,0,none,13524.562426416998,445.925,1.83,4,1
501688,101688,Bangalore,Electronic City,1,437.3,3701482.0,3807763.0,-2.79,+91-9242257447,"Newly renovated 1BHK, Electronic City. Family-friendly society with amenities. 0 yrs old.",1,39,10,0,none,8464.39972558884,437.3,2.79,6,1
501832,101832,Bangalore,Hebbal,2,743.6,11406969.0,11179523.0,2.03,+91-9834738883,"Newly renovated 2BHK, Hebbal. Family-friendly society with amenities. 12 yrs old.",1,114,2,0,none,15340.194997310382,371.8,2.03,6,1
500274,100274,Mumbai,Powai,2,845.9,27420987.0,27277566.0,0.53,+91-9756990323,"Spacious 2BHK in Powai, close to metro & schools. Ready to move. Floor 2, North facing.",1,107,11,0,none,32416.345903771133,422.95,0.53,3,1
501710,101710,Bangalore,Electronic City,3,956.9,10385691.0,10287009.0,0.96,+91-9580421995,"3BHK flat in prime Electronic City location. Negotiable price, urgent sale. West facing, floor 10.",1,146,3,1,duplicate_listing,10853.475807294388,318.96666666666664,0.96,6,2
502195,102195,Bangalore,Yelahanka,4,2156.2,15351365.0,15297539.0,0.35,+91-9862664925,Well-ventilated 4BHK for sale in Yelahanka. Great connectivity. Floor 23 of the tower.,0,38,14,0,none,7119.638716260088,539.05,0.35,3,1
502228,102228,Bangalore,Yelahanka,4,2067.1,19436681.0,19400342.0,0.19,+91-9273161929,"Beautiful 4BHK near Yelahanka main road, built by Oberoi Realty. Vastu compliant, East facing.",1,24,12,0,none,9402.87407479077,516.775,0.19,8,1
500964,100964,Mumbai,Goregaon West,3,980.8,25097748.0,25065660.0,0.13,+91-9617846911,"3BHK independent unit in Goregaon West society, floor 13. Immediate possession available.",1,126,2,0,none,25589.057911908647,326.93333333333334,0.13,11,1
500878,100878,Mumbai,Kandivali East,4,1509.6,32774331.0,35482951.0,-7.63,+91-9850285918,"Newly renovated 4BHK, Kandivali East. Family-friendly society with amenities. 4 yrs old.",1,68,5,0,none,21710.60612082671,377.4,7.63,12,1
502030,102030,Bangalore,JP Nagar,4,1753.3,18290893.0,19785413.0,-7.55,+91-9294762416,"4BHK flat in prime JP Nagar location. Negotiable price, urgent sale. South facing, floor 17.",1,28,2,0,none,10432.266583014887,438.325,7.55,9,1
502330,102330,Bangalore,Malleshwaram,4,1713.0,41092922.0,39403878.0,4.29,+91-9379513176,"Spacious 4BHK in Malleshwaram, close to metro & schools. Ready to move. Floor 1, North facing.",1,166,11,0,none,23988.862813777,428.25,4.29,7,1
502421,102151,Bangalore,Sarjapur Road,2,791.3,7111880.0,8810723.0,-19.28,+91-9709846013,"Premium 2BHK apartment at Sarjapur Road, Lodha Group project. RERA approved. 6 yrs old, East facing.",1,22,11,1,duplicate_listing,8987.590041703526,395.65,19.28,11,2
500412,100412,Mumbai,Malad West,3,1273.4,24703585.0,23969733.0,3.06,+91-9197654256,"Newly renovated 3BHK, Malad West. Family-friendly society with amenities. 7 yrs old.",1,110,5,0,none,19399.705512800374,424.4666666666667,3.06,6,1
502161,102161,Bangalore,Yelahanka,2,925.9,6478346.0,6744950.0,-3.95,+91-9916484357,"2BHK independent unit in Yelahanka society, floor 24. Immediate possession available.",1,5,8,0,none,6996.8095906685385,462.95,3.95,10,1
502079,102079,Bangalore,Sarjapur Road,3,1295.1,12362845.0,13327147.0,-7.24,+91-9674196921,"3BHK independent unit in Sarjapur Road society, floor 5. Immediate possession available.",1,79,8,0,none,9545.861323449928,431.7,7.24,5,1
501453,101453,Bangalore,Koramangala,2,753.7,19212157.0,18963866.0,1.31,+91-9448868620,"Premium 2BHK apartment at Koramangala, Godrej Properties project. RERA approved. 0 yrs old, South facing.",1,29,10,0,none,25490.45641501924,376.85,1.31,7,1
500668,100668,Mumbai,Mulund West,2,690.5,14836786.0,14110389.0,5.15,+91-9571366096,"Beautiful 2BHK near Mulund West main road, built by Kolte-Patil. Vastu compliant, South facing.",1,18,4,0,none,21487.01810282404,345.25,5.15,8,1
501263,101263,Bangalore,Indiranagar,3,1126.1,23275771.0,23176413.0,0.43,+91-9692223472,"Spacious 3BHK in Indiranagar, close to metro & schools. Ready to move. Floor 7, South facing.",1,124,8,0,none,20669.364177248914,375.3666666666666,0.43,5,2
500150,100150,Mumbai,Andheri West,1,470.7,12424387.0,12385600.0,0.31,+91-9903652981,"1BHK flat in prime Andheri West location. Negotiable price, urgent sale. South facing, floor 9.",1,141,4,1,scam_ring_broker,26395.553431060125,470.7,0.31,14,2
500645,100645,Mumbai,Mulund West,3,995.8,18728647.0,18852767.0,-0.66,+91-9367439980,"Premium 3BHK apartment at Mulund West, Runwal Group project. RERA approved. 14 yrs old, North facing.",1,1,7,0,none,18807.639084153445,331.93333333333334,0.66,10,2
502183,102183,Bangalore,Yelahanka,3,1292.5,8920748.0,8713305.0,2.38,+91-9327491809,Well-ventilated 3BHK for sale in Yelahanka. Great connectivity. Floor 22 of the tower.,1,88,8,0,none,6901.932688588007,430.8333333333333,2.38,6,1
501758,101758,Bangalore,Electronic City,3,1386.7,13743586.0,13826213.0,-0.6,+91-9291617375,"Spacious 3BHK in Electronic City, close to metro & schools. Ready to move. Floor 17, North facing.",1,27,11,0,none,9911.001658613975,462.23333333333335,0.6,6,1
500219,100219,Mumbai,Andheri West,1,402.8,10231679.0,10455826.0,-2.14,+91-9265500456,"Premium 1BHK apartment at Andheri West, Kolte-Patil project. RERA approved. 20 yrs old, South facing.",1,38,3,0,none,25401.387785501487,402.8,2.14,11,1
500240,100240,Mumbai,Andheri West,2,780.4,15416518.0,27961460.0,-44.87,+91-9404794074,"2BHK independent unit in Andheri West society, floor 13. Immediate possession available.",1,150,5,1,price_manipulation,19754.636084059457,390.2,44.87,7,2
501132,101132,Mumbai,Dombivli,2,905.6,9123912.0,9293476.0,-1.82,+91-9280546051,"Newly renovated 2BHK, Dombivli. Family-friendly society with amenities. 4 yrs old.",1,131,10,0,none,10074.991166077738,452.8,1.82,5,2
501750,101750,Bangalore,Electronic City,4,1875.1,15495029.0,15099252.0,2.62,+91-9903652981,"Beautiful 4BHK near Electronic City main road, built by Sobha Ltd. Vastu compliant, East facing.",1,156,10,1,scam_ring_broker,8263.57474268039,468.775,2.62,14,1
501217,101217,Bangalore,Indiranagar,3,1398.6,29030823.0,29733210.0,-2.36,+91-9580421995,Well-ventilated 3BHK for sale in Indiranagar. Great connectivity. Floor 8 of the tower.,1,114,10,0,none,20757.059202059205,466.2,2.36,6,1
500793,100793,Mumbai,Chembur,3,1130.3,18226607.0,18830878.0,-3.21,+91-9598147616,"Premium 3BHK apartment at Chembur, Local Developer Co project. RERA approved. 17 yrs old, West facing.",1,22,10,0,none,16125.45961249226,376.76666666666665,3.21,9,1
500192,100192,Mumbai,Andheri West,4,2011.2,52971696.0,53014173.0,-0.08,+91-9830428661,"Newly renovated 4BHK, Andheri West. Family-friendly society with amenities. 10 yrs old.",1,12,10,0,none,26338.35322195704,502.8,0.08,8,1
500334,100334,Mumbai,Powai,4,1723.2,58085116.0,55580724.0,4.51,+91-9833699608,"4BHK flat in prime Powai location. Negotiable price, urgent sale. East facing, floor 9.",1,46,3,0,none,33707.70427112349,430.8,4.51,4,1
501918,101918,Bangalore,Hebbal,3,1059.7,12601109.0,11925413.0,5.67,+91-9277554312,"3BHK independent unit in Hebbal society, floor 3. Immediate possession available.",1,54,4,0,none,11891.20411437199,353.23333333333335,5.67,6,2
501922,101922,Bangalore,JP Nagar,3,444.2,12749671.0,12713980.0,0.28,+91-9961088337,Well-ventilated 3BHK for sale in JP Nagar. Great connectivity. Floor 8 of the tower.,1,112,1,1,fake_listing,28702.54615038271,148.06666666666666,0.28,9,1
500963,100963,Mumbai,Goregaon West,4,1906.0,51184225.0,50373963.0,1.61,+91-9807837077,"Beautiful 4BHK near Goregaon West main road, built by Sobha Ltd. Vastu compliant, North facing.",1,10,7,0,none,26854.262854144807,476.5,1.61,5,1
501669,101669,Bangalore,HSR Layout,3,1059.7,16420689.0,16734175.0,-1.87,+91-9610778971,"Premium 3BHK apartment at HSR Layout, Godrej Properties project. RERA approved. 16 yrs old, North facing.",1,158,8,0,none,15495.601585354345,353.23333333333335,1.87,6,1
502069,102069,Bangalore,Sarjapur Road,4,1510.3,11769894.0,11698167.0,0.61,+91-9371206799,"4BHK independent unit in Sarjapur Road society, floor 16. Immediate possession available.",1,51,8,0,none,7793.083493345694,377.575,0.61,5,1
501917,101917,Bangalore,Hebbal,2,903.7,11275271.0,11609762.0,-2.88,+91-9569049515,"Spacious 2BHK in Prime Location, close to metro & schools. Ready to move. Floor 5, North facing.",1,157,4,1,recycled_description,12476.785437645236,451.85,2.88,3,57
502424,101930,Bangalore,JP Nagar,2,703.0,7916691.0,8480381.0,-6.65,+91-9860578620,Well-ventilated 2BHK for sale in JP Nagar. Great connectivity. Floor 19 of the tower.,1,27,7,1,duplicate_listing,11261.29587482219,351.5,6.65,4,2
501041,101041,Mumbai,Goregaon West,1,437.3,13986536.0,14209488.0,-1.57,+91-9371206799,"1BHK independent unit in Goregaon West society, floor 7. Immediate possession available.",1,48,2,0,none,31983.84632975074,437.3,1.57,5,1
501358,101358,Bangalore,Whitefield,2,881.7,10773453.0,10404377.0,3.55,+91-9389946978,Well-ventilated 2BHK for sale in Whitefield. Great connectivity. Floor 11 of the tower.,1,15,4,0,none,12218.955427015992,440.85,3.55,5,1
500776,100776,Mumbai,Chembur,2,782.1,19853466.0,19258020.0,3.09,+91-9709846013,"2BHK flat in prime Chembur location. Negotiable price, urgent sale. West facing, floor 15.",1,43,2,0,none,25384.81779823552,391.05,3.09,11,1
500583,100583,Mumbai,Thane West,2,704.5,15580157.0,14554499.0,7.05,+91-9558811728,"Premium 2BHK apartment at Thane West, Oberoi Realty project. RERA approved. 5 yrs old, West facing.",1,16,5,0,none,22115.198012775018,352.25,7.05,5,1
502392,102392,Bangalore,Malleshwaram,3,988.1,20206080.0,20899162.0,-3.32,+91-9181270264,"Beautiful 3BHK near Malleshwaram main road, built by Lodha Group. Vastu compliant, South facing.",1,60,3,0,none,20449.42819552677,329.3666666666667,3.32,10,1
502132,102132,Bangalore,Sarjapur Road,3,1278.4,10888781.0,10468919.0,4.01,+91-9622587576,"Premium 3BHK apartment at Sarjapur Road, Godrej Properties project. RERA approved. 10 yrs old, East facing.",1,176,14,0,none,8517.507040050063,426.1333333333334,4.01,4,1
500840,100840,Mumbai,Chembur,1,453.0,11475111.0,11118317.0,3.21,+91-9447439165,"Beautiful 1BHK near Chembur main road, built by Runwal Group. Vastu compliant, North facing.",1,107,10,0,none,25331.370860927153,453.0,3.21,10,1
500628,100628,Mumbai,Mulund West,2,846.9,21195091.0,21332708.0,-0.65,+91-9522526071,"Newly renovated 2BHK, Mulund West. Family-friendly society with amenities. 5 yrs old.",1,85,13,0,none,25026.674932105325,423.45,0.65,10,1
502265,102265,Bangalore,Yelahanka,3,1060.1,7566296.0,7737510.0,-2.21,+91-9303086200,Well-ventilated 3BHK for sale in Yelahanka. Great connectivity. Floor 4 of the tower.,1,1,11,0,none,7137.341760211301,353.3666666666666,2.21,6,1
500324,100324,Mumbai,Powai,2,774.7,22848780.0,21774486.0,4.93,+91-9522526071,"Premium 2BHK apartment at Powai, Lodha Group project. RERA approved. 4 yrs old, South facing.",1,18,4,1,duplicate_listing,29493.713695624112,387.35,4.93,10,2
502422,100935,Mumbai,Kandivali East,2,860.3,14069581.0,12819915.0,9.75,+91-9930483617,Well-ventilated 2BHK for sale in Kandivali East. Great connectivity. Floor 6 of the tower.,1,16,14,1,duplicate_listing,16354.272928048356,430.15,9.75,6,2
500296,100296,Mumbai,Powai,3,1086.6,24220651.0,23773781.0,1.88,+91-9230913958,Well-ventilated 3BHK for sale in Powai. Great connectivity. Floor 13 of the tower.,1,150,4,0,none,22290.310141726488,362.2,1.88,11,1
502396,102396,Bangalore,Malleshwaram,3,1234.7,28877052.0,29476724.0,-2.03,+91-9379008912,"Spacious 3BHK in Malleshwaram, close to metro & schools. Ready to move. Floor 13, West facing.",1,103,3,0,none,23387.909613671338,411.56666666666666,2.03,8,1
501868,101868,Bangalore,Hebbal,4,1849.8,28641525.0,28820651.0,-0.62,+91-9620463206,"Spacious 4BHK in Hebbal, close to metro & schools. Ready to move. Floor 10, North facing.",1,177,5,0,none,15483.579305870906,462.45,0.62,5,1
501161,101161,Mumbai,Dombivli,3,1082.1,16742414.0,16860452.0,-0.7,+91-9965215759,"3BHK flat in prime Dombivli location. Negotiable price, urgent sale. East facing, floor 6.",1,154,10,0,none,15472.15044820257,360.7,0.7,6,1
500779,100779,Mumbai,Chembur,3,990.8,21741806.0,20833023.0,4.36,+91-9493650736,"3BHK flat in prime Chembur location. Negotiable price, urgent sale. North facing, floor 22.",1,3,10,1,duplicate_listing,21943.687928946307,330.26666666666665,4.36,4,2
501077,101077,Mumbai,Goregaon West,3,1079.5,26161394.0,26504107.0,-1.29,+91-9598147616,Well-ventilated 3BHK for sale in Goregaon West. Great connectivity. Floor 9 of the tower.,1,22,7,0,none,24234.732746641963,359.8333333333333,1.29,9,1
500940,100940,Mumbai,Kandivali East,4,1953.3,33273382.0,32001234.0,3.98,+91-9768798507,"4BHK independent unit in Kandivali East society, floor 17. Immediate possession available.",0,175,3,0,none,17034.445297701328,488.325,3.98,8,1
502024,102024,Bangalore,JP Nagar,2,684.3,11103249.0,10997848.0,0.96,+91-9657093714,"Spacious 2BHK in JP Nagar, close to metro & schools. Ready to move. Floor 11, West facing.",1,157,4,0,none,16225.703638754932,342.15,0.96,10,1
500438,100438,Mumbai,Malad West,4,1867.8,37017604.0,37197799.0,-0.48,+91-9880546047,"4BHK independent unit in Malad West society, floor 5. Immediate possession available.",1,119,2,1,scam_ring_broker,19818.826426812295,466.95,0.48,18,1
500120,100120,Mumbai,Bandra West,2,822.1,42154168.0,39703543.0,6.17,+91-9261465424,"2BHK flat in prime Bandra West location. Negotiable price, urgent sale. West facing, floor 4.",1,57,7,0,none,51276.20484126019,411.05,6.17,5,1
502359,102359,Bangalore,Malleshwaram,3,1016.3,23540284.0,23488606.0,0.22,+91-9297085007,Well-ventilated 3BHK for sale in Malleshwaram. Great connectivity. Floor 22 of the tower.,1,17,3,0,none,23162.731476926107,338.76666666666665,0.22,9,1
501968,101968,Bangalore,JP Nagar,2,845.3,15732834.0,15661263.0,0.46,+91-9372729183,"Beautiful 2BHK near JP Nagar main road, built by Sobha Ltd. Vastu compliant, North facing.",1,7,2,0,none,18612.130604519105,422.65,0.46,9,1
500330,100330,Mumbai,Powai,2,697.0,15346896.0,14820675.0,3.55,+91-9613064446,"2BHK independent unit in Powai society, floor 6. Immediate possession available.",1,116,6,0,none,22018.502152080346,348.5,3.55,9,1
501815,101815,Bangalore,Hebbal,2,746.0,9812012.0,9803985.0,0.08,+91-9443424589,"Beautiful 2BHK near Hebbal main road, built by Runwal Group. Vastu compliant, North facing.",1,142,13,0,none,13152.83109919571,373.0,0.08,8,1
501366,101366,Bangalore,Whitefield,2,937.8,9736291.0,9801708.0,-0.67,+91-9145638681,"Beautiful 2BHK near Whitefield main road, built by Oberoi Realty. Vastu compliant, South facing.",1,21,10,0,none,10382.054809127747,468.9,0.67,7,1
501840,101840,Bangalore,Hebbal,2,825.6,10568796.0,10701983.0,-1.24,+91-9496282119,"Premium 2BHK apartment at Hebbal, Godrej Properties project. RERA approved. 3 yrs old, East facing.",1,128,14,0,none,12801.351744186046,412.8,1.24,6,1
501027,101027,Mumbai,Goregaon West,2,670.1,15026356.0,15328858.0,-1.97,+91-9666303628,"Spacious 2BHK in Goregaon West, close to metro & schools. Ready to move. Floor 1, North facing.",1,64,4,0,none,22424.050141769883,335.05,1.97,9,1
501254,101254,Bangalore,Indiranagar,2,881.9,19978648.0,20043846.0,-0.33,+91-9252080807,"2BHK independent unit in Indiranagar society, floor 15. Immediate possession available.",1,165,3,0,none,22654.096836376008,440.95,0.33,4,1
501993,101993,Bangalore,JP Nagar,1,403.4,6037396.0,5743200.0,5.12,+91-9118194015,"1BHK independent unit in JP Nagar society, floor 20. Immediate possession available.",1,159,3,0,none,14966.276648487854,403.4,5.12,5,1
501381,101381,Bangalore,Whitefield,3,1329.4,18138786.0,18394859.0,-1.39,+91-9340839373,"Beautiful 3BHK near Whitefield main road, built by Runwal Group. Vastu compliant, South facing.",1,104,3,0,none,13644.340303896493,443.1333333333334,1.39,6,1
500077,100077,Mumbai,Bandra West,3,1232.1,56688755.0,57095174.0,-0.71,+91-9201445292,"Spacious 2BHK in Prime Location, close to metro & schools. Ready to move. Floor 5, North facing.",1,107,10,1,recycled_description,46009.865270676084,410.7,0.71,5,57
501054,101054,Mumbai,Goregaon West,3,1257.1,27359184.0,29092017.0,-5.96,+91-9747523822,"3BHK flat in prime Goregaon West location. Negotiable price, urgent sale. North facing, floor 20.",1,60,14,0,none,21763.729218041524,419.0333333333333,5.96,2,1
500901,100901,Mumbai,Kandivali East,1,460.0,8384046.0,8276130.0,1.3,+91-9492012468,"Newly renovated 1BHK, Kandivali East. Family-friendly society with amenities. 11 yrs old.",1,8,10,0,none,18226.18695652174,460.0,1.3,6,1
502322,102322,Bangalore,Malleshwaram,4,2075.9,46674270.0,46387236.0,0.62,+91-9227401790,"Spacious 2BHK in Prime Location, close to metro & schools. Ready to move. Floor 5, North facing.",1,171,5,1,recycled_description,22483.872055494,518.975,0.62,6,57
500372,100372,Mumbai,Malad West,2,751.8,12879952.0,13041477.0,-1.24,+91-9651652452,"Spacious 2BHK in Malad West, close to metro & schools. Ready to move. Floor 3, East facing.",1,128,6,0,none,17132.15216812982,375.9,1.24,8,1
501205,101205,Bangalore,Indiranagar,2,674.7,18279771.0,17828131.0,2.53,+91-9777679752,"2BHK flat in prime Indiranagar location. Negotiable price, urgent sale. East facing, floor 13.",1,123,13,0,none,27093.183637172075,337.35,2.53,6,1
500033,100033,Mumbai,Bandra West,4,1534.1,67164569.0,66750862.0,0.62,+91-9323311439,"Beautiful 4BHK near Bandra West main road, built by Local Developer Co. Vastu compliant, East facing.",1,179,7,1,duplicate_listing,43781.089237989705,383.525,0.62,8,2
500950,100950,Mumbai,Kandivali East,3,1085.7,18832545.0,19453972.0,-3.19,+91-9186867729,"Newly renovated 3BHK, Kandivali East. Family-friendly society with amenities. 0 yrs old.",1,141,3,0,none,17345.993368333795,361.90000000000003,3.19,8,1
500942,100942,Mumbai,Kandivali East,1,391.3,7949393.0,8278187.0,-3.97,+91-9382961741,"Spacious 1BHK in Kandivali East, close to metro & schools. Ready to move. Floor 6, East facing.",1,147,6,1,scam_ring_broker,20315.34117045745,391.3,3.97,19,1
500578,100578,Mumbai,Thane West,4,1887.0,40574135.0,40816861.0,-0.59,+91-9152236081,"4BHK flat in prime Thane West location. Negotiable price, urgent sale. South facing, floor 22.",1,11,14,0,none,21501.92633810281,471.75,0.59,5,1
500820,100820,Mumbai,Chembur,4,1933.7,43553790.0,43681355.0,-0.29,+91-9961088337,Well-ventilated 4BHK for sale in Chembur. Great connectivity. Floor 19 of the tower.,1,94,4,0,none,22523.550705900605,483.425,0.29,9,1
500553,100553,Mumbai,Thane West,3,1163.0,20131495.0,19948767.0,0.92,+91-9179308582,"3BHK independent unit in Thane West society, floor 17. Immediate possession available.",0,164,13,0,none,17309.969905417023,387.6666666666667,0.92,14,1
500407,100407,Mumbai,Malad West,3,1359.9,25260260.0,24836973.0,1.7,+91-9323712795,"Spacious 3BHK in Malad West, close to metro & schools. Ready to move. Floor 4, West facing.",0,98,11,0,none,18575.086403412013,453.3,1.7,9,1
502272,102272,Bangalore,Yelahanka,4,1509.7,9059652.0,9155424.0,-1.05,+91-9592871678,"Spacious 4BHK in Yelahanka, close to metro & schools. Ready to move. Floor 12, East facing.",1,88,7,0,none,6000.961780486189,377.425,1.05,3,1
501584,101584,Bangalore,HSR Layout,2,719.2,12459284.0,12790649.0,-2.59,+91-9180373996,"Newly renovated 2BHK, HSR Layout. Family-friendly society with amenities. 11 yrs old.",1,81,10,0,none,17323.80978865406,359.6,2.59,5,1
502065,102065,Bangalore,Sarjapur Road,3,1040.4,7782625.0,7749686.0,0.43,+91-9974611178,"Beautiful 3BHK near Sarjapur Road main road, built by Oberoi Realty. Vastu compliant, North facing.",1,146,11,0,none,7480.416186082275,346.8,0.43,8,1
501614,101614,Bangalore,HSR Layout,4,1565.7,26911969.0,25739963.0,4.55,+91-9448868620,"Beautiful 4BHK near HSR Layout main road, built by Runwal Group. Vastu compliant, West facing.",1,12,11,0,none,17188.458197611293,391.425,4.55,7,1
500887,100887,Mumbai,Kandivali East,1,540.8,8770259.0,8200336.0,6.95,+91-9587029438,"1BHK independent unit in Kandivali East society, floor 2. Immediate possession available.",1,134,7,1,duplicate_listing,16217.194896449706,540.8,6.95,11,2
500969,100969,Mumbai,Goregaon West,3,1006.4,31655003.0,31800704.0,-0.46,+91-9382961741,"Premium 3BHK apartment at Goregaon West, Brigade Group project. RERA approved. 16 yrs old, West facing.",1,90,2,1,scam_ring_broker,31453.699324324323,335.46666666666664,0.46,19,1
501251,101251,Bangalore,Indiranagar,3,1326.9,29953335.0,29933362.0,0.07,+91-9262497248,"3BHK independent unit in Indiranagar society, floor 3. Immediate possession available.",1,114,13,0,none,22573.920416007233,442.3,0.07,5,1
500786,100786,Mumbai,Chembur,1,467.0,11105917.0,11263084.0,-1.4,+91-9577748824,"Newly renovated 1BHK, Chembur. Family-friendly society with amenities. 20 yrs old.",1,129,13,0,none,23781.406852248394,467.0,1.4,4,1
502213,102213,Bangalore,Yelahanka,2,812.9,7466164.0,7213795.0,3.5,+91-9471340026,"Beautiful 2BHK near Yelahanka main road, built by Regional Builders Ltd. Vastu compliant, North facing.",1,174,10,0,none,9184.603272235208,406.45,3.5,5,1
502236,102236,Bangalore,Yelahanka,3,1268.9,11685417.0,11860680.0,-1.48,+91-9195552017,"Beautiful 3BHK near Yelahanka main road, built by Godrej Properties. Vastu compliant, West facing.",1,58,5,1,duplicate_listing,9209.092127039166,422.9666666666667,1.48,8,2
500850,100850,Mumbai,Kandivali East,3,1017.0,18310934.0,18132752.0,0.98,+91-9659961305,Well-ventilated 3BHK for sale in Kandivali East. Great connectivity. Floor 9 of the tower.,1,19,5,0,none,18004.851524090463,339.0,0.98,5,1
500302,100302,Mumbai,Powai,1,393.6,9138451.0,9231756.0,-1.01,+91-9547352752,"Beautiful 1BHK near Powai main road, built by Lodha Group. Vastu compliant, South facing.",1,54,14,0,none,23217.609247967477,393.6,1.01,9,1
501747,101747,Bangalore,Electronic City,1,417.2,4703070.0,4936284.0,-4.72,+91-9847042955,"1BHK independent unit in Electronic City society, floor 16. Immediate possession available.",1,51,10,0,none,11272.938638542666,417.2,4.72,6,1
500690,100690,Mumbai,Mulund West,1,465.1,9456896.0,9536942.0,-0.84,+91-9237906702,"Premium 1BHK apartment at Mulund West, Godrej Properties project. RERA approved. 3 yrs old, South facing.",1,154,10,0,none,20333.03805633197,465.1,0.84,6,1
500813,100813,Mumbai,Chembur,4,1867.6,44564512.0,47969738.0,-7.1,+91-9678587710,"Newly renovated 4BHK, Chembur. Family-friendly society with amenities. 17 yrs old.",1,20,7,0,none,23861.914756907263,466.9,7.1,8,1
501062,101062,Mumbai,Goregaon West,4,1924.8,53338915.0,52564441.0,1.47,+91-9161843816,"Newly renovated 4BHK, Goregaon West. Family-friendly society with amenities. 19 yrs old.",1,2,13,0,none,27711.406379883625,481.2,1.47,5,1
501378,101378,Bangalore,Whitefield,3,1342.2,12162751.0,12030058.0,1.1,+91-9179308582,"3BHK flat in prime Whitefield location. Negotiable price, urgent sale. East facing, floor 5.",1,128,10,0,none,9061.80226493816,447.40000000000003,1.1,14,1
501522,101522,Bangalore,Koramangala,3,1231.7,33351270.0,34438858.0,-3.16,+91-9906886470,"3BHK flat in prime Koramangala location. Negotiable price, urgent sale. East facing, floor 14.",1,56,5,0,none,27077.42956888853,410.56666666666666,3.16,8,1
501739,101739,Bangalore,Electronic City,1,541.6,6655606.0,6692903.0,-0.56,+91-9749842598,"Premium 1BHK apartment at Electronic City, Kolte-Patil project. RERA approved. 11 yrs old, West facing.",1,177,12,0,none,12288.785081240767,541.6,0.56,7,1
500237,100237,Mumbai,Andheri West,1,493.3,17225792.0,17677115.0,-2.55,+91-9862664925,"Newly renovated 1BHK, Andheri West. Family-friendly society with amenities. 12 yrs old.",1,155,7,0,none,34919.50537198459,493.3,2.55,3,1
502334,102334,Bangalore,Malleshwaram,4,1782.6,34137187.0,33633851.0,1.5,+91-9785287153,"Beautiful 4BHK near Malleshwaram main road, built by Oberoi Realty. Vastu compliant, South facing.",1,132,11,0,none,19150.222708403457,445.65,1.5,7,1
501754,101754,Bangalore,Electronic City,3,1069.9,12671781.0,12943343.0,-2.1,+91-9436959477,"3BHK independent unit in Electronic City society, floor 22. Immediate possession available.",1,23,9,0,none,11843.892887185717,356.6333333333334,2.1,6,1
501116,101116,Mumbai,Dombivli,3,1122.4,9974128.0,9778658.0,2.0,+91-9558502570,"3BHK flat in prime Dombivli location. Negotiable price, urgent sale. West facing, floor 16.",1,150,14,0,none,8886.429080541695,374.1333333333334,2.0,7,1
501963,101963,Bangalore,JP Nagar,4,1720.4,21820383.0,21637548.0,0.84,+91-9458448003,"Spacious 4BHK in JP Nagar, close to metro & schools. Ready to move. Floor 4, North facing.",1,83,14,0,none,12683.319576842594,430.1,0.84,3,1
500500,100500,Mumbai,Thane West,1,518.7,7324022.0,7581721.0,-3.4,+91-9368378778,"Spacious 1BHK in Thane West, close to metro & schools. Ready to move. Floor 6, North facing.",1,24,11,0,none,14119.957586273375,518.7,3.4,12,1
500823,100823,Mumbai,Chembur,3,1303.6,27903936.0,27996071.0,-0.33,+91-9921360872,"Spacious 3BHK in Chembur, close to metro & schools. Ready to move. Floor 8, North facing.",1,149,7,0,none,21405.289966247317,434.5333333333333,0.33,11,1
501578,101578,Bangalore,HSR Layout,4,1923.2,34533218.0,34589611.0,-0.16,+91-9368378778,"4BHK flat in prime HSR Layout location. Negotiable price, urgent sale. South facing, floor 19.",1,55,7,0,none,17956.124168053244,480.8,0.16,12,1
501080,101080,Mumbai,Goregaon West,2,908.7,24019803.0,24034723.0,-0.06,+91-9529465471,"Beautiful 2BHK near Goregaon West main road, built by Local Developer Co. Vastu compliant, West facing.",1,58,10,0,none,26433.14955430835,454.35,0.06,3,1
501327,101327,Bangalore,Whitefield,3,1122.1,13929942.0,13645777.0,2.08,+91-9843543543,"Spacious 3BHK in Whitefield, close to metro & schools. Ready to move. Floor 5, South facing.",1,153,3,0,none,12414.171642456111,374.0333333333333,2.08,4,1
500795,100795,Mumbai,Chembur,3,1091.2,27834434.0,28876453.0,-3.61,+91-9649675706,"Newly renovated 3BHK, Chembur. Family-friendly society with amenities. 9 yrs old.",1,45,11,0,none,25508.0956744868,363.73333333333335,3.61,3,1
502406,101199,Mumbai,Dombivli,1,455.7,4660077.0,4528337.0,2.91,+91-9379130751,"Newly renovated 1BHK, Dombivli. Family-friendly society with amenities. 12 yrs old.",1,27,5,1,duplicate_listing,10226.194865042791,455.7,2.91,11,2
500617,100617,Mumbai,Mulund West,3,1234.3,31320194.0,30713106.0,1.98,+91-9319586317,"3BHK flat in prime Mulund West location. Negotiable price, urgent sale. North facing, floor 11.",1,51,7,0,none,25374.86348537633,411.43333333333334,1.98,5,1
502411,102038,Bangalore,JP Nagar,3,1393.4,18998384.0,21140350.0,-10.13,+91-9223810236,"Spacious 3BHK in JP Nagar, close to metro & schools. Ready to move. Floor 24, East facing.",1,8,11,1,duplicate_listing,13634.551456868092,464.4666666666667,10.13,2,2
501925,101925,Bangalore,JP Nagar,3,1243.2,20596249.0,19996095.0,3.0,+91-9973373741,"Premium 3BHK apartment at JP Nagar, Oberoi Realty project. RERA approved. 11 yrs old, East facing.",1,129,3,0,none,16567.124356499357,414.40000000000003,3.0,8,1
500991,100991,Mumbai,Goregaon West,3,960.5,31954826.0,31587016.0,1.16,+91-9448868620,"3BHK flat in prime Goregaon West location. Negotiable price, urgent sale. East facing, floor 18.",1,32,5,0,none,33268.949505465906,320.1666666666667,1.16,7,1
501981,101981,Bangalore,JP Nagar,4,2057.3,28585928.0,27354432.0,4.5,+91-9561703223,"Spacious 4BHK in JP Nagar, close to metro & schools. Ready to move. Floor 20, East facing.",1,132,11,0,none,13894.875808097991,514.325,4.5,6,1
500935,100935,Mumbai,Kandivali East,2,860.3,12892496.0,12819915.0,0.57,+91-9665615752,Well-ventilated 2BHK for sale in Kandivali East. Great connectivity. Floor 6 of the tower.,1,133,14,1,duplicate_listing,14986.046727885621,430.15,0.57,11,2
500388,100388,Mumbai,Malad West,2,668.8,14314819.0,14950903.0,-4.25,+91-9775196830,"2BHK flat in prime Malad West location. Negotiable price, urgent sale. North facing, floor 2.",1,34,4,0,none,21403.7365430622,334.4,4.25,10,1
501329,101329,Bangalore,Whitefield,2,768.5,6670660.0,6524912.0,2.23,+91-9458448003,"Beautiful 2BHK near Whitefield main road, built by Local Developer Co. Vastu compliant, East facing.",1,82,5,0,none,8680.10409889395,384.25,2.23,3,1
500391,100391,Mumbai,Malad West,2,757.3,14015230.0,14225731.0,-1.48,+91-9909042384,"Premium 2BHK apartment at Malad West, Puravankara project. RERA approved. 9 yrs old, West facing.",1,36,11,0,none,18506.840089792684,378.65,1.48,8,1
500744,100744,Mumbai,Chembur,3,1048.3,26859809.0,26504383.0,1.34,+91-9180373996,"3BHK flat in prime Chembur location. Negotiable price, urgent sale. East facing, floor 2.",1,69,10,0,none,25622.25412572737,349.43333333333334,1.34,5,1
500353,100353,Mumbai,Powai,2,889.6,20031910.0,21492054.0,-6.79,+91-9617846911,"2BHK independent unit in Powai society, floor 17. Immediate possession available.",1,65,11,0,none,22517.884442446044,444.8,6.79,11,1
501218,101218,Bangalore,Indiranagar,3,1275.4,28787143.0,29549349.0,-2.58,+91-9356560330,"Spacious 3BHK in Indiranagar, close to metro & schools. Ready to move. Floor 4, East facing.",1,168,5,0,none,22571.070252469814,425.1333333333334,2.58,5,1
500236,100236,Mumbai,Andheri West,1,399.4,11271251.0,11238842.0,0.29,+91-9441438610,"Premium 1BHK apartment at Andheri West, Runwal Group project. RERA approved. 15 yrs old, North facing.",1,121,8,0,none,28220.45818728092,399.4,0.29,5,1
502254,102254,Bangalore,Yelahanka,1,439.7,4119776.0,4191647.0,-1.71,+91-9666659963,"Spacious 1BHK in Yelahanka, close to metro & schools. Ready to move. Floor 24, North facing.",1,156,13,0,none,9369.51557880373,439.7,1.71,10,1
501719,101719,Bangalore,Electronic City,3,1063.6,8266634.0,8395368.0,-1.53,+91-9693347505,"Spacious 3BHK in Electronic City, close to metro & schools. Ready to move. Floor 24, West facing.",1,73,8,0,none,7772.314779992479,354.5333333333333,1.53,9,1
500481,100481,Mumbai,Thane West,1,407.6,5029158.0,5006153.0,0.46,+91-9500030388,"Spacious 1BHK in Thane West, close to metro & schools. Ready to move. Floor 6, West facing.",1,168,3,0,none,12338.464180569184,407.6,0.46,4,1
500568,100568,Mumbai,Thane West,3,1258.0,21593752.0,21004912.0,2.8,+91-9910500619,"Newly renovated 3BHK, Thane West. Family-friendly society with amenities. 10 yrs old.",1,7,7,0,none,17165.144674085852,419.3333333333333,2.8,10,1
501141,101141,Mumbai,Dombivli,2,916.4,9754712.0,10403023.0,-6.23,+91-9203346309,"2BHK flat in prime Dombivli location. Negotiable price, urgent sale. South facing, floor 24.",1,53,10,0,none,10644.600611086862,458.2,6.23,7,1
501633,101633,Bangalore,HSR Layout,3,1385.3,28205976.0,27353077.0,3.12,+91-9709846013,"Beautiful 3BHK near HSR Layout main road, built by Prestige Group. Vastu compliant, East facing.",1,16,9,0,none,20360.91532520032,461.76666666666665,3.12,11,1
501678,101678,Bangalore,HSR Layout,4,1657.6,20851875.0,20899309.0,-0.23,+91-9501138021,"Newly renovated 4BHK, HSR Layout. Family-friendly society with amenities. 13 yrs old.",1,9,2,0,none,12579.557794401546,414.4,0.23,9,1
502237,102237,Bangalore,Yelahanka,3,1310.0,12818934.0,13526779.0,-5.23,+91-9368378778,"Beautiful 3BHK near Yelahanka main road, built by Godrej Properties. Vastu compliant, South facing.",1,68,5,0,none,9785.445801526717,436.6666666666667,5.23,12,1
500101,100101,Mumbai,Bandra West,2,869.9,32534974.0,32574247.0,-0.12,+91-9579730015,"Spacious 2BHK in Prime Location, close to metro & schools. Ready to move. Floor 5, North facing.",1,66,7,1,recycled_description,37400.82078399816,434.95,0.12,14,57
501782,101782,Bangalore,Electronic City,2,771.1,8119619.0,8127039.0,-0.09,+91-9715315935,"Newly renovated 2BHK, Electronic City. Family-friendly society with amenities. 6 yrs old.",1,80,5,0,none,10529.917001685903,385.55,0.09,8,1
502110,102110,Bangalore,Sarjapur Road,2,874.4,10396779.0,10530152.0,-1.27,+91-9439453697,"Spacious 2BHK in Prime Location, close to metro & schools. Ready to move. Floor 5, North facing.",1,137,12,1,recycled_description,11890.186413540714,437.2,1.27,6,57
500080,100080,Mumbai,Bandra West,4,1556.8,57933541.0,58209496.0,-0.47,+91-9110614622,"Premium 4BHK apartment at Bandra West, Kolte-Patil project. RERA approved. 17 yrs old, South facing.",1,65,4,0,none,37213.220066803704,389.2,0.47,5,1
500121,100121,Mumbai,Andheri West,1,384.0,13752393.0,13551489.0,1.48,+91-9612724846,Well-ventilated 1BHK for sale in Andheri West. Great connectivity. Floor 7 of the tower.,1,74,10,0,none,35813.5234375,384.0,1.48,7,1
501389,101389,Bangalore,Whitefield,3,1158.7,17114726.0,18355407.0,-6.76,+91-9598147616,Well-ventilated 3BHK for sale in Whitefield. Great connectivity. Floor 15 of the tower.,1,172,14,0,none,14770.627427289202,386.23333333333335,6.76,9,1
500491,100491,Mumbai,Thane West,2,855.8,15164056.0,15618303.0,-2.91,+91-9356560330,"Spacious 2BHK in Thane West, close to metro & schools. Ready to move. Floor 19, South facing.",1,117,9,0,none,17719.158681935034,427.9,2.91,5,1
501025,101025,Mumbai,Goregaon West,1,450.2,13262666.0,13466335.0,-1.51,+91-9558502570,"Newly renovated 1BHK, Goregaon West. Family-friendly society with amenities. 4 yrs old.",1,5,2,0,none,29459.498000888496,450.2,1.51,7,1
501087,101087,Mumbai,Dombivli,3,1250.0,12357616.0,12341771.0,0.13,+91-9626520521,"3BHK flat in prime Dombivli location. Negotiable price, urgent sale. South facing, floor 12.",1,91,6,0,none,9886.0928,416.6666666666667,0.13,4,1
501768,101768,Bangalore,Electronic City,2,688.7,8522820.0,8182052.0,4.16,+91-9282620576,"Newly renovated 2BHK, Electronic City. Family-friendly society with amenities. 2 yrs old.",1,91,4,0,none,12375.228691738057,344.35,4.16,9,1
501273,101273,Bangalore,Indiranagar,3,1001.9,26707422.0,28233449.0,-5.41,+91-9548368866,"Spacious 3BHK in Indiranagar, close to metro & schools. Ready to move. Floor 9, West facing.",1,55,3,0,none,26656.774129154608,333.96666666666664,5.41,4,1
501478,101478,Bangalore,Koramangala,3,1389.0,31033064.0,29825905.0,4.05,+91-9871704332,"Beautiful 3BHK near Koramangala main road, built by Prestige Group. Vastu compliant, West facing.",1,176,2,0,none,22342.01871850252,463.0,4.05,6,1
501998,101998,Bangalore,JP Nagar,2,862.7,11611121.0,11764287.0,-1.3,+91-9839105575,"Premium 2BHK apartment at JP Nagar, Sobha Ltd project. RERA approved. 15 yrs old, West facing.",1,99,8,0,none,13459.048336617596,431.35,1.3,9,1
500927,100927,Mumbai,Kandivali East,3,1395.8,25058672.0,24140078.0,3.81,+91-9906886470,"3BHK independent unit in Kandivali East society, floor 2. Immediate possession available.",1,105,5,0,none,17952.910159048573,465.26666666666665,3.81,8,1
500516,100516,Mumbai,Thane West,2,355.8,12473169.0,12853965.0,-2.96,+91-9350583050,"Newly renovated 2BHK, Thane West. Family-friendly society with amenities. 19 yrs old.",1,173,0,1,fake_listing,35056.68634064081,177.9,2.96,8,1
501595,101595,Bangalore,HSR Layout,2,814.0,12865587.0,13184906.0,-2.42,+91-9272127411,"Spacious 2BHK in Prime Location, close to metro & schools. Ready to move. Floor 5, North facing.",0,98,6,1,recycled_description,15805.389434889436,407.0,2.42,10,57
500224,100224,Mumbai,Andheri West,1,480.3,13787315.0,13485941.0,2.23,+91-9635216382,"Newly renovated 1BHK, Andheri West. Family-friendly society with amenities. 1 yrs old.",1,53,5,0,none,28705.631896731207,480.3,2.23,6,1
500767,100767,Mumbai,Chembur,4,1589.3,33170896.0,32718020.0,1.38,+91-9272127411,"Spacious 4BHK in Chembur, close to metro & schools. Ready to move. Floor 5, South facing.",1,54,4,0,none,20871.387403259298,397.325,1.38,10,1
500614,100614,Mumbai,Mulund West,3,1119.7,18888139.0,17914278.0,5.44,+91-9531276844,"3BHK independent unit in Mulund West society, floor 17. Immediate possession available.",1,82,10,0,none,16868.928284361882,373.23333333333335,5.44,8,1
500844,100844,Mumbai,Kandivali East,2,718.9,14265080.0,15230379.0,-6.34,+91-9367439980,"Premium 2BHK apartment at Kandivali East, Puravankara project. RERA approved. 4 yrs old, North facing.",1,80,9,0,none,19842.926693559606,359.45,6.34,10,1
501246,101246,Bangalore,Indiranagar,2,650.4,16614170.0,17096746.0,-2.82,+91-9147034206,"2BHK flat in prime Indiranagar location. Negotiable price, urgent sale. North facing, floor 18.",1,104,11,0,none,25544.541820418206,325.2,2.82,6,1
501626,101626,Bangalore,HSR Layout,3,1078.4,16461396.0,16985915.0,-3.09,+91-9666659963,Well-ventilated 3BHK for sale in HSR Layout. Great connectivity. Floor 14 of the tower.,1,31,4,0,none,15264.64762611276,359.4666666666667,3.09,10,1
501541,101541,Bangalore,Koramangala,3,1283.0,29603059.0,29151409.0,1.55,+91-9617846911,"Beautiful 3BHK near Koramangala main road, built by Godrej Properties. Vastu compliant, South facing.",1,148,2,0,none,23073.311769290725,427.6666666666667,1.55,11,1
501490,101490,Bangalore,Koramangala,2,746.9,8804606.0,17704080.0,-50.27,+91-9693347505,"Newly renovated 2BHK, Koramangala. Family-friendly society with amenities. 18 yrs old.",1,62,13,1,price_manipulation,11788.199223456955,373.45,50.27,9,1
500053,100053,Mumbai,Bandra West,3,1358.2,68903668.0,72217070.0,-4.59,+91-9320036460,"Premium 3BHK apartment at Bandra West, Sobha Ltd project. RERA approved. 4 yrs old, East facing.",1,150,11,0,none,50731.60653806508,452.73333333333335,4.59,4,1
500530,100530,Mumbai,Thane West,2,747.8,10651412.0,10301931.0,3.39,+91-9592437012,"Beautiful 2BHK near Thane West main road, built by Local Developer Co. Vastu compliant, East facing.",0,143,11,0,none,14243.664081305164,373.9,3.39,3,1
500486,100486,Mumbai,Thane West,3,1192.7,17922137.0,17546708.0,2.14,+91-9871802689,Well-ventilated 3BHK for sale in Thane West. Great connectivity. Floor 4 of the tower.,1,7,11,0,none,15026.525530309382,397.56666666666666,2.14,6,1
501900,101900,Bangalore,Hebbal,4,1613.3,28114719.0,28138320.0,-0.08,+91-9375272841,Well-ventilated 4BHK for sale in Hebbal. Great connectivity. Floor 18 of the tower.,1,95,12,0,none,17426.838777660694,403.325,0.08,5,1
502398,102398,Bangalore,Malleshwaram,4,1606.2,30843807.0,30069135.0,2.58,+91-9149978419,"4BHK flat in prime Malleshwaram location. Negotiable price, urgent sale. South facing, floor 17.",1,42,3,0,none,19202.967874486363,401.55,2.58,9,1
500819,100819,Mumbai,Chembur,3,962.7,18516341.0,18722642.0,-1.1,+91-9871802689,"3BHK independent unit in Chembur society, floor 3. Immediate possession available.",1,45,14,0,none,19233.760257608807,320.90000000000003,1.1,6,1
502203,102203,Bangalore,Yelahanka,4,2085.0,18953405.0,19187727.0,-1.22,+91-9631261883,"4BHK flat in prime Yelahanka location. Negotiable price, urgent sale. South facing, floor 4.",1,138,13,0,none,9090.362110311751,521.25,1.22,7,1
500156,100156,Mumbai,Andheri West,2,945.6,24260633.0,25360369.0,-4.34,+91-9848220623,"2BHK flat in prime Andheri West location. Negotiable price, urgent sale. South facing, floor 7.",1,86,14,0,none,25656.337774957698,472.8,4.34,8,1
501367,101367,Bangalore,Whitefield,1,454.3,6708116.0,6594060.0,1.73,+91-9221326291,"1BHK flat in prime Whitefield location. Negotiable price, urgent sale. West facing, floor 23.",1,165,4,0,none,14765.828747523663,454.3,1.73,7,1
500601,100601,Mumbai,Mulund West,4,1572.9,28783530.0,28474866.0,1.08,+91-9235956049,"4BHK flat in prime Mulund West location. Negotiable price, urgent sale. West facing, floor 14.",1,32,5,0,none,18299.656685103946,393.225,1.08,5,1
502348,102348,Bangalore,Malleshwaram,2,878.8,19366254.0,18980785.0,2.03,+91-9426814254,"Beautiful 2BHK near Malleshwaram main road, built by Regional Builders Ltd. Vastu compliant, North facing.",0,30,9,0,none,22037.15748748293,439.4,2.03,10,1
500249,100249,Mumbai,Powai,2,742.6,23648303.0,24065601.0,-1.73,+91-9749842598,"Beautiful 2BHK near Powai main road, built by Lodha Group. Vastu compliant, South facing.",1,45,6,0,none,31845.27740371667,371.3,1.73,7,1
500762,100762,Mumbai,Chembur,1,157.5,9855621.0,9666569.0,1.96,+91-9980873094,Well-ventilated 1BHK for sale in Chembur. Great connectivity. Floor 10 of the tower.,1,49,1,1,fake_listing,62575.37142857143,157.5,1.96,10,1
501895,101895,Bangalore,Hebbal,2,270.9,9923870.0,9939775.0,-0.16,+91-9886198099,"2BHK flat in prime Hebbal location. Negotiable price, urgent sale. North facing, floor 3.",0,46,0,1,fake_listing,36632.96419342931,135.45,0.16,3,1
501880,101880,Bangalore,Hebbal,2,804.1,11024983.0,11401888.0,-3.31,+91-9833730649,"Beautiful 2BHK near Hebbal main road, built by Lodha Group. Vastu compliant, West facing.",1,122,4,0,none,13710.96007959209,402.05,3.31,4,1
501967,101967,Bangalore,JP Nagar,2,712.2,11660667.0,11500022.0,1.4,+91-9382961741,"Premium 2BHK apartment at JP Nagar, Brigade Group project. RERA approved. 21 yrs old, East facing.",1,39,5,1,scam_ring_broker,16372.742207245155,356.1,1.4,19,1
501466,101466,Bangalore,Koramangala,1,404.6,7426462.0,7219432.0,2.87,+91-9587029438,"Spacious 1BHK in Koramangala, close to metro & schools. Ready to move. Floor 23, South facing.",1,99,12,0,none,18355.071675729116,404.6,2.87,11,1
500589,100589,Mumbai,Thane West,3,1290.7,20014071.0,20596542.0,-2.83,+91-9657093714,"3BHK flat in prime Thane West location. Negotiable price, urgent sale. North facing, floor 2.",1,88,7,0,none,15506.369411947006,430.23333333333335,2.83,10,1
501131,101131,Mumbai,Dombivli,2,799.1,10436184.0,10313129.0,1.19,+91-9876528310,"Newly renovated 2BHK, Dombivli. Family-friendly society with amenities. 6 yrs old.",1,177,12,0,none,13059.922412714302,399.55,1.19,8,1
500543,100543,Mumbai,Thane West,3,1322.8,18281231.0,18164816.0,0.64,+91-9179308582,"3BHK independent unit in Thane West society, floor 19. Immediate possession available.",1,18,5,1,duplicate_listing,13820.10205624433,440.93333333333334,0.64,14,3
500794,100794,Mumbai,Chembur,3,981.5,20927299.0,21503240.0,-2.68,+91-9181270264,"Newly renovated 3BHK, Chembur. Family-friendly society with amenities. 0 yrs old.",1,102,2,0,none,21321.751400916964,327.1666666666667,2.68,10,1
501976,101976,Bangalore,JP Nagar,3,1269.5,15346973.0,15706816.0,-2.29,+91-9501138021,"3BHK flat in prime JP Nagar location. Negotiable price, urgent sale. West facing, floor 14.",1,46,2,0,none,12088.990153603781,423.1666666666667,2.29,9,1
501726,101726,Bangalore,Electronic City,4,2075.7,21421576.0,21504438.0,-0.39,+91-9447439165,"Premium 4BHK apartment at Electronic City, Sobha Ltd project. RERA approved. 20 yrs old, North facing.",1,61,4,0,none,10320.169581346054,518.925,0.39,10,1
501142,101142,Mumbai,Dombivli,1,411.7,3559467.0,3462481.0,2.8,+91-9485398221,"Beautiful 1BHK near Dombivli main road, built by Puravankara. Vastu compliant, North facing.",1,74,12,0,none,8645.778479475346,411.7,2.8,5,1
500602,100602,Mumbai,Mulund West,2,949.3,16258751.0,16458477.0,-1.21,+91-9921360872,"2BHK flat in prime Mulund West location. Negotiable price, urgent sale. North facing, floor 24.",1,158,8,0,none,17127.094701358896,474.65,1.21,11,1
500629,100629,Mumbai,Mulund West,3,1311.8,27449279.0,28106380.0,-2.34,+91-9443424589,Well-ventilated 3BHK for sale in Mulund West. Great connectivity. Floor 14 of the tower.,1,109,10,0,none,20924.8963256594,437.26666666666665,2.34,8,2
500151,100151,Mumbai,Andheri West,3,1217.4,29596860.0,29676698.0,-0.27,+91-9923917956,"Premium 3BHK apartment at Andheri West, Prestige Group project. RERA approved. 17 yrs old, West facing.",1,55,5,0,none,24311.532774765892,405.8,0.27,8,1
502206,102206,Bangalore,Yelahanka,3,1290.5,10240524.0,9849006.0,3.98,+91-9530333995,"Spacious 3BHK in Yelahanka, close to metro & schools. Ready to move. Floor 10, South facing.",1,141,4,0,none,7935.314994188299,430.1666666666667,3.98,1,1
500292,100292,Mumbai,Powai,2,755.1,20844940.0,22023004.0,-5.35,+91-9577748824,"2BHK flat in prime Powai location. Negotiable price, urgent sale. North facing, floor 3.",1,31,12,0,none,27605.535690637,377.55,5.35,4,1
501564,101564,Bangalore,HSR Layout,3,1360.4,18048635.0,18290323.0,-1.32,+91-9879911141,"3BHK independent unit in HSR Layout society, floor 10. Immediate possession available.",1,4,11,0,none,13267.15304322258,453.4666666666667,1.32,9,2
500382,100382,Mumbai,Malad West,3,1034.3,16123097.0,16450008.0,-1.99,+91-9813395726,"3BHK independent unit in Malad West society, floor 12. Immediate possession available.",1,61,10,0,none,15588.414386541623,344.76666666666665,1.99,3,1
502327,102327,Bangalore,Malleshwaram,3,986.1,28048814.0,29736431.0,-5.68,+91-9945776865,"Beautiful 3BHK near Malleshwaram main road, built by Oberoi Realty. Vastu compliant, South facing.",1,25,12,0,none,28444.188216205253,328.7,5.68,4,1
500687,100687,Mumbai,Mulund West,2,930.2,16429381.0,16534027.0,-0.63,+91-9547352752,"2BHK flat in prime Mulund West location. Negotiable price, urgent sale. East facing, floor 12.",1,99,8,0,none,17662.202752096324,465.1,0.63,9,1
501368,101368,Bangalore,Whitefield,2,771.0,9139848.0,9197135.0,-0.62,+91-9925450994,"Spacious 2BHK in Whitefield, close to metro & schools. Ready to move. Floor 1, West facing.",1,150,7,0,none,11854.536964980545,385.5,0.62,8,1
501225,101225,Bangalore,Indiranagar,3,1158.1,32020768.0,31152803.0,2.79,+91-9771196228,"Beautiful 3BHK near Indiranagar main road, built by Lodha Group. Vastu compliant, North facing.",1,110,13,0,none,27649.398152145757,386.0333333333333,2.79,7,2
501621,101621,Bangalore,HSR Layout,3,1255.0,17405614.0,17411138.0,-0.03,+91-9900430921,Well-ventilated 3BHK for sale in HSR Layout. Great connectivity. Floor 19 of the tower.,1,108,5,0,none,13869.015139442232,418.3333333333333,0.03,5,1
500898,100898,Mumbai,Kandivali East,2,728.8,14678165.0,15098794.0,-2.79,+91-9368378778,"2BHK independent unit in Kandivali East society, floor 6. Immediate possession available.",1,164,7,0,none,20140.18249176729,364.4,2.79,12,1
502303,102303,Bangalore,Malleshwaram,3,1172.8,32193575.0,31856237.0,1.06,+91-9379513176,Well-ventilated 3BHK for sale in Malleshwaram. Great connectivity. Floor 20 of the tower.,1,61,11,0,none,27450.18332196453,390.93333333333334,1.06,7,1
500855,100855,Mumbai,Kandivali East,4,1615.6,29335528.0,29351338.0,-0.05,+91-9490014371,Well-ventilated 4BHK for sale in Kandivali East. Great connectivity. Floor 9 of the tower.,0,71,7,0,none,18157.66773953949,403.9,0.05,10,1
501072,101072,Mumbai,Goregaon West,3,962.6,28757859.0,29648665.0,-3.0,+91-9436959477,"3BHK independent unit in Goregaon West society, floor 11. Immediate possession available.",1,157,7,0,none,29875.191148971535,320.8666666666667,3.0,6,2
500555,100555,Mumbai,Thane West,3,1067.6,17357136.0,17179358.0,1.03,+91-9470365140,"3BHK independent unit in Thane West society, floor 5. Immediate possession available.",1,135,4,0,none,16258.089171974523,355.8666666666666,1.03,4,1
501829,101829,Bangalore,Hebbal,2,793.2,8486319.0,8124585.0,4.45,+91-9834704292,"2BHK independent unit in Hebbal society, floor 13. Immediate possession available.",1,23,7,0,none,10698.838880484114,396.6,4.45,6,1
500827,100827,Mumbai,Chembur,1,503.7,14511489.0,14183492.0,2.31,+91-9474223729,"Premium 1BHK apartment at Chembur, Lodha Group project. RERA approved. 10 yrs old, North facing.",1,28,12,0,none,28809.785586658727,503.7,2.31,9,1
502452,100926,Mumbai,Kandivali East,3,1050.5,19548637.0,19523784.0,0.13,+91-9620804731,"3BHK flat in prime Kandivali East location. Negotiable price, urgent sale. North facing, floor 23.",1,1,6,1,duplicate_listing,18608.888148500715,350.1666666666667,0.13,7,2
501985,101985,Bangalore,JP Nagar,2,718.1,7879596.0,7995762.0,-1.45,+91-9500030388,"2BHK independent unit in JP Nagar society, floor 1. Immediate possession available.",1,115,7,1,duplicate_listing,10972.83943740426,359.05,1.45,4,2
501838,101838,Bangalore,Hebbal,4,1797.8,26338446.0,26565896.0,-0.86,+91-9612724846,"4BHK flat in prime Hebbal location. Negotiable price, urgent sale. South facing, floor 4.",1,156,3,0,none,14650.376015129603,449.45,0.86,7,1
500536,100536,Mumbai,Thane West,3,1268.3,16924080.0,16657311.0,1.6,+91-9885528286,"Beautiful 3BHK near Thane West main road, built by Regional Builders Ltd. Vastu compliant, South facing.",1,71,14,0,none,13343.90916975479,422.76666666666665,1.6,7,1
502181,102181,Bangalore,Yelahanka,1,408.4,3954789.0,3877356.0,2.0,+91-9749842598,"Spacious 1BHK in Yelahanka, close to metro & schools. Ready to move. Floor 18, East facing.",1,79,14,0,none,9683.61655239961,408.4,2.0,7,1
500155,100155,Mumbai,Andheri West,2,934.4,24849414.0,25601071.0,-2.94,+91-9501138021,Well-ventilated 2BHK for sale in Andheri West. Great connectivity. Floor 5 of the tower.,1,34,14,0,none,26593.979023972603,467.2,2.94,9,1
502109,102109,Bangalore,Sarjapur Road,1,513.6,3789531.0,3839481.0,-1.3,+91-9817414220,"1BHK independent unit in Sarjapur Road society, floor 17. Immediate possession available.",1,137,6,0,none,7378.3703271028035,513.6,1.3,8,1
502297,102297,Bangalore,Malleshwaram,2,728.1,15548762.0,15376034.0,1.12,+91-9767593851,"Beautiful 2BHK near Malleshwaram main road, built by Oberoi Realty. Vastu compliant, West facing.",1,24,7,0,none,21355.256146133772,364.05,1.12,6,1
500323,100323,Mumbai,Powai,4,1797.9,49768484.0,48682289.0,2.23,+91-9666659963,"Spacious 4BHK in Powai, close to metro & schools. Ready to move. Floor 20, East facing.",1,156,7,0,none,27681.452806051504,449.475,2.23,10,1
501711,101711,Bangalore,Electronic City,2,755.0,4887923.0,4911412.0,-0.48,+91-9562705881,"Spacious 2BHK in Electronic City, close to metro & schools. Ready to move. Floor 3, East facing.",1,42,6,0,none,6474.070198675497,377.5,0.48,6,1
500015,100015,Mumbai,Bandra West,3,1118.1,52963166.0,53860341.0,-1.67,+91-9862435220,"Newly renovated 3BHK, Bandra West. Family-friendly society with amenities. 6 yrs old.",1,81,10,0,none,47368.89902513193,372.7,1.67,5,1
501799,101799,Bangalore,Electronic City,1,484.3,4512992.0,4446734.0,1.49,+91-9265500456,"Beautiful 1BHK near Electronic City main road, built by Brigade Group. Vastu compliant, East facing.",1,18,14,0,none,9318.587652281643,484.3,1.49,11,1
502300,102300,Bangalore,Malleshwaram,2,736.9,18996765.0,18827658.0,0.9,+91-9404794074,"Newly renovated 2BHK, Malleshwaram. Family-friendly society with amenities. 9 yrs old.",1,148,12,0,none,25779.29841226761,368.45,0.9,7,1
500083,100083,Mumbai,Bandra West,2,893.0,34357518.0,34816262.0,-1.32,+91-9605471506,"Premium 2BHK apartment at Bandra West, Prestige Group project. RERA approved. 0 yrs old, North facing.",1,92,4,0,none,38474.26427771556,446.5,1.32,11,1
501944,101944,Bangalore,JP Nagar,2,779.7,12736934.0,12289019.0,3.64,+91-9104660979,Well-ventilated 2BHK for sale in JP Nagar. Great connectivity. Floor 12 of the tower.,1,11,6,0,none,16335.685520071822,389.85,3.64,5,1
501989,101989,Bangalore,JP Nagar,1,443.0,4000249.0,6913004.0,-42.13,+91-9657093714,"1BHK flat in prime JP Nagar location. Negotiable price, urgent sale. North facing, floor 10.",1,112,8,1,price_manipulation,9029.907449209932,443.0,42.13,10,1
501384,101384,Bangalore,Whitefield,1,452.9,5648809.0,5479942.0,3.08,+91-9737130537,"1BHK independent unit in Whitefield society, floor 1. Immediate possession available.",1,77,10,0,none,12472.530359902848,452.9,3.08,7,1
501575,101575,Bangalore,HSR Layout,2,700.6,9085787.0,9081382.0,0.05,+91-9834818639,"Beautiful 2BHK near HSR Layout main road, built by Oberoi Realty. Vastu compliant, North facing.",1,12,10,0,none,12968.579788752497,350.3,0.05,6,1
502059,102059,Bangalore,Sarjapur Road,3,1109.2,12664410.0,12559228.0,0.84,+91-9253185212,"Spacious 3BHK in Sarjapur Road, close to metro & schools. Ready to move. Floor 16, East facing.",1,50,9,0,none,11417.60728452939,369.73333333333335,0.84,10,1
502351,102351,Bangalore,Malleshwaram,3,1079.8,26824026.0,26573581.0,0.94,+91-9730247004,"Spacious 3BHK in Malleshwaram, close to metro & schools. Ready to move. Floor 19, West facing.",1,164,14,0,none,24841.661418781256,359.93333333333334,0.94,7,1
501495,101495,Bangalore,Koramangala,2,775.9,20170764.0,19163876.0,5.25,+91-9404794074,"Beautiful 2BHK near Koramangala main road, built by Lodha Group. Vastu compliant, East facing.",1,122,2,0,none,25996.602654981314,387.95,5.25,7,2
500832,100832,Mumbai,Chembur,3,1229.4,41015766.0,40631345.0,0.95,+91-9522526071,"Beautiful 3BHK near Chembur main road, built by Lodha Group. Vastu compliant, South facing.",1,62,11,0,none,33362.42557345046,409.8,0.95,10,1
501175,101175,Mumbai,Dombivli,2,944.7,10404032.0,9875089.0,5.36,+91-9386202877,"2BHK independent unit in Dombivli society, floor 15. Immediate possession available.",1,150,7,0,none,11013.053879538476,472.35,5.36,5,1
500414,100414,Mumbai,Malad West,1,411.3,7415646.0,7328213.0,1.19,+91-9879911141,"Beautiful 1BHK near Malad West main road, built by Local Developer Co. Vastu compliant, West facing.",0,179,5,0,none,18029.77388767323,411.3,1.19,9,1
501818,101818,Bangalore,Hebbal,3,1391.4,15470739.0,15784209.0,-1.99,+91-9605471506,"3BHK flat in prime Hebbal location. Negotiable price, urgent sale. North facing, floor 8.",1,75,3,0,none,11118.829236739974,463.8,1.99,11,1
500166,100166,Mumbai,Andheri West,1,507.1,15451408.0,15380356.0,0.46,+91-9458448003,"1BHK flat in prime Andheri West location. Negotiable price, urgent sale. East facing, floor 20.",0,121,10,0,none,30470.140011831983,507.1,0.46,3,1
502147,102147,Bangalore,Sarjapur Road,2,925.6,8509833.0,8951729.0,-4.94,+91-9982355274,"Newly renovated 2BHK, Sarjapur Road. Family-friendly society with amenities. 10 yrs old.",1,98,14,0,none,9193.855877268797,462.8,4.94,3,1
500615,100615,Mumbai,Mulund West,2,877.8,18839178.0,19660286.0,-4.18,+91-9665290768,Well-ventilated 2BHK for sale in Mulund West. Great connectivity. Floor 14 of the tower.,1,45,4,0,none,21461.81134654819,438.9,4.18,3,2
501015,101015,Mumbai,Goregaon West,4,1710.7,45299665.0,45346127.0,-0.1,+91-9252080807,"Premium 4BHK apartment at Goregaon West, Kolte-Patil project. RERA approved. 14 yrs old, West facing.",1,53,3,1,duplicate_listing,26480.19231893377,427.675,0.1,4,2
502245,102245,Bangalore,Yelahanka,1,438.7,3313720.0,3208364.0,3.28,+91-9179308582,"Beautiful 1BHK near Yelahanka main road, built by Local Developer Co. Vastu compliant, East facing.",0,107,2,0,none,7553.498974242079,438.7,3.28,14,1
501238,101238,Bangalore,Indiranagar,3,1062.9,26027107.0,25070183.0,3.82,+91-9856151934,"3BHK flat in prime Indiranagar location. Negotiable price, urgent sale. West facing, floor 18.",1,135,2,0,none,24486.88211496848,354.3,3.82,8,1
500556,100556,Mumbai,Thane West,1,517.3,7440153.0,7615926.0,-2.31,+91-9369588493,"Premium 1BHK apartment at Thane West, Prestige Group project. RERA approved. 1 yrs old, South facing.",1,127,13,0,none,14382.665764546686,517.3,2.31,5,1
501212,101212,Bangalore,Indiranagar,2,661.7,15960254.0,15260364.0,4.59,+91-9968406093,"Spacious 2BHK in Indiranagar, close to metro & schools. Ready to move. Floor 20, West facing.",0,67,8,0,none,24120.07556294393,330.85,4.59,5,1
502278,102278,Bangalore,Yelahanka,2,345.1,5614379.0,5486058.0,2.34,+91-9935115115,"2BHK flat in prime Yelahanka location. Negotiable price, urgent sale. East facing, floor 22.",1,14,1,1,fake_listing,16268.846711098231,172.55,2.34,8,1
500635,100635,Mumbai,Mulund West,3,1335.8,21438244.0,21196742.0,1.14,+91-9709846013,"Beautiful 3BHK near Mulund West main road, built by Regional Builders Ltd. Vastu compliant, South facing.",1,120,5,0,none,16048.992364126367,445.26666666666665,1.14,11,1
501056,101056,Mumbai,Goregaon West,2,684.5,16214430.0,15683202.0,3.39,+91-9483984552,"2BHK independent unit in Goregaon West society, floor 5. Immediate possession available.",1,106,4,0,none,23687.991234477722,342.25,3.39,3,1
501709,101709,Bangalore,Electronic City,2,869.4,6523638.0,6783016.0,-3.82,+91-9694140951,"2BHK independent unit in Electronic City society, floor 15. Immediate possession available.",1,168,11,0,none,7503.609385783299,434.7,3.82,8,1
500797,100797,Mumbai,Chembur,4,1584.1,37761262.0,37304916.0,1.22,+91-9832858544,"4BHK independent unit in Chembur society, floor 12. Immediate possession available.",1,97,11,0,none,23837.67565178966,396.025,1.22,6,1
502295,102295,Bangalore,Malleshwaram,3,1142.9,26631013.0,28042558.0,-5.03,+91-9956991811,"3BHK independent unit in Malleshwaram society, floor 22. Immediate possession available.",1,132,7,0,none,23301.262577653335,380.9666666666667,5.03,7,1
500175,100175,Mumbai,Andheri West,2,777.3,21853942.0,21830520.0,0.11,+91-9696472636,"Beautiful 2BHK near Andheri West main road, built by Kolte-Patil. Vastu compliant, West facing.",1,22,3,0,none,28115.196191946485,388.65,0.11,8,1
500246,100246,Mumbai,Powai,3,981.6,26338479.0,25628067.0,2.77,+91-9584556741,"Newly renovated 3BHK, Powai. Family-friendly society with amenities. 11 yrs old.",1,172,6,0,none,26832.191320293397,327.2,2.77,5,1
501081,101081,Mumbai,Dombivli,1,122.3,5441897.0,5358198.0,1.56,+91-9772023667,"Beautiful 1BHK near Dombivli main road, built by Local Developer Co. Vastu compliant, North facing.",1,154,0,1,fake_listing,44496.29599345871,122.3,1.56,8,1
501655,101655,Bangalore,HSR Layout,2,670.6,11830267.0,11799094.0,0.26,+91-9350583050,Well-ventilated 2BHK for sale in HSR Layout. Great connectivity. Floor 10 of the tower.,1,10,2,0,none,17641.316731285417,335.3,0.26,8,1
502423,102160,Bangalore,Sarjapur Road,4,1688.4,12528895.0,14101953.0,-11.15,+91-9857727504,"Newly renovated 4BHK, Sarjapur Road. Family-friendly society with amenities. 6 yrs old.",1,12,4,1,duplicate_listing,7420.572731580194,422.1,11.15,9,2
500145,100145,Mumbai,Andheri West,1,542.5,14991318.0,15287232.0,-1.94,+91-9876528310,"1BHK flat in prime Andheri West location. Negotiable price, urgent sale. South facing, floor 9.",1,134,6,0,none,27633.765898617512,542.5,1.94,8,2
500146,100146,Mumbai,Andheri West,2,886.1,23339838.0,22861850.0,2.09,+91-9999262332,"Premium 2BHK apartment at Andheri West, Kolte-Patil project. RERA approved. 18 yrs old, North facing.",1,39,7,0,none,26339.959372531317,443.05,2.09,7,1
500091,100091,Mumbai,Bandra West,1,520.6,18039000.0,18748171.0,-3.78,+91-9149978419,Well-ventilated 1BHK for sale in Bandra West. Great connectivity. Floor 13 of the tower.,0,47,11,0,none,34650.40338071456,520.6,3.78,9,1
500683,100683,Mumbai,Mulund West,1,502.5,10610742.0,10824270.0,-1.97,+91-9862435220,"1BHK flat in prime Mulund West location. Negotiable price, urgent sale. West facing, floor 22.",1,136,10,0,none,21115.90447761194,502.5,1.97,5,1
500311,100311,Mumbai,Powai,2,900.8,28775646.0,28058852.0,2.55,+91-9425515741,"Premium 2BHK apartment at Powai, Godrej Properties project. RERA approved. 5 yrs old, North facing.",1,83,2,0,none,31944.544849023092,450.4,2.55,10,1
500094,100094,Mumbai,Bandra West,2,678.6,35173057.0,35502595.0,-0.93,+91-9663950636,"2BHK independent unit in Bandra West society, floor 11. Immediate possession available.",1,77,13,0,none,51831.79634541703,339.3,0.93,5,2
502159,102159,Bangalore,Sarjapur Road,1,523.6,4256735.0,4311749.0,-1.28,+91-9991413795,Well-ventilated 1BHK for sale in Sarjapur Road. Great connectivity. Floor 22 of the tower.,1,31,6,0,none,8129.745989304813,523.6,1.28,8,1
501957,101957,Bangalore,JP Nagar,3,1284.7,22140931.0,21430334.0,3.32,+91-9186867729,Well-ventilated 3BHK for sale in JP Nagar. Great connectivity. Floor 4 of the tower.,1,56,2,0,none,17234.320074725616,428.23333333333335,3.32,8,1
500925,100925,Mumbai,Kandivali East,4,1834.0,34055530.0,34878061.0,-2.36,+91-9861053448,"Beautiful 4BHK near Kandivali East main road, built by Regional Builders Ltd. Vastu compliant, North facing.",0,139,10,0,none,18568.991275899672,458.5,2.36,5,1
501910,101910,Bangalore,Hebbal,2,704.5,8838689.0,8707707.0,1.5,+91-9748357583,Well-ventilated 2BHK for sale in Hebbal. Great connectivity. Floor 12 of the tower.,1,33,8,0,none,12546.04542228531,352.25,1.5,3,1
501036,101036,Mumbai,Goregaon West,3,1073.6,30920778.0,30782273.0,0.45,+91-9814425134,"3BHK flat in prime Goregaon West location. Negotiable price, urgent sale. North facing, floor 19.",1,138,2,0,none,28801.022727272728,357.8666666666666,0.45,7,1
501401,101401,Bangalore,Whitefield,2,805.2,14387113.0,14152591.0,1.66,+91-9320900891,"Premium 2BHK apartment at Whitefield, Prestige Group project. RERA approved. 7 yrs old, South facing.",1,20,9,0,none,17867.750869349227,402.6,1.66,6,1
501501,101501,Bangalore,Koramangala,1,413.6,8255834.0,8271063.0,-0.18,+91-9315607565,Well-ventilated 1BHK for sale in Koramangala. Great connectivity. Floor 10 of the tower.,1,122,5,0,none,19960.913926499034,413.6,0.18,5,1
501469,101469,Bangalore,Koramangala,4,1888.1,38985391.0,39368368.0,-0.97,+91-9956991811,"Spacious 4BHK in Koramangala, close to metro & schools. Ready to move. Floor 13, North facing.",1,23,7,0,none,20647.948201896088,472.025,0.97,7,1
500999,100999,Mumbai,Goregaon West,3,1262.0,41819896.0,40772530.0,2.57,+91-9313202828,"3BHK independent unit in Goregaon West society, floor 12. Immediate possession available.",1,6,14,0,none,33137.793977812995,420.6666666666667,2.57,5,1
500854,100854,Mumbai,Kandivali East,2,357.2,11836125.0,11913994.0,-0.65,+91-9935115115,"2BHK flat in prime Kandivali East location. Negotiable price, urgent sale. West facing, floor 5.",1,161,1,1,fake_listing,33135.848264277716,178.6,0.65,8,1
501143,101143,Mumbai,Dombivli,2,926.8,11194107.0,11020693.0,1.57,+91-9490014371,"Premium 2BHK apartment at Dombivli, Oberoi Realty project. RERA approved. 6 yrs old, East facing.",1,50,3,0,none,12078.233707380234,463.4,1.57,10,1
501144,101144,Mumbai,Dombivli,2,944.2,10322507.0,10712483.0,-3.64,+91-9973238204,"Premium 2BHK apartment at Dombivli, Brigade Group project. RERA approved. 13 yrs old, West facing.",1,100,6,0,none,10932.542893454776,472.1,3.64,5,1
502049,102049,Bangalore,Sarjapur Road,3,1245.6,15993862.0,15539270.0,2.93,+91-9922019374,"Premium 3BHK apartment at Sarjapur Road, Prestige Group project. RERA approved. 1 yrs old, West facing.",1,91,13,0,none,12840.287411689147,415.2,2.93,7,1
500402,100402,Mumbai,Malad West,1,535.5,11082766.0,10721828.0,3.37,+91-9903652981,"Spacious 1BHK in Malad West, close to metro & schools. Ready to move. Floor 12, West facing.",1,38,12,1,scam_ring_broker,20696.108309990665,535.5,3.37,14,1
501104,101104,Mumbai,Dombivli,4,1812.1,16395973.0,15349639.0,6.82,+91-9561703223,"4BHK independent unit in Dombivli society, floor 1. Immediate possession available.",1,89,5,0,none,9048.05088019425,453.025,6.82,6,1
500085,100085,Mumbai,Bandra West,2,698.6,28942287.0,29169335.0,-0.78,+91-9201445292,"2BHK flat in prime Bandra West location. Negotiable price, urgent sale. East facing, floor 4.",1,105,10,0,none,41428.982250214714,349.3,0.78,5,1
502354,102354,Bangalore,Malleshwaram,1,470.9,9957855.0,10442232.0,-4.64,+91-9510499810,"Spacious 1BHK in Malleshwaram, close to metro & schools. Ready to move. Floor 18, East facing.",1,51,5,0,none,21146.432363559143,470.9,4.64,3,1
500115,100115,Mumbai,Bandra West,1,434.4,17192225.0,17083289.0,0.64,+91-9520957194,Well-ventilated 1BHK for sale in Bandra West. Great connectivity. Floor 2 of the tower.,1,32,3,0,none,39576.94521178638,434.4,0.64,8,1
502133,102133,Bangalore,Sarjapur Road,4,1717.9,15560732.0,15637947.0,-0.49,+91-9255836971,"Beautiful 4BHK near Sarjapur Road main road, built by Puravankara. Vastu compliant, South facing.",1,27,11,0,none,9057.99639094243,429.475,0.49,5,1
501586,101586,Bangalore,HSR Layout,3,1034.5,14174525.0,14003379.0,1.22,+91-9197654256,"Beautiful 3BHK near HSR Layout main road, built by Oberoi Realty. Vastu compliant, West facing.",1,112,10,0,none,13701.81246979217,344.8333333333333,1.22,6,1
501568,101568,Bangalore,HSR Layout,3,1395.1,22888375.0,23041819.0,-0.67,+91-9447439165,"Newly renovated 3BHK, HSR Layout. Family-friendly society with amenities. 19 yrs old.",1,38,12,0,none,16406.261199913984,465.0333333333333,0.67,10,3
501502,101502,Bangalore,Koramangala,2,842.2,14906641.0,15123808.0,-1.44,+91-9917892784,"2BHK flat in prime Koramangala location. Negotiable price, urgent sale. East facing, floor 9.",1,178,10,1,duplicate_listing,17699.644977440035,421.1,1.44,6,2
501661,101661,Bangalore,HSR Layout,1,451.1,7858906.0,7908361.0,-0.63,+91-9598147616,"1BHK flat in prime HSR Layout location. Negotiable price, urgent sale. South facing, floor 24.",1,120,4,0,none,17421.649301706937,451.1,0.63,9,1
501557,101557,Bangalore,Koramangala,3,1373.2,31020020.0,32518850.0,-4.61,+91-9880546047,"Premium 3BHK apartment at Koramangala, Sobha Ltd project. RERA approved. 11 yrs old, South facing.",1,6,14,1,scam_ring_broker,22589.586367608506,457.73333333333335,4.61,18,1
502008,102008,Bangalore,JP Nagar,1,527.7,7967138.0,8080612.0,-1.4,+91-9620463206,"1BHK flat in prime JP Nagar location. Negotiable price, urgent sale. West facing, floor 10.",1,73,14,0,none,15097.854841766153,527.7,1.4,5,1
500626,100626,Mumbai,Mulund West,2,805.1,16219723.0,16190703.0,0.18,+91-9991413795,"Beautiful 2BHK near Mulund West main road, built by Brigade Group. Vastu compliant, South facing.",1,65,14,0,none,20146.22158738045,402.55,0.18,8,1
501886,101886,Bangalore,Hebbal,2,920.4,13020777.0,12878528.0,1.1,+91-9441438610,Well-ventilated 2BHK for sale in Hebbal. Great connectivity. Floor 5 of the tower.,1,94,4,0,none,14146.867666232074,460.2,1.1,5,1
501867,101867,Bangalore,Hebbal,4,1999.8,23337078.0,23453408.0,-0.5,+91-9708805218,"4BHK flat in prime Hebbal location. Negotiable price, urgent sale. North facing, floor 11.",0,154,6,0,none,11669.70597059706,499.95,0.5,5,1
500953,100953,Mumbai,Kandivali East,2,885.3,16532787.0,17255758.0,-4.19,+91-9655787739,"Beautiful 2BHK near Kandivali East main road, built by Lodha Group. Vastu compliant, West facing.",1,173,5,0,none,18674.784818705524,442.65,4.19,8,1
500625,100625,Mumbai,Mulund West,3,1294.7,23738200.0,24472806.0,-3.0,+91-9655787739,"Premium 3BHK apartment at Mulund West, Puravankara project. RERA approved. 21 yrs old, North facing.",1,51,14,0,none,18334.903838727118,431.56666666666666,3.0,8,1
500235,100235,Mumbai,Andheri West,4,1835.2,48736024.0,50334735.0,-3.18,+91-9598147616,"Premium 4BHK apartment at Andheri West, Kolte-Patil project. RERA approved. 21 yrs old, South facing.",1,142,13,0,none,26556.246730601568,458.8,3.18,9,1
502035,102035,Bangalore,JP Nagar,2,823.1,10697401.0,10721290.0,-0.22,+91-9651652452,Well-ventilated 2BHK for sale in JP Nagar. Great connectivity. Floor 23 of the tower.,1,86,5,0,none,12996.477949216376,411.55,0.22,8,1
501827,101827,Bangalore,Hebbal,3,1040.8,10453959.0,10279103.0,1.7,+91-9907492419,"Spacious 3BHK in Hebbal, close to metro & schools. Ready to move. Floor 23, East facing.",1,123,8,0,none,10044.157378939279,346.93333333333334,1.7,9,1
502319,102319,Bangalore,Malleshwaram,4,1627.9,27838183.0,28385793.0,-1.93,+91-9508299192,"Newly renovated 4BHK, Malleshwaram. Family-friendly society with amenities. 11 yrs old.",1,132,6,0,none,17100.671417163216,406.975,1.93,10,1
501315,101315,Bangalore,Indiranagar,2,940.9,26553644.0,26869204.0,-1.17,+91-9850285918,"Newly renovated 2BHK, Indiranagar. Family-friendly society with amenities. 10 yrs old.",1,166,2,0,none,28221.536826442767,470.45,1.17,12,1
501526,101526,Bangalore,Koramangala,1,431.2,8295229.0,8517817.0,-2.61,+91-9477013285,"Premium 1BHK apartment at Koramangala, Puravankara project. RERA approved. 13 yrs old, East facing.",1,49,12,0,none,19237.54406307978,431.2,2.61,4,1
501563,101563,Bangalore,HSR Layout,4,1512.4,17036060.0,17485582.0,-2.57,+91-9561703223,Well-ventilated 4BHK for sale in HSR Layout. Great connectivity. Floor 24 of the tower.,1,177,5,0,none,11264.255487966146,378.1,2.57,6,1
501753,101753,Bangalore,Electronic City,3,1018.2,9240394.0,8935261.0,3.41,+91-9508299192,"Premium 3BHK apartment at Electronic City, Godrej Properties project. RERA approved. 4 yrs old, East facing.",1,179,12,0,none,9075.224906698095,339.40000000000003,3.41,10,1
501606,101606,Bangalore,HSR Layout,3,1244.2,20683037.0,20928574.0,-1.17,+91-9104738773,"3BHK flat in prime HSR Layout location. Negotiable price, urgent sale. West facing, floor 11.",1,28,8,0,none,16623.5629320045,414.73333333333335,1.17,5,1
500344,100344,Mumbai,Powai,3,1060.0,27902715.0,29421470.0,-5.16,+91-9984992798,"Premium 3BHK apartment at Powai, Brigade Group project. RERA approved. 10 yrs old, East facing.",1,133,8,0,none,26323.31603773585,353.3333333333333,5.16,7,1
500997,100997,Mumbai,Goregaon West,3,1247.7,26020339.0,25668600.0,1.37,+91-9145638681,Well-ventilated 3BHK for sale in Goregaon West. Great connectivity. Floor 12 of the tower.,1,63,7,0,none,20854.643744489862,415.90000000000003,1.37,7,2
502063,102063,Bangalore,Sarjapur Road,2,650.7,8349048.0,8217763.0,1.6,+91-9379513176,"Newly renovated 2BHK, Sarjapur Road. Family-friendly society with amenities. 2 yrs old.",1,11,3,0,none,12830.871369294606,325.35,1.6,7,1
501111,101111,Mumbai,Dombivli,2,864.8,7762214.0,8225805.0,-5.64,+91-9425515741,"Spacious 2BHK in Dombivli, close to metro & schools. Ready to move. Floor 3, West facing.",1,142,6,0,none,8975.733117483811,432.4,5.64,10,1
501360,101360,Bangalore,Whitefield,1,497.8,4889835.0,5036154.0,-2.91,+91-9613064446,"1BHK flat in prime Whitefield location. Negotiable price, urgent sale. South facing, floor 7.",1,91,10,0,none,9822.890719164323,497.8,2.91,9,2
502108,102108,Bangalore,Sarjapur Road,1,443.0,5561154.0,5506870.0,0.99,+91-9655787739,"Premium 1BHK apartment at Sarjapur Road, Lodha Group project. RERA approved. 16 yrs old, North facing.",1,175,13,0,none,12553.395033860044,443.0,0.99,8,1
500710,100710,Mumbai,Mulund West,1,543.1,9673689.0,9423805.0,2.65,+91-9144249588,"Spacious 1BHK in Mulund West, close to metro & schools. Ready to move. Floor 24, South facing.",1,14,5,0,none,17811.984901491436,543.1,2.65,14,2
501879,101879,Bangalore,Hebbal,1,476.9,7625688.0,7458957.0,2.24,+91-9579730015,"Spacious 1BHK in Hebbal, close to metro & schools. Ready to move. Floor 16, West facing.",1,53,4,0,none,15990.119521912351,476.9,2.24,14,1
501379,101379,Bangalore,Whitefield,1,528.1,7042985.0,7034548.0,0.12,+91-9886669322,"Newly renovated 1BHK, Whitefield. Family-friendly society with amenities. 7 yrs old.",1,9,9,0,none,13336.460897557281,528.1,0.12,1,1
500425,100425,Mumbai,Malad West,1,519.2,9489718.0,9490094.0,-0.0,+91-9649675706,"1BHK flat in prime Malad West location. Negotiable price, urgent sale. South facing, floor 22.",1,58,11,0,none,18277.577041602464,519.2,0.0,3,1
500293,100293,Mumbai,Powai,2,913.8,21823366.0,23319746.0,-6.42,+91-9382961741,"2BHK flat in prime Powai location. Negotiable price, urgent sale. North facing, floor 20.",1,19,10,1,scam_ring_broker,23881.993871744366,456.9,6.42,19,1
501066,101066,Mumbai,Goregaon West,3,1057.4,26938241.0,28178355.0,-4.4,+91-9730247004,"3BHK flat in prime Goregaon West location. Negotiable price, urgent sale. South facing, floor 16.",1,17,4,0,none,25475.923018725174,352.4666666666667,4.4,7,1
501639,101639,Bangalore,HSR Layout,2,752.3,10606184.0,10450824.0,1.49,+91-9970433410,Well-ventilated 2BHK for sale in HSR Layout. Great connectivity. Floor 19 of the tower.,1,63,6,0,none,14098.343745846072,376.15,1.49,8,1
501013,101013,Mumbai,Goregaon West,3,1171.3,32001033.0,31837984.0,0.51,+91-9715315935,"Newly renovated 3BHK, Goregaon West. Family-friendly society with amenities. 21 yrs old.",1,65,13,0,none,27320.95364125331,390.43333333333334,0.51,8,1
502128,102128,Bangalore,Sarjapur Road,2,736.6,6223384.0,6103923.0,1.96,+91-9917892784,"Spacious 2BHK in Sarjapur Road, close to metro & schools. Ready to move. Floor 1, West facing.",1,147,13,0,none,8448.797176215041,368.3,1.96,6,1
501718,101718,Bangalore,Electronic City,3,1309.1,11247994.0,11530007.0,-2.45,+91-9579730015,"Beautiful 3BHK near Electronic City main road, built by Lodha Group. Vastu compliant, East facing.",1,112,14,0,none,8592.157971125202,436.3666666666666,2.45,14,1
500938,100938,Mumbai,Kandivali East,3,1045.6,22182584.0,21915495.0,1.22,+91-9235179755,"Newly renovated 3BHK, Kandivali East. Family-friendly society with amenities. 19 yrs old.",1,35,9,0,none,21215.172149961745,348.5333333333333,1.22,5,1
500835,100835,Mumbai,Chembur,1,546.6,11785914.0,11942183.0,-1.31,+91-9520957194,"Premium 1BHK apartment at Chembur, Lodha Group project. RERA approved. 8 yrs old, South facing.",1,109,3,0,none,21562.228320526894,546.6,1.31,8,1
500255,100255,Mumbai,Powai,3,1051.3,27103695.0,26116209.0,3.78,+91-9278669032,"Beautiful 3BHK near Powai main road, built by Local Developer Co. Vastu compliant, West facing.",0,159,14,0,none,25781.123371064397,350.43333333333334,3.78,4,3
501483,101483,Bangalore,Koramangala,2,789.7,19529155.0,19443730.0,0.44,+91-9469859753,Well-ventilated 2BHK for sale in Koramangala. Great connectivity. Floor 6 of the tower.,1,128,7,0,none,24729.840445738886,394.85,0.44,6,1
502429,101092,Mumbai,Dombivli,2,824.2,9883071.0,9208553.0,7.32,+91-9928969240,"2BHK independent unit in Dombivli society, floor 8. Immediate possession available.",1,22,2,1,duplicate_listing,11991.107740839601,412.1,7.32,8,3
501408,101408,Bangalore,Whitefield,1,504.3,6242484.0,6355308.0,-1.78,+91-9327491809,Well-ventilated 1BHK for sale in Whitefield. Great connectivity. Floor 23 of the tower.,1,103,10,0,none,12378.512790005949,504.3,1.78,6,1
502373,102373,Bangalore,Malleshwaram,2,847.3,21110010.0,21243391.0,-0.63,+91-9757997144,"Beautiful 2BHK near Malleshwaram main road, built by Prestige Group. Vastu compliant, West facing.",1,11,12,0,none,24914.445886934973,423.65,0.63,5,1
500724,100724,Mumbai,Chembur,3,1135.5,22501901.0,22219517.0,1.27,+91-9325899321,"Spacious 3BHK in Chembur, close to metro & schools. Ready to move. Floor 3, West facing.",1,84,3,0,none,19816.733597534127,378.5,1.27,4,1
500970,100970,Mumbai,Goregaon West,3,1169.4,36748283.0,36411365.0,0.93,+91-9767162773,Well-ventilated 3BHK for sale in Goregaon West. Great connectivity. Floor 14 of the tower.,1,139,9,0,none,31424.904224388574,389.8,0.93,4,1
500497,100497,Mumbai,Thane West,4,1889.3,28689550.0,30218666.0,-5.06,+91-9144249588,"4BHK flat in prime Thane West location. Negotiable price, urgent sale. West facing, floor 12.",1,74,5,0,none,15185.280262531096,472.325,5.06,14,1
500951,100951,Mumbai,Kandivali East,2,654.0,11555571.0,11561869.0,-0.05,+91-9610350235,"Premium 2BHK apartment at Kandivali East, Local Developer Co project. RERA approved. 24 yrs old, East facing.",1,82,5,0,none,17669.06880733945,327.0,0.05,7,1
500806,100806,Mumbai,Chembur,3,470.7,20108734.0,21373677.0,-5.92,+91-9144249588,"Spacious 3BHK in Chembur, close to metro & schools. Ready to move. Floor 15, South facing.",1,177,0,1,fake_listing,42720.913533035906,156.9,5.92,14,1
501830,101830,Bangalore,Hebbal,1,391.3,4819265.0,4825892.0,-0.14,+91-9376888175,"Spacious 1BHK in Hebbal, close to metro & schools. Ready to move. Floor 14, South facing.",1,77,3,0,none,12316.036289292102,391.3,0.14,8,1
501740,101740,Bangalore,Electronic City,2,832.4,7028342.0,7098296.0,-0.99,+91-9772023667,"2BHK flat in prime Electronic City location. Negotiable price, urgent sale. South facing, floor 11.",1,89,5,0,none,8443.46708313311,416.2,0.99,8,1
500338,100338,Mumbai,Powai,4,2053.2,55019736.0,56983232.0,-3.45,+91-9730247004,Well-ventilated 4BHK for sale in Powai. Great connectivity. Floor 7 of the tower.,1,81,6,0,none,26797.066043249564,513.3,3.45,7,1
500731,100731,Mumbai,Chembur,3,537.9,38115397.0,36995633.0,3.03,+91-9249410037,"Newly renovated 3BHK, Chembur. Family-friendly society with amenities. 12 yrs old.",1,3,0,1,fake_listing,70859.63376092211,179.29999999999998,3.03,4,1
500609,100609,Mumbai,Mulund West,3,1277.5,19682373.0,19451275.0,1.19,+91-9767593851,"Newly renovated 3BHK, Mulund West. Family-friendly society with amenities. 2 yrs old.",0,100,9,0,none,15406.945596868885,425.8333333333333,1.19,6,1
501149,101149,Mumbai,Dombivli,4,1727.2,18644239.0,18063208.0,3.22,+91-9246461550,"4BHK independent unit in Dombivli society, floor 11. Immediate possession available.",1,78,10,0,none,10794.487610004631,431.8,3.22,6,1
501714,101714,Bangalore,Electronic City,4,1704.2,15901226.0,16239124.0,-2.08,+91-9563970401,"4BHK independent unit in Electronic City society, floor 11. Immediate possession available.",1,135,13,0,none,9330.610257012087,426.05,2.08,5,1
502439,102236,Bangalore,Yelahanka,3,1268.9,12671359.0,11860680.0,6.84,+91-9749842598,"Beautiful 3BHK near Yelahanka main road, built by Godrej Properties. Vastu compliant, West facing.",1,11,5,1,duplicate_listing,9986.09740720309,422.9666666666667,6.84,7,2
500910,100910,Mumbai,Kandivali East,1,528.9,8035165.0,8012781.0,0.28,+91-9646178083,"1BHK flat in prime Kandivali East location. Negotiable price, urgent sale. West facing, floor 15.",0,2,5,1,duplicate_listing,15192.21970126678,528.9,0.28,7,2
502152,102152,Bangalore,Sarjapur Road,3,1138.5,9737199.0,9461133.0,2.92,+91-9709846013,"Premium 3BHK apartment at Sarjapur Road, Oberoi Realty project. RERA approved. 5 yrs old, South facing.",1,162,12,0,none,8552.656126482214,379.5,2.92,11,1
502011,102011,Bangalore,JP Nagar,4,1738.7,22427335.0,22961320.0,-2.33,+91-9426814254,"Beautiful 4BHK near JP Nagar main road, built by Kolte-Patil. Vastu compliant, North facing.",1,31,14,0,none,12898.910105251049,434.675,2.33,10,1
501811,101811,Bangalore,Hebbal,2,735.1,12738860.0,12117602.0,5.13,+91-9570973736,"Beautiful 2BHK near Hebbal main road, built by Sobha Ltd. Vastu compliant, North facing.",1,136,2,0,none,17329.424568085975,367.55,5.13,5,1
501995,101995,Bangalore,JP Nagar,1,457.8,5758474.0,5774386.0,-0.28,+91-9399413312,"1BHK independent unit in JP Nagar society, floor 11. Immediate possession available.",1,75,10,0,none,12578.580166011358,457.8,0.28,10,1
500720,100720,Mumbai,Mulund West,2,732.3,15463692.0,15428450.0,0.23,+91-9834738883,"Newly renovated 2BHK, Mulund West. Family-friendly society with amenities. 9 yrs old.",1,10,13,0,none,21116.607947562476,366.15,0.23,6,1
501570,101570,Bangalore,HSR Layout,1,419.1,6239190.0,6385513.0,-2.29,+91-9179308582,"Newly renovated 1BHK, HSR Layout. Family-friendly society with amenities. 16 yrs old.",1,5,12,0,none,14887.115246957766,419.1,2.29,14,2
500435,100435,Mumbai,Malad West,2,754.8,15047881.0,15392549.0,-2.24,+91-9834738883,"Beautiful 2BHK near Malad West main road, built by Regional Builders Ltd. Vastu compliant, South facing.",1,26,8,0,none,19936.24933757287,377.4,2.24,6,1
501300,101300,Bangalore,Indiranagar,3,1267.0,33398076.0,32965271.0,1.31,+91-9520957194,"Spacious 3BHK in Indiranagar, close to metro & schools. Ready to move. Floor 20, South facing.",1,113,14,0,none,26359.965272296766,422.3333333333333,1.31,8,1
502175,102175,Bangalore,Yelahanka,3,1387.6,9861339.0,9897315.0,-0.36,+91-9144249588,"Beautiful 3BHK near Yelahanka main road, built by Prestige Group. Vastu compliant, North facing.",1,121,2,0,none,7106.759152493514,462.5333333333333,0.36,14,1
500406,100406,Mumbai,Malad West,3,1147.0,19689219.0,20067226.0,-1.88,+91-9218296648,"Premium 3BHK apartment at Malad West, Puravankara project. RERA approved. 14 yrs old, North facing.",1,116,8,0,none,17165.84045335658,382.3333333333333,1.88,7,1
500822,100822,Mumbai,Chembur,2,901.2,17043257.0,16400801.0,3.92,+91-9850285918,"2BHK independent unit in Chembur society, floor 7. Immediate possession available.",1,95,3,0,none,18911.736573457612,450.6,3.92,12,1
501790,101790,Bangalore,Electronic City,1,392.0,3029667.0,3099157.0,-2.24,+91-9860578620,"Spacious 1BHK in Electronic City, close to metro & schools. Ready to move. Floor 11, North facing.",1,87,9,0,none,7728.742346938776,392.0,2.24,4,1
501859,101859,Bangalore,Hebbal,1,496.8,8844371.0,8651414.0,2.23,+91-9379513176,"Newly renovated 1BHK, Hebbal. Family-friendly society with amenities. 3 yrs old.",1,138,12,0,none,17802.67914653784,496.8,2.23,7,1
501558,101558,Bangalore,Koramangala,3,1333.5,34943004.0,34612614.0,0.95,+91-9674874968,"Spacious 3BHK in Koramangala, close to metro & schools. Ready to move. Floor 15, West facing.",1,119,11,0,none,26203.977502812148,444.5,0.95,6,1
500546,100546,Mumbai,Thane West,4,1646.9,26985564.0,27176867.0,-0.7,+91-9235709216,"4BHK flat in prime Thane West location. Negotiable price, urgent sale. South facing, floor 6.",1,122,5,0,none,16385.672475560143,411.725,0.7,5,1
500213,100213,Mumbai,Andheri West,3,995.4,24429831.0,26181810.0,-6.69,+91-9826897384,Well-ventilated 3BHK for sale in Andheri West. Great connectivity. Floor 15 of the tower.,1,55,2,0,none,24542.72754671489,331.8,6.69,8,1
500897,100897,Mumbai,Kandivali East,4,505.6,29328885.0,29660023.0,-1.12,+91-9895651203,"Beautiful 4BHK near Kandivali East main road, built by Sobha Ltd. Vastu compliant, West facing.",1,174,1,1,fake_listing,58008.07950949367,126.4,1.12,7,1
501942,101942,Bangalore,JP Nagar,2,938.8,15796483.0,16188635.0,-2.42,+91-9526162016,"Spacious 2BHK in JP Nagar, close to metro & schools. Ready to move. Floor 10, East facing.",1,78,13,0,none,16826.2494674052,469.4,2.42,7,1
501892,101892,Bangalore,Hebbal,3,1327.4,16781381.0,15955052.0,5.18,+91-9135717776,"3BHK independent unit in Hebbal society, floor 22. Immediate possession available.",1,69,6,0,none,12642.293958113605,442.4666666666667,5.18,6,1
500917,100917,Mumbai,Kandivali East,3,1174.7,21889853.0,21755973.0,0.62,+91-9281979223,"Beautiful 3BHK near Kandivali East main road, built by Godrej Properties. Vastu compliant, East facing.",1,145,9,0,none,18634.419851877075,391.56666666666666,0.62,7,1
501290,101290,Bangalore,Indiranagar,2,670.2,13830422.0,14289948.0,-3.22,+91-9203346309,"Spacious 2BHK in Prime Location, close to metro & schools. Ready to move. Floor 5, North facing.",1,8,4,1,recycled_description,20636.260817666367,335.1,3.22,7,57
500815,100815,Mumbai,Chembur,1,474.7,10344574.0,10859039.0,-4.74,+91-9203346309,"Spacious 1BHK in Chembur, close to metro & schools. Ready to move. Floor 18, North facing.",1,114,14,0,none,21791.813777122392,474.7,4.74,7,1
501266,101266,Bangalore,Indiranagar,2,845.0,23254352.0,22964577.0,1.26,+91-9230913958,"Newly renovated 2BHK, Indiranagar. Family-friendly society with amenities. 18 yrs old.",1,138,5,0,none,27519.94319526627,422.5,1.26,11,1
500343,100343,Mumbai,Powai,3,1144.9,31663688.0,31049322.0,1.98,+91-9409789599,"Beautiful 3BHK near Powai main road, built by Godrej Properties. Vastu compliant, West facing.",1,83,6,0,none,27656.29137915975,381.6333333333334,1.98,3,1
501411,101411,Bangalore,Whitefield,2,882.8,13058253.0,12698132.0,2.84,+91-9519256030,Well-ventilated 2BHK for sale in Whitefield. Great connectivity. Floor 18 of the tower.,1,46,9,0,none,14791.858858178524,441.4,2.84,5,1
501215,101215,Bangalore,Indiranagar,2,697.2,19606062.0,19564122.0,0.21,+91-9921360872,"2BHK independent unit in Indiranagar society, floor 10. Immediate possession available.",1,32,7,0,none,28121.14457831325,348.6,0.21,11,1
500967,100967,Mumbai,Goregaon West,3,1130.6,28755735.0,28333760.0,1.49,+91-9339643011,"3BHK independent unit in Goregaon West society, floor 20. Immediate possession available.",1,55,11,0,none,25434.048292941803,376.8666666666666,1.49,7,1
501231,101231,Bangalore,Indiranagar,1,522.1,11539036.0,11446128.0,0.81,+91-9659961305,"Spacious 2BHK in Prime Location, close to metro & schools. Ready to move. Floor 5, North facing.",1,82,7,1,recycled_description,22101.199004022215,522.1,0.81,5,57
500696,100696,Mumbai,Mulund West,3,1352.2,35295406.0,34213086.0,3.16,+91-9970433410,"Spacious 2BHK in Prime Location, close to metro & schools. Ready to move. Floor 5, North facing.",1,161,5,1,recycled_description,26102.20825321698,450.73333333333335,3.16,8,57
502122,102122,Bangalore,Sarjapur Road,2,895.6,10042324.0,9812693.0,2.34,+91-9651652452,"Beautiful 2BHK near Sarjapur Road main road, built by Prestige Group. Vastu compliant, North facing.",1,70,7,0,none,11212.956677087985,447.8,2.34,8,1
500606,100606,Mumbai,Mulund West,2,259.6,15315910.0,15147737.0,1.11,+91-9768490675,"Beautiful 2BHK near Mulund West main road, built by Lodha Group. Vastu compliant, South facing.",1,110,0,1,fake_listing,58998.1124807396,129.8,1.11,9,1
500105,100105,Mumbai,Bandra West,3,1234.6,93072963.0,58700948.0,58.55,+91-9965215759,"Premium 3BHK apartment at Bandra West, Oberoi Realty project. RERA approved. 15 yrs old, West facing.",1,155,8,1,price_manipulation,75387.13996436093,411.5333333333333,58.55,6,1
500646,100646,Mumbai,Mulund West,2,946.9,20021069.0,20434829.0,-2.02,+91-9925450994,"Newly renovated 2BHK, Mulund West. Family-friendly society with amenities. 13 yrs old.",1,43,3,0,none,21143.805048051538,473.45,2.02,8,2
501405,101405,Bangalore,Whitefield,2,942.7,13883699.0,13600694.0,2.08,+91-9847042955,"Beautiful 2BHK near Whitefield main road, built by Lodha Group. Vastu compliant, East facing.",1,115,7,0,none,14727.589901347194,471.35,2.08,6,1
500495,100495,Mumbai,Thane West,2,884.4,14693030.0,14811147.0,-0.8,+91-9624288635,"2BHK flat in prime Thane West location. Negotiable price, urgent sale. South facing, floor 10.",1,158,14,0,none,16613.557213930348,442.2,0.8,3,1
501020,101020,Mumbai,Goregaon West,3,1025.7,27730987.0,27084868.0,2.39,+91-9310975757,"Premium 3BHK apartment at Goregaon West, Sobha Ltd project. RERA approved. 11 yrs old, East facing.",1,140,10,0,none,27036.15774592961,341.90000000000003,2.39,6,1
500092,100092,Mumbai,Bandra West,3,1335.4,54189288.0,54010667.0,0.33,+91-9179308582,"3BHK flat in prime Bandra West location. Negotiable price, urgent sale. East facing, floor 11.",1,17,6,0,none,40579.068443911936,445.1333333333334,0.33,14,1
501113,101113,Mumbai,Dombivli,4,1857.7,19463260.0,20763075.0,-6.26,+91-9520957194,"4BHK independent unit in Dombivli society, floor 13. Immediate possession available.",1,167,6,0,none,10477.073800936641,464.425,6.26,8,1
500909,100909,Mumbai,Kandivali East,2,916.7,17704438.0,16993554.0,4.18,+91-9221326291,"Spacious 2BHK in Prime Location, close to metro & schools. Ready to move. Floor 5, North facing.",1,168,5,1,recycled_description,19313.230064361294,458.35,4.18,7,57
501475,101475,Bangalore,Koramangala,2,693.2,18146879.0,17729518.0,2.35,+91-9832858544,"2BHK flat in prime Koramangala location. Negotiable price, urgent sale. West facing, floor 9.",1,171,9,0,none,26178.41748413156,346.6,2.35,6,1
501742,101742,Bangalore,Electronic City,3,1083.3,7726656.0,8185897.0,-5.61,+91-9666659963,"Spacious 3BHK in Electronic City, close to metro & schools. Ready to move. Floor 7, North facing.",1,73,12,0,none,7132.517308224868,361.09999999999997,5.61,10,1
502151,102151,Bangalore,Sarjapur Road,2,791.3,8256852.0,8810723.0,-6.29,+91-9839105575,"Premium 2BHK apartment at Sarjapur Road, Lodha Group project. RERA approved. 6 yrs old, East facing.",1,168,11,1,duplicate_listing,10434.540629344117,395.65,6.29,9,2
500239,100239,Mumbai,Andheri West,4,1633.4,48242412.0,49621193.0,-2.78,+91-9829474146,"4BHK flat in prime Andheri West location. Negotiable price, urgent sale. West facing, floor 12.",1,174,3,0,none,29534.96510346516,408.35,2.78,5,1
500943,100943,Mumbai,Kandivali East,3,1193.3,25448087.0,25403350.0,0.18,+91-9694140951,"Spacious 3BHK in Kandivali East, close to metro & schools. Ready to move. Floor 3, East facing.",1,42,5,0,none,21325.808262800638,397.76666666666665,0.18,8,1
501271,101271,Bangalore,Indiranagar,1,542.3,13525969.0,13635559.0,-0.8,+91-9924071890,"Beautiful 1BHK near Indiranagar main road, built by Sobha Ltd. Vastu compliant, West facing.",1,73,12,0,none,24941.856905771714,542.3,0.8,5,1
500939,100939,Mumbai,Kandivali East,4,2029.6,42184223.0,43246260.0,-2.46,+91-9663950636,"Premium 4BHK apartment at Kandivali East, Oberoi Realty project. RERA approved. 21 yrs old, North facing.",1,105,6,0,none,20784.500886874263,507.4,2.46,5,1
501425,101425,Bangalore,Whitefield,3,994.0,15068308.0,14940888.0,0.85,+91-9856151934,"Newly renovated 3BHK, Whitefield. Family-friendly society with amenities. 16 yrs old.",1,166,10,0,none,15159.263581488935,331.3333333333333,0.85,8,1
501863,101863,Bangalore,Hebbal,3,1184.3,18930891.0,19399814.0,-2.42,+91-9843543543,"Premium 3BHK apartment at Hebbal, Sobha Ltd project. RERA approved. 16 yrs old, East facing.",1,152,12,0,none,15984.877986996538,394.76666666666665,2.42,4,1
501670,101670,Bangalore,HSR Layout,2,743.0,14225924.0,14418239.0,-1.33,+91-9910500619,"Premium 2BHK apartment at HSR Layout, Godrej Properties project. RERA approved. 10 yrs old, West facing.",1,124,12,0,none,19146.600269179005,371.5,1.33,10,1
500006,100006,Mumbai,Bandra West,2,703.0,45473565.0,43724296.0,4.0,+91-9715315935,"Premium 2BHK apartment at Bandra West, Sobha Ltd project. RERA approved. 12 yrs old, West facing.",1,62,11,0,none,64685.01422475107,351.5,4.0,8,1
500248,100248,Mumbai,Powai,4,1852.6,48782637.0,48478056.0,0.63,+91-9987787377,"Beautiful 4BHK near Powai main road, built by Prestige Group. Vastu compliant, North facing.",1,151,14,0,none,26331.985857713484,463.15,0.63,4,1
500019,100019,Mumbai,Bandra West,3,1185.2,65881434.0,67160845.0,-1.9,+91-9210602891,"Premium 3BHK apartment at Bandra West, Puravankara project. RERA approved. 4 yrs old, South facing.",1,62,12,0,none,55586.76510293621,395.06666666666666,1.9,7,1
502170,102170,Bangalore,Yelahanka,3,1376.1,15096505.0,14867930.0,1.54,+91-9847042955,"Beautiful 3BHK near Yelahanka main road, built by Lodha Group. Vastu compliant, East facing.",1,88,10,0,none,10970.499963665432,458.7,1.54,6,1
501971,101971,Bangalore,JP Nagar,3,1096.3,16321960.0,15941874.0,2.38,+91-9926604330,"Premium 3BHK apartment at JP Nagar, Oberoi Realty project. RERA approved. 24 yrs old, North facing.",1,44,2,0,none,14888.224026270182,365.43333333333334,2.38,5,1
502233,102233,Bangalore,Yelahanka,2,908.5,9889109.0,9524513.0,3.83,+91-9425137652,"Spacious 2BHK in Yelahanka, close to metro & schools. Ready to move. Floor 8, North facing.",1,24,8,0,none,10885.095211887727,454.25,3.83,5,1
500812,100812,Mumbai,Chembur,2,860.6,18344009.0,18860683.0,-2.74,+91-9775196830,"Beautiful 2BHK near Chembur main road, built by Godrej Properties. Vastu compliant, East facing.",1,107,7,0,none,21315.371833604462,430.3,2.74,10,1
501301,101301,Bangalore,Indiranagar,4,1619.8,36504365.0,36557259.0,-0.14,+91-9825435231,"Premium 4BHK apartment at Indiranagar, Puravankara project. RERA approved. 9 yrs old, South facing.",1,83,10,0,none,22536.340906284728,404.95,0.14,8,1
501336,101336,Bangalore,Whitefield,3,1339.3,21316867.0,20804659.0,2.46,+91-9675745449,"Premium 3BHK apartment at Whitefield, Runwal Group project. RERA approved. 9 yrs old, South facing.",1,97,3,0,none,15916.424251474651,446.43333333333334,2.46,6,1
502364,102364,Bangalore,Malleshwaram,3,1017.0,27899535.0,26841595.0,3.94,+91-9376888175,"3BHK flat in prime Malleshwaram location. Negotiable price, urgent sale. West facing, floor 8.",1,124,9,0,none,27433.171091445427,339.0,3.94,8,1
500261,100261,Mumbai,Powai,3,1162.0,23956182.0,25863061.0,-7.37,+91-9127315264,"Newly renovated 3BHK, Powai. Family-friendly society with amenities. 8 yrs old.",1,17,8,0,none,20616.335628227196,387.3333333333333,7.37,8,1
501805,101805,Bangalore,Hebbal,4,2164.6,30686479.0,29722503.0,3.24,+91-9848220623,"4BHK independent unit in Hebbal society, floor 18. Immediate possession available.",1,61,2,0,none,14176.512519634112,541.15,3.24,8,1
501571,101571,Bangalore,HSR Layout,4,1618.5,30772109.0,29956626.0,2.72,+91-9447439165,"Premium 4BHK apartment at HSR Layout, Lodha Group project. RERA approved. 6 yrs old, East facing.",1,78,8,0,none,19012.733395118936,404.625,2.72,10,1
502230,102230,Bangalore,Yelahanka,4,1806.2,18440400.0,18093318.0,1.92,+91-9389946978,"4BHK flat in prime Yelahanka location. Negotiable price, urgent sale. South facing, floor 9.",1,165,8,0,none,10209.500609013397,451.55,1.92,5,1
500185,100185,Mumbai,Andheri West,2,672.1,24489511.0,23637277.0,3.61,+91-9277554312,"Newly renovated 2BHK, Andheri West. Family-friendly society with amenities. 20 yrs old.",1,131,8,0,none,36437.30248474929,336.05,3.61,6,1
501744,101744,Bangalore,Electronic City,3,1300.6,13367184.0,13030920.0,2.58,+91-9230913958,"Spacious 3BHK in Electronic City, close to metro & schools. Ready to move. Floor 9, North facing.",1,120,10,0,none,10277.705674304168,433.5333333333333,2.58,11,1
501631,101631,Bangalore,HSR Layout,2,719.2,8669114.0,8836776.0,-1.9,+91-9372355686,Well-ventilated 2BHK for sale in HSR Layout. Great connectivity. Floor 2 of the tower.,0,159,11,0,none,12053.829254727474,359.6,1.9,4,1
501717,101717,Bangalore,Electronic City,1,497.7,3806088.0,3792208.0,0.37,+91-9218296648,"1BHK flat in prime Electronic City location. Negotiable price, urgent sale. South facing, floor 3.",1,94,8,0,none,7647.353827606992,497.7,0.37,7,1
500521,100521,Mumbai,Thane West,3,1303.9,17722529.0,17654907.0,0.38,+91-9127315264,"3BHK independent unit in Thane West society, floor 16. Immediate possession available.",1,125,11,0,none,13591.938798987652,434.6333333333334,0.38,8,1
502017,102017,Bangalore,JP Nagar,4,1864.5,30584908.0,31915773.0,-4.17,+91-9880546047,"Premium 4BHK apartment at JP Nagar, Prestige Group project. RERA approved. 0 yrs old, South facing.",1,16,14,1,scam_ring_broker,16403.812282113166,466.125,4.17,18,1
501659,101659,Bangalore,HSR Layout,2,712.9,15161791.0,15753282.0,-3.75,+91-9135717776,"2BHK independent unit in HSR Layout society, floor 18. Immediate possession available.",1,34,8,0,none,21267.766867723385,356.45,3.75,6,1
501613,101613,Bangalore,HSR Layout,3,1165.4,16501412.0,17606632.0,-6.28,+91-9322763429,Well-ventilated 3BHK for sale in HSR Layout. Great connectivity. Floor 4 of the tower.,1,175,4,0,none,14159.440535438474,388.4666666666667,6.28,7,1
502127,102127,Bangalore,Sarjapur Road,4,1754.0,14828606.0,15013617.0,-1.23,+91-9448868620,"Newly renovated 4BHK, Sarjapur Road. Family-friendly society with amenities. 7 yrs old.",1,59,7,0,none,8454.165336374002,438.5,1.23,7,1
502437,100498,Mumbai,Thane West,3,1128.5,16752045.0,19065985.0,-12.14,+91-9659961305,"Premium 3BHK apartment at Thane West, Prestige Group project. RERA approved. 3 yrs old, East facing.",1,4,2,1,duplicate_listing,14844.5237040319,376.1666666666667,12.14,5,2
500608,100608,Mumbai,Mulund West,2,896.7,13703465.0,14175370.0,-3.33,+91-9272127411,"Newly renovated 2BHK, Mulund West. Family-friendly society with amenities. 23 yrs old.",1,30,12,0,none,15282.106613137057,448.35,3.33,10,2
500231,100231,Mumbai,Andheri West,1,420.3,11693646.0,11707649.0,-0.12,+91-9890369072,"Newly renovated 1BHK, Andheri West. Family-friendly society with amenities. 4 yrs old.",0,30,11,0,none,27822.141327623125,420.3,0.12,7,1
500332,100332,Mumbai,Powai,3,1293.4,38862539.0,35665242.0,8.96,+91-9834738883,"Premium 3BHK apartment at Powai, Godrej Properties project. RERA approved. 19 yrs old, West facing.",1,145,8,0,none,30046.80609246946,431.1333333333334,8.96,6,1
501441,101441,Bangalore,Koramangala,3,1224.2,22342626.0,23328268.0,-4.23,+91-9761492403,"3BHK independent unit in Koramangala society, floor 12. Immediate possession available.",1,5,8,1,duplicate_listing,18250.797255350433,408.06666666666666,4.23,10,2
501928,101928,Bangalore,JP Nagar,2,902.2,12785825.0,12716120.0,0.55,+91-9834704292,"2BHK independent unit in JP Nagar society, floor 24. Immediate possession available.",1,54,10,0,none,14171.829971181556,451.1,0.55,6,1
501092,101092,Mumbai,Dombivli,2,824.2,9283951.0,9208553.0,0.82,+91-9666303628,"2BHK independent unit in Dombivli society, floor 8. Immediate possession available.",1,55,2,1,duplicate_listing,11264.196796893957,412.1,0.82,9,3
501102,101102,Mumbai,Dombivli,3,1189.0,13735835.0,13430385.0,2.27,+91-9122677183,"Beautiful 3BHK near Dombivli main road, built by Lodha Group. Vastu compliant, West facing.",1,160,11,0,none,11552.426408746845,396.3333333333333,2.27,9,1
501130,101130,Mumbai,Dombivli,2,891.6,10517623.0,10715718.0,-1.85,+91-9181270264,"2BHK independent unit in Dombivli society, floor 6. Immediate possession available.",0,22,11,0,none,11796.347016599371,445.8,1.85,10,1
500462,100462,Mumbai,Malad West,2,690.7,12028982.0,12232357.0,-1.66,+91-9834818639,"Premium 2BHK apartment at Malad West, Kolte-Patil project. RERA approved. 14 yrs old, North facing.",1,38,14,0,none,17415.639206601998,345.35,1.66,6,1
500959,100959,Mumbai,Kandivali East,3,1395.4,26886782.0,26751935.0,0.5,+91-9293503633,"Spacious 2BHK in Prime Location, close to metro & schools. Ready to move. Floor 5, North facing.",1,121,5,1,recycled_description,19268.153934355738,465.1333333333334,0.5,11,57
501663,101663,Bangalore,HSR Layout,4,2025.0,29750242.0,29234156.0,1.77,+91-9618468237,"Spacious 4BHK in HSR Layout, close to metro & schools. Ready to move. Floor 8, South facing.",1,3,4,0,none,14691.477530864198,506.25,1.77,5,1
500560,100560,Mumbai,Thane West,2,934.7,6000713.0,14833370.0,-59.55,+91-9624288635,Well-ventilated 2BHK for sale in Thane West. Great connectivity. Floor 7 of the tower.,1,150,14,1,price_manipulation,6419.934738418744,467.35,59.55,3,1
502290,102290,Bangalore,Malleshwaram,3,1205.6,43622676.0,28268085.0,54.32,+91-9218454233,"Spacious 3BHK in Malleshwaram, close to metro & schools. Ready to move. Floor 6, North facing.",1,74,11,1,price_manipulation,36183.374253483744,401.8666666666666,54.32,5,1
501520,101520,Bangalore,Koramangala,1,132.4,9980306.0,10271891.0,-2.84,+91-9813721291,"Beautiful 1BHK near Koramangala main road, built by Lodha Group. Vastu compliant, East facing.",1,124,1,1,fake_listing,75379.95468277945,132.4,2.84,6,1
502141,102141,Bangalore,Sarjapur Road,3,1357.4,16798872.0,16992602.0,-1.14,+91-9390732711,"Spacious 3BHK in Sarjapur Road, close to metro & schools. Ready to move. Floor 16, West facing.",1,158,6,0,none,12375.77132753794,452.4666666666667,1.14,4,1
502363,102363,Bangalore,Malleshwaram,2,887.6,16997406.0,17959141.0,-5.36,+91-9638496599,"Premium 2BHK apartment at Malleshwaram, Godrej Properties project. RERA approved. 23 yrs old, South facing.",1,51,2,0,none,19149.849031095087,443.8,5.36,6,1
502033,102033,Bangalore,JP Nagar,2,712.2,13018397.0,12915057.0,0.8,+91-9876528310,"2BHK independent unit in JP Nagar society, floor 21. Immediate possession available.",1,149,14,0,none,18279.13086211738,356.1,0.8,8,1
502449,102083,Bangalore,Sarjapur Road,4,2134.5,23092245.0,21721812.0,6.31,+91-9657093714,"Spacious 4BHK in Sarjapur Road, close to metro & schools. Ready to move. Floor 17, West facing.",1,6,14,1,duplicate_listing,10818.573436401968,533.625,6.31,10,2
502098,102098,Bangalore,Sarjapur Road,2,931.8,10186038.0,10133616.0,0.52,+91-9775196830,Well-ventilated 2BHK for sale in Sarjapur Road. Great connectivity. Floor 13 of the tower.,1,101,2,0,none,10931.571152607856,465.9,0.52,10,1
502314,102314,Bangalore,Malleshwaram,1,486.9,12247205.0,12751918.0,-3.96,+91-9145638681,Well-ventilated 1BHK for sale in Malleshwaram. Great connectivity. Floor 1 of the tower.,1,30,12,0,none,25153.429862394743,486.9,3.96,7,1
500070,100070,Mumbai,Bandra West,3,1034.8,42091274.0,43362566.0,-2.93,+91-9500568674,"Beautiful 3BHK near Bandra West main road, built by Kolte-Patil. Vastu compliant, East facing.",1,107,12,0,none,40675.75763432548,344.93333333333334,2.93,8,1
501573,101573,Bangalore,HSR Layout,2,870.7,18665391.0,18092291.0,3.17,+91-9386202877,"Newly renovated 2BHK, HSR Layout. Family-friendly society with amenities. 3 yrs old.",1,20,3,0,none,21437.224072585275,435.35,3.17,5,1
500809,100809,Mumbai,Chembur,1,520.4,14545224.0,14145853.0,2.82,+91-9893659135,"1BHK independent unit in Chembur society, floor 8. Immediate possession available.",1,146,12,0,none,27950.084550345888,520.4,2.82,4,1
500012,100012,Mumbai,Bandra West,1,451.2,26202005.0,25907686.0,1.14,+91-9268753000,"Spacious 1BHK in Bandra West, close to metro & schools. Ready to move. Floor 19, East facing.",1,60,6,0,none,58071.81959219858,451.2,1.14,6,1
502026,102026,Bangalore,JP Nagar,2,874.5,13383269.0,13625488.0,-1.78,+91-9905922775,"Spacious 2BHK in JP Nagar, close to metro & schools. Ready to move. Floor 1, West facing.",1,169,14,0,none,15303.90966266438,437.25,1.78,11,1
502193,102193,Bangalore,Yelahanka,1,520.0,4034667.0,4223208.0,-4.46,+91-9674874968,"1BHK independent unit in Yelahanka society, floor 3. Immediate possession available.",1,25,9,0,none,7758.975,520.0,4.46,6,2
500918,100918,Mumbai,Kandivali East,3,1390.8,25281112.0,26651811.0,-5.14,+91-9302686470,"Beautiful 3BHK near Kandivali East main road, built by Runwal Group. Vastu compliant, East facing.",1,39,5,0,none,18177.38855335059,463.59999999999997,5.14,8,1
501452,101452,Bangalore,Koramangala,2,937.1,17141928.0,17949808.0,-4.5,+91-9221326291,Well-ventilated 2BHK for sale in Koramangala. Great connectivity. Floor 14 of the tower.,1,128,8,0,none,18292.528011951767,468.55,4.5,7,1
500177,100177,Mumbai,Andheri West,1,492.0,13806953.0,13390653.0,3.11,+91-9973373741,"1BHK flat in prime Andheri West location. Negotiable price, urgent sale. North facing, floor 13.",1,166,14,0,none,28062.912601626016,492.0,3.11,8,1
500995,100995,Mumbai,Goregaon West,3,1119.3,30918257.0,30910174.0,0.03,+91-9302686470,"Newly renovated 3BHK, Goregaon West. Family-friendly society with amenities. 6 yrs old.",1,23,13,0,none,27622.85088894845,373.09999999999997,0.03,8,1
501256,101256,Bangalore,Indiranagar,2,706.2,17116765.0,17394814.0,-1.6,+91-9227401790,Well-ventilated 2BHK for sale in Indiranagar. Great connectivity. Floor 23 of the tower.,1,55,13,0,none,24237.84338714245,353.1,1.6,6,1
501665,101665,Bangalore,HSR Layout,2,860.4,13012225.0,13255631.0,-1.84,+91-9302686470,"Spacious 2BHK in HSR Layout, close to metro & schools. Ready to move. Floor 13, South facing.",1,97,2,0,none,15123.460018596003,430.2,1.84,8,1
502192,102192,Bangalore,Yelahanka,2,829.4,5760459.0,6034549.0,-4.54,+91-9785287153,"2BHK flat in prime Yelahanka location. Negotiable price, urgent sale. East facing, floor 23.",0,142,12,0,none,6945.332770677598,414.7,4.54,7,1
502451,100916,Mumbai,Kandivali East,2,690.3,13156336.0,11857578.0,10.95,+91-9755096065,"Newly renovated 2BHK, Kandivali East. Family-friendly society with amenities. 11 yrs old.",1,22,2,1,duplicate_listing,19058.867159206144,345.15,10.95,7,2
501791,101791,Bangalore,Electronic City,2,850.7,5923031.0,5723996.0,3.48,+91-9207174695,"2BHK independent unit in Electronic City society, floor 12. Immediate possession available.",1,128,8,0,none,6962.537909956506,425.35,3.48,9,1
500157,100157,Mumbai,Andheri West,1,490.2,15462024.0,16331153.0,-5.32,+91-9561703223,"Beautiful 1BHK near Andheri West main road, built by Lodha Group. Vastu compliant, West facing.",1,50,11,0,none,31542.276621787027,490.2,5.32,6,2
501461,101461,Bangalore,Koramangala,1,421.5,8049083.0,8915719.0,-9.72,+91-9344372157,"1BHK flat in prime Koramangala location. Negotiable price, urgent sale. East facing, floor 2.",1,109,5,0,none,19096.282325029657,421.5,9.72,12,1
502047,102047,Bangalore,Sarjapur Road,3,1333.4,14575797.0,14634138.0,-0.4,+91-9563970401,"Newly renovated 3BHK, Sarjapur Road. Family-friendly society with amenities. 21 yrs old.",1,28,7,0,none,10931.301184940752,444.4666666666667,0.4,5,1
501851,101851,Bangalore,Hebbal,3,1043.9,13847615.0,14050838.0,-1.45,+91-9972477095,"Spacious 3BHK in Hebbal, close to metro & schools. Ready to move. Floor 16, South facing.",1,106,4,0,none,13265.269661845003,347.9666666666667,1.45,8,1
502006,102006,Bangalore,JP Nagar,3,981.3,11758197.0,12021240.0,-2.19,+91-9649675706,"Beautiful 3BHK near JP Nagar main road, built by Local Developer Co. Vastu compliant, West facing.",0,73,8,0,none,11982.265362274535,327.09999999999997,2.19,3,3
501186,101186,Mumbai,Dombivli,4,1504.8,18870827.0,18409378.0,2.51,+91-9455311360,Well-ventilated 4BHK for sale in Dombivli. Great connectivity. Floor 11 of the tower.,1,74,9,0,none,12540.421982987773,376.2,2.51,3,1
501007,101007,Mumbai,Goregaon West,3,1319.5,34370939.0,33678263.0,2.06,+91-9612724846,"Beautiful 3BHK near Goregaon West main road, built by Sobha Ltd. Vastu compliant, West facing.",1,106,13,0,none,26048.456991284576,439.8333333333333,2.06,7,1
500561,100561,Mumbai,Thane West,3,1222.2,27648324.0,26106102.0,5.91,+91-9237906702,"Spacious 3BHK in Thane West, close to metro & schools. Ready to move. Floor 16, North facing.",1,42,9,0,none,22621.76730486009,407.40000000000003,5.91,6,1
502257,102257,Bangalore,Yelahanka,3,1061.4,8419900.0,8391103.0,0.34,+91-9771196228,Well-ventilated 3BHK for sale in Yelahanka. Great connectivity. Floor 9 of the tower.,1,115,8,0,none,7932.824571320896,353.8,0.34,7,1
500911,100911,Mumbai,Kandivali East,2,870.6,14873518.0,14639376.0,1.6,+91-9657093714,"Beautiful 2BHK near Kandivali East main road, built by Sobha Ltd. Vastu compliant, North facing.",1,95,4,0,none,17084.215483574546,435.3,1.6,10,1
501312,101312,Bangalore,Indiranagar,3,1045.1,25380261.0,23974677.0,5.86,+91-9736046830,"Beautiful 3BHK near Indiranagar main road, built by Regional Builders Ltd. Vastu compliant, South facing.",0,152,3,0,none,24285.007176346764,348.3666666666666,5.86,7,1
502050,102050,Bangalore,Sarjapur Road,2,684.5,6242703.0,6574168.0,-5.04,+91-9972116370,"2BHK independent unit in Sarjapur Road society, floor 9. Immediate possession available.",1,67,13,0,none,9120.09203798393,342.25,5.04,4,3
500270,100270,Mumbai,Powai,2,931.9,19065005.0,18828651.0,1.26,+91-9406923322,"Spacious 2BHK in Powai, close to metro & schools. Ready to move. Floor 16, East facing.",1,143,9,0,none,20458.20903530422,465.95,1.26,10,1
501994,101994,Bangalore,JP Nagar,2,866.0,12188466.0,12260749.0,-0.59,+91-9500568674,"2BHK independent unit in JP Nagar society, floor 19. Immediate possession available.",1,166,10,0,none,14074.441108545034,433.0,0.59,8,1
500266,100266,Mumbai,Powai,2,929.9,24420714.0,24180870.0,0.99,+91-9974404636,"Spacious 2BHK in Powai, close to metro & schools. Ready to move. Floor 24, West facing.",1,20,10,0,none,26261.65609205291,464.95,0.99,5,2
500915,100915,Mumbai,Kandivali East,2,878.2,19340089.0,18876068.0,2.46,+91-9616955272,"2BHK independent unit in Kandivali East society, floor 12. Immediate possession available.",1,45,2,0,none,22022.41972215896,439.1,2.46,5,1
502279,102279,Bangalore,Yelahanka,1,413.3,3680131.0,3646864.0,0.91,+91-9622587576,Well-ventilated 1BHK for sale in Yelahanka. Great connectivity. Floor 16 of the tower.,1,34,12,0,none,8904.260827486087,413.3,0.91,4,1
502232,102232,Bangalore,Yelahanka,1,412.5,4018729.0,4154624.0,-3.27,+91-9579730015,Well-ventilated 1BHK for sale in Yelahanka. Great connectivity. Floor 19 of the tower.,1,97,11,0,none,9742.373333333333,412.5,3.27,14,1
502436,101580,Bangalore,HSR Layout,2,827.8,15716786.0,15559405.0,1.01,+91-9490014371,"Beautiful 2BHK near HSR Layout main road, built by Lodha Group. Vastu compliant, North facing.",1,26,8,1,duplicate_listing,18986.21164532496,413.9,1.01,10,2
500874,100874,Mumbai,Kandivali East,2,933.2,12993347.0,13577767.0,-4.3,+91-9471340026,"2BHK independent unit in Kandivali East society, floor 23. Immediate possession available.",1,108,11,0,none,13923.432276039433,466.6,4.3,5,2
502094,102094,Bangalore,Sarjapur Road,2,815.0,7553818.0,7711106.0,-2.04,+91-9749842598,"2BHK flat in prime Sarjapur Road location. Negotiable price, urgent sale. East facing, floor 4.",1,110,4,0,none,9268.488343558281,407.5,2.04,7,1
500476,100476,Mumbai,Malad West,3,1006.9,19594252.0,19294369.0,1.55,+91-9923917956,"Beautiful 3BHK near Malad West main road, built by Brigade Group. Vastu compliant, West facing.",1,56,9,0,none,19459.978150759758,335.6333333333333,1.55,8,1
501653,101653,Bangalore,HSR Layout,1,527.0,8242240.0,8597774.0,-4.14,+91-9567563337,"Spacious 1BHK in HSR Layout, close to metro & schools. Ready to move. Floor 24, West facing.",1,160,3,0,none,15639.924098671727,527.0,4.14,4,1
501961,101961,Bangalore,JP Nagar,1,446.4,7471108.0,7453379.0,0.24,+91-9277554312,"1BHK flat in prime JP Nagar location. Negotiable price, urgent sale. South facing, floor 15.",1,70,12,0,none,16736.353046594984,446.4,0.24,6,1
500046,100046,Mumbai,Bandra West,3,1040.9,47824547.0,45966076.0,4.04,+91-9135087256,"Spacious 3BHK in Bandra West, close to metro & schools. Ready to move. Floor 17, North facing.",1,82,10,0,none,45945.38092035738,346.9666666666667,4.04,7,1
500162,100162,Mumbai,Andheri West,4,2014.6,81249134.0,81456406.0,-0.25,+91-9521340539,Well-ventilated 4BHK for sale in Andheri West. Great connectivity. Floor 24 of the tower.,1,166,3,0,none,40330.156854958805,503.65,0.25,4,1
500289,100289,Mumbai,Powai,2,802.0,20611838.0,20823239.0,-1.02,+91-9923917956,"Beautiful 2BHK near Powai main road, built by Local Developer Co. Vastu compliant, North facing.",0,168,12,0,none,25700.546134663342,401.0,1.02,8,1
501949,101949,Bangalore,JP Nagar,1,528.0,7964430.0,7856389.0,1.38,+91-9149978419,Well-ventilated 1BHK for sale in JP Nagar. Great connectivity. Floor 21 of the tower.,1,29,7,0,none,15084.147727272728,528.0,1.38,9,1
500576,100576,Mumbai,Thane West,3,1031.4,14242966.0,13877954.0,2.63,+91-9826897384,"Spacious 3BHK in Thane West, close to metro & schools. Ready to move. Floor 6, West facing.",1,143,8,0,none,13809.352336629823,343.8,2.63,8,1
500851,100851,Mumbai,Kandivali East,2,697.8,11752084.0,12169951.0,-3.43,+91-9322763429,"2BHK independent unit in Kandivali East society, floor 11. Immediate possession available.",1,45,3,0,none,16841.622241329896,348.9,3.43,7,2
500912,100912,Mumbai,Kandivali East,2,873.1,26930832.0,19069355.0,41.23,+91-9367439980,"2BHK flat in prime Kandivali East location. Negotiable price, urgent sale. North facing, floor 3.",1,106,8,1,price_manipulation,30845.071584010995,436.55,41.23,10,1
501255,101255,Bangalore,Indiranagar,2,755.0,21919758.0,21882247.0,0.17,+91-9910500619,"Spacious 2BHK in Indiranagar, close to metro & schools. Ready to move. Floor 18, South facing.",1,150,4,0,none,29032.792052980134,377.5,0.17,10,1
501834,101834,Bangalore,Hebbal,2,844.5,12349909.0,12200000.0,1.23,+91-9562705881,Well-ventilated 2BHK for sale in Hebbal. Great connectivity. Floor 6 of the tower.,1,3,3,1,duplicate_listing,14623.930136175251,422.25,1.23,6,2
501723,101723,Bangalore,Electronic City,2,692.1,5906149.0,6196930.0,-4.69,+91-9675745449,"Newly renovated 2BHK, Electronic City. Family-friendly society with amenities. 10 yrs old.",1,80,7,0,none,8533.664210374223,346.05,4.69,6,1
502134,102134,Bangalore,Sarjapur Road,3,1349.9,16134735.0,16330162.0,-1.2,+91-9181270264,"Newly renovated 3BHK, Sarjapur Road. Family-friendly society with amenities. 10 yrs old.",1,120,4,0,none,11952.5409289577,449.9666666666667,1.2,10,2
501736,101736,Bangalore,Electronic City,3,1171.6,12295465.0,12142971.0,1.26,+91-9460898286,"3BHK flat in prime Electronic City location. Negotiable price, urgent sale. South facing, floor 14.",1,81,14,0,none,10494.59286445886,390.5333333333333,1.26,9,1
500933,100933,Mumbai,Kandivali East,2,673.2,13430551.0,13102034.0,2.51,+91-9620804731,"Beautiful 2BHK near Kandivali East main road, built by Kolte-Patil. Vastu compliant, North facing.",1,106,4,0,none,19950.313428401663,336.6,2.51,7,1
501101,101101,Mumbai,Dombivli,1,450.9,4446693.0,4448099.0,-0.03,+91-9122677183,"1BHK independent unit in Dombivli society, floor 21. Immediate possession available.",1,79,5,0,none,9861.81636726547,450.9,0.03,9,1
501208,101208,Bangalore,Indiranagar,3,1164.3,32378603.0,32317780.0,0.19,+91-9666303628,"Spacious 3BHK in Indiranagar, close to metro & schools. Ready to move. Floor 21, East facing.",1,58,5,0,none,27809.50184660311,388.09999999999997,0.19,9,1
502296,102296,Bangalore,Malleshwaram,1,395.4,8496495.0,8106250.0,4.81,+91-9675745449,"1BHK independent unit in Malleshwaram society, floor 18. Immediate possession available.",1,160,2,1,duplicate_listing,21488.353566009107,395.4,4.81,6,2
501844,101844,Bangalore,Hebbal,4,1565.0,22045432.0,21585916.0,2.13,+91-9665615752,"Spacious 4BHK in Hebbal, close to metro & schools. Ready to move. Floor 7, North facing.",1,97,11,0,none,14086.53801916933,391.25,2.13,11,1
501849,101849,Bangalore,Hebbal,3,1210.1,13817777.0,12972588.0,6.52,+91-9294762416,"Beautiful 3BHK near Hebbal main road, built by Local Developer Co. Vastu compliant, East facing.",1,151,14,0,none,11418.70671845302,403.3666666666666,6.52,9,1
501695,101695,Bangalore,Electronic City,4,1508.5,11722502.0,12155200.0,-3.56,+91-9900430921,"4BHK independent unit in Electronic City society, floor 2. Immediate possession available.",1,153,5,0,none,7770.9658601259525,377.125,3.56,5,1
500086,100086,Mumbai,Bandra West,3,1079.5,43242382.0,45300360.0,-4.54,+91-9928969240,Well-ventilated 3BHK for sale in Bandra West. Great connectivity. Floor 2 of the tower.,1,65,12,0,none,40057.7878647522,359.8333333333333,4.54,8,1
500470,100470,Mumbai,Malad West,1,503.0,17704160.0,11832441.0,49.62,+91-9281979223,"Premium 1BHK apartment at Malad West, Brigade Group project. RERA approved. 17 yrs old, South facing.",1,49,11,1,price_manipulation,35197.13717693837,503.0,49.62,7,1
502274,102274,Bangalore,Yelahanka,1,410.8,3804154.0,3798915.0,0.14,+91-9610350235,"1BHK flat in prime Yelahanka location. Negotiable price, urgent sale. West facing, floor 15.",1,152,10,0,none,9260.355404089581,410.8,0.14,7,2
500234,100234,Mumbai,Andheri West,3,1386.6,32974763.0,32837422.0,0.42,+91-9483984552,Well-ventilated 3BHK for sale in Andheri West. Great connectivity. Floor 21 of the tower.,1,150,3,0,none,23781.02048175393,462.2,0.42,3,2
502414,102031,Bangalore,JP Nagar,3,1069.4,13485706.0,13553347.0,-0.5,+91-9671703564,"Beautiful 3BHK near JP Nagar main road, built by Local Developer Co. Vastu compliant, West facing.",0,8,3,1,duplicate_listing,12610.53487937161,356.4666666666667,0.5,7,3
501712,101712,Bangalore,Electronic City,2,805.3,8506587.0,8778161.0,-3.09,+91-9310975757,"Premium 2BHK apartment at Electronic City, Oberoi Realty project. RERA approved. 16 yrs old, North facing.",1,108,12,0,none,10563.252204147524,402.65,3.09,6,1
500183,100183,Mumbai,Andheri West,3,1216.5,32166338.0,32648373.0,-1.48,+91-9149978419,"Spacious 2BHK in Prime Location, close to metro & schools. Ready to move. Floor 5, North facing.",0,131,6,1,recycled_description,26441.70817920263,405.5,1.48,9,57
500989,100989,Mumbai,Goregaon West,1,527.3,14772046.0,14107130.0,4.71,+91-9104738773,"Spacious 1BHK in Goregaon West, close to metro & schools. Ready to move. Floor 20, South facing.",1,145,8,0,none,28014.500284468046,527.3,4.71,5,1
501001,101001,Mumbai,Goregaon West,3,1131.2,28929595.0,28998203.0,-0.24,+91-9984992798,"3BHK flat in prime Goregaon West location. Negotiable price, urgent sale. North facing, floor 11.",1,146,3,0,none,25574.25300565771,377.06666666666666,0.24,7,1
501642,101642,Bangalore,HSR Layout,1,503.0,7536405.0,6771890.0,11.29,+91-9711850666,Well-ventilated 1BHK for sale in HSR Layout. Great connectivity. Floor 14 of the tower.,1,120,11,0,none,14982.912524850895,503.0,11.29,8,1
501357,101357,Bangalore,Whitefield,2,732.8,7618836.0,7770461.0,-1.95,+91-9277554312,"Premium 2BHK apartment at Whitefield, Runwal Group project. RERA approved. 10 yrs old, North facing.",1,75,8,0,none,10396.883187772926,366.4,1.95,6,1
501463,101463,Bangalore,Koramangala,1,417.3,11329581.0,11254344.0,0.67,+91-9187033684,"Newly renovated 1BHK, Koramangala. Family-friendly society with amenities. 2 yrs old.",1,63,14,0,none,27149.726815240832,417.3,0.67,7,2
500050,100050,Mumbai,Bandra West,2,685.7,32450351.0,32125335.0,1.01,+91-9344372157,"2BHK independent unit in Bandra West society, floor 3. Immediate possession available.",0,7,14,0,none,47324.41446696806,342.85,1.01,12,1
501259,101259,Bangalore,Indiranagar,3,1191.6,28307400.0,28762633.0,-1.58,+91-9561703223,"Beautiful 3BHK near Indiranagar main road, built by Prestige Group. Vastu compliant, North facing.",1,34,6,0,none,23755.790533736155,397.2,1.58,6,1
500487,100487,Mumbai,Thane West,4,1934.9,33743880.0,33795759.0,-0.15,+91-9918972603,"4BHK independent unit in Thane West society, floor 21. Immediate possession available.",1,167,6,0,none,17439.598945681948,483.725,0.15,8,1
502425,101985,Bangalore,JP Nagar,2,718.1,6961505.0,7995762.0,-12.94,+91-9265500456,"2BHK independent unit in JP Nagar society, floor 1. Immediate possession available.",1,8,7,1,duplicate_listing,9694.339228519704,359.05,12.94,11,2
501909,101909,Bangalore,Hebbal,2,650.5,8804786.0,9036383.0,-2.56,+91-9118194015,Well-ventilated 2BHK for sale in Hebbal. Great connectivity. Floor 19 of the tower.,1,51,12,0,none,13535.412759415834,325.25,2.56,5,1
500107,100107,Mumbai,Bandra West,3,1085.6,63203134.0,63661420.0,-0.72,+91-9197404522,"Newly renovated 3BHK, Bandra West. Family-friendly society with amenities. 9 yrs old.",1,34,4,0,none,58219.541267501845,361.8666666666666,0.72,7,1
500444,100444,Mumbai,Malad West,3,1246.3,27411819.0,26904062.0,1.89,+91-9246461550,Well-ventilated 3BHK for sale in Malad West. Great connectivity. Floor 19 of the tower.,1,107,2,0,none,21994.559094920965,415.43333333333334,1.89,6,1
501955,101955,Bangalore,JP Nagar,1,466.8,6707879.0,6935507.0,-3.28,+91-9372729183,"Newly renovated 1BHK, JP Nagar. Family-friendly society with amenities. 12 yrs old.",1,35,10,0,none,14369.920736932305,466.8,3.28,9,1
500647,100647,Mumbai,Mulund West,3,1095.4,20786928.0,21312906.0,-2.47,+91-9186867729,"Spacious 2BHK in Prime Location, close to metro & schools. Ready to move. Floor 5, North facing.",1,24,14,1,recycled_description,18976.563812306005,365.1333333333334,2.47,8,57
501763,101763,Bangalore,Electronic City,2,856.7,6430885.0,6383731.0,0.74,+91-9297085007,"Premium 2BHK apartment at Electronic City, Kolte-Patil project. RERA approved. 20 yrs old, East facing.",1,39,14,0,none,7506.5775650752885,428.35,0.74,9,1
500727,100727,Mumbai,Chembur,3,1355.0,29303001.0,28887864.0,1.44,+91-9692223472,"3BHK flat in prime Chembur location. Negotiable price, urgent sale. South facing, floor 7.",0,174,7,0,none,21625.830996309964,451.6666666666667,1.44,5,1
502239,102239,Bangalore,Yelahanka,3,1139.1,8694213.0,8950932.0,-2.87,+91-9696472636,"Spacious 3BHK in Yelahanka, close to metro & schools. Ready to move. Floor 10, East facing.",1,85,4,0,none,7632.5283118251255,379.7,2.87,8,1
501857,101857,Bangalore,Hebbal,4,1777.5,23333031.0,23645295.0,-1.32,+91-9708805218,"Newly renovated 4BHK, Hebbal. Family-friendly society with amenities. 7 yrs old.",1,141,12,0,none,13126.881012658228,444.375,1.32,5,1
502331,102331,Bangalore,Malleshwaram,1,468.5,10679683.0,10953085.0,-2.5,+91-9922019374,Well-ventilated 1BHK for sale in Malleshwaram. Great connectivity. Floor 3 of the tower.,1,149,2,1,duplicate_listing,22795.481323372464,468.5,2.5,7,2
500030,100030,Mumbai,Bandra West,3,1359.3,57635981.0,57563956.0,0.13,+91-9839105575,"Newly renovated 3BHK, Bandra West. Family-friendly society with amenities. 3 yrs old.",1,151,3,0,none,42401.22195247554,453.09999999999997,0.13,9,1
500170,100170,Mumbai,Andheri West,3,990.6,28018578.0,27470718.0,1.99,+91-9821832919,"Beautiful 3BHK near Andheri West main road, built by Oberoi Realty. Vastu compliant, West facing.",1,116,4,0,none,28284.45184736523,330.2,1.99,4,1
501002,101002,Mumbai,Goregaon West,3,1088.0,21814563.0,22674075.0,-3.79,+91-9843543543,"Beautiful 3BHK near Goregaon West main road, built by Local Developer Co. Vastu compliant, North facing.",1,111,12,0,none,20050.149816176472,362.6666666666667,3.79,4,1
502149,102149,Bangalore,Sarjapur Road,2,863.4,7448421.0,7733525.0,-3.69,+91-9829474146,"2BHK independent unit in Sarjapur Road society, floor 4. Immediate possession available.",1,39,2,0,none,8626.84850590688,431.7,3.69,5,2
500198,100198,Mumbai,Andheri West,2,778.3,22575356.0,21432818.0,5.33,+91-9910500619,"2BHK independent unit in Andheri West society, floor 12. Immediate possession available.",1,78,11,0,none,29005.982269047927,389.15,5.33,10,1
500496,100496,Mumbai,Thane West,2,808.0,13317995.0,13072870.0,1.88,+91-9638496599,"2BHK flat in prime Thane West location. Negotiable price, urgent sale. West facing, floor 13.",1,81,11,0,none,16482.66707920792,404.0,1.88,6,1
502027,102027,Bangalore,JP Nagar,3,1069.1,16610760.0,16540413.0,0.43,+91-9785287153,"3BHK flat in prime JP Nagar location. Negotiable price, urgent sale. East facing, floor 23.",1,93,2,0,none,15537.143391637828,356.3666666666666,0.43,7,1
500648,100648,Mumbai,Mulund West,3,1128.4,20790544.0,20935216.0,-0.69,+91-9722828907,Well-ventilated 3BHK for sale in Mulund West. Great connectivity. Floor 7 of the tower.,1,150,7,0,none,18424.799716412617,376.1333333333334,0.69,7,1
500045,100045,Mumbai,Bandra West,3,1119.7,52585276.0,54095788.0,-2.79,+91-9845663635,"Beautiful 3BHK near Bandra West main road, built by Puravankara. Vastu compliant, West facing.",1,41,7,0,none,46963.71885326427,373.23333333333335,2.79,10,1
500374,100374,Mumbai,Malad West,3,1270.1,24483360.0,25078917.0,-2.37,+91-9118967818,"3BHK flat in prime Malad West location. Negotiable price, urgent sale. South facing, floor 24.",1,125,7,0,none,19276.71836863239,423.3666666666666,2.37,8,1
500679,100679,Mumbai,Mulund West,1,484.3,10520518.0,10590922.0,-0.66,+91-9587029438,"1BHK independent unit in Mulund West society, floor 12. Immediate possession available.",0,138,8,0,none,21723.14268015693,484.3,0.66,11,3
500567,100567,Mumbai,Thane West,3,1284.9,23868718.0,24764700.0,-3.62,+91-9613064446,"Premium 3BHK apartment at Thane West, Lodha Group project. RERA approved. 3 yrs old, North facing.",1,158,12,0,none,18576.323449295665,428.3,3.62,9,1
500461,100461,Mumbai,Malad West,2,889.4,18393031.0,18337385.0,0.3,+91-9717419131,"Beautiful 2BHK near Malad West main road, built by Godrej Properties. Vastu compliant, North facing.",1,46,9,0,none,20680.26872048572,444.7,0.3,9,1
501933,101933,Bangalore,JP Nagar,4,1987.8,27909696.0,26649507.0,4.73,+91-9868608163,"Beautiful 4BHK near JP Nagar main road, built by Prestige Group. Vastu compliant, South facing.",1,82,10,0,none,14040.49501961968,496.95,4.73,4,1
501156,101156,Mumbai,Dombivli,4,1658.3,18876627.0,18654267.0,1.19,+91-9106831896,"Newly renovated 4BHK, Dombivli. Family-friendly society with amenities. 24 yrs old.",1,136,4,0,none,11383.119459687632,414.575,1.19,4,1
500040,100040,Mumbai,Bandra West,2,683.2,34719417.0,33625169.0,3.25,+91-9282620576,Well-ventilated 2BHK for sale in Bandra West. Great connectivity. Floor 21 of the tower.,0,61,5,0,none,50818.81879391101,341.6,3.25,9,1
500974,100974,Mumbai,Goregaon West,1,499.7,13605427.0,13234645.0,2.8,+91-9497258017,Well-ventilated 1BHK for sale in Goregaon West. Great connectivity. Floor 7 of the tower.,1,50,10,0,none,27227.190314188512,499.7,2.8,5,2
501787,101787,Bangalore,Electronic City,2,746.9,7144713.0,7307456.0,-2.23,+91-9666659963,"Spacious 2BHK in Electronic City, close to metro & schools. Ready to move. Floor 19, West facing.",1,143,11,0,none,9565.822733967065,373.45,2.23,10,1
501499,101499,Bangalore,Koramangala,3,1352.5,28734622.0,29652982.0,-3.1,+91-9832858544,"3BHK independent unit in Koramangala society, floor 7. Immediate possession available.",1,25,4,0,none,21245.56155268022,450.8333333333333,3.1,6,1
501836,101836,Bangalore,Hebbal,1,175.1,5936179.0,6125344.0,-3.09,+91-9325899321,"Spacious 1BHK in Hebbal, close to metro & schools. Ready to move. Floor 4, South facing.",1,161,1,1,fake_listing,33901.6504854369,175.1,3.09,4,1
502309,102309,Bangalore,Malleshwaram,2,670.6,19868554.0,19716361.0,0.77,+91-9918972603,"2BHK flat in prime Malleshwaram location. Negotiable price, urgent sale. West facing, floor 8.",1,94,12,0,none,29628.02564867283,335.3,0.77,8,1
501841,101841,Bangalore,Hebbal,2,886.4,10643189.0,10526066.0,1.11,+91-9665290768,"Spacious 2BHK in Prime Location, close to metro & schools. Ready to move. Floor 5, North facing.",1,22,3,1,recycled_description,12007.207806859205,443.2,1.11,3,57
502084,102084,Bangalore,Sarjapur Road,2,652.2,5847946.0,6156870.0,-5.02,+91-9954846640,Well-ventilated 2BHK for sale in Sarjapur Road. Great connectivity. Floor 18 of the tower.,1,52,14,0,none,8966.491873658386,326.1,5.02,6,1
500828,100828,Mumbai,Chembur,3,987.6,32464392.0,32993097.0,-1.6,+91-9974611178,"Newly renovated 3BHK, Chembur. Family-friendly society with amenities. 1 yrs old.",1,101,5,0,none,32872.00486026731,329.2,1.6,8,1
501936,101936,Bangalore,JP Nagar,1,458.7,11322685.0,8265085.0,36.99,+91-9767593851,Well-ventilated 1BHK for sale in JP Nagar. Great connectivity. Floor 8 of the tower.,1,82,3,1,price_manipulation,24684.292565947242,458.7,36.99,6,1
502045,102045,Bangalore,Sarjapur Road,2,857.8,9553563.0,9419811.0,1.42,+91-9425515741,Well-ventilated 2BHK for sale in Sarjapur Road. Great connectivity. Floor 3 of the tower.,0,28,5,0,none,11137.284914898579,428.9,1.42,10,1
500310,100310,Mumbai,Powai,2,245.7,28152552.0,28856606.0,-2.44,+91-9768798507,"Newly renovated 2BHK, Powai. Family-friendly society with amenities. 11 yrs old.",1,1,1,1,fake_listing,114581.00122100122,122.85,2.44,8,1
500277,100277,Mumbai,Powai,1,487.5,9830165.0,9514201.0,3.32,+91-9935115115,"Spacious 1BHK in Powai, close to metro & schools. Ready to move. Floor 17, South facing.",1,5,7,0,none,20164.441025641026,487.5,3.32,8,1
500637,100637,Mumbai,Mulund West,2,892.9,19478720.0,20308160.0,-4.08,+91-9483984552,"Spacious 2BHK in Mulund West, close to metro & schools. Ready to move. Floor 6, South facing.",1,15,3,0,none,21815.119274274835,446.45,4.08,3,1
500655,100655,Mumbai,Mulund West,4,1999.6,45381448.0,46292532.0,-1.97,+91-9924071890,"4BHK flat in prime Mulund West location. Negotiable price, urgent sale. West facing, floor 10.",1,165,2,0,none,22695.263052610524,499.9,1.97,5,1
500623,100623,Mumbai,Mulund West,3,1148.7,25289232.0,24752461.0,2.17,+91-9620804731,"Beautiful 3BHK near Mulund West main road, built by Godrej Properties. Vastu compliant, South facing.",1,8,12,0,none,22015.523635413945,382.90000000000003,2.17,7,1
501860,101860,Bangalore,Hebbal,3,1124.7,18596476.0,18195246.0,2.21,+91-9715315935,"3BHK independent unit in Hebbal society, floor 13. Immediate possession available.",1,161,7,0,none,16534.610118253757,374.90000000000003,2.21,8,1
500845,100845,Mumbai,Kandivali East,4,1547.6,33593701.0,34031017.0,-1.29,+91-9221326291,"4BHK independent unit in Kandivali East society, floor 10. Immediate possession available.",1,148,9,0,none,21706.966270354096,386.9,1.29,7,1
500394,100394,Mumbai,Malad West,4,2020.6,47089619.0,46521603.0,1.22,+91-9829474146,"Newly renovated 4BHK, Malad West. Family-friendly society with amenities. 23 yrs old.",1,56,6,0,none,23304.770365238048,505.15,1.22,5,1
502156,102156,Bangalore,Sarjapur Road,1,495.8,5526537.0,5369547.0,2.92,+91-9531276844,"Premium 1BHK apartment at Sarjapur Road, Regional Builders Ltd project. RERA approved. 4 yrs old, East facing.",0,10,8,1,duplicate_listing,11146.70633319887,495.8,2.92,8,2
500350,100350,Mumbai,Powai,1,457.9,8944155.0,9268754.0,-3.5,+91-9771196228,Well-ventilated 1BHK for sale in Powai. Great connectivity. Floor 4 of the tower.,1,104,2,0,none,19532.98755186722,457.9,3.5,7,1
500785,100785,Mumbai,Chembur,2,920.4,20656252.0,20708395.0,-0.25,+91-9447439165,"Spacious 2BHK in Chembur, close to metro & schools. Ready to move. Floor 18, South facing.",1,167,2,0,none,22442.690134724035,460.2,0.25,10,1
500048,100048,Mumbai,Bandra West,3,1373.7,58808306.0,56134829.0,4.76,+91-9302686470,"Beautiful 3BHK near Bandra West main road, built by Lodha Group. Vastu compliant, West facing.",1,137,8,0,none,42810.15214384509,457.90000000000003,4.76,8,1
501979,101979,Bangalore,JP Nagar,1,132.2,8119755.0,8652869.0,-6.16,+91-9980873094,"1BHK independent unit in JP Nagar society, floor 19. Immediate possession available.",1,11,1,1,fake_listing,61420.23449319214,132.2,6.16,10,1
502252,102252,Bangalore,Yelahanka,3,1085.7,12111318.0,11995975.0,0.96,+91-9663950636,Well-ventilated 3BHK for sale in Yelahanka. Great connectivity. Floor 18 of the tower.,1,51,6,0,none,11155.30809615916,361.90000000000003,0.96,5,1
501656,101656,Bangalore,HSR Layout,2,858.1,12018104.0,12074585.0,-0.47,+91-9293503633,"2BHK flat in prime HSR Layout location. Negotiable price, urgent sale. South facing, floor 1.",1,85,3,1,duplicate_listing,14005.481878568931,429.05,0.47,11,2
502070,102070,Bangalore,Sarjapur Road,3,1148.0,14201477.0,13814799.0,2.8,+91-9953311654,"Newly renovated 3BHK, Sarjapur Road. Family-friendly society with amenities. 10 yrs old.",1,89,10,0,none,12370.624564459931,382.6666666666667,2.8,5,2
500403,100403,Mumbai,Malad West,3,1140.2,24053661.0,23827086.0,0.95,+91-9918261381,"Newly renovated 3BHK, Malad West. Family-friendly society with amenities. 19 yrs old.",1,8,6,0,none,21096.001578670406,380.06666666666666,0.95,6,3
501108,101108,Mumbai,Dombivli,2,670.3,7937077.0,8019800.0,-1.03,+91-9691984656,"2BHK flat in prime Dombivli location. Negotiable price, urgent sale. North facing, floor 19.",1,24,14,0,none,11841.08160525138,335.15,1.03,7,1
501155,101155,Mumbai,Dombivli,3,1078.5,13045118.0,12977658.0,0.52,+91-9950414459,"Newly renovated 3BHK, Dombivli. Family-friendly society with amenities. 6 yrs old.",1,20,6,0,none,12095.612424663885,359.5,0.52,5,1
501440,101440,Bangalore,Whitefield,3,1380.9,15054795.0,15526355.0,-3.04,+91-9885528286,"Newly renovated 3BHK, Whitefield. Family-friendly society with amenities. 18 yrs old.",1,6,5,0,none,10902.16163371714,460.3,3.04,7,1
502444,101865,Bangalore,Hebbal,2,660.5,10226694.0,11260302.0,-9.18,+91-9930483617,"Spacious 2BHK in Hebbal, close to metro & schools. Ready to move. Floor 22, West facing.",1,27,14,1,duplicate_listing,15483.261165783497,330.25,9.18,6,2
502002,102002,Bangalore,JP Nagar,3,1063.5,19198078.0,18851166.0,1.84,+91-9187033684,"Beautiful 3BHK near JP Nagar main road, built by Godrej Properties. Vastu compliant, East facing.",1,150,9,0,none,18051.789374706157,354.5,1.84,7,1
500990,100990,Mumbai,Goregaon West,1,496.8,12748221.0,13075981.0,-2.51,+91-9273161929,"Spacious 1BHK in Goregaon West, close to metro & schools. Ready to move. Floor 15, North facing.",0,46,11,0,none,25660.670289855072,496.8,2.51,8,1
501866,101866,Bangalore,Hebbal,3,1274.4,13495862.0,13337347.0,1.19,+91-9613064446,"3BHK independent unit in Hebbal society, floor 3. Immediate possession available.",1,51,2,0,none,10589.973320778405,424.8,1.19,9,2
501311,101311,Bangalore,Indiranagar,2,808.9,17847400.0,18708209.0,-4.6,+91-9777679752,"2BHK flat in prime Indiranagar location. Negotiable price, urgent sale. West facing, floor 8.",1,47,11,0,none,22063.79033255038,404.45,4.6,6,1
500034,100034,Mumbai,Bandra West,2,754.4,37993000.0,37330049.0,1.78,+91-9692223472,"2BHK independent unit in Bandra West society, floor 19. Immediate possession available.",1,46,3,0,none,50361.876988335105,377.2,1.78,5,1
500788,100788,Mumbai,Chembur,2,821.2,20531939.0,20563681.0,-0.15,+91-9178723043,"Newly renovated 2BHK, Chembur. Family-friendly society with amenities. 22 yrs old.",1,115,13,0,none,25002.361178762785,410.6,0.15,6,1
501044,101044,Mumbai,Goregaon West,1,421.6,10276889.0,10348639.0,-0.69,+91-9785287153,"1BHK independent unit in Goregaon West society, floor 2. Immediate possession available.",1,2,5,0,none,24375.92267552182,421.6,0.69,7,1
500482,100482,Mumbai,Thane West,3,1246.6,20728578.0,22641609.0,-8.45,+91-9935115115,"Newly renovated 3BHK, Thane West. Family-friendly society with amenities. 2 yrs old.",1,166,11,0,none,16628.090806995027,415.5333333333333,8.45,8,1
501244,101244,Bangalore,Indiranagar,1,441.9,11249642.0,10802046.0,4.14,+91-9906886470,"Spacious 1BHK in Indiranagar, close to metro & schools. Ready to move. Floor 16, West facing.",1,151,4,0,none,25457.438334464812,441.9,4.14,8,2
500932,100932,Mumbai,Kandivali East,2,800.1,12831334.0,13292103.0,-3.47,+91-9375993541,"Spacious 2BHK in Prime Location, close to metro & schools. Ready to move. Floor 5, North facing.",1,63,6,1,recycled_description,16037.16285464317,400.05,3.47,6,57
502405,100494,Mumbai,Thane West,3,1061.0,19420855.0,18725316.0,3.71,+91-9422195908,Well-ventilated 3BHK for sale in Thane West. Great connectivity. Floor 5 of the tower.,1,15,13,1,duplicate_listing,18304.2931196984,353.6666666666667,3.71,8,2
501686,101686,Bangalore,Electronic City,2,709.1,6226923.0,6031324.0,3.24,+91-9339643011,"Premium 2BHK apartment at Electronic City, Prestige Group project. RERA approved. 5 yrs old, North facing.",1,32,14,0,none,8781.445494288535,354.55,3.24,7,1
501249,101249,Bangalore,Indiranagar,3,1342.2,27200243.0,28470246.0,-4.46,+91-9617846911,Well-ventilated 3BHK for sale in Indiranagar. Great connectivity. Floor 21 of the tower.,0,114,8,0,none,20265.41722545075,447.40000000000003,4.46,11,1
500760,100760,Mumbai,Chembur,3,1220.2,20797885.0,21344966.0,-2.56,+91-9708824079,"Beautiful 3BHK near Chembur main road, built by Regional Builders Ltd. Vastu compliant, East facing.",1,1,7,0,none,17044.652515980986,406.73333333333335,2.56,3,1
500093,100093,Mumbai,Bandra West,2,716.7,43750610.0,42811443.0,2.19,+91-9322763429,"Newly renovated 2BHK, Bandra West. Family-friendly society with amenities. 11 yrs old.",1,49,5,1,duplicate_listing,61044.52351053439,358.35,2.19,7,2
501176,101176,Mumbai,Dombivli,4,1590.6,16868962.0,16401514.0,2.85,+91-9715761942,"Beautiful 4BHK near Dombivli main road, built by Lodha Group. Vastu compliant, North facing.",1,133,12,0,none,10605.408022130014,397.65,2.85,3,1
501416,101416,Bangalore,Whitefield,3,1318.2,15386195.0,14909326.0,3.2,+91-9618468237,"Newly renovated 3BHK, Whitefield. Family-friendly society with amenities. 1 yrs old.",1,99,13,0,none,11672.12486724321,439.40000000000003,3.2,5,1
501342,101342,Bangalore,Whitefield,3,1009.0,13083044.0,14196357.0,-7.84,+91-9118967818,"Premium 3BHK apartment at Whitefield, Brigade Group project. RERA approved. 0 yrs old, North facing.",1,101,5,0,none,12966.346878097125,336.3333333333333,7.84,8,1
501473,101473,Bangalore,Koramangala,3,972.2,17830355.0,18170957.0,-1.87,+91-9227401790,"3BHK independent unit in Koramangala society, floor 22. Immediate possession available.",1,16,6,0,none,18340.212919152436,324.06666666666666,1.87,6,2
502328,102328,Bangalore,Malleshwaram,3,965.5,19865434.0,19795564.0,0.35,+91-9382961741,"Spacious 3BHK in Malleshwaram, close to metro & schools. Ready to move. Floor 15, North facing.",1,159,10,1,scam_ring_broker,20575.281201450027,321.8333333333333,0.35,19,1
501608,101608,Bangalore,HSR Layout,2,799.9,14667624.0,15051981.0,-2.55,+91-9974611178,"2BHK flat in prime HSR Layout location. Negotiable price, urgent sale. South facing, floor 22.",1,56,10,0,none,18336.822102762846,399.95,2.55,8,1
500765,100765,Mumbai,Chembur,2,842.7,18884573.0,19584566.0,-3.57,+91-9860566887,"Premium 2BHK apartment at Chembur, Puravankara project. RERA approved. 10 yrs old, West facing.",1,143,14,0,none,22409.603654918712,421.35,3.57,7,1
501374,101374,Bangalore,Whitefield,1,549.5,6496651.0,6484409.0,0.19,+91-9903652981,"Premium 1BHK apartment at Whitefield, Runwal Group project. RERA approved. 11 yrs old, South facing.",1,6,13,1,scam_ring_broker,11822.84076433121,549.5,0.19,14,1
501952,101952,Bangalore,JP Nagar,3,1336.3,20810789.0,20159333.0,3.23,+91-9352768024,"Spacious 3BHK in JP Nagar, close to metro & schools. Ready to move. Floor 16, North facing.",1,4,6,0,none,15573.44084412183,445.43333333333334,3.23,12,1
501729,101729,Bangalore,Electronic City,4,527.6,18048161.0,17658906.0,2.2,+91-9638365659,"Beautiful 4BHK near Electronic City main road, built by Lodha Group. Vastu compliant, North facing.",1,88,0,1,fake_listing,34208.03828658074,131.9,2.2,6,1
500258,100258,Mumbai,Powai,3,1283.8,27717062.0,27826390.0,-0.39,+91-9814425134,Well-ventilated 3BHK for sale in Powai. Great connectivity. Floor 17 of the tower.,1,80,12,0,none,21589.859791244744,427.93333333333334,0.39,7,1
500945,100945,Mumbai,Kandivali East,3,1381.6,32892625.0,32875713.0,0.05,+91-9106831896,Well-ventilated 3BHK for sale in Kandivali East. Great connectivity. Floor 24 of the tower.,1,44,9,0,none,23807.632455124494,460.5333333333333,0.05,4,1
501220,101220,Bangalore,Indiranagar,3,952.9,24161394.0,24438975.0,-1.14,+91-9821832919,"3BHK flat in prime Indiranagar location. Negotiable price, urgent sale. West facing, floor 12.",1,115,10,0,none,25355.64487354392,317.6333333333333,1.14,4,1
501162,101162,Mumbai,Dombivli,1,544.5,6279664.0,5909407.0,6.27,+91-9666659963,"Premium 1BHK apartment at Dombivli, Local Developer Co project. RERA approved. 8 yrs old, West facing.",0,31,6,0,none,11532.899908172636,544.5,6.27,10,1
500773,100773,Mumbai,Chembur,3,1136.5,27887453.0,26747001.0,4.26,+91-9968406093,"Premium 3BHK apartment at Chembur, Lodha Group project. RERA approved. 19 yrs old, North facing.",1,130,12,0,none,24538.014078310604,378.8333333333333,4.26,5,1
501487,101487,Bangalore,Koramangala,2,788.1,13651746.0,14445554.0,-5.5,+91-9195552017,"2BHK independent unit in Koramangala society, floor 5. Immediate possession available.",1,31,10,0,none,17322.352493338407,394.05,5.5,8,1
502250,102250,Bangalore,Yelahanka,4,2017.8,16592612.0,17325771.0,-4.23,+91-9695993263,"Spacious 4BHK in Yelahanka, close to metro & schools. Ready to move. Floor 14, North facing.",1,112,13,0,none,8223.120229953414,504.45,4.23,9,1
500313,100313,Mumbai,Powai,4,1741.5,49687706.0,47441779.0,4.73,+91-9548368866,"4BHK flat in prime Powai location. Negotiable price, urgent sale. South facing, floor 6.",1,123,13,0,none,28531.556703990813,435.375,4.73,4,1
500291,100291,Mumbai,Powai,3,1288.5,30279467.0,29764014.0,1.73,+91-9149588302,Well-ventilated 3BHK for sale in Powai. Great connectivity. Floor 5 of the tower.,1,139,4,0,none,23499.780364765233,429.5,1.73,7,1
500764,100764,Mumbai,Chembur,2,772.0,24551426.0,24354491.0,0.81,+91-9322763429,"2BHK flat in prime Chembur location. Negotiable price, urgent sale. North facing, floor 15.",1,48,8,0,none,31802.365284974094,386.0,0.81,7,1
500184,100184,Mumbai,Andheri West,2,799.5,23751297.0,24058728.0,-1.28,+91-9293503633,"2BHK independent unit in Andheri West society, floor 13. Immediate possession available.",1,166,4,0,none,29707.688555347093,399.75,1.28,11,2
501177,101177,Mumbai,Dombivli,1,520.5,5221818.0,5259540.0,-0.72,+91-9471340026,"Premium 1BHK apartment at Dombivli, Kolte-Patil project. RERA approved. 20 yrs old, South facing.",1,39,5,0,none,10032.311239193084,520.5,0.72,5,1
501350,101350,Bangalore,Whitefield,3,1090.0,13132072.0,13004895.0,0.98,+91-9469859753,"3BHK flat in prime Whitefield location. Negotiable price, urgent sale. South facing, floor 16.",1,84,14,0,none,12047.77247706422,363.3333333333333,0.98,6,1
502299,102299,Bangalore,Malleshwaram,3,1019.9,20712806.0,19804197.0,4.59,+91-9635216382,"Premium 3BHK apartment at Malleshwaram, Prestige Group project. RERA approved. 13 yrs old, North facing.",1,108,12,0,none,20308.663594470047,339.96666666666664,4.59,6,1
501100,101100,Mumbai,Dombivli,2,727.8,9669211.0,9474034.0,2.06,+91-9651652452,"Spacious 2BHK in Dombivli, close to metro & schools. Ready to move. Floor 3, East facing.",1,78,13,0,none,13285.533113492718,363.9,2.06,8,1
500392,100392,Mumbai,Malad West,4,1579.5,27305477.0,28239535.0,-3.31,+91-9972477095,Well-ventilated 4BHK for sale in Malad West. Great connectivity. Floor 8 of the tower.,1,176,5,0,none,17287.41817030706,394.875,3.31,8,1
501920,101920,Bangalore,Hebbal,2,812.4,13183636.0,13032464.0,1.16,+91-9612747232,Well-ventilated 2BHK for sale in Hebbal. Great connectivity. Floor 10 of the tower.,1,117,9,0,none,16228.010832102413,406.2,1.16,5,1
501457,101457,Bangalore,Koramangala,3,1079.9,27352477.0,28678463.0,-4.62,+91-9856959104,"3BHK independent unit in Koramangala society, floor 17. Immediate possession available.",1,46,8,0,none,25328.71284378183,359.9666666666667,4.62,7,2
501093,101093,Mumbai,Dombivli,4,1562.6,16164042.0,16370839.0,-1.26,+91-9443424589,"Newly renovated 4BHK, Dombivli. Family-friendly society with amenities. 19 yrs old.",1,114,7,0,none,10344.324843210035,390.65,1.26,8,1
502023,102023,Bangalore,JP Nagar,1,464.4,6003872.0,6008757.0,-0.08,+91-9103360817,"1BHK flat in prime JP Nagar location. Negotiable price, urgent sale. West facing, floor 16.",1,100,6,0,none,12928.234280792421,464.4,0.08,4,1
500905,100905,Mumbai,Kandivali East,3,1187.4,17102047.0,17491489.0,-2.23,+91-9571366096,"3BHK independent unit in Kandivali East society, floor 14. Immediate possession available.",0,177,8,0,none,14402.936668351018,395.8,2.23,8,2
500367,100367,Mumbai,Malad West,3,1121.7,22889033.0,23290026.0,-1.72,+91-9587029438,"Newly renovated 3BHK, Malad West. Family-friendly society with amenities. 13 yrs old.",1,13,12,0,none,20405.663724703572,373.90000000000003,1.72,11,2
500346,100346,Mumbai,Powai,1,499.4,15958505.0,14975520.0,6.56,+91-9265500456,"Premium 1BHK apartment at Powai, Runwal Group project. RERA approved. 6 yrs old, South facing.",1,152,12,0,none,31955.356427713257,499.4,6.56,11,1
501373,101373,Bangalore,Whitefield,4,1712.2,18933014.0,18678497.0,1.36,+91-9754108418,"4BHK flat in prime Whitefield location. Negotiable price, urgent sale. East facing, floor 18.",1,140,4,0,none,11057.711715921037,428.05,1.36,6,1
501640,101640,Bangalore,HSR Layout,2,727.3,13789504.0,13759645.0,0.22,+91-9717419131,"2BHK independent unit in HSR Layout society, floor 19. Immediate possession available.",1,112,13,0,none,18959.8570053623,363.65,0.22,9,1
500920,100920,Mumbai,Kandivali East,2,810.8,11103426.0,11157071.0,-0.48,+91-9691984656,"Newly renovated 2BHK, Kandivali East. Family-friendly society with amenities. 7 yrs old.",1,114,6,0,none,13694.407992106562,405.4,0.48,7,1
500212,100212,Mumbai,Andheri West,2,775.9,22230906.0,22483041.0,-1.12,+91-9374488493,"2BHK flat in prime Andheri West location. Negotiable price, urgent sale. West facing, floor 23.",1,17,14,0,none,28651.766980280965,387.95,1.12,6,1
501604,101604,Bangalore,HSR Layout,2,659.0,11650236.0,11258182.0,3.48,+91-9928969240,"Spacious 2BHK in Prime Location, close to metro & schools. Ready to move. Floor 5, North facing.",1,28,9,1,recycled_description,17678.65857359636,329.5,3.48,8,57
500538,100538,Mumbai,Thane West,2,791.9,15400161.0,15214403.0,1.22,+91-9419872398,"Premium 2BHK apartment at Thane West, Runwal Group project. RERA approved. 14 yrs old, North facing.",1,64,2,0,none,19447.10316959212,395.95,1.22,3,1
501221,101221,Bangalore,Indiranagar,2,764.4,18262531.0,17444355.0,4.69,+91-9469859753,"Premium 2BHK apartment at Indiranagar, Lodha Group project. RERA approved. 13 yrs old, North facing.",1,110,8,0,none,23891.32783882784,382.2,4.69,6,1
500176,100176,Mumbai,Andheri West,1,498.8,16575198.0,16139422.0,2.7,+91-9425515741,"Premium 1BHK apartment at Andheri West, Oberoi Realty project. RERA approved. 6 yrs old, South facing.",1,131,2,0,none,33230.14835605453,498.8,2.7,10,1
