property_id,city,locality,pincode,tier,metro_distance_km,bhk,carpet_area_sqft,age_years,builder,builder_score,builder_tier,rera_registered,rera_number,num_amenities,amenities,circle_rate_per_sqft,price_per_sqft,total_price,stamp_duty_pct,stamp_duty_amt,registration_charge_amt,monthly_rent_est,rental_yield_pct,vastu_compliant,gated_community
100001,Mumbai,Bandra West,400050,premium,0.46,2,928.0,13,Puravankara,0.8,Tier2,1,PMHA49498,7,"Lift, 24/7 Security, Clubhouse, Indoor Games Room, Swimming Pool, CCTV, Landscaped Garden",38835.0,48853.0,45337404.0,0.06,2720244.0,30000.0,75267.0,1.99,1,1
100002,Mumbai,Bandra West,400050,premium,0.48,4,1632.6,18,Brigade Group,0.88,Tier1,1,PMHA24870,10,"Visitor Parking, Swimming Pool, Lift, Clubhouse, Power Backup, CCTV, Gymnasium, Indoor Games Room, Children's Play Area, 24/7 Security",36843.0,50117.0,81822581.0,0.06,4909355.0,30000.0,115231.0,1.69,1,1
100003,Mumbai,Bandra West,400050,premium,0.82,1,513.8,13,Godrej Properties,0.93,Tier1,1,PMHA84940,9,"Visitor Parking, Children's Play Area, CCTV, Gymnasium, 24/7 Security, Power Backup, Clubhouse, Swimming Pool, Jogging Track",34120.0,46547.0,23914968.0,0.06,1434898.0,30000.0,36495.0,1.83,1,1
100004,Mumbai,Bandra West,400050,premium,0.54,2,720.2,5,Oberoi Realty,0.9,Tier1,1,PMHA86956,8,"Visitor Parking, Indoor Games Room, CCTV, Jogging Track, Clubhouse, 24/7 Security, Power Backup, Landscaped Garden",34595.0,50376.0,36279924.0,0.06,2176795.0,30000.0,62662.0,2.07,1,1
100005,Mumbai,Bandra West,400050,premium,0.38,3,1150.8,5,Brigade Group,0.88,Tier1,1,PMHA46574,7,"Indoor Games Room, Jogging Track, Swimming Pool, Gymnasium, Children's Play Area, Clubhouse, Landscaped Garden",37300.0,52507.0,60423555.0,0.06,3625413.0,30000.0,74430.0,1.48,0,1
100006,Mumbai,Bandra West,400050,premium,0.84,2,703.0,12,Sobha Ltd,0.91,Tier1,1,PMHA42963,12,"Power Backup, Jogging Track, CCTV, Swimming Pool, Lift, Indoor Games Room, Children's Play Area, Landscaped Garden, Clubhouse, Gymnasium, Visitor Parking, 24/7 Security",41467.0,62194.0,43724296.0,0.06,2623458.0,30000.0,69429.0,1.91,1,1
100007,Mumbai,Bandra West,400050,premium,0.65,4,1516.0,4,Puravankara,0.8,Tier2,1,PMHA78173,7,"Visitor Parking, Swimming Pool, Lift, Children's Play Area, Jogging Track, CCTV, Clubhouse",29182.0,37619.0,57028446.0,0.06,3421707.0,30000.0,78229.0,1.65,0,1
100008,Mumbai,Bandra West,400050,premium,0.87,1,520.5,7,Puravankara,0.8,Tier2,1,PMHA54163,7,"Landscaped Garden, 24/7 Security, Visitor Parking, CCTV, Jogging Track, Swimming Pool, Children's Play Area",34813.0,46390.0,24144757.0,0.06,1448685.0,30000.0,37959.0,1.89,1,1
100009,Mumbai,Bandra West,400050,premium,0.58,4,2194.7,3,Godrej Properties,0.93,Tier1,1,PMHA65317,12,"24/7 Security, Clubhouse, Power Backup, Gymnasium, Indoor Games Room, Visitor Parking, Jogging Track, Lift, Swimming Pool, Children's Play Area, Landscaped Garden, CCTV",29508.0,50217.0,110209835.0,0.06,6612590.0,30000.0,178172.0,1.94,1,1
100010,Mumbai,Bandra West,400050,premium,0.6,2,912.4,3,Local Developer Co,0.55,Tier3,1,PMHA40202,9,"Clubhouse, Children's Play Area, 24/7 Security, Lift, Power Backup, Swimming Pool, Jogging Track, Gymnasium, Indoor Games Room",32423.0,45159.0,41201198.0,0.06,2472072.0,30000.0,61848.0,1.8,0,1
100011,Mumbai,Bandra West,400050,premium,0.75,3,1271.9,20,Godrej Properties,0.93,Tier1,1,PMHA30668,5,"Swimming Pool, Indoor Games Room, Landscaped Garden, Power Backup, Clubhouse",28195.0,34497.0,43877453.0,0.06,2632647.0,30000.0,66477.0,1.82,1,0
100012,Mumbai,Bandra West,400050,premium,0.51,1,451.2,2,Godrej Properties,0.93,Tier1,1,PMHA56891,5,"Clubhouse, Indoor Games Room, Visitor Parking, Lift, Jogging Track",41379.0,57413.0,25907686.0,0.06,1554461.0,30000.0,33122.0,1.53,0,0
100013,Mumbai,Bandra West,400050,premium,0.41,3,1141.6,24,Sobha Ltd,0.91,Tier1,1,PMHA84647,5,"Power Backup, Jogging Track, Indoor Games Room, Gymnasium, Children's Play Area",29528.0,33195.0,37896923.0,0.06,2273815.0,30000.0,76814.0,2.43,1,0
100014,Mumbai,Bandra West,400050,premium,0.61,1,389.4,12,Local Developer Co,0.55,Tier3,0,,11,"24/7 Security, Jogging Track, Children's Play Area, Clubhouse, Gymnasium, Lift, Visitor Parking, Swimming Pool, Power Backup, Landscaped Garden, Indoor Games Room",39432.0,52392.0,20402174.0,0.06,1224130.0,30000.0,33799.0,1.99,1,1
100015,Mumbai,Bandra West,400050,premium,0.64,3,1118.1,6,Puravankara,0.8,Tier2,1,PMHA58285,3,"Swimming Pool, Landscaped Garden, Jogging Track",39916.0,48170.0,53860341.0,0.06,3231620.0,30000.0,98645.0,2.2,1,0
100016,Mumbai,Bandra West,400050,premium,0.54,1,471.1,19,Local Developer Co,0.55,Tier3,1,PMHA85920,5,"Lift, CCTV, Gymnasium, Visitor Parking, Power Backup",29388.0,33647.0,15852276.0,0.06,951137.0,30000.0,26077.0,1.97,1,0
100017,Mumbai,Bandra West,400050,premium,0.67,2,924.9,17,Brigade Group,0.88,Tier1,1,PMHA64375,5,"24/7 Security, Gymnasium, Jogging Track, Visitor Parking, Children's Play Area",33836.0,43656.0,40377958.0,0.06,2422677.0,30000.0,78602.0,2.34,1,0
100018,Mumbai,Bandra West,400050,premium,0.59,3,1226.5,15,Runwal Group,0.78,Tier2,1,PMHA66961,3,"Swimming Pool, Visitor Parking, Gymnasium",35458.0,44091.0,54076916.0,0.06,3244615.0,30000.0,67911.0,1.51,1,0
100019,Mumbai,Bandra West,400050,premium,0.29,3,1185.2,4,Puravankara,0.8,Tier2,1,PMHA46604,8,"Lift, Clubhouse, Jogging Track, Power Backup, Children's Play Area, Gymnasium, Visitor Parking, CCTV",39212.0,56667.0,67160845.0,0.06,4029651.0,30000.0,128952.0,2.3,1,1
100020,Mumbai,Bandra West,400050,premium,0.48,2,694.3,18,Runwal Group,0.78,Tier2,1,PMHA20539,10,"Landscaped Garden, Clubhouse, Children's Play Area, Swimming Pool, Visitor Parking, Gymnasium, Lift, CCTV, Power Backup, Jogging Track",29676.0,42432.0,29462152.0,0.06,1767729.0,30000.0,42084.0,1.71,1,1
100021,Mumbai,Bandra West,400050,premium,0.36,1,480.0,15,Brigade Group,0.88,Tier1,1,PMHA22593,6,"Landscaped Garden, CCTV, Indoor Games Room, Lift, Jogging Track, Clubhouse",34711.0,41593.0,19965037.0,0.06,1197902.0,30000.0,26405.0,1.59,1,1
100022,Mumbai,Bandra West,400050,premium,0.68,1,532.5,21,Oberoi Realty,0.9,Tier1,1,PMHA92658,10,"24/7 Security, Children's Play Area, Visitor Parking, Clubhouse, CCTV, Lift, Power Backup, Indoor Games Room, Gymnasium, Landscaped Garden",32227.0,45214.0,24076048.0,0.06,1444563.0,30000.0,36145.0,1.8,0,1
100023,Mumbai,Bandra West,400050,premium,0.59,3,1367.5,5,Runwal Group,0.78,Tier2,1,PMHA24069,3,"Visitor Parking, Power Backup, Indoor Games Room",28076.0,37857.0,51770184.0,0.06,3106211.0,30000.0,96289.0,2.23,0,0
100024,Mumbai,Bandra West,400050,premium,0.52,3,969.1,11,Oberoi Realty,0.9,Tier1,1,PMHA77066,8,"Swimming Pool, Lift, Visitor Parking, 24/7 Security, Landscaped Garden, Indoor Games Room, Children's Play Area, Clubhouse",35063.0,51081.0,49500306.0,0.06,2970018.0,30000.0,72136.0,1.75,1,1
100025,Mumbai,Bandra West,400050,premium,0.47,3,1003.6,3,Puravankara,0.8,Tier2,1,PMHA58870,10,"Visitor Parking, Clubhouse, Jogging Track, 24/7 Security, Children's Play Area, Gymnasium, CCTV, Indoor Games Room, Swimming Pool, Power Backup",34420.0,51129.0,51315811.0,0.06,3078949.0,30000.0,92756.0,2.17,1,1
100026,Mumbai,Bandra West,400050,premium,0.81,3,1197.1,13,Regional Builders Ltd,0.5,Tier3,1,PMHA47062,11,"CCTV, Power Backup, Indoor Games Room, Visitor Parking, Lift, Jogging Track, 24/7 Security, Swimming Pool, Clubhouse, Children's Play Area, Gymnasium",36885.0,53783.0,64385025.0,0.06,3863102.0,30000.0,104935.0,1.96,1,1
100027,Mumbai,Bandra West,400050,premium,0.3,1,427.7,21,Kolte-Patil,0.82,Tier2,1,PMHA86519,8,"Swimming Pool, 24/7 Security, Landscaped Garden, Gymnasium, CCTV, Children's Play Area, Indoor Games Room, Power Backup",40895.0,47361.0,20256278.0,0.06,1215377.0,30000.0,30656.0,1.82,1,1
100028,Mumbai,Bandra West,400050,premium,0.65,3,1267.4,23,Puravankara,0.8,Tier2,1,PMHA23825,5,"Indoor Games Room, Power Backup, Jogging Track, 24/7 Security, Swimming Pool",33212.0,39212.0,49698734.0,0.06,2981924.0,30000.0,86878.0,2.1,0,0
100029,Mumbai,Bandra West,400050,premium,0.77,2,922.1,11,Puravankara,0.8,Tier2,1,PMHA47597,11,"Visitor Parking, Indoor Games Room, Gymnasium, Lift, Landscaped Garden, Power Backup, Swimming Pool, Children's Play Area, Jogging Track, CCTV, 24/7 Security",30323.0,44587.0,41114703.0,0.06,2466882.0,30000.0,60483.0,1.77,1,1
100030,Mumbai,Bandra West,400050,premium,0.59,3,1359.3,3,Prestige Group,0.92,Tier1,1,PMHA31929,11,"Gymnasium, Power Backup, Swimming Pool, Landscaped Garden, Clubhouse, Children's Play Area, CCTV, 24/7 Security, Lift, Jogging Track, Visitor Parking",29178.0,42348.0,57563956.0,0.06,3453837.0,30000.0,80484.0,1.68,1,1
100031,Mumbai,Bandra West,400050,premium,0.38,4,1505.1,10,Local Developer Co,0.55,Tier3,0,,3,"Landscaped Garden, Gymnasium, Children's Play Area",36832.0,40814.0,61429845.0,0.06,3685791.0,30000.0,99694.0,1.95,1,0
100032,Mumbai,Bandra West,400050,premium,0.41,4,2025.0,16,Sobha Ltd,0.91,Tier1,1,PMHA98628,10,"Indoor Games Room, Jogging Track, Landscaped Garden, 24/7 Security, Gymnasium, CCTV, Lift, Power Backup, Children's Play Area, Swimming Pool",34685.0,47451.0,96087653.0,0.06,5765259.0,30000.0,119073.0,1.49,1,1
100033,Mumbai,Bandra West,400050,premium,0.67,4,1534.1,9,Local Developer Co,0.55,Tier3,1,PMHA98697,6,"Lift, Clubhouse, Visitor Parking, Children's Play Area, Swimming Pool, Power Backup",34856.0,43512.0,66750862.0,0.06,4005052.0,30000.0,85890.0,1.54,1,1
100034,Mumbai,Bandra West,400050,premium,0.56,2,754.4,16,Godrej Properties,0.93,Tier1,1,PMHA45408,11,"CCTV, Gymnasium, Swimming Pool, Indoor Games Room, Landscaped Garden, Visitor Parking, Clubhouse, 24/7 Security, Lift, Children's Play Area, Jogging Track",38352.0,49482.0,37330049.0,0.06,2239803.0,30000.0,56691.0,1.82,1,1
100035,Mumbai,Bandra West,400050,premium,0.69,3,1361.9,8,Puravankara,0.8,Tier2,1,PMHA17632,9,"Children's Play Area, Gymnasium, Lift, Jogging Track, Visitor Parking, Swimming Pool, Landscaped Garden, Power Backup, CCTV",30626.0,46613.0,63481032.0,0.06,3808862.0,30000.0,85914.0,1.62,0,1
100036,Mumbai,Bandra West,400050,premium,0.73,4,1957.4,8,Godrej Properties,0.93,Tier1,1,PMHA96682,9,"Visitor Parking, Power Backup, Children's Play Area, CCTV, Indoor Games Room, Gymnasium, Swimming Pool, Landscaped Garden, Lift",34346.0,48193.0,94332480.0,0.06,5659949.0,30000.0,123481.0,1.57,0,1
100037,Mumbai,Bandra West,400050,premium,0.72,2,948.4,16,Lodha Group,0.95,Tier1,1,PMHA35491,3,"24/7 Security, CCTV, Gymnasium",40240.0,49119.0,46585057.0,0.06,2795103.0,30000.0,69110.0,1.78,0,0
100038,Mumbai,Bandra West,400050,premium,0.46,3,1000.2,11,Local Developer Co,0.55,Tier3,1,PMHA80158,8,"Lift, Visitor Parking, CCTV, Swimming Pool, Gymnasium, Landscaped Garden, Jogging Track, Clubhouse",37141.0,49318.0,49328862.0,0.06,2959732.0,30000.0,68074.0,1.66,0,1
100039,Mumbai,Bandra West,400050,premium,0.26,3,1144.1,11,Prestige Group,0.92,Tier1,1,PMHA47494,4,"Gymnasium, Swimming Pool, Clubhouse, Jogging Track",33518.0,43468.0,49731366.0,0.06,2983882.0,30000.0,90428.0,2.18,1,0
100040,Mumbai,Bandra West,400050,premium,0.61,2,683.2,2,Local Developer Co,0.55,Tier3,0,,10,"Indoor Games Room, Visitor Parking, Power Backup, Gymnasium, Landscaped Garden, CCTV, Jogging Track, Clubhouse, Lift, Children's Play Area",37566.0,49218.0,33625169.0,0.06,2017510.0,30000.0,40211.0,1.44,1,1
100041,Mumbai,Bandra West,400050,premium,0.67,2,945.4,22,Kolte-Patil,0.82,Tier2,1,PMHA51203,4,"Indoor Games Room, Landscaped Garden, Visitor Parking, Lift",36668.0,45071.0,42609668.0,0.06,2556580.0,30000.0,73143.0,2.06,0,0
100042,Mumbai,Bandra West,400050,premium,0.87,1,404.4,3,Kolte-Patil,0.82,Tier2,1,PMHA38586,11,"Swimming Pool, Lift, 24/7 Security, Jogging Track, Clubhouse, Gymnasium, Indoor Games Room, Power Backup, Children's Play Area, Visitor Parking, Landscaped Garden",33796.0,50783.0,20538154.0,0.06,1232289.0,30000.0,32178.0,1.88,1,1
100043,Mumbai,Bandra West,400050,premium,0.76,4,1777.3,5,Regional Builders Ltd,0.5,Tier3,1,PMHA18199,11,"Children's Play Area, Landscaped Garden, Lift, 24/7 Security, Clubhouse, Swimming Pool, CCTV, Visitor Parking, Power Backup, Indoor Games Room, Jogging Track",29777.0,41195.0,73216561.0,0.06,4392994.0,30000.0,135562.0,2.22,1,1
100044,Mumbai,Bandra West,400050,premium,0.6,2,923.8,4,Godrej Properties,0.93,Tier1,1,PMHA47734,12,"Visitor Parking, Landscaped Garden, 24/7 Security, Lift, Clubhouse, Gymnasium, Jogging Track, Swimming Pool, Children's Play Area, Power Backup, Indoor Games Room, CCTV",41768.0,59381.0,54854679.0,0.06,3291281.0,30000.0,87186.0,1.91,1,1
100045,Mumbai,Bandra West,400050,premium,1.08,3,1119.7,23,Puravankara,0.8,Tier2,1,PMHA75801,8,"24/7 Security, CCTV, Lift, Children's Play Area, Power Backup, Clubhouse, Visitor Parking, Landscaped Garden",38384.0,48312.0,54095788.0,0.06,3245747.0,30000.0,89771.0,1.99,1,1
100046,Mumbai,Bandra West,400050,premium,0.64,3,1040.9,11,Local Developer Co,0.55,Tier3,1,PMHA61820,12,"Indoor Games Room, Lift, Jogging Track, CCTV, Landscaped Garden, 24/7 Security, Visitor Parking, Gymnasium, Clubhouse, Power Backup, Children's Play Area, Swimming Pool",33728.0,44158.0,45966076.0,0.06,2757965.0,30000.0,72333.0,1.89,1,1
100047,Mumbai,Bandra West,400050,premium,0.48,4,1887.0,24,Oberoi Realty,0.9,Tier1,1,PMHA32026,9,"Clubhouse, Jogging Track, Children's Play Area, Gymnasium, Visitor Parking, Swimming Pool, Indoor Games Room, 24/7 Security, CCTV",41431.0,47048.0,88780371.0,0.06,5326822.0,30000.0,109052.0,1.47,1,1
100048,Mumbai,Bandra West,400050,premium,0.44,3,1373.7,5,Lodha Group,0.95,Tier1,1,PMHA32792,7,"Children's Play Area, Clubhouse, Lift, Visitor Parking, 24/7 Security, Power Backup, Landscaped Garden",30314.0,40864.0,56134829.0,0.06,3368090.0,30000.0,89698.0,1.92,0,1
100049,Mumbai,Bandra West,400050,premium,0.88,2,698.4,13,Local Developer Co,0.55,Tier3,1,PMHA26670,5,"Lift, CCTV, Power Backup, Swimming Pool, Indoor Games Room",33790.0,38767.0,27074102.0,0.06,1624446.0,30000.0,41930.0,1.86,1,0
100050,Mumbai,Bandra West,400050,premium,0.64,2,685.7,5,Local Developer Co,0.55,Tier3,0,,7,"CCTV, Swimming Pool, Visitor Parking, Clubhouse, 24/7 Security, Gymnasium, Landscaped Garden",35512.0,46851.0,32125335.0,0.06,1927520.0,30000.0,58898.0,2.2,1,1
100051,Mumbai,Bandra West,400050,premium,0.74,2,781.4,13,Local Developer Co,0.55,Tier3,1,PMHA98973,11,"Power Backup, Children's Play Area, Gymnasium, 24/7 Security, CCTV, Landscaped Garden, Clubhouse, Lift, Swimming Pool, Jogging Track, Indoor Games Room",30621.0,39597.0,30941301.0,0.06,1856478.0,30000.0,44206.0,1.71,0,1
100052,Mumbai,Bandra West,400050,premium,0.39,2,752.8,14,Regional Builders Ltd,0.5,Tier3,1,PMHA54705,6,"Swimming Pool, Visitor Parking, Children's Play Area, Lift, 24/7 Security, Jogging Track",30133.0,36131.0,27200006.0,0.06,1632000.0,30000.0,46648.0,2.06,1,1
100053,Mumbai,Bandra West,400050,premium,0.7,3,1358.2,4,Sobha Ltd,0.91,Tier1,1,PMHA99261,7,"CCTV, Children's Play Area, 24/7 Security, Indoor Games Room, Swimming Pool, Lift, Landscaped Garden",38495.0,53172.0,72217070.0,0.06,4333024.0,30000.0,108108.0,1.8,0,1
100054,Mumbai,Bandra West,400050,premium,0.69,1,426.8,16,Puravankara,0.8,Tier2,1,PMHA39238,9,"Jogging Track, Landscaped Garden, Clubhouse, Power Backup, Gymnasium, CCTV, Visitor Parking, Indoor Games Room, Children's Play Area",29284.0,39682.0,16935399.0,0.06,1016124.0,30000.0,28260.0,2.0,1,1
100055,Mumbai,Bandra West,400050,premium,0.47,2,906.2,17,Kolte-Patil,0.82,Tier2,1,PMHA64904,10,"CCTV, Swimming Pool, Lift, Jogging Track, Indoor Games Room, Children's Play Area, 24/7 Security, Clubhouse, Gymnasium, Visitor Parking",41341.0,56303.0,51021673.0,0.06,3061300.0,30000.0,72681.0,1.71,1,1
100056,Mumbai,Bandra West,400050,premium,0.67,2,894.8,14,Oberoi Realty,0.9,Tier1,1,PMHA38443,11,"Indoor Games Room, CCTV, Swimming Pool, Landscaped Garden, Gymnasium, Children's Play Area, Visitor Parking, 24/7 Security, Clubhouse, Lift, Power Backup",40934.0,58604.0,52439783.0,0.06,3146387.0,30000.0,71319.0,1.63,1,1
100057,Mumbai,Bandra West,400050,premium,0.7,1,403.5,5,Puravankara,0.8,Tier2,1,PMHA79689,9,"Swimming Pool, Jogging Track, Indoor Games Room, Visitor Parking, Lift, Landscaped Garden, Gymnasium, Children's Play Area, Clubhouse",29937.0,39855.0,16080033.0,0.06,964802.0,30000.0,20289.0,1.51,1,1
100058,Mumbai,Bandra West,400050,premium,0.4,2,777.4,24,Puravankara,0.8,Tier2,1,PMHA31928,8,"Jogging Track, Clubhouse, Landscaped Garden, 24/7 Security, CCTV, Indoor Games Room, Lift, Swimming Pool",35731.0,41934.0,32601037.0,0.06,1956062.0,30000.0,56378.0,2.08,1,1
100059,Mumbai,Bandra West,400050,premium,0.56,4,1547.3,12,Brigade Group,0.88,Tier1,1,PMHA38938,5,"Indoor Games Room, Visitor Parking, 24/7 Security, Swimming Pool, Power Backup",33833.0,44148.0,68309189.0,0.06,4098551.0,30000.0,97486.0,1.71,0,0
100060,Mumbai,Bandra West,400050,premium,0.7,3,1115.6,18,Lodha Group,0.95,Tier1,1,PMHA77205,11,"Gymnasium, 24/7 Security, CCTV, Lift, Power Backup, Visitor Parking, Children's Play Area, Jogging Track, Indoor Games Room, Clubhouse, Landscaped Garden",37132.0,51190.0,57105126.0,0.06,3426308.0,30000.0,90589.0,1.9,0,1
100061,Mumbai,Bandra West,400050,premium,0.42,1,491.1,23,Godrej Properties,0.93,Tier1,1,PMHA25781,3,"Visitor Parking, Clubhouse, Jogging Track",30468.0,31641.0,15539112.0,0.06,932347.0,30000.0,20014.0,1.55,1,0
100062,Mumbai,Bandra West,400050,premium,0.4,2,898.0,6,Regional Builders Ltd,0.5,Tier3,1,PMHA10581,8,"Landscaped Garden, Gymnasium, Clubhouse, 24/7 Security, Power Backup, Lift, Children's Play Area, Visitor Parking",32047.0,41868.0,37596745.0,0.06,2255805.0,30000.0,62798.0,2.0,1,1
100063,Mumbai,Bandra West,400050,premium,0.89,2,791.0,16,Local Developer Co,0.55,Tier3,0,,3,"Clubhouse, Gymnasium, Lift",37473.0,43384.0,34316044.0,0.06,2058963.0,30000.0,68159.0,2.38,0,0
100064,Mumbai,Bandra West,400050,premium,0.42,3,1368.3,18,Lodha Group,0.95,Tier1,1,PMHA29268,11,"Gymnasium, Power Backup, CCTV, Lift, Visitor Parking, Clubhouse, Indoor Games Room, Children's Play Area, Landscaped Garden, Jogging Track, Swimming Pool",37513.0,48347.0,66155939.0,0.06,3969356.0,30000.0,73739.0,1.34,1,1
100065,Mumbai,Bandra West,400050,premium,0.69,2,764.2,12,Godrej Properties,0.93,Tier1,1,PMHA19307,11,"Gymnasium, 24/7 Security, Clubhouse, Jogging Track, Landscaped Garden, Lift, CCTV, Children's Play Area, Power Backup, Swimming Pool, Indoor Games Room",38560.0,56623.0,43272170.0,0.06,2596330.0,30000.0,73658.0,2.04,0,1
100066,Mumbai,Bandra West,400050,premium,0.86,2,788.5,9,Lodha Group,0.95,Tier1,1,PMHA63039,8,"Visitor Parking, Swimming Pool, Gymnasium, Jogging Track, Children's Play Area, Power Backup, CCTV, Indoor Games Room",40126.0,59559.0,46965103.0,0.06,2817906.0,30000.0,73984.0,1.89,0,1
100067,Mumbai,Bandra West,400050,premium,0.6,3,1375.5,23,Sobha Ltd,0.91,Tier1,1,PMHA97162,6,"Power Backup, Visitor Parking, CCTV, Lift, Swimming Pool, 24/7 Security",38124.0,48306.0,66444264.0,0.06,3986656.0,30000.0,96571.0,1.74,0,1
100068,Mumbai,Bandra West,400050,premium,0.73,2,731.1,21,Regional Builders Ltd,0.5,Tier3,0,,8,"Power Backup, Jogging Track, Landscaped Garden, Gymnasium, CCTV, 24/7 Security, Swimming Pool, Lift",37526.0,39002.0,28514742.0,0.06,1710885.0,30000.0,46679.0,1.96,1,1
100069,Mumbai,Bandra West,400050,premium,0.38,3,1086.7,2,Local Developer Co,0.55,Tier3,1,PMHA26884,12,"Power Backup, Children's Play Area, Jogging Track, Clubhouse, Swimming Pool, Visitor Parking, Gymnasium, CCTV, 24/7 Security, Indoor Games Room, Landscaped Garden, Lift",39979.0,56458.0,61353197.0,0.06,3681192.0,30000.0,101949.0,1.99,1,1
100070,Mumbai,Bandra West,400050,premium,0.66,3,1034.8,4,Kolte-Patil,0.82,Tier2,1,PMHA70149,4,"Power Backup, Swimming Pool, Lift, Children's Play Area",30287.0,41904.0,43362566.0,0.06,2601754.0,30000.0,71097.0,1.97,1,0
100071,Mumbai,Bandra West,400050,premium,0.89,3,970.3,1,Godrej Properties,0.93,Tier1,1,PMHA62426,9,"Indoor Games Room, Swimming Pool, Visitor Parking, Landscaped Garden, Gymnasium, 24/7 Security, Power Backup, Jogging Track, Children's Play Area",29130.0,41398.0,40169003.0,0.06,2410140.0,30000.0,66552.0,1.99,0,1
100072,Mumbai,Bandra West,400050,premium,0.63,3,1329.0,15,Lodha Group,0.95,Tier1,1,PMHA92416,11,"Jogging Track, Clubhouse, Visitor Parking, Indoor Games Room, Swimming Pool, Power Backup, Landscaped Garden, Children's Play Area, 24/7 Security, Gymnasium, CCTV",35489.0,52240.0,69426003.0,0.06,4165560.0,30000.0,117967.0,2.04,1,1
100073,Mumbai,Bandra West,400050,premium,0.69,3,1042.6,23,Godrej Properties,0.93,Tier1,1,PMHA49414,10,"Power Backup, Visitor Parking, Indoor Games Room, Jogging Track, CCTV, 24/7 Security, Landscaped Garden, Children's Play Area, Gymnasium, Swimming Pool",41605.0,57425.0,59872357.0,0.06,3592341.0,30000.0,92522.0,1.85,1,1
100074,Mumbai,Bandra West,400050,premium,0.93,3,1228.0,15,Kolte-Patil,0.82,Tier2,1,PMHA14420,6,"Clubhouse, Gymnasium, Swimming Pool, Indoor Games Room, Lift, CCTV",31309.0,42870.0,52644007.0,0.06,3158640.0,30000.0,74007.0,1.69,1,1
100075,Mumbai,Bandra West,400050,premium,0.41,2,799.3,23,Regional Builders Ltd,0.5,Tier3,1,PMHA39302,10,"Jogging Track, CCTV, Clubhouse, Lift, Landscaped Garden, Power Backup, Indoor Games Room, Visitor Parking, Swimming Pool, Gymnasium",41240.0,47865.0,38258415.0,0.06,2295505.0,30000.0,37018.0,1.16,1,1
100076,Mumbai,Bandra West,400050,premium,0.94,4,1953.7,18,Regional Builders Ltd,0.5,Tier3,1,PMHA16014,5,"Power Backup, Clubhouse, Swimming Pool, Landscaped Garden, CCTV",33905.0,40968.0,80039436.0,0.06,4802366.0,30000.0,124825.0,1.87,1,0
100077,Mumbai,Bandra West,400050,premium,0.91,3,1232.1,5,Runwal Group,0.78,Tier2,1,PMHA49147,9,"Visitor Parking, Indoor Games Room, Lift, Jogging Track, CCTV, Children's Play Area, Power Backup, 24/7 Security, Landscaped Garden",32867.0,46341.0,57095174.0,0.06,3425710.0,30000.0,88464.0,1.86,1,1
100078,Mumbai,Bandra West,400050,premium,0.55,2,694.2,9,Sobha Ltd,0.91,Tier1,1,PMHA27789,6,"Lift, Visitor Parking, Swimming Pool, Jogging Track, Gymnasium, CCTV",30162.0,39893.0,27694516.0,0.06,1661671.0,30000.0,37666.0,1.63,1,1
100079,Mumbai,Bandra West,400050,premium,0.63,2,689.3,18,Godrej Properties,0.93,Tier1,1,PMHA62341,10,"Visitor Parking, Power Backup, Clubhouse, Lift, CCTV, Swimming Pool, Gymnasium, Landscaped Garden, Jogging Track, Children's Play Area",38951.0,48611.0,33506290.0,0.06,2010377.0,30000.0,41308.0,1.48,1,1
100080,Mumbai,Bandra West,400050,premium,0.68,4,1556.8,17,Kolte-Patil,0.82,Tier2,1,PMHA67869,3,"Visitor Parking, Indoor Games Room, Power Backup",34971.0,37390.0,58209496.0,0.06,3492570.0,30000.0,99651.0,2.05,1,0
100081,Mumbai,Bandra West,400050,premium,0.51,4,1618.9,15,Lodha Group,0.95,Tier1,1,PMHA67826,11,"Jogging Track, Visitor Parking, Power Backup, 24/7 Security, Lift, Swimming Pool, Gymnasium, Indoor Games Room, CCTV, Clubhouse, Landscaped Garden",35730.0,47607.0,77069832.0,0.06,4624190.0,30000.0,110397.0,1.72,1,1
100082,Mumbai,Bandra West,400050,premium,0.6,2,729.4,17,Lodha Group,0.95,Tier1,1,PMHA71318,9,"Indoor Games Room, Clubhouse, Landscaped Garden, Power Backup, Visitor Parking, Lift, Swimming Pool, Children's Play Area, Gymnasium",39678.0,54147.0,39493783.0,0.06,2369627.0,30000.0,65342.0,1.99,1,1
100083,Mumbai,Bandra West,400050,premium,0.74,2,893.0,0,Prestige Group,0.92,Tier1,1,PMHA70892,3,"24/7 Security, Power Backup, Jogging Track",30983.0,38989.0,34816262.0,0.06,2088976.0,30000.0,38121.0,1.31,0,0
100084,Mumbai,Bandra West,400050,premium,0.54,1,459.6,5,Brigade Group,0.88,Tier1,1,PMHA53147,10,"24/7 Security, Swimming Pool, Visitor Parking, Landscaped Garden, Lift, Children's Play Area, Gymnasium, CCTV, Jogging Track, Power Backup",33741.0,50686.0,23295281.0,0.06,1397717.0,30000.0,35828.0,1.85,0,1
100085,Mumbai,Bandra West,400050,premium,0.77,2,698.6,21,Sobha Ltd,0.91,Tier1,1,PMHA20670,5,"Swimming Pool, Power Backup, Gymnasium, Landscaped Garden, Clubhouse",31838.0,41755.0,29169335.0,0.06,1750160.0,30000.0,47354.0,1.95,1,0
100086,Mumbai,Bandra West,400050,premium,0.78,3,1079.5,24,Oberoi Realty,0.9,Tier1,1,PMHA14548,11,"Visitor Parking, Indoor Games Room, 24/7 Security, Clubhouse, CCTV, Children's Play Area, Lift, Power Backup, Swimming Pool, Landscaped Garden, Gymnasium",31187.0,41963.0,45300360.0,0.06,2718022.0,30000.0,70601.0,1.87,0,1
100087,Mumbai,Bandra West,400050,premium,0.59,3,992.2,15,Prestige Group,0.92,Tier1,1,PMHA96489,12,"Gymnasium, Landscaped Garden, Swimming Pool, Children's Play Area, Visitor Parking, Power Backup, Lift, 24/7 Security, Clubhouse, Indoor Games Room, Jogging Track, CCTV",39016.0,57677.0,57228389.0,0.06,3433703.0,30000.0,82282.0,1.73,1,1
100088,Mumbai,Bandra West,400050,premium,0.64,1,417.4,11,Local Developer Co,0.55,Tier3,0,,5,"Power Backup, Lift, Gymnasium, Children's Play Area, Swimming Pool",40369.0,49845.0,20806530.0,0.06,1248392.0,30000.0,30610.0,1.77,0,0
100089,Mumbai,Bandra West,400050,premium,0.63,3,1189.1,21,Lodha Group,0.95,Tier1,1,PMHA88055,3,"Power Backup, Visitor Parking, Children's Play Area",41232.0,55648.0,66170204.0,0.06,3970212.0,30000.0,80814.0,1.47,1,0
100090,Mumbai,Bandra West,400050,premium,0.52,4,1598.7,6,Godrej Properties,0.93,Tier1,1,PMHA67199,6,"Lift, Swimming Pool, Landscaped Garden, Indoor Games Room, 24/7 Security, Jogging Track",37940.0,53396.0,85364743.0,0.06,5121885.0,30000.0,124780.0,1.75,0,1
100091,Mumbai,Bandra West,400050,premium,0.38,1,520.6,10,Regional Builders Ltd,0.5,Tier3,0,,4,"Children's Play Area, Clubhouse, Swimming Pool, Indoor Games Room",30965.0,36010.0,18748171.0,0.06,1124890.0,30000.0,28847.0,1.85,1,0
100092,Mumbai,Bandra West,400050,premium,0.73,3,1335.4,6,Local Developer Co,0.55,Tier3,1,PMHA16140,4,"Visitor Parking, Indoor Games Room, Children's Play Area, Lift",32845.0,40446.0,54010667.0,0.06,3240640.0,30000.0,79984.0,1.78,1,0
100093,Mumbai,Bandra West,400050,premium,0.41,2,716.7,11,Godrej Properties,0.93,Tier1,1,PMHA36551,12,"Visitor Parking, Landscaped Garden, Clubhouse, Gymnasium, 24/7 Security, CCTV, Lift, Jogging Track, Power Backup, Children's Play Area, Swimming Pool, Indoor Games Room",40737.0,59733.0,42811443.0,0.06,2568687.0,30000.0,68427.0,1.92,1,1
100094,Mumbai,Bandra West,400050,premium,0.55,2,678.6,11,Puravankara,0.8,Tier2,1,PMHA93516,12,"Clubhouse, Swimming Pool, Jogging Track, CCTV, Lift, Power Backup, Children's Play Area, Gymnasium, Indoor Games Room, Landscaped Garden, 24/7 Security, Visitor Parking",36676.0,52321.0,35502595.0,0.06,2130156.0,30000.0,42513.0,1.44,1,1
100095,Mumbai,Bandra West,400050,premium,0.67,2,725.1,24,Godrej Properties,0.93,Tier1,1,PMHA94695,12,"Jogging Track, 24/7 Security, CCTV, Indoor Games Room, Power Backup, Clubhouse, Children's Play Area, Lift, Visitor Parking, Landscaped Garden, Gymnasium, Swimming Pool",30160.0,42844.0,31067396.0,0.06,1864044.0,30000.0,55226.0,2.13,1,1
100096,Mumbai,Bandra West,400050,premium,0.63,4,1724.6,15,Brigade Group,0.88,Tier1,1,PMHA93963,6,"Jogging Track, Power Backup, Swimming Pool, Gymnasium, CCTV, Children's Play Area",40040.0,53666.0,92551926.0,0.06,5553116.0,30000.0,148237.0,1.92,1,1
100097,Mumbai,Bandra West,400050,premium,0.7,3,1092.4,5,Kolte-Patil,0.82,Tier2,1,PMHA82695,6,"Jogging Track, Gymnasium, Lift, Indoor Games Room, Landscaped Garden, Swimming Pool",38488.0,53186.0,58098891.0,0.06,3485933.0,30000.0,88367.0,1.83,0,1
100098,Mumbai,Bandra West,400050,premium,0.54,2,671.5,3,Runwal Group,0.78,Tier2,1,PMHA11955,3,"Visitor Parking, Indoor Games Room, Swimming Pool",36144.0,46302.0,31093556.0,0.06,1865613.0,30000.0,53627.0,2.07,0,0
100099,Mumbai,Bandra West,400050,premium,0.37,2,655.5,1,Lodha Group,0.95,Tier1,1,PMHA82743,9,"CCTV, Visitor Parking, Clubhouse, Power Backup, Children's Play Area, Lift, Jogging Track, 24/7 Security, Swimming Pool",30839.0,44598.0,29235079.0,0.06,1754105.0,30000.0,47505.0,1.95,1,1
100100,Mumbai,Bandra West,400050,premium,0.48,4,1508.4,21,Local Developer Co,0.55,Tier3,1,PMHA52751,9,"Visitor Parking, CCTV, Landscaped Garden, Power Backup, 24/7 Security, Swimming Pool, Indoor Games Room, Jogging Track, Clubhouse",29439.0,34525.0,52079267.0,0.06,3124756.0,30000.0,87183.0,2.01,1,1
100101,Mumbai,Bandra West,400050,premium,0.47,2,869.9,12,Runwal Group,0.78,Tier2,1,PMHA16003,11,"Lift, Jogging Track, 24/7 Security, Children's Play Area, Gymnasium, Swimming Pool, Landscaped Garden, Power Backup, Clubhouse, Visitor Parking, CCTV",29094.0,37444.0,32574247.0,0.06,1954455.0,30000.0,48837.0,1.8,1,1
100102,Mumbai,Bandra West,400050,premium,0.9,2,946.2,16,Regional Builders Ltd,0.5,Tier3,1,PMHA87359,4,"Lift, Indoor Games Room, CCTV, Gymnasium",31013.0,33160.0,31375826.0,0.06,1882550.0,30000.0,43984.0,1.68,1,0
100103,Mumbai,Bandra West,400050,premium,0.64,1,530.5,16,Puravankara,0.8,Tier2,1,PMHA56031,6,"Power Backup, Landscaped Garden, Children's Play Area, 24/7 Security, Visitor Parking, Clubhouse",31992.0,39019.0,20698442.0,0.06,1241907.0,30000.0,34864.0,2.02,0,1
100104,Mumbai,Bandra West,400050,premium,0.63,2,768.2,21,Puravankara,0.8,Tier2,1,PMHA47291,8,"Landscaped Garden, Clubhouse, Swimming Pool, Gymnasium, CCTV, Children's Play Area, Indoor Games Room, Power Backup",34175.0,41627.0,31978444.0,0.06,1918707.0,30000.0,48701.0,1.83,0,1
100105,Mumbai,Bandra West,400050,premium,0.5,3,1234.6,15,Oberoi Realty,0.9,Tier1,1,PMHA76421,4,"CCTV, Indoor Games Room, Clubhouse, Lift",33898.0,47548.0,58700948.0,0.06,3522057.0,30000.0,87416.0,1.79,1,0
100106,Mumbai,Bandra West,400050,premium,0.5,3,1390.1,0,Runwal Group,0.78,Tier2,1,PMHA40265,3,"Gymnasium, Clubhouse, CCTV",30054.0,39936.0,55515999.0,0.06,3330960.0,30000.0,87576.0,1.89,1,0
100107,Mumbai,Bandra West,400050,premium,0.53,3,1085.6,9,Godrej Properties,0.93,Tier1,1,PMHA75729,8,"CCTV, Landscaped Garden, Power Backup, Lift, Indoor Games Room, Jogging Track, Gymnasium, 24/7 Security",41021.0,58640.0,63661420.0,0.06,3819685.0,30000.0,110570.0,2.08,0,1
100108,Mumbai,Bandra West,400050,premium,0.53,4,1586.8,23,Brigade Group,0.88,Tier1,1,PMHA33712,8,"Gymnasium, Lift, Visitor Parking, Indoor Games Room, 24/7 Security, Jogging Track, Swimming Pool, Power Backup",37447.0,48734.0,77329384.0,0.06,4639763.0,30000.0,131832.0,2.05,1,1
100109,Mumbai,Bandra West,400050,premium,0.59,1,398.4,6,Prestige Group,0.92,Tier1,1,PMHA47427,10,"Indoor Games Room, Landscaped Garden, Swimming Pool, Visitor Parking, Gymnasium, Jogging Track, Power Backup, 24/7 Security, Children's Play Area, CCTV",37945.0,55079.0,21943798.0,0.06,1316628.0,30000.0,28865.0,1.58,0,1
100110,Mumbai,Bandra West,400050,premium,0.61,3,1298.3,18,Sobha Ltd,0.91,Tier1,1,PMHA39512,6,"Clubhouse, Children's Play Area, Jogging Track, Gymnasium, Visitor Parking, Landscaped Garden",32746.0,42428.0,55083239.0,0.06,3304994.0,30000.0,96611.0,2.1,1,1
100111,Mumbai,Bandra West,400050,premium,0.63,3,1309.7,2,Local Developer Co,0.55,Tier3,1,PMHA54353,3,"Landscaped Garden, CCTV, 24/7 Security",32318.0,37351.0,48916221.0,0.06,2934973.0,30000.0,69317.0,1.7,1,0
100112,Mumbai,Bandra West,400050,premium,0.66,2,775.3,1,Puravankara,0.8,Tier2,1,PMHA50338,7,"Clubhouse, Swimming Pool, Children's Play Area, Lift, Jogging Track, Landscaped Garden, Power Backup",28594.0,44991.0,34882625.0,0.06,2092958.0,30000.0,51424.0,1.77,1,1
100113,Mumbai,Bandra West,400050,premium,0.71,3,1219.0,0,Godrej Properties,0.93,Tier1,1,PMHA70252,12,"24/7 Security, Lift, Power Backup, Children's Play Area, Clubhouse, Swimming Pool, CCTV, Jogging Track, Landscaped Garden, Visitor Parking, Indoor Games Room, Gymnasium",31594.0,51069.0,62254650.0,0.06,3735279.0,30000.0,97746.0,1.88,0,1
100114,Mumbai,Bandra West,400050,premium,0.44,4,2163.2,12,Lodha Group,0.95,Tier1,1,PMHA33511,11,"Jogging Track, CCTV, Landscaped Garden, Indoor Games Room, Swimming Pool, 24/7 Security, Lift, Power Backup, Clubhouse, Visitor Parking, Gymnasium",41119.0,58753.0,127097049.0,0.06,7625823.0,30000.0,178709.0,1.69,1,1
100115,Mumbai,Bandra West,400050,premium,0.63,1,434.4,20,Kolte-Patil,0.82,Tier2,1,PMHA90852,11,"Visitor Parking, Children's Play Area, Swimming Pool, Gymnasium, Power Backup, Landscaped Garden, Jogging Track, Clubhouse, 24/7 Security, Indoor Games Room, Lift",30661.0,39324.0,17083289.0,0.06,1024997.0,30000.0,27180.0,1.91,0,1
100116,Mumbai,Bandra West,400050,premium,0.47,3,1264.2,22,Lodha Group,0.95,Tier1,1,PMHA37652,9,"Landscaped Garden, Swimming Pool, Clubhouse, Visitor Parking, CCTV, Jogging Track, Lift, 24/7 Security, Gymnasium",31667.0,44963.0,56844186.0,0.06,3410651.0,30000.0,111063.0,2.34,0,1
100117,Mumbai,Bandra West,400050,premium,0.64,3,1341.1,2,Lodha Group,0.95,Tier1,1,PMHA55690,3,"Lift, Landscaped Garden, CCTV",38521.0,54055.0,72491876.0,0.06,4349513.0,30000.0,147791.0,2.45,1,0
100118,Mumbai,Bandra West,400050,premium,0.36,2,862.5,4,Kolte-Patil,0.82,Tier2,1,PMHA90728,6,"24/7 Security, Jogging Track, CCTV, Swimming Pool, Lift, Gymnasium",30633.0,43143.0,37209059.0,0.06,2232544.0,30000.0,54104.0,1.74,0,1
100119,Mumbai,Bandra West,400050,premium,0.72,2,919.4,9,Regional Builders Ltd,0.5,Tier3,1,PMHA75653,6,"Landscaped Garden, Gymnasium, Indoor Games Room, Swimming Pool, 24/7 Security, Jogging Track",28068.0,33786.0,31064507.0,0.06,1863870.0,30000.0,52276.0,2.02,0,1
100120,Mumbai,Bandra West,400050,premium,0.64,2,822.1,24,Brigade Group,0.88,Tier1,1,PMHA84206,7,"Clubhouse, Indoor Games Room, Landscaped Garden, Power Backup, Children's Play Area, CCTV, Lift",38697.0,48296.0,39703543.0,0.06,2382213.0,30000.0,72004.0,2.18,1,1
100121,Mumbai,Andheri West,400058,mid-premium,0.69,1,384.0,11,Prestige Group,0.92,Tier1,1,PMHA88140,11,"Visitor Parking, Swimming Pool, Landscaped Garden, Children's Play Area, 24/7 Security, Lift, CCTV, Power Backup, Clubhouse, Gymnasium, Indoor Games Room",23518.0,35287.0,13551489.0,0.06,813089.0,30000.0,24875.0,2.2,1,1
100122,Mumbai,Andheri West,400058,mid-premium,0.59,3,1138.4,22,Kolte-Patil,0.82,Tier2,1,PMHA46092,4,"Landscaped Garden, 24/7 Security, Clubhouse, Visitor Parking",25913.0,30156.0,34328301.0,0.06,2059698.0,30000.0,73456.0,2.57,0,0
100123,Mumbai,Andheri West,400058,mid-premium,0.53,2,664.2,5,Local Developer Co,0.55,Tier3,0,,6,"Power Backup, 24/7 Security, Indoor Games Room, Landscaped Garden, CCTV, Swimming Pool",20007.0,26388.0,17526197.0,0.06,1051572.0,30000.0,41184.0,2.82,1,1
100124,Mumbai,Andheri West,400058,mid-premium,0.45,3,1351.6,13,Local Developer Co,0.55,Tier3,0,,6,"Jogging Track, CCTV, Landscaped Garden, Children's Play Area, Gymnasium, Swimming Pool",24049.0,25778.0,34842175.0,0.06,2090531.0,30000.0,71427.0,2.46,0,1
100125,Mumbai,Andheri West,400058,mid-premium,0.36,1,533.0,19,Oberoi Realty,0.9,Tier1,1,PMHA71369,12,"Gymnasium, CCTV, Children's Play Area, Landscaped Garden, Visitor Parking, Jogging Track, Lift, Power Backup, Clubhouse, Swimming Pool, 24/7 Security, Indoor Games Room",25456.0,36041.0,19211621.0,0.06,1152697.0,30000.0,37868.0,2.37,1,1
100126,Mumbai,Andheri West,400058,mid-premium,0.3,1,448.7,14,Oberoi Realty,0.9,Tier1,1,PMHA39021,12,"Lift, 24/7 Security, Children's Play Area, Power Backup, Gymnasium, CCTV, Visitor Parking, Clubhouse, Swimming Pool, Indoor Games Room, Landscaped Garden, Jogging Track",22689.0,34766.0,15600466.0,0.06,936028.0,30000.0,32663.0,2.51,1,1
100127,Mumbai,Andheri West,400058,mid-premium,0.33,3,1150.8,0,Lodha Group,0.95,Tier1,1,PMHA64557,10,"CCTV, Lift, Landscaped Garden, Swimming Pool, Indoor Games Room, Visitor Parking, Children's Play Area, Power Backup, 24/7 Security, Clubhouse",22300.0,34384.0,39569999.0,0.06,2374200.0,30000.0,99583.0,3.02,0,1
100128,Mumbai,Andheri West,400058,mid-premium,0.55,2,890.8,20,Puravankara,0.8,Tier2,1,PMHA24454,6,"Children's Play Area, 24/7 Security, Lift, Landscaped Garden, Power Backup, Gymnasium",19544.0,22923.0,20420114.0,0.06,1225207.0,30000.0,42722.0,2.51,1,1
100129,Mumbai,Andheri West,400058,mid-premium,0.2,3,1138.9,23,Puravankara,0.8,Tier2,1,PMHA56992,12,"Indoor Games Room, Power Backup, Children's Play Area, Gymnasium, Clubhouse, Visitor Parking, Swimming Pool, 24/7 Security, Lift, Jogging Track, Landscaped Garden, CCTV",25069.0,30323.0,34534195.0,0.06,2072052.0,30000.0,54571.0,1.9,0,1
100130,Mumbai,Andheri West,400058,mid-premium,0.27,3,1237.6,22,Regional Builders Ltd,0.5,Tier3,0,,8,"Clubhouse, Lift, Children's Play Area, Jogging Track, Swimming Pool, Indoor Games Room, Visitor Parking, Gymnasium",19814.0,22586.0,27953111.0,0.06,1677187.0,30000.0,72832.0,3.13,1,1
100131,Mumbai,Andheri West,400058,mid-premium,0.55,3,1377.5,13,Sobha Ltd,0.91,Tier1,1,PMHA11115,11,"24/7 Security, CCTV, Gymnasium, Children's Play Area, Lift, Clubhouse, Power Backup, Visitor Parking, Swimming Pool, Jogging Track, Landscaped Garden",21018.0,31328.0,43154234.0,0.06,2589254.0,30000.0,89889.0,2.5,0,1
100132,Mumbai,Andheri West,400058,mid-premium,0.37,3,1195.3,0,Puravankara,0.8,Tier2,1,PMHA65367,9,"Children's Play Area, 24/7 Security, Jogging Track, CCTV, Power Backup, Swimming Pool, Indoor Games Room, Visitor Parking, Clubhouse",22941.0,33516.0,40062502.0,0.06,2403750.0,30000.0,103926.0,3.11,1,1
100133,Mumbai,Andheri West,400058,mid-premium,0.49,3,1006.0,18,Puravankara,0.8,Tier2,1,PMHA27516,6,"CCTV, Visitor Parking, Gymnasium, Children's Play Area, Jogging Track, Clubhouse",18614.0,21386.0,21514251.0,0.06,1290855.0,30000.0,47435.0,2.65,1,1
100134,Mumbai,Andheri West,400058,mid-premium,0.62,4,1689.8,8,Regional Builders Ltd,0.5,Tier3,1,PMHA57013,7,"Children's Play Area, Jogging Track, Landscaped Garden, Clubhouse, 24/7 Security, Indoor Games Room, Swimming Pool",21290.0,23745.0,40123985.0,0.06,2407439.0,30000.0,91477.0,2.74,1,1
100135,Mumbai,Andheri West,400058,mid-premium,0.55,3,1159.0,22,Sobha Ltd,0.91,Tier1,1,PMHA88972,12,"Indoor Games Room, Landscaped Garden, Power Backup, Visitor Parking, CCTV, Lift, Swimming Pool, 24/7 Security, Gymnasium, Clubhouse, Children's Play Area, Jogging Track",25217.0,37399.0,43344487.0,0.06,2600669.0,30000.0,72369.0,2.0,1,1
100136,Mumbai,Andheri West,400058,mid-premium,0.11,3,1316.3,1,Sobha Ltd,0.91,Tier1,1,PMHA87662,5,"Visitor Parking, Lift, Gymnasium, Children's Play Area, Indoor Games Room",22599.0,33833.0,44533649.0,0.06,2672019.0,30000.0,93326.0,2.51,0,0
100137,Mumbai,Andheri West,400058,mid-premium,0.3,2,824.6,11,Brigade Group,0.88,Tier1,1,PMHA38344,11,"CCTV, Indoor Games Room, Jogging Track, Gymnasium, Visitor Parking, Children's Play Area, 24/7 Security, Power Backup, Swimming Pool, Lift, Landscaped Garden",19806.0,27754.0,22886287.0,0.06,1373177.0,30000.0,58416.0,3.06,1,1
100138,Mumbai,Andheri West,400058,mid-premium,0.58,2,726.5,9,Sobha Ltd,0.91,Tier1,1,PMHA23814,3,"24/7 Security, Lift, Children's Play Area",24829.0,32112.0,23330855.0,0.06,1399851.0,30000.0,55529.0,2.86,0,0
100139,Mumbai,Andheri West,400058,mid-premium,0.44,2,691.8,24,Brigade Group,0.88,Tier1,1,PMHA94237,11,"Clubhouse, Jogging Track, 24/7 Security, Landscaped Garden, Swimming Pool, Lift, Gymnasium, Children's Play Area, CCTV, Indoor Games Room, Power Backup",21146.0,28218.0,19522478.0,0.06,1171349.0,30000.0,35232.0,2.17,1,1
100140,Mumbai,Andheri West,400058,mid-premium,0.13,3,1157.0,1,Regional Builders Ltd,0.5,Tier3,1,PMHA82669,9,"Indoor Games Room, CCTV, 24/7 Security, Swimming Pool, Lift, Visitor Parking, Children's Play Area, Power Backup, Gymnasium",22098.0,32091.0,37129568.0,0.06,2227774.0,30000.0,80555.0,2.6,1,1
100141,Mumbai,Andheri West,400058,mid-premium,0.27,4,1971.9,2,Oberoi Realty,0.9,Tier1,1,PMHA29181,10,"Visitor Parking, Lift, Power Backup, Jogging Track, 24/7 Security, Landscaped Garden, Swimming Pool, CCTV, Gymnasium, Indoor Games Room",19400.0,29794.0,58750131.0,0.06,3525008.0,30000.0,125201.0,2.56,0,1
100142,Mumbai,Andheri West,400058,mid-premium,0.24,1,508.2,2,Lodha Group,0.95,Tier1,1,PMHA16520,8,"Power Backup, Visitor Parking, CCTV, Clubhouse, Landscaped Garden, Jogging Track, Children's Play Area, Indoor Games Room",20526.0,30906.0,15706077.0,0.06,942365.0,30000.0,36854.0,2.82,1,1
100143,Mumbai,Andheri West,400058,mid-premium,0.34,3,1394.8,9,Prestige Group,0.92,Tier1,1,PMHA38283,5,"Visitor Parking, Power Backup, Lift, Indoor Games Room, Gymnasium",20811.0,27352.0,38149917.0,0.06,2288995.0,30000.0,75974.0,2.39,1,0
100144,Mumbai,Andheri West,400058,mid-premium,0.46,1,421.6,22,Sobha Ltd,0.91,Tier1,1,PMHA99839,3,"Jogging Track, Clubhouse, Power Backup",24163.0,28428.0,11985357.0,0.06,719121.0,30000.0,26966.0,2.7,0,0
100145,Mumbai,Andheri West,400058,mid-premium,0.13,1,542.5,16,Godrej Properties,0.93,Tier1,1,PMHA56922,5,"Gymnasium, 24/7 Security, Power Backup, Jogging Track, Swimming Pool",22469.0,28179.0,15287232.0,0.06,917234.0,30000.0,27038.0,2.12,0,0
100146,Mumbai,Andheri West,400058,mid-premium,0.56,2,886.1,18,Kolte-Patil,0.82,Tier2,1,PMHA51651,5,"Children's Play Area, Power Backup, Visitor Parking, CCTV, Lift",21610.0,25801.0,22861850.0,0.06,1371711.0,30000.0,49542.0,2.6,0,0
100147,Mumbai,Andheri West,400058,mid-premium,0.3,3,1156.1,23,Prestige Group,0.92,Tier1,1,PMHA74705,6,"Landscaped Garden, Jogging Track, CCTV, Indoor Games Room, Children's Play Area, Gymnasium",24140.0,29743.0,34385021.0,0.06,2063101.0,30000.0,75342.0,2.63,1,1
100148,Mumbai,Andheri West,400058,mid-premium,0.18,2,715.0,8,Local Developer Co,0.55,Tier3,1,PMHA46939,5,"Visitor Parking, Clubhouse, Lift, Gymnasium, Indoor Games Room",18991.0,23185.0,16578433.0,0.06,994706.0,30000.0,30199.0,2.19,1,0
100149,Mumbai,Andheri West,400058,mid-premium,0.38,3,1388.5,15,Oberoi Realty,0.9,Tier1,1,PMHA52259,8,"Jogging Track, Indoor Games Room, Gymnasium, Clubhouse, Landscaped Garden, 24/7 Security, Swimming Pool, CCTV",20633.0,26614.0,36954286.0,0.06,2217257.0,30000.0,79985.0,2.6,1,1
100150,Mumbai,Andheri West,400058,mid-premium,0.28,1,470.7,20,Brigade Group,0.88,Tier1,1,PMHA99735,7,"Gymnasium, Visitor Parking, CCTV, Clubhouse, Jogging Track, Power Backup, 24/7 Security",19194.0,26315.0,12385600.0,0.06,743136.0,30000.0,25776.0,2.5,1,1
100151,Mumbai,Andheri West,400058,mid-premium,0.49,3,1217.4,17,Prestige Group,0.92,Tier1,1,PMHA88625,4,"Landscaped Garden, Clubhouse, Power Backup, Swimming Pool",18060.0,24376.0,29676698.0,0.06,1780602.0,30000.0,59992.0,2.43,1,0
100152,Mumbai,Andheri West,400058,mid-premium,0.39,2,694.4,21,Puravankara,0.8,Tier2,1,PMHA17729,12,"Jogging Track, CCTV, Power Backup, Clubhouse, 24/7 Security, Visitor Parking, Gymnasium, Swimming Pool, Landscaped Garden, Indoor Games Room, Children's Play Area, Lift",20573.0,26763.0,18584099.0,0.06,1115046.0,30000.0,39780.0,2.57,0,1
100153,Mumbai,Andheri West,400058,mid-premium,0.68,2,688.5,10,Godrej Properties,0.93,Tier1,1,PMHA81752,9,"Gymnasium, Lift, Power Backup, Landscaped Garden, Children's Play Area, Jogging Track, Swimming Pool, Clubhouse, 24/7 Security",25312.0,37385.0,25738207.0,0.06,1544292.0,30000.0,47315.0,2.21,1,1
100154,Mumbai,Andheri West,400058,mid-premium,0.56,2,818.9,3,Local Developer Co,0.55,Tier3,0,,10,"Clubhouse, Visitor Parking, Children's Play Area, Power Backup, Indoor Games Room, Swimming Pool, Jogging Track, Gymnasium, Landscaped Garden, 24/7 Security",22909.0,32830.0,26884241.0,0.06,1613054.0,30000.0,64327.0,2.87,1,1
100155,Mumbai,Andheri West,400058,mid-premium,0.08,2,934.4,17,Prestige Group,0.92,Tier1,1,PMHA35268,10,"Jogging Track, Clubhouse, Landscaped Garden, Lift, Power Backup, Children's Play Area, Indoor Games Room, Swimming Pool, Visitor Parking, CCTV",19959.0,27397.0,25601071.0,0.06,1536064.0,30000.0,29731.0,1.39,1,1
100156,Mumbai,Andheri West,400058,mid-premium,0.4,2,945.6,22,Brigade Group,0.88,Tier1,1,PMHA22715,6,"Landscaped Garden, Swimming Pool, Power Backup, Clubhouse, Indoor Games Room, Lift",20513.0,26819.0,25360369.0,0.06,1521622.0,30000.0,50270.0,2.38,1,1
100157,Mumbai,Andheri West,400058,mid-premium,0.64,1,490.2,22,Lodha Group,0.95,Tier1,1,PMHA50047,7,"24/7 Security, Swimming Pool, Gymnasium, Visitor Parking, Landscaped Garden, Children's Play Area, CCTV",24118.0,33313.0,16331153.0,0.06,979869.0,30000.0,33808.0,2.48,0,1
100158,Mumbai,Andheri West,400058,mid-premium,0.17,2,869.5,13,Runwal Group,0.78,Tier2,1,PMHA49770,4,"Children's Play Area, CCTV, Gymnasium, Swimming Pool",22782.0,29207.0,25394725.0,0.06,1523684.0,30000.0,67433.0,3.19,1,0
100159,Mumbai,Andheri West,400058,mid-premium,0.46,3,1362.2,11,Regional Builders Ltd,0.5,Tier3,1,PMHA17869,9,"Lift, 24/7 Security, Children's Play Area, Indoor Games Room, Swimming Pool, Power Backup, Visitor Parking, Gymnasium, Landscaped Garden",20700.0,24590.0,33496943.0,0.06,2009817.0,30000.0,83756.0,3.0,0,1
100160,Mumbai,Andheri West,400058,mid-premium,0.39,3,1099.2,10,Kolte-Patil,0.82,Tier2,1,PMHA33191,4,"Landscaped Garden, CCTV, Gymnasium, Swimming Pool",21122.0,27642.0,30382664.0,0.06,1822960.0,30000.0,62174.0,2.46,1,0
100161,Mumbai,Andheri West,400058,mid-premium,0.23,2,707.1,8,Prestige Group,0.92,Tier1,1,PMHA10420,7,"Visitor Parking, Lift, Gymnasium, Swimming Pool, CCTV, Landscaped Garden, Jogging Track",23252.0,32501.0,22982571.0,0.06,1378954.0,30000.0,42509.0,2.22,1,1
100162,Mumbai,Andheri West,400058,mid-premium,0.4,4,2014.6,1,Oberoi Realty,0.9,Tier1,1,PMHA18848,9,"24/7 Security, Power Backup, Children's Play Area, Swimming Pool, Landscaped Garden, Jogging Track, Indoor Games Room, Visitor Parking, Clubhouse",25209.0,40434.0,81456406.0,0.06,4887384.0,30000.0,139639.0,2.06,1,1
100163,Mumbai,Andheri West,400058,mid-premium,0.3,4,1599.8,1,Puravankara,0.8,Tier2,1,PMHA82649,4,"24/7 Security, Swimming Pool, Indoor Games Room, Children's Play Area",20831.0,29344.0,46944363.0,0.06,2816662.0,30000.0,113264.0,2.9,0,0
100164,Mumbai,Andheri West,400058,mid-premium,0.44,4,1540.4,24,Oberoi Realty,0.9,Tier1,1,PMHA16897,11,"Visitor Parking, CCTV, 24/7 Security, Landscaped Garden, Indoor Games Room, Children's Play Area, Power Backup, Lift, Clubhouse, Swimming Pool, Jogging Track",19508.0,28316.0,43618109.0,0.06,2617087.0,30000.0,98570.0,2.71,0,1
100165,Mumbai,Andheri West,400058,mid-premium,0.29,2,678.2,16,Lodha Group,0.95,Tier1,1,PMHA64690,3,"Power Backup, Gymnasium, 24/7 Security",19560.0,24374.0,16531445.0,0.06,991887.0,30000.0,35338.0,2.57,1,0
100166,Mumbai,Andheri West,400058,mid-premium,0.53,1,507.1,14,Local Developer Co,0.55,Tier3,0,,7,"Swimming Pool, Landscaped Garden, Indoor Games Room, CCTV, Visitor Parking, Clubhouse, Lift",25426.0,30327.0,15380356.0,0.06,922821.0,30000.0,32670.0,2.55,1,1
100167,Mumbai,Andheri West,400058,mid-premium,0.26,1,542.2,16,Prestige Group,0.92,Tier1,1,PMHA22510,10,"Landscaped Garden, Lift, Indoor Games Room, Visitor Parking, Children's Play Area, 24/7 Security, CCTV, Gymnasium, Jogging Track, Swimming Pool",23564.0,31602.0,17134361.0,0.06,1028062.0,30000.0,30730.0,2.15,0,1
100168,Mumbai,Andheri West,400058,mid-premium,0.19,2,661.2,20,Local Developer Co,0.55,Tier3,0,,5,"Indoor Games Room, Visitor Parking, 24/7 Security, Children's Play Area, Power Backup",22450.0,26042.0,17218515.0,0.06,1033111.0,30000.0,38398.0,2.68,1,0
100169,Mumbai,Andheri West,400058,mid-premium,0.57,3,1266.9,23,Sobha Ltd,0.91,Tier1,1,PMHA11298,7,"Indoor Games Room, Visitor Parking, 24/7 Security, Gymnasium, Jogging Track, Clubhouse, Landscaped Garden",18574.0,24904.0,31550317.0,0.06,1893019.0,30000.0,59880.0,2.28,0,1
100170,Mumbai,Andheri West,400058,mid-premium,0.74,3,990.6,11,Oberoi Realty,0.9,Tier1,1,PMHA13024,3,"Swimming Pool, Indoor Games Room, Gymnasium",23317.0,27732.0,27470718.0,0.06,1648243.0,30000.0,66005.0,2.88,1,0
100171,Mumbai,Andheri West,400058,mid-premium,0.51,1,481.9,1,Sobha Ltd,0.91,Tier1,1,PMHA43308,10,"Landscaped Garden, Children's Play Area, Lift, Swimming Pool, 24/7 Security, Gymnasium, CCTV, Visitor Parking, Jogging Track, Clubhouse",25730.0,40654.0,19592625.0,0.06,1175558.0,30000.0,46352.0,2.84,0,1
100172,Mumbai,Andheri West,400058,mid-premium,0.54,3,1132.9,17,Local Developer Co,0.55,Tier3,0,,4,"Lift, Landscaped Garden, Children's Play Area, Clubhouse",23900.0,26953.0,30535492.0,0.06,1832129.0,30000.0,46769.0,1.84,0,0
100173,Mumbai,Andheri West,400058,mid-premium,0.37,3,1176.3,20,Lodha Group,0.95,Tier1,1,PMHA31840,7,"Landscaped Garden, Children's Play Area, Gymnasium, Lift, 24/7 Security, Swimming Pool, Power Backup",18210.0,25094.0,29519424.0,0.06,1771165.0,30000.0,55829.0,2.27,0,1
100174,Mumbai,Andheri West,400058,mid-premium,0.2,3,1250.1,8,Runwal Group,0.78,Tier2,1,PMHA90512,3,"Gymnasium, Clubhouse, Children's Play Area",18929.0,22894.0,28620911.0,0.06,1717255.0,30000.0,66869.0,2.8,0,0
100175,Mumbai,Andheri West,400058,mid-premium,0.86,2,777.3,13,Kolte-Patil,0.82,Tier2,1,PMHA72463,6,"CCTV, Children's Play Area, Landscaped Garden, Jogging Track, Swimming Pool, Clubhouse",20643.0,28085.0,21830520.0,0.06,1309831.0,30000.0,50763.0,2.79,1,1
100176,Mumbai,Andheri West,400058,mid-premium,0.16,1,498.8,6,Oberoi Realty,0.9,Tier1,1,PMHA56572,5,"Landscaped Garden, Jogging Track, Power Backup, CCTV, Indoor Games Room",22455.0,32359.0,16139422.0,0.06,968365.0,30000.0,36442.0,2.71,1,0
100177,Mumbai,Andheri West,400058,mid-premium,0.35,1,492.0,11,Local Developer Co,0.55,Tier3,1,PMHA16194,7,"Children's Play Area, Landscaped Garden, CCTV, Visitor Parking, Power Backup, Clubhouse, Lift",23184.0,27217.0,13390653.0,0.06,803439.0,30000.0,19514.0,1.75,0,1
100178,Mumbai,Andheri West,400058,mid-premium,0.06,4,1730.1,13,Sobha Ltd,0.91,Tier1,1,PMHA35499,11,"Jogging Track, Indoor Games Room, Swimming Pool, Landscaped Garden, 24/7 Security, Children's Play Area, Lift, Gymnasium, Visitor Parking, CCTV, Clubhouse",24802.0,36271.0,62754464.0,0.06,3765268.0,30000.0,124339.0,2.38,0,1
100179,Mumbai,Andheri West,400058,mid-premium,0.39,4,1514.3,1,Lodha Group,0.95,Tier1,1,PMHA13638,11,"Gymnasium, Children's Play Area, 24/7 Security, Landscaped Garden, Lift, Jogging Track, Visitor Parking, Power Backup, Clubhouse, CCTV, Indoor Games Room",19503.0,33717.0,51057327.0,0.06,3063440.0,30000.0,90730.0,2.13,0,1
100180,Mumbai,Andheri West,400058,mid-premium,0.21,3,1203.9,10,Runwal Group,0.78,Tier2,1,PMHA18276,10,"Clubhouse, Landscaped Garden, CCTV, Gymnasium, Indoor Games Room, Swimming Pool, 24/7 Security, Visitor Parking, Children's Play Area, Lift",24011.0,35483.0,42719047.0,0.06,2563143.0,30000.0,63855.0,1.79,1,1
100181,Mumbai,Andheri West,400058,mid-premium,0.58,3,1272.7,8,Prestige Group,0.92,Tier1,1,PMHA70874,6,"Children's Play Area, Power Backup, Swimming Pool, 24/7 Security, Landscaped Garden, CCTV",23998.0,34643.0,44089883.0,0.06,2645393.0,30000.0,90187.0,2.45,0,1
100182,Mumbai,Andheri West,400058,mid-premium,0.7,3,1194.5,22,Brigade Group,0.88,Tier1,1,PMHA97153,10,"Gymnasium, 24/7 Security, Children's Play Area, Indoor Games Room, Visitor Parking, Clubhouse, CCTV, Power Backup, Landscaped Garden, Lift",23159.0,30417.0,36332809.0,0.06,2179969.0,30000.0,95979.0,3.17,0,1
100183,Mumbai,Andheri West,400058,mid-premium,0.52,3,1216.5,4,Regional Builders Ltd,0.5,Tier3,0,,7,"Children's Play Area, Lift, Swimming Pool, CCTV, Indoor Games Room, Landscaped Garden, 24/7 Security",22048.0,26838.0,32648373.0,0.06,1958902.0,30000.0,62818.0,2.31,1,1
100184,Mumbai,Andheri West,400058,mid-premium,0.33,2,799.5,10,Godrej Properties,0.93,Tier1,1,PMHA39701,9,"24/7 Security, Visitor Parking, Swimming Pool, Landscaped Garden, Gymnasium, Power Backup, Indoor Games Room, CCTV, Lift",19802.0,30093.0,24058728.0,0.06,1443524.0,30000.0,48265.0,2.41,0,1
100185,Mumbai,Andheri West,400058,mid-premium,0.5,2,672.1,20,Oberoi Realty,0.9,Tier1,1,PMHA38895,11,"Lift, Swimming Pool, Children's Play Area, CCTV, 24/7 Security, Indoor Games Room, Jogging Track, Visitor Parking, Landscaped Garden, Clubhouse, Gymnasium",25787.0,35169.0,23637277.0,0.06,1418237.0,30000.0,57692.0,2.93,1,1
100186,Mumbai,Andheri West,400058,mid-premium,0.35,4,1850.8,24,Godrej Properties,0.93,Tier1,1,PMHA53578,10,"CCTV, Swimming Pool, Power Backup, Visitor Parking, Landscaped Garden, Clubhouse, 24/7 Security, Indoor Games Room, Jogging Track, Gymnasium",21124.0,27105.0,50166670.0,0.06,3010000.0,30000.0,101008.0,2.42,0,1
100187,Mumbai,Andheri West,400058,mid-premium,0.53,3,1094.3,15,Prestige Group,0.92,Tier1,1,PMHA32667,5,"Power Backup, 24/7 Security, Children's Play Area, Gymnasium, Landscaped Garden",19592.0,26543.0,29045446.0,0.06,1742727.0,30000.0,54848.0,2.27,1,0
100188,Mumbai,Andheri West,400058,mid-premium,0.51,3,1190.5,17,Sobha Ltd,0.91,Tier1,1,PMHA60458,10,"Clubhouse, 24/7 Security, Gymnasium, CCTV, Visitor Parking, Children's Play Area, Swimming Pool, Landscaped Garden, Jogging Track, Indoor Games Room",23348.0,33384.0,39742520.0,0.06,2384551.0,30000.0,68538.0,2.07,1,1
100189,Mumbai,Andheri West,400058,mid-premium,0.45,2,697.6,5,Lodha Group,0.95,Tier1,1,PMHA31313,6,"Children's Play Area, Landscaped Garden, Swimming Pool, Visitor Parking, Lift, Indoor Games Room",20800.0,28553.0,19917693.0,0.06,1195062.0,30000.0,27235.0,1.64,1,1
100190,Mumbai,Andheri West,400058,mid-premium,0.47,2,738.9,19,Brigade Group,0.88,Tier1,1,PMHA31642,5,"Gymnasium, Landscaped Garden, Children's Play Area, Visitor Parking, Swimming Pool",23436.0,31183.0,23040430.0,0.06,1382426.0,30000.0,59913.0,3.12,0,0
100191,Mumbai,Andheri West,400058,mid-premium,0.58,3,971.3,13,Local Developer Co,0.55,Tier3,0,,12,"Jogging Track, Indoor Games Room, Landscaped Garden, Gymnasium, Visitor Parking, Swimming Pool, Clubhouse, 24/7 Security, CCTV, Children's Play Area, Power Backup, Lift",23903.0,28898.0,28069262.0,0.06,1684156.0,30000.0,64201.0,2.74,0,1
100192,Mumbai,Andheri West,400058,mid-premium,0.38,4,2011.2,10,Puravankara,0.8,Tier2,1,PMHA39814,5,"Jogging Track, Lift, 24/7 Security, Visitor Parking, CCTV",19225.0,26360.0,53014173.0,0.06,3180850.0,30000.0,94493.0,2.14,1,0
100193,Mumbai,Andheri West,400058,mid-premium,0.44,4,2182.5,23,Runwal Group,0.78,Tier2,1,PMHA23380,7,"Visitor Parking, Indoor Games Room, Power Backup, Jogging Track, Landscaped Garden, Lift, 24/7 Security",24808.0,30421.0,66393427.0,0.06,3983606.0,30000.0,164424.0,2.97,1,1
100194,Mumbai,Andheri West,400058,mid-premium,0.4,3,1089.3,21,Oberoi Realty,0.9,Tier1,1,PMHA27006,3,"Landscaped Garden, Power Backup, Visitor Parking",19690.0,23260.0,25337113.0,0.06,1520227.0,30000.0,37314.0,1.77,1,0
100195,Mumbai,Andheri West,400058,mid-premium,0.42,1,422.3,8,Lodha Group,0.95,Tier1,1,PMHA53301,5,"Visitor Parking, Landscaped Garden, Clubhouse, Indoor Games Room, Gymnasium",20751.0,27422.0,11579682.0,0.06,694781.0,30000.0,25327.0,2.62,1,0
100196,Mumbai,Andheri West,400058,mid-premium,0.28,4,2172.2,13,Brigade Group,0.88,Tier1,1,PMHA71260,9,"Lift, Jogging Track, Gymnasium, Clubhouse, Power Backup, Visitor Parking, Children's Play Area, CCTV, Landscaped Garden",25690.0,34157.0,74193964.0,0.06,4451638.0,30000.0,130062.0,2.1,0,1
100197,Mumbai,Andheri West,400058,mid-premium,0.47,2,654.7,19,Godrej Properties,0.93,Tier1,1,PMHA84379,4,"Lift, Clubhouse, 24/7 Security, Swimming Pool",18186.0,23426.0,15336558.0,0.06,920193.0,30000.0,32948.0,2.58,1,0
100198,Mumbai,Andheri West,400058,mid-premium,0.33,2,778.3,20,Kolte-Patil,0.82,Tier2,1,PMHA94210,5,"Visitor Parking, CCTV, Power Backup, 24/7 Security, Swimming Pool",23037.0,27536.0,21432818.0,0.06,1285969.0,30000.0,43373.0,2.43,0,0
100199,Mumbai,Andheri West,400058,mid-premium,0.37,2,737.1,15,Local Developer Co,0.55,Tier3,1,PMHA35746,5,"Lift, Swimming Pool, Gymnasium, Visitor Parking, Landscaped Garden",23783.0,27354.0,20162636.0,0.06,1209758.0,30000.0,36079.0,2.15,1,0
100200,Mumbai,Andheri West,400058,mid-premium,0.58,3,1077.5,12,Oberoi Realty,0.9,Tier1,1,PMHA68735,3,"Power Backup, Clubhouse, Indoor Games Room",23142.0,30138.0,32473716.0,0.06,1948423.0,30000.0,64243.0,2.37,0,0
100201,Mumbai,Andheri West,400058,mid-premium,0.6,2,727.2,23,Sobha Ltd,0.91,Tier1,1,PMHA23013,7,"Children's Play Area, CCTV, Power Backup, Indoor Games Room, Clubhouse, 24/7 Security, Jogging Track",24434.0,28093.0,20429709.0,0.06,1225783.0,30000.0,34422.0,2.02,0,1
100202,Mumbai,Andheri West,400058,mid-premium,0.39,4,1527.5,14,Puravankara,0.8,Tier2,1,PMHA47107,5,"Clubhouse, CCTV, Landscaped Garden, Swimming Pool, Indoor Games Room",25992.0,31048.0,47426365.0,0.06,2845582.0,30000.0,108119.0,2.74,0,0
100203,Mumbai,Andheri West,400058,mid-premium,0.63,3,1250.8,20,Regional Builders Ltd,0.5,Tier3,1,PMHA74090,8,"Power Backup, Children's Play Area, Visitor Parking, 24/7 Security, Indoor Games Room, Lift, Jogging Track, Clubhouse",23307.0,27231.0,34061625.0,0.06,2043697.0,30000.0,70205.0,2.47,1,1
100204,Mumbai,Andheri West,400058,mid-premium,0.44,3,1340.1,6,Runwal Group,0.78,Tier2,1,PMHA87888,5,"Children's Play Area, Jogging Track, Swimming Pool, Indoor Games Room, CCTV",21796.0,27653.0,37056980.0,0.06,2223419.0,30000.0,91791.0,2.97,1,0
100205,Mumbai,Andheri West,400058,mid-premium,0.12,1,392.4,12,Regional Builders Ltd,0.5,Tier3,1,PMHA68688,8,"Clubhouse, Indoor Games Room, Jogging Track, Power Backup, Landscaped Garden, Swimming Pool, 24/7 Security, Children's Play Area",19111.0,23210.0,9107917.0,0.06,546475.0,30000.0,18494.0,2.44,0,1
100206,Mumbai,Andheri West,400058,mid-premium,0.21,4,1590.8,3,Local Developer Co,0.55,Tier3,1,PMHA36579,6,"Lift, 24/7 Security, Landscaped Garden, Visitor Parking, Swimming Pool, Power Backup",25006.0,31267.0,49739245.0,0.06,2984355.0,30000.0,79385.0,1.92,1,1
100207,Mumbai,Andheri West,400058,mid-premium,0.19,1,403.7,5,Puravankara,0.8,Tier2,1,PMHA26982,7,"Indoor Games Room, Swimming Pool, Landscaped Garden, 24/7 Security, Clubhouse, CCTV, Visitor Parking",19265.0,25695.0,10372861.0,0.06,622372.0,30000.0,16543.0,1.91,0,1
100208,Mumbai,Andheri West,400058,mid-premium,0.24,2,747.1,16,Brigade Group,0.88,Tier1,1,PMHA29811,4,"Jogging Track, Clubhouse, Landscaped Garden, 24/7 Security",18575.0,26033.0,19448845.0,0.06,1166931.0,30000.0,28558.0,1.76,1,0
100209,Mumbai,Andheri West,400058,mid-premium,0.29,3,1153.7,1,Godrej Properties,0.93,Tier1,1,PMHA95053,11,"Jogging Track, Lift, Visitor Parking, Children's Play Area, Clubhouse, CCTV, Indoor Games Room, Landscaped Garden, Power Backup, Swimming Pool, Gymnasium",20857.0,30457.0,35139307.0,0.06,2108358.0,30000.0,53479.0,1.83,0,1
100210,Mumbai,Andheri West,400058,mid-premium,0.39,3,1195.8,1,Runwal Group,0.78,Tier2,1,PMHA81681,5,"Lift, Power Backup, Indoor Games Room, Children's Play Area, Landscaped Garden",25219.0,35527.0,42481702.0,0.06,2548902.0,30000.0,102481.0,2.89,1,0
100211,Mumbai,Andheri West,400058,mid-premium,0.28,3,1332.3,16,Brigade Group,0.88,Tier1,1,PMHA56481,10,"Power Backup, Lift, Jogging Track, Clubhouse, Indoor Games Room, Gymnasium, CCTV, Landscaped Garden, Children's Play Area, 24/7 Security",21539.0,29207.0,38913501.0,0.06,2334810.0,30000.0,74721.0,2.3,1,1
100212,Mumbai,Andheri West,400058,mid-premium,0.28,2,775.9,20,Runwal Group,0.78,Tier2,1,PMHA24539,7,"Swimming Pool, Children's Play Area, Clubhouse, Visitor Parking, Indoor Games Room, Lift, Landscaped Garden",23629.0,28977.0,22483041.0,0.06,1348982.0,30000.0,34716.0,1.85,1,1
100213,Mumbai,Andheri West,400058,mid-premium,0.44,3,995.4,13,Brigade Group,0.88,Tier1,1,PMHA40130,5,"Power Backup, Gymnasium, 24/7 Security, Children's Play Area, Swimming Pool",20956.0,26302.0,26181810.0,0.06,1570909.0,30000.0,41426.0,1.9,0,0
100214,Mumbai,Andheri West,400058,mid-premium,0.35,4,2140.7,12,Godrej Properties,0.93,Tier1,1,PMHA65961,6,"Indoor Games Room, Jogging Track, Lift, Children's Play Area, Visitor Parking, CCTV",22729.0,32933.0,70501237.0,0.06,4230074.0,30000.0,163740.0,2.79,1,1
100215,Mumbai,Andheri West,400058,mid-premium,0.29,3,1398.4,23,Oberoi Realty,0.9,Tier1,1,PMHA38632,5,"Power Backup, CCTV, Indoor Games Room, Children's Play Area, 24/7 Security",24143.0,30303.0,42377237.0,0.06,2542634.0,30000.0,93159.0,2.64,1,0
100216,Mumbai,Andheri West,400058,mid-premium,0.41,1,465.5,15,Runwal Group,0.78,Tier2,1,PMHA66412,3,"Power Backup, Swimming Pool, Jogging Track",23849.0,27822.0,12951814.0,0.06,777109.0,30000.0,25139.0,2.33,1,0
100217,Mumbai,Andheri West,400058,mid-premium,0.56,2,781.4,10,Brigade Group,0.88,Tier1,1,PMHA15387,3,"CCTV, Clubhouse, Lift",20042.0,25417.0,19861218.0,0.06,1191673.0,30000.0,41344.0,2.5,1,0
100218,Mumbai,Andheri West,400058,mid-premium,0.41,4,2052.3,3,Puravankara,0.8,Tier2,1,PMHA57139,9,"Power Backup, Clubhouse, Children's Play Area, Visitor Parking, Gymnasium, 24/7 Security, Indoor Games Room, Swimming Pool, CCTV",19659.0,30089.0,61752959.0,0.06,3705178.0,30000.0,141221.0,2.74,1,1
100219,Mumbai,Andheri West,400058,mid-premium,0.52,1,402.8,20,Kolte-Patil,0.82,Tier2,1,PMHA79486,4,"Lift, 24/7 Security, Children's Play Area, Power Backup",23806.0,25960.0,10455826.0,0.06,627350.0,30000.0,22830.0,2.62,0,0
100220,Mumbai,Andheri West,400058,mid-premium,0.29,1,456.3,1,Regional Builders Ltd,0.5,Tier3,1,PMHA20573,9,"Jogging Track, 24/7 Security, CCTV, Power Backup, Visitor Parking, Landscaped Garden, Indoor Games Room, Swimming Pool, Clubhouse",22153.0,31289.0,14276888.0,0.06,856613.0,30000.0,25192.0,2.12,1,1
100221,Mumbai,Andheri West,400058,mid-premium,0.44,4,1547.0,13,Brigade Group,0.88,Tier1,1,PMHA27238,12,"Children's Play Area, Clubhouse, 24/7 Security, Indoor Games Room, Lift, Swimming Pool, CCTV, Jogging Track, Landscaped Garden, Visitor Parking, Power Backup, Gymnasium",18569.0,26957.0,41702473.0,0.06,2502148.0,30000.0,131419.0,3.78,1,1
100222,Mumbai,Andheri West,400058,mid-premium,0.2,2,706.0,20,Godrej Properties,0.93,Tier1,1,PMHA22124,7,"Jogging Track, 24/7 Security, CCTV, Power Backup, Gymnasium, Children's Play Area, Landscaped Garden",24625.0,33709.0,23799508.0,0.06,1427970.0,30000.0,51217.0,2.58,1,1
100223,Mumbai,Andheri West,400058,mid-premium,0.58,2,908.7,12,Kolte-Patil,0.82,Tier2,1,PMHA96324,10,"Lift, Jogging Track, Swimming Pool, CCTV, Gymnasium, Landscaped Garden, Children's Play Area, Power Backup, Indoor Games Room, 24/7 Security",20232.0,25376.0,23060279.0,0.06,1383617.0,30000.0,40081.0,2.09,0,1
100224,Mumbai,Andheri West,400058,mid-premium,0.28,1,480.3,1,Brigade Group,0.88,Tier1,1,PMHA21544,9,"Indoor Games Room, 24/7 Security, Landscaped Garden, Children's Play Area, Power Backup, Swimming Pool, CCTV, Lift, Clubhouse",20843.0,28079.0,13485941.0,0.06,809156.0,30000.0,28403.0,2.53,1,1
100225,Mumbai,Andheri West,400058,mid-premium,0.47,3,1066.4,7,Prestige Group,0.92,Tier1,1,PMHA99756,6,"Swimming Pool, Jogging Track, Clubhouse, 24/7 Security, Gymnasium, CCTV",23711.0,35161.0,37494503.0,0.06,2249670.0,30000.0,90106.0,2.88,1,1
100226,Mumbai,Andheri West,400058,mid-premium,0.5,1,460.6,23,Lodha Group,0.95,Tier1,1,PMHA63058,11,"Clubhouse, CCTV, Landscaped Garden, Visitor Parking, Jogging Track, Gymnasium, Power Backup, Children's Play Area, Lift, Indoor Games Room, Swimming Pool",21176.0,29349.0,13518030.0,0.06,811082.0,30000.0,26681.0,2.37,0,1
100227,Mumbai,Andheri West,400058,mid-premium,0.47,3,1324.5,24,Puravankara,0.8,Tier2,1,PMHA61168,3,"Gymnasium, Visitor Parking, 24/7 Security",18997.0,21284.0,28191602.0,0.06,1691496.0,30000.0,52310.0,2.23,1,0
100228,Mumbai,Andheri West,400058,mid-premium,0.57,3,1214.9,24,Lodha Group,0.95,Tier1,1,PMHA56452,6,"Jogging Track, Gymnasium, Children's Play Area, Lift, 24/7 Security, Landscaped Garden",25618.0,30728.0,37332515.0,0.06,2239951.0,30000.0,78929.0,2.54,1,1
100229,Mumbai,Andheri West,400058,mid-premium,0.38,3,1019.4,11,Regional Builders Ltd,0.5,Tier3,0,,8,"Landscaped Garden, 24/7 Security, Gymnasium, Visitor Parking, Jogging Track, Power Backup, Swimming Pool, Clubhouse",19325.0,23182.0,23632045.0,0.06,1417923.0,30000.0,41907.0,2.13,1,1
100230,Mumbai,Andheri West,400058,mid-premium,0.45,2,828.7,9,Lodha Group,0.95,Tier1,1,PMHA42340,8,"CCTV, Gymnasium, Children's Play Area, Swimming Pool, Lift, Indoor Games Room, Power Backup, Landscaped Garden",23227.0,33648.0,27882897.0,0.06,1672974.0,30000.0,75206.0,3.24,1,1
100231,Mumbai,Andheri West,400058,mid-premium,0.68,1,420.3,4,Local Developer Co,0.55,Tier3,0,,12,"Clubhouse, Jogging Track, Children's Play Area, Power Backup, Visitor Parking, Gymnasium, Indoor Games Room, Landscaped Garden, CCTV, 24/7 Security, Swimming Pool, Lift",19205.0,27858.0,11707649.0,0.06,702459.0,30000.0,16503.0,1.69,1,1
100232,Mumbai,Andheri West,400058,mid-premium,0.46,1,457.9,18,Brigade Group,0.88,Tier1,1,PMHA31265,6,"Clubhouse, Children's Play Area, Visitor Parking, Jogging Track, Gymnasium, Lift",24630.0,30067.0,13766886.0,0.06,826013.0,30000.0,17185.0,1.5,1,1
100233,Mumbai,Andheri West,400058,mid-premium,0.55,2,702.5,10,Lodha Group,0.95,Tier1,1,PMHA31204,6,"Jogging Track, 24/7 Security, Swimming Pool, Power Backup, Clubhouse, Children's Play Area",22224.0,29582.0,20780799.0,0.06,1246848.0,30000.0,26417.0,1.53,1,1
100234,Mumbai,Andheri West,400058,mid-premium,0.69,3,1386.6,22,Lodha Group,0.95,Tier1,1,PMHA68310,3,"24/7 Security, Landscaped Garden, Clubhouse",20229.0,23683.0,32837422.0,0.06,1970245.0,30000.0,51178.0,1.87,0,0
100235,Mumbai,Andheri West,400058,mid-premium,0.44,4,1835.2,21,Kolte-Patil,0.82,Tier2,1,PMHA26036,4,"Power Backup, Visitor Parking, Gymnasium, Indoor Games Room",24207.0,27427.0,50334735.0,0.06,3020084.0,30000.0,81175.0,1.94,0,0
100236,Mumbai,Andheri West,400058,mid-premium,0.45,1,399.4,15,Runwal Group,0.78,Tier2,1,PMHA65626,10,"Swimming Pool, Landscaped Garden, Power Backup, Indoor Games Room, Children's Play Area, Gymnasium, Lift, Jogging Track, Clubhouse, Visitor Parking",21640.0,28138.0,11238842.0,0.06,674331.0,30000.0,27108.0,2.89,1,1
100237,Mumbai,Andheri West,400058,mid-premium,0.52,1,493.3,12,Runwal Group,0.78,Tier2,1,PMHA46959,10,"Clubhouse, Landscaped Garden, Gymnasium, Power Backup, CCTV, 24/7 Security, Jogging Track, Lift, Indoor Games Room, Visitor Parking",24804.0,35838.0,17677115.0,0.06,1060627.0,30000.0,32862.0,2.23,1,1
100238,Mumbai,Andheri West,400058,mid-premium,0.43,3,1266.7,24,Oberoi Realty,0.9,Tier1,1,PMHA34738,10,"Landscaped Garden, Indoor Games Room, CCTV, Children's Play Area, Clubhouse, Power Backup, 24/7 Security, Gymnasium, Swimming Pool, Visitor Parking",20844.0,27166.0,34410253.0,0.06,2064615.0,30000.0,62217.0,2.17,1,1
100239,Mumbai,Andheri West,400058,mid-premium,0.53,4,1633.4,7,Prestige Group,0.92,Tier1,1,PMHA29066,3,"Power Backup, Indoor Games Room, Landscaped Garden",24040.0,30378.0,49621193.0,0.06,2977272.0,30000.0,128777.0,3.11,0,0
100240,Mumbai,Andheri West,400058,mid-premium,0.33,2,780.4,5,Puravankara,0.8,Tier2,1,PMHA81153,12,"Visitor Parking, Indoor Games Room, Jogging Track, Children's Play Area, Gymnasium, 24/7 Security, CCTV, Power Backup, Landscaped Garden, Swimming Pool, Lift, Clubhouse",23423.0,35830.0,27961460.0,0.06,1677688.0,30000.0,43125.0,1.85,1,1
100241,Mumbai,Powai,400076,mid-premium,1.16,2,814.8,7,Brigade Group,0.88,Tier1,1,PMHA72992,10,"Lift, Visitor Parking, CCTV, Children's Play Area, Indoor Games Room, Swimming Pool, Clubhouse, Jogging Track, 24/7 Security, Landscaped Garden",20562.0,31360.0,25551770.0,0.06,1533106.0,30000.0,49744.0,2.34,0,1
100242,Mumbai,Powai,400076,mid-premium,1.03,2,710.2,17,Prestige Group,0.92,Tier1,1,PMHA34961,11,"CCTV, Gymnasium, Clubhouse, Lift, Swimming Pool, Visitor Parking, 24/7 Security, Landscaped Garden, Children's Play Area, Power Backup, Jogging Track",20360.0,27433.0,19483102.0,0.06,1168986.0,30000.0,40919.0,2.52,1,1
100243,Mumbai,Powai,400076,mid-premium,1.3,3,987.4,2,Runwal Group,0.78,Tier2,1,PMHA37899,11,"Lift, Power Backup, Gymnasium, Children's Play Area, 24/7 Security, Swimming Pool, Clubhouse, Visitor Parking, Jogging Track, Indoor Games Room, CCTV",17506.0,27216.0,26873139.0,0.06,1612388.0,30000.0,42487.0,1.9,0,1
100244,Mumbai,Powai,400076,mid-premium,1.36,4,2016.0,1,Brigade Group,0.88,Tier1,1,PMHA87108,5,"Power Backup, Swimming Pool, Indoor Games Room, 24/7 Security, Clubhouse",16244.0,23000.0,46368507.0,0.06,2782110.0,30000.0,99502.0,2.58,1,0
100245,Mumbai,Powai,400076,mid-premium,1.24,3,1104.0,6,Runwal Group,0.78,Tier2,1,PMHA32010,7,"Landscaped Garden, Children's Play Area, CCTV, 24/7 Security, Jogging Track, Visitor Parking, Power Backup",19301.0,27435.0,30288908.0,0.06,1817335.0,30000.0,76186.0,3.02,0,1
100246,Mumbai,Powai,400076,mid-premium,1.5,3,981.6,11,Godrej Properties,0.93,Tier1,1,PMHA52320,10,"24/7 Security, Visitor Parking, Lift, Clubhouse, Jogging Track, Swimming Pool, Power Backup, Gymnasium, Children's Play Area, Landscaped Garden",18425.0,26109.0,25628067.0,0.06,1537684.0,30000.0,52090.0,2.44,1,1
100247,Mumbai,Powai,400076,mid-premium,1.32,3,1237.3,0,Brigade Group,0.88,Tier1,1,PMHA92450,4,"Children's Play Area, Gymnasium, Power Backup, Landscaped Garden",18215.0,25571.0,31638219.0,0.06,1898293.0,30000.0,57584.0,2.18,0,0
100248,Mumbai,Powai,400076,mid-premium,1.09,4,1852.6,10,Prestige Group,0.92,Tier1,1,PMHA62428,9,"24/7 Security, Gymnasium, Landscaped Garden, Swimming Pool, Visitor Parking, Lift, Indoor Games Room, Jogging Track, Clubhouse",19102.0,26167.0,48478056.0,0.06,2908683.0,30000.0,96006.0,2.38,0,1
100249,Mumbai,Powai,400076,mid-premium,1.08,2,742.6,5,Lodha Group,0.95,Tier1,1,PMHA61267,10,"Indoor Games Room, Visitor Parking, 24/7 Security, Gymnasium, Children's Play Area, Power Backup, Lift, Clubhouse, Landscaped Garden, Jogging Track",20612.0,32408.0,24065601.0,0.06,1443936.0,30000.0,62995.0,3.14,1,1
100250,Mumbai,Powai,400076,mid-premium,1.17,3,970.7,21,Kolte-Patil,0.82,Tier2,1,PMHA22321,9,"Power Backup, Indoor Games Room, Clubhouse, CCTV, Swimming Pool, Visitor Parking, Landscaped Garden, Gymnasium, Jogging Track",16958.0,20532.0,19930984.0,0.06,1195859.0,30000.0,29894.0,1.8,1,1
100251,Mumbai,Powai,400076,mid-premium,1.31,2,720.9,22,Brigade Group,0.88,Tier1,1,PMHA62110,4,"Jogging Track, Landscaped Garden, Gymnasium, Lift",19054.0,20711.0,14930884.0,0.06,895853.0,30000.0,31197.0,2.51,1,0
100252,Mumbai,Powai,400076,mid-premium,1.19,3,983.2,17,Kolte-Patil,0.82,Tier2,1,PMHA36570,7,"Landscaped Garden, Visitor Parking, Children's Play Area, 24/7 Security, Lift, Swimming Pool, CCTV",18879.0,20917.0,20564529.0,0.06,1233872.0,30000.0,34915.0,2.04,1,1
100253,Mumbai,Powai,400076,mid-premium,1.19,3,1312.5,21,Puravankara,0.8,Tier2,1,PMHA48616,5,"Power Backup, Swimming Pool, Clubhouse, CCTV, Children's Play Area",17925.0,22467.0,29488214.0,0.06,1769293.0,30000.0,66970.0,2.73,0,0
100254,Mumbai,Powai,400076,mid-premium,1.05,3,1263.1,11,Lodha Group,0.95,Tier1,1,PMHA82689,8,"Lift, Swimming Pool, CCTV, Visitor Parking, 24/7 Security, Gymnasium, Clubhouse, Indoor Games Room",17951.0,25479.0,32183483.0,0.06,1931009.0,30000.0,73533.0,2.74,1,1
100255,Mumbai,Powai,400076,mid-premium,1.31,3,1051.3,2,Local Developer Co,0.55,Tier3,0,,6,"CCTV, Jogging Track, Visitor Parking, Power Backup, Indoor Games Room, Children's Play Area",18713.0,24843.0,26116209.0,0.06,1566973.0,30000.0,50169.0,2.31,1,1
100256,Mumbai,Powai,400076,mid-premium,1.13,2,789.7,21,Regional Builders Ltd,0.5,Tier3,1,PMHA55573,10,"Indoor Games Room, Children's Play Area, 24/7 Security, Gymnasium, Swimming Pool, Lift, Jogging Track, Power Backup, CCTV, Visitor Parking",17546.0,21432.0,16924654.0,0.06,1015479.0,30000.0,38623.0,2.74,1,1
100257,Mumbai,Powai,400076,mid-premium,1.2,2,865.0,8,Sobha Ltd,0.91,Tier1,1,PMHA69223,4,"Indoor Games Room, Power Backup, Gymnasium, Landscaped Garden",18728.0,24833.0,21480822.0,0.06,1288849.0,30000.0,40193.0,2.25,1,0
100258,Mumbai,Powai,400076,mid-premium,1.09,3,1283.8,21,Runwal Group,0.78,Tier2,1,PMHA42741,11,"Power Backup, Indoor Games Room, Gymnasium, Children's Play Area, Swimming Pool, Visitor Parking, Jogging Track, 24/7 Security, Clubhouse, Landscaped Garden, Lift",17076.0,21675.0,27826390.0,0.06,1669583.0,30000.0,40678.0,1.75,0,1
100259,Mumbai,Powai,400076,mid-premium,1.17,1,443.0,5,Regional Builders Ltd,0.5,Tier3,1,PMHA30064,4,"Swimming Pool, 24/7 Security, Power Backup, Clubhouse",18526.0,22242.0,9852621.0,0.06,591157.0,30000.0,18650.0,2.27,1,0
100260,Mumbai,Powai,400076,mid-premium,1.07,4,1612.4,6,Brigade Group,0.88,Tier1,1,PMHA47077,3,"Jogging Track, 24/7 Security, Gymnasium",20075.0,25018.0,40340383.0,0.06,2420423.0,30000.0,81844.0,2.43,1,0
100261,Mumbai,Powai,400076,mid-premium,1.12,3,1162.0,8,Sobha Ltd,0.91,Tier1,1,PMHA50858,3,"CCTV, Children's Play Area, Indoor Games Room",16722.0,22257.0,25863061.0,0.06,1551784.0,30000.0,42252.0,1.96,1,0
100262,Mumbai,Powai,400076,mid-premium,1.2,2,796.0,14,Regional Builders Ltd,0.5,Tier3,1,PMHA13947,9,"Indoor Games Room, CCTV, Power Backup, 24/7 Security, Gymnasium, Jogging Track, Children's Play Area, Lift, Visitor Parking",17166.0,19027.0,15145570.0,0.06,908734.0,30000.0,30648.0,2.43,1,1
100263,Mumbai,Powai,400076,mid-premium,1.15,3,1035.5,13,Regional Builders Ltd,0.5,Tier3,1,PMHA48630,6,"Visitor Parking, Jogging Track, Clubhouse, 24/7 Security, Swimming Pool, Indoor Games Room",20264.0,24288.0,25151750.0,0.06,1509105.0,30000.0,58459.0,2.79,0,1
100264,Mumbai,Powai,400076,mid-premium,1.24,4,1584.2,13,Brigade Group,0.88,Tier1,1,PMHA32120,4,"24/7 Security, Visitor Parking, Gymnasium, CCTV",18786.0,23392.0,37056951.0,0.06,2223417.0,30000.0,65859.0,2.13,1,0
100265,Mumbai,Powai,400076,mid-premium,1.08,3,1074.3,23,Runwal Group,0.78,Tier2,1,PMHA60273,4,"Children's Play Area, CCTV, Power Backup, Swimming Pool",16388.0,19729.0,21195118.0,0.06,1271707.0,30000.0,50374.0,2.85,1,0
100266,Mumbai,Powai,400076,mid-premium,1.25,2,929.9,24,Kolte-Patil,0.82,Tier2,1,PMHA30098,6,"CCTV, Swimming Pool, Lift, Children's Play Area, Indoor Games Room, Landscaped Garden",22890.0,26003.0,24180870.0,0.06,1450852.0,30000.0,45681.0,2.27,1,1
100267,Mumbai,Powai,400076,mid-premium,1.26,3,1226.5,21,Brigade Group,0.88,Tier1,1,PMHA50583,6,"Clubhouse, Lift, Landscaped Garden, Visitor Parking, 24/7 Security, Indoor Games Room",18406.0,21320.0,26149156.0,0.06,1568949.0,30000.0,55955.0,2.57,1,1
100268,Mumbai,Powai,400076,mid-premium,0.96,1,466.0,6,Sobha Ltd,0.91,Tier1,1,PMHA25457,7,"CCTV, 24/7 Security, Visitor Parking, Power Backup, Swimming Pool, Clubhouse, Children's Play Area",21857.0,31536.0,14697230.0,0.06,881834.0,30000.0,30544.0,2.49,0,1
100269,Mumbai,Powai,400076,mid-premium,1.17,3,1099.0,1,Kolte-Patil,0.82,Tier2,1,PMHA55694,12,"Lift, Jogging Track, Visitor Parking, Children's Play Area, Indoor Games Room, Swimming Pool, Landscaped Garden, CCTV, Gymnasium, Clubhouse, 24/7 Security, Power Backup",22417.0,30114.0,33095773.0,0.06,1985746.0,30000.0,64859.0,2.35,1,1
100270,Mumbai,Powai,400076,mid-premium,0.88,2,931.9,11,Local Developer Co,0.55,Tier3,1,PMHA68575,5,"Landscaped Garden, Clubhouse, 24/7 Security, Children's Play Area, Visitor Parking",16616.0,20206.0,18828651.0,0.06,1129719.0,30000.0,26308.0,1.68,1,0
100271,Mumbai,Powai,400076,mid-premium,1.33,1,494.6,18,Local Developer Co,0.55,Tier3,1,PMHA39862,11,"24/7 Security, CCTV, Gymnasium, Visitor Parking, Children's Play Area, Jogging Track, Indoor Games Room, Clubhouse, Landscaped Garden, Swimming Pool, Lift",16869.0,21709.0,10736500.0,0.06,644190.0,30000.0,13889.0,1.55,1,1
100272,Mumbai,Powai,400076,mid-premium,1.09,2,655.9,4,Oberoi Realty,0.9,Tier1,1,PMHA24890,9,"Visitor Parking, Lift, Clubhouse, 24/7 Security, Landscaped Garden, Children's Play Area, Power Backup, Jogging Track, Gymnasium",16857.0,26511.0,17388992.0,0.06,1043340.0,30000.0,29122.0,2.01,0,1
100273,Mumbai,Powai,400076,mid-premium,1.08,1,475.3,19,Runwal Group,0.78,Tier2,1,PMHA91987,6,"CCTV, Visitor Parking, Lift, Landscaped Garden, Jogging Track, Gymnasium",22739.0,27807.0,13217846.0,0.06,793071.0,30000.0,26597.0,2.41,0,1
100274,Mumbai,Powai,400076,mid-premium,1.24,2,845.9,13,Brigade Group,0.88,Tier1,1,PMHA11671,12,"Children's Play Area, Gymnasium, Visitor Parking, Power Backup, Landscaped Garden, Clubhouse, Indoor Games Room, CCTV, 24/7 Security, Jogging Track, Lift, Swimming Pool",21602.0,32246.0,27277566.0,0.06,1636654.0,30000.0,67041.0,2.95,0,1
100275,Mumbai,Powai,400076,mid-premium,1.0,1,435.7,9,Godrej Properties,0.93,Tier1,1,PMHA50020,10,"Visitor Parking, Children's Play Area, Landscaped Garden, 24/7 Security, Swimming Pool, CCTV, Gymnasium, Jogging Track, Lift, Indoor Games Room",21628.0,30521.0,13299325.0,0.06,797959.0,30000.0,26608.0,2.4,1,1
100276,Mumbai,Powai,400076,mid-premium,1.06,3,1338.2,7,Regional Builders Ltd,0.5,Tier3,1,PMHA78081,12,"Lift, Landscaped Garden, 24/7 Security, Indoor Games Room, Children's Play Area, Visitor Parking, Clubhouse, Power Backup, Swimming Pool, CCTV, Jogging Track, Gymnasium",18673.0,25273.0,33820138.0,0.06,2029208.0,30000.0,62771.0,2.23,0,1
100277,Mumbai,Powai,400076,mid-premium,1.22,1,487.5,23,Local Developer Co,0.55,Tier3,1,PMHA18330,3,"Indoor Games Room, Power Backup, Visitor Parking",17836.0,19517.0,9514201.0,0.06,570852.0,30000.0,19023.0,2.4,0,0
100278,Mumbai,Powai,400076,mid-premium,1.06,1,487.8,8,Sobha Ltd,0.91,Tier1,1,PMHA58637,3,"Clubhouse, Indoor Games Room, Landscaped Garden",18772.0,24657.0,12028001.0,0.06,721680.0,30000.0,22138.0,2.21,1,0
100279,Mumbai,Powai,400076,mid-premium,1.29,3,1074.7,17,Kolte-Patil,0.82,Tier2,1,PMHA78924,5,"Swimming Pool, Jogging Track, 24/7 Security, Gymnasium, CCTV",18407.0,24174.0,25979622.0,0.06,1558777.0,30000.0,59616.0,2.75,0,0
100280,Mumbai,Powai,400076,mid-premium,1.33,2,843.4,10,Lodha Group,0.95,Tier1,1,PMHA77623,10,"Swimming Pool, Clubhouse, 24/7 Security, Children's Play Area, Power Backup, Gymnasium, CCTV, Indoor Games Room, Lift, Visitor Parking",21064.0,29731.0,25074450.0,0.06,1504467.0,30000.0,48598.0,2.33,1,1
100281,Mumbai,Powai,400076,mid-premium,1.32,1,481.5,18,Lodha Group,0.95,Tier1,1,PMHA84539,3,"Children's Play Area, Swimming Pool, Power Backup",21488.0,28651.0,13796986.0,0.06,827819.0,30000.0,34393.0,2.99,1,0
100282,Mumbai,Powai,400076,mid-premium,1.09,2,818.6,4,Puravankara,0.8,Tier2,1,PMHA95794,4,"CCTV, Indoor Games Room, Gymnasium, Clubhouse",21484.0,25423.0,20810395.0,0.06,1248624.0,30000.0,46758.0,2.7,0,0
100283,Mumbai,Powai,400076,mid-premium,1.24,2,815.8,3,Brigade Group,0.88,Tier1,1,PMHA71904,3,"24/7 Security, Visitor Parking, Clubhouse",18280.0,23055.0,18809130.0,0.06,1128548.0,30000.0,43313.0,2.76,1,0
100284,Mumbai,Powai,400076,mid-premium,1.26,1,440.1,23,Godrej Properties,0.93,Tier1,1,PMHA63420,4,"24/7 Security, Children's Play Area, Power Backup, Lift",18318.0,21991.0,9677922.0,0.06,580675.0,30000.0,21355.0,2.65,1,0
100285,Mumbai,Powai,400076,mid-premium,1.36,2,677.6,1,Puravankara,0.8,Tier2,1,PMHA93504,4,"24/7 Security, Indoor Games Room, Children's Play Area, Clubhouse",21722.0,28835.0,19537197.0,0.06,1172232.0,30000.0,38902.0,2.39,1,0
100286,Mumbai,Powai,400076,mid-premium,1.25,3,1369.2,0,Regional Builders Ltd,0.5,Tier3,1,PMHA52825,5,"Children's Play Area, Swimming Pool, Lift, Visitor Parking, Jogging Track",21171.0,27173.0,37205928.0,0.06,2232356.0,30000.0,79360.0,2.56,0,0
100287,Mumbai,Powai,400076,mid-premium,1.42,3,1183.3,9,Kolte-Patil,0.82,Tier2,1,PMHA19962,3,"Visitor Parking, Indoor Games Room, Swimming Pool",20797.0,25288.0,29922081.0,0.06,1795325.0,30000.0,48010.0,1.93,1,0
100288,Mumbai,Powai,400076,mid-premium,1.49,2,915.2,0,Kolte-Patil,0.82,Tier2,1,PMHA92912,5,"Jogging Track, 24/7 Security, Clubhouse, Power Backup, Lift",16898.0,22733.0,20804367.0,0.06,1248262.0,30000.0,42563.0,2.46,0,0
100289,Mumbai,Powai,400076,mid-premium,1.35,2,802.0,0,Local Developer Co,0.55,Tier3,0,,5,"Gymnasium, CCTV, Children's Play Area, Lift, Landscaped Garden",20643.0,25963.0,20823239.0,0.06,1249394.0,30000.0,39906.0,2.3,1,0
100290,Mumbai,Powai,400076,mid-premium,1.24,4,1899.1,15,Puravankara,0.8,Tier2,1,PMHA58346,3,"Children's Play Area, Jogging Track, Visitor Parking",16708.0,18480.0,35095402.0,0.06,2105724.0,30000.0,60498.0,2.07,1,0
100291,Mumbai,Powai,400076,mid-premium,1.2,3,1288.5,21,Brigade Group,0.88,Tier1,1,PMHA22341,4,"Indoor Games Room, Swimming Pool, CCTV, Landscaped Garden",18144.0,23100.0,29764014.0,0.06,1785841.0,30000.0,43800.0,1.77,1,0
100292,Mumbai,Powai,400076,mid-premium,1.1,2,755.1,7,Lodha Group,0.95,Tier1,1,PMHA63858,7,"Clubhouse, Indoor Games Room, Children's Play Area, Jogging Track, Landscaped Garden, 24/7 Security, Gymnasium",19847.0,29167.0,22023004.0,0.06,1321380.0,30000.0,39446.0,2.15,0,1
100293,Mumbai,Powai,400076,mid-premium,1.31,2,913.8,16,Local Developer Co,0.55,Tier3,1,PMHA66592,4,"Landscaped Garden, Swimming Pool, Gymnasium, Indoor Games Room",22506.0,25520.0,23319746.0,0.06,1399185.0,30000.0,36302.0,1.87,0,0
100294,Mumbai,Powai,400076,mid-premium,1.33,3,1205.9,14,Kolte-Patil,0.82,Tier2,1,PMHA70905,5,"Indoor Games Room, Power Backup, 24/7 Security, Visitor Parking, Lift",22876.0,30758.0,37090838.0,0.06,2225450.0,30000.0,81899.0,2.65,1,0
100295,Mumbai,Powai,400076,mid-premium,1.33,4,1918.6,22,Oberoi Realty,0.9,Tier1,1,PMHA92148,8,"Landscaped Garden, Power Backup, Swimming Pool, Children's Play Area, Jogging Track, CCTV, Lift, Clubhouse",16066.0,19823.0,38032609.0,0.06,2281957.0,30000.0,84121.0,2.65,1,1
100296,Mumbai,Powai,400076,mid-premium,1.04,3,1086.6,18,Regional Builders Ltd,0.5,Tier3,1,PMHA68652,11,"Visitor Parking, Lift, Swimming Pool, Clubhouse, CCTV, Landscaped Garden, Gymnasium, Power Backup, 24/7 Security, Indoor Games Room, Jogging Track",18008.0,21878.0,23773781.0,0.06,1426427.0,30000.0,29912.0,1.51,1,1
100297,Mumbai,Powai,400076,mid-premium,1.3,2,915.0,2,Godrej Properties,0.93,Tier1,1,PMHA19713,10,"Indoor Games Room, CCTV, Lift, Landscaped Garden, Clubhouse, Visitor Parking, Power Backup, Jogging Track, Children's Play Area, Swimming Pool",17838.0,25980.0,23772176.0,0.06,1426331.0,30000.0,52920.0,2.67,1,1
100298,Mumbai,Powai,400076,mid-premium,1.02,3,1112.8,5,Godrej Properties,0.93,Tier1,1,PMHA21993,10,"Gymnasium, Clubhouse, Swimming Pool, 24/7 Security, Indoor Games Room, Children's Play Area, Visitor Parking, Lift, Landscaped Garden, Jogging Track",21596.0,33087.0,36818161.0,0.06,2209090.0,30000.0,81029.0,2.64,1,1
100299,Mumbai,Powai,400076,mid-premium,1.08,3,1081.0,2,Oberoi Realty,0.9,Tier1,1,PMHA85548,11,"Children's Play Area, Landscaped Garden, Clubhouse, CCTV, Jogging Track, Indoor Games Room, Power Backup, Visitor Parking, Gymnasium, Lift, Swimming Pool",18590.0,29369.0,31747385.0,0.06,1904843.0,30000.0,49484.0,1.87,1,1
100300,Mumbai,Powai,400076,mid-premium,1.12,3,1321.8,3,Local Developer Co,0.55,Tier3,1,PMHA15695,9,"Visitor Parking, Clubhouse, Gymnasium, 24/7 Security, Indoor Games Room, Landscaped Garden, Power Backup, Lift, Jogging Track",16680.0,21836.0,28862611.0,0.06,1731757.0,30000.0,59245.0,2.46,0,1
100301,Mumbai,Powai,400076,mid-premium,1.23,3,1121.3,23,Godrej Properties,0.93,Tier1,1,PMHA99736,11,"CCTV, Children's Play Area, Swimming Pool, Indoor Games Room, Landscaped Garden, Lift, 24/7 Security, Gymnasium, Visitor Parking, Power Backup, Jogging Track",22222.0,29873.0,33497281.0,0.06,2009837.0,30000.0,68127.0,2.44,1,1
100302,Mumbai,Powai,400076,mid-premium,1.49,1,393.6,5,Lodha Group,0.95,Tier1,1,PMHA26482,12,"Indoor Games Room, Power Backup, 24/7 Security, Lift, Landscaped Garden, CCTV, Jogging Track, Gymnasium, Clubhouse, Swimming Pool, Visitor Parking, Children's Play Area",16473.0,23454.0,9231756.0,0.06,553905.0,30000.0,20538.0,2.67,1,1
100303,Mumbai,Powai,400076,mid-premium,0.97,1,500.3,9,Local Developer Co,0.55,Tier3,1,PMHA77163,4,"Visitor Parking, Indoor Games Room, Lift, Gymnasium",18461.0,23150.0,11582588.0,0.06,694955.0,30000.0,15490.0,1.6,0,0
100304,Mumbai,Powai,400076,mid-premium,1.28,2,831.6,16,Regional Builders Ltd,0.5,Tier3,1,PMHA97423,11,"Visitor Parking, Indoor Games Room, Power Backup, Landscaped Garden, Children's Play Area, Jogging Track, 24/7 Security, Swimming Pool, Clubhouse, CCTV, Gymnasium",21163.0,26467.0,22008854.0,0.06,1320531.0,30000.0,39273.0,2.14,1,1
100305,Mumbai,Powai,400076,mid-premium,1.16,3,1114.8,11,Sobha Ltd,0.91,Tier1,1,PMHA77944,11,"Swimming Pool, Power Backup, CCTV, Jogging Track, Visitor Parking, 24/7 Security, Indoor Games Room, Gymnasium, Landscaped Garden, Children's Play Area, Clubhouse",16438.0,26256.0,29270660.0,0.06,1756240.0,30000.0,55110.0,2.26,1,1
100306,Mumbai,Powai,400076,mid-premium,1.08,2,749.8,11,Puravankara,0.8,Tier2,1,PMHA84066,6,"Gymnasium, Visitor Parking, 24/7 Security, CCTV, Landscaped Garden, Swimming Pool",18089.0,24116.0,18083276.0,0.06,1084997.0,30000.0,37172.0,2.47,0,1
100307,Mumbai,Powai,400076,mid-premium,1.21,3,1099.5,11,Regional Builders Ltd,0.5,Tier3,1,PMHA80679,11,"Jogging Track, Swimming Pool, Landscaped Garden, Power Backup, Children's Play Area, Clubhouse, Lift, CCTV, 24/7 Security, Gymnasium, Visitor Parking",16701.0,21817.0,23986887.0,0.06,1439213.0,30000.0,58934.0,2.95,0,1
100308,Mumbai,Powai,400076,mid-premium,1.09,3,1050.6,4,Puravankara,0.8,Tier2,1,PMHA52554,4,"24/7 Security, Clubhouse, Swimming Pool, Landscaped Garden",16836.0,20127.0,21145301.0,0.06,1268718.0,30000.0,31710.0,1.8,0,0
100309,Mumbai,Powai,400076,mid-premium,1.29,1,403.5,20,Runwal Group,0.78,Tier2,1,PMHA85847,12,"Lift, Jogging Track, Clubhouse, Children's Play Area, Power Backup, CCTV, 24/7 Security, Landscaped Garden, Swimming Pool, Gymnasium, Indoor Games Room, Visitor Parking",17106.0,23333.0,9415579.0,0.06,564935.0,30000.0,22609.0,2.88,0,1
100310,Mumbai,Powai,400076,mid-premium,1.2,2,874.1,11,Kolte-Patil,0.82,Tier2,1,PMHA19431,8,"Children's Play Area, Swimming Pool, Gymnasium, CCTV, 24/7 Security, Visitor Parking, Lift, Power Backup",22728.0,33015.0,28856606.0,0.06,1731396.0,30000.0,68550.0,2.85,0,1
100311,Mumbai,Powai,400076,mid-premium,1.06,2,900.8,5,Godrej Properties,0.93,Tier1,1,PMHA67646,5,"24/7 Security, Landscaped Garden, Swimming Pool, Power Backup, Gymnasium",22947.0,31149.0,28058852.0,0.06,1683531.0,30000.0,52589.0,2.25,0,0
100312,Mumbai,Powai,400076,mid-premium,1.34,3,1089.0,1,Oberoi Realty,0.9,Tier1,1,PMHA70067,8,"Children's Play Area, Indoor Games Room, 24/7 Security, Jogging Track, Power Backup, Swimming Pool, Gymnasium, Lift",16399.0,21949.0,23902710.0,0.06,1434163.0,30000.0,51850.0,2.6,0,1
100313,Mumbai,Powai,400076,mid-premium,1.2,4,1741.5,13,Godrej Properties,0.93,Tier1,1,PMHA22366,5,"Power Backup, Visitor Parking, Gymnasium, Children's Play Area, 24/7 Security",21410.0,27242.0,47441779.0,0.06,2846507.0,30000.0,90462.0,2.29,1,0
100314,Mumbai,Powai,400076,mid-premium,1.27,4,2071.2,1,Kolte-Patil,0.82,Tier2,1,PMHA40288,9,"Visitor Parking, Children's Play Area, Landscaped Garden, CCTV, 24/7 Security, Gymnasium, Clubhouse, Power Backup, Indoor Games Room",21792.0,33997.0,70413517.0,0.06,4224811.0,30000.0,116488.0,1.99,0,1
100315,Mumbai,Powai,400076,mid-premium,1.26,4,2114.9,18,Local Developer Co,0.55,Tier3,1,PMHA98374,11,"24/7 Security, Jogging Track, Children's Play Area, CCTV, Indoor Games Room, Visitor Parking, Clubhouse, Landscaped Garden, Gymnasium, Power Backup, Lift",19491.0,25606.0,54153031.0,0.06,3249182.0,30000.0,136349.0,3.02,0,1
100316,Mumbai,Powai,400076,mid-premium,1.46,2,777.8,18,Prestige Group,0.92,Tier1,1,PMHA25644,7,"Gymnasium, Children's Play Area, Swimming Pool, Visitor Parking, Clubhouse, Landscaped Garden, Indoor Games Room",22467.0,29206.0,22714905.0,0.06,1362894.0,30000.0,46455.0,2.45,0,1
100317,Mumbai,Powai,400076,mid-premium,1.61,3,1131.4,14,Runwal Group,0.78,Tier2,1,PMHA74483,7,"Gymnasium, Children's Play Area, CCTV, Visitor Parking, Indoor Games Room, Lift, Clubhouse",19515.0,24978.0,28260128.0,0.06,1695608.0,30000.0,72604.0,3.08,1,1
100318,Mumbai,Powai,400076,mid-premium,1.3,2,906.8,2,Lodha Group,0.95,Tier1,1,PMHA35991,8,"Jogging Track, Indoor Games Room, Lift, Power Backup, Landscaped Garden, Visitor Parking, Clubhouse, Gymnasium",17583.0,23772.0,21557332.0,0.06,1293440.0,30000.0,32454.0,1.81,1,1
100319,Mumbai,Powai,400076,mid-premium,0.98,2,811.3,24,Kolte-Patil,0.82,Tier2,1,PMHA86551,6,"Power Backup, Landscaped Garden, 24/7 Security, Swimming Pool, CCTV, Clubhouse",17691.0,20307.0,16473881.0,0.06,988433.0,30000.0,37234.0,2.71,1,1
100320,Mumbai,Powai,400076,mid-premium,1.4,1,445.1,1,Local Developer Co,0.55,Tier3,1,PMHA97005,3,"Swimming Pool, Clubhouse, Jogging Track",19007.0,23034.0,10251393.0,0.06,615084.0,30000.0,20330.0,2.38,0,0
100321,Mumbai,Powai,400076,mid-premium,0.88,3,1238.5,0,Runwal Group,0.78,Tier2,1,PMHA55016,6,"Children's Play Area, Landscaped Garden, Clubhouse, Swimming Pool, Indoor Games Room, 24/7 Security",16392.0,22984.0,28467038.0,0.06,1708022.0,30000.0,52229.0,2.2,1,1
100322,Mumbai,Powai,400076,mid-premium,1.31,3,1111.3,21,Local Developer Co,0.55,Tier3,1,PMHA26486,9,"Clubhouse, Gymnasium, Indoor Games Room, Children's Play Area, Power Backup, Lift, 24/7 Security, Jogging Track, CCTV",17334.0,19065.0,21186613.0,0.06,1271197.0,30000.0,47349.0,2.68,0,1
100323,Mumbai,Powai,400076,mid-premium,1.44,4,1797.9,17,Brigade Group,0.88,Tier1,1,PMHA23707,9,"Landscaped Garden, Clubhouse, Gymnasium, Power Backup, 24/7 Security, CCTV, Swimming Pool, Indoor Games Room, Visitor Parking",22520.0,27078.0,48682289.0,0.06,2920937.0,30000.0,102990.0,2.54,0,1
100324,Mumbai,Powai,400076,mid-premium,1.19,2,774.7,4,Lodha Group,0.95,Tier1,1,PMHA13304,12,"Landscaped Garden, Indoor Games Room, Children's Play Area, Visitor Parking, CCTV, Clubhouse, Jogging Track, Power Backup, 24/7 Security, Lift, Gymnasium, Swimming Pool",19016.0,28108.0,21774486.0,0.06,1306469.0,30000.0,57988.0,3.2,1,1
100325,Mumbai,Powai,400076,mid-premium,1.31,3,1121.9,22,Oberoi Realty,0.9,Tier1,1,PMHA26740,5,"Jogging Track, Indoor Games Room, Power Backup, Lift, Swimming Pool",19912.0,24803.0,27826332.0,0.06,1669580.0,30000.0,61626.0,2.66,0,0
100326,Mumbai,Powai,400076,mid-premium,0.99,2,922.4,7,Prestige Group,0.92,Tier1,1,PMHA46485,7,"Gymnasium, Clubhouse, Swimming Pool, Landscaped Garden, 24/7 Security, Power Backup, Visitor Parking",19055.0,25343.0,23376157.0,0.06,1402569.0,30000.0,38391.0,1.97,1,1
100327,Mumbai,Powai,400076,mid-premium,1.25,4,2083.3,4,Lodha Group,0.95,Tier1,1,PMHA85434,7,"24/7 Security, Clubhouse, Indoor Games Room, Jogging Track, Children's Play Area, Swimming Pool, Power Backup",20681.0,29056.0,60532201.0,0.06,3631932.0,30000.0,156220.0,3.1,1,1
100328,Mumbai,Powai,400076,mid-premium,1.13,1,499.8,3,Prestige Group,0.92,Tier1,1,PMHA84308,4,"Jogging Track, Gymnasium, Lift, Visitor Parking",20556.0,26513.0,13249825.0,0.06,794990.0,30000.0,24366.0,2.21,1,0
100329,Mumbai,Powai,400076,mid-premium,1.25,3,1385.8,9,Kolte-Patil,0.82,Tier2,1,PMHA63434,11,"Children's Play Area, Landscaped Garden, 24/7 Security, Power Backup, CCTV, Gymnasium, Visitor Parking, Lift, Swimming Pool, Clubhouse, Jogging Track",17549.0,27247.0,37760324.0,0.06,2265619.0,30000.0,96600.0,3.07,1,1
100330,Mumbai,Powai,400076,mid-premium,1.21,2,697.0,21,Local Developer Co,0.55,Tier3,1,PMHA38452,11,"CCTV, Jogging Track, Visitor Parking, 24/7 Security, Swimming Pool, Landscaped Garden, Indoor Games Room, Children's Play Area, Gymnasium, Lift, Power Backup",16922.0,21263.0,14820675.0,0.06,889240.0,30000.0,26497.0,2.15,1,1
100331,Mumbai,Powai,400076,mid-premium,1.35,3,1120.6,23,Local Developer Co,0.55,Tier3,1,PMHA53986,12,"Power Backup, Visitor Parking, Children's Play Area, Jogging Track, Swimming Pool, Clubhouse, Indoor Games Room, Gymnasium, 24/7 Security, Lift, CCTV, Landscaped Garden",20945.0,23485.0,26316830.0,0.06,1579010.0,30000.0,49290.0,2.25,1,1
100332,Mumbai,Powai,400076,mid-premium,1.42,3,1293.4,19,Godrej Properties,0.93,Tier1,1,PMHA89271,6,"Visitor Parking, Children's Play Area, Lift, Landscaped Garden, Gymnasium, Indoor Games Room",22339.0,27574.0,35665242.0,0.06,2139915.0,30000.0,72956.0,2.45,0,1
100333,Mumbai,Powai,400076,mid-premium,1.1,1,545.5,22,Sobha Ltd,0.91,Tier1,1,PMHA92795,8,"Landscaped Garden, Lift, Visitor Parking, Gymnasium, Children's Play Area, Power Backup, 24/7 Security, Clubhouse",20476.0,26118.0,14246549.0,0.06,854793.0,30000.0,28453.0,2.4,1,1
100334,Mumbai,Powai,400076,mid-premium,1.16,4,1723.2,4,Godrej Properties,0.93,Tier1,1,PMHA88478,6,"CCTV, Swimming Pool, Jogging Track, Children's Play Area, Power Backup, Gymnasium",20940.0,32254.0,55580724.0,0.06,3334843.0,30000.0,108261.0,2.34,0,1
100335,Mumbai,Powai,400076,mid-premium,1.2,3,1190.4,0,Godrej Properties,0.93,Tier1,1,PMHA58548,11,"Gymnasium, Power Backup, 24/7 Security, Indoor Games Room, Jogging Track, Children's Play Area, Clubhouse, Swimming Pool, CCTV, Lift, Visitor Parking",19898.0,32824.0,39074162.0,0.06,2344450.0,30000.0,63036.0,1.94,1,1
100336,Mumbai,Powai,400076,mid-premium,1.35,2,925.0,3,Kolte-Patil,0.82,Tier2,1,PMHA57503,9,"Jogging Track, Children's Play Area, Visitor Parking, CCTV, Clubhouse, Indoor Games Room, Gymnasium, Swimming Pool, 24/7 Security",18389.0,27724.0,25645030.0,0.06,1538702.0,30000.0,65355.0,3.06,1,1
100337,Mumbai,Powai,400076,mid-premium,1.44,3,1275.7,6,Oberoi Realty,0.9,Tier1,1,PMHA66453,11,"24/7 Security, Power Backup, Clubhouse, Landscaped Garden, Gymnasium, Indoor Games Room, Children's Play Area, Swimming Pool, Lift, Jogging Track, Visitor Parking",22376.0,35390.0,45146821.0,0.06,2708809.0,30000.0,81861.0,2.18,1,1
100338,Mumbai,Powai,400076,mid-premium,1.19,4,2053.2,6,Lodha Group,0.95,Tier1,1,PMHA60036,7,"Swimming Pool, CCTV, 24/7 Security, Gymnasium, Lift, Indoor Games Room, Power Backup",17866.0,27753.0,56983232.0,0.06,3418994.0,30000.0,150976.0,3.18,1,1
100339,Mumbai,Powai,400076,mid-premium,1.0,3,1162.4,4,Brigade Group,0.88,Tier1,1,PMHA81437,10,"Clubhouse, Power Backup, CCTV, Visitor Parking, Gymnasium, 24/7 Security, Children's Play Area, Indoor Games Room, Landscaped Garden, Jogging Track",22079.0,29947.0,34810462.0,0.06,2088628.0,30000.0,74023.0,2.55,1,1
100340,Mumbai,Powai,400076,mid-premium,1.07,3,1086.8,11,Regional Builders Ltd,0.5,Tier3,0,,10,"Lift, Swimming Pool, Jogging Track, CCTV, Clubhouse, 24/7 Security, Landscaped Garden, Visitor Parking, Children's Play Area, Gymnasium",22142.0,29448.0,32003954.0,0.06,1920237.0,30000.0,76243.0,2.86,0,1
100341,Mumbai,Powai,400076,mid-premium,1.22,3,1027.2,23,Prestige Group,0.92,Tier1,1,PMHA37241,5,"Clubhouse, 24/7 Security, Gymnasium, Swimming Pool, Visitor Parking",22996.0,28280.0,29050698.0,0.06,1743042.0,30000.0,51704.0,2.14,0,0
100342,Mumbai,Powai,400076,mid-premium,1.49,3,1121.4,6,Kolte-Patil,0.82,Tier2,1,PMHA74521,8,"Power Backup, Indoor Games Room, Clubhouse, Visitor Parking, Swimming Pool, Landscaped Garden, CCTV, Children's Play Area",22461.0,32116.0,36015712.0,0.06,2160943.0,30000.0,71911.0,2.4,1,1
100343,Mumbai,Powai,400076,mid-premium,1.15,3,1144.9,4,Godrej Properties,0.93,Tier1,1,PMHA20631,8,"Power Backup, Children's Play Area, Jogging Track, Landscaped Garden, CCTV, Lift, Indoor Games Room, Visitor Parking",18469.0,27120.0,31049322.0,0.06,1862959.0,30000.0,51725.0,2.0,1,1
100344,Mumbai,Powai,400076,mid-premium,1.17,3,1060.0,10,Brigade Group,0.88,Tier1,1,PMHA64943,10,"Lift, Clubhouse, Visitor Parking, Indoor Games Room, Children's Play Area, 24/7 Security, Gymnasium, Swimming Pool, CCTV, Landscaped Garden",20212.0,27757.0,29421470.0,0.06,1765288.0,30000.0,60776.0,2.48,0,1
100345,Mumbai,Powai,400076,mid-premium,1.1,1,450.0,14,Brigade Group,0.88,Tier1,1,PMHA24387,11,"Lift, Clubhouse, Indoor Games Room, 24/7 Security, Swimming Pool, CCTV, Landscaped Garden, Children's Play Area, Jogging Track, Visitor Parking, Power Backup",17902.0,25932.0,11670118.0,0.06,700207.0,30000.0,23256.0,2.39,0,1
100346,Mumbai,Powai,400076,mid-premium,1.07,1,499.4,6,Runwal Group,0.78,Tier2,1,PMHA99105,9,"Jogging Track, Lift, Children's Play Area, Indoor Games Room, 24/7 Security, Swimming Pool, CCTV, Power Backup, Gymnasium",22369.0,29986.0,14975520.0,0.06,898531.0,30000.0,21270.0,1.7,1,1
100347,Mumbai,Powai,400076,mid-premium,1.04,3,1119.6,19,Lodha Group,0.95,Tier1,1,PMHA16479,5,"Clubhouse, Children's Play Area, Visitor Parking, CCTV, Swimming Pool",16700.0,22212.0,24869036.0,0.06,1492142.0,30000.0,46258.0,2.23,1,0
100348,Mumbai,Powai,400076,mid-premium,1.26,2,803.0,21,Regional Builders Ltd,0.5,Tier3,1,PMHA94141,5,"Indoor Games Room, Power Backup, Visitor Parking, 24/7 Security, Lift",16951.0,18753.0,15058811.0,0.06,903529.0,30000.0,26866.0,2.14,0,0
100349,Mumbai,Powai,400076,mid-premium,1.36,2,915.8,14,Kolte-Patil,0.82,Tier2,1,PMHA69447,4,"Power Backup, Lift, Jogging Track, Clubhouse",19201.0,24554.0,22486766.0,0.06,1349206.0,30000.0,46545.0,2.48,1,0
100350,Mumbai,Powai,400076,mid-premium,1.3,1,457.9,24,Brigade Group,0.88,Tier1,1,PMHA75378,6,"Jogging Track, Children's Play Area, Lift, Power Backup, Clubhouse, Indoor Games Room",17956.0,20240.0,9268754.0,0.06,556125.0,30000.0,20545.0,2.66,1,1
100351,Mumbai,Powai,400076,mid-premium,1.16,3,1127.1,9,Lodha Group,0.95,Tier1,1,PMHA66729,3,"Power Backup, Landscaped Garden, Jogging Track",18180.0,23759.0,26779079.0,0.06,1606745.0,30000.0,59165.0,2.65,0,0
100352,Mumbai,Powai,400076,mid-premium,0.96,2,758.6,19,Brigade Group,0.88,Tier1,1,PMHA22917,10,"Children's Play Area, CCTV, Gymnasium, Jogging Track, Lift, Landscaped Garden, Visitor Parking, Indoor Games Room, Clubhouse, Power Backup",17926.0,25013.0,18975917.0,0.06,1138555.0,30000.0,26820.0,1.7,1,1
100353,Mumbai,Powai,400076,mid-premium,1.11,2,889.6,22,Godrej Properties,0.93,Tier1,1,PMHA72272,4,"Clubhouse, Gymnasium, Jogging Track, Indoor Games Room",19188.0,24159.0,21492054.0,0.06,1289523.0,30000.0,51685.0,2.89,1,0
100354,Mumbai,Powai,400076,mid-premium,1.45,2,814.4,12,Prestige Group,0.92,Tier1,1,PMHA82507,9,"Jogging Track, Landscaped Garden, CCTV, Indoor Games Room, Gymnasium, Visitor Parking, Lift, Clubhouse, Children's Play Area",18221.0,25637.0,20877987.0,0.06,1252679.0,30000.0,42201.0,2.43,0,1
100355,Mumbai,Powai,400076,mid-premium,1.12,3,1271.5,3,Lodha Group,0.95,Tier1,1,PMHA55446,3,"Jogging Track, Lift, Visitor Parking",20587.0,28550.0,36299375.0,0.06,2177962.0,30000.0,69565.0,2.3,1,0
100356,Mumbai,Powai,400076,mid-premium,1.08,2,700.4,23,Kolte-Patil,0.82,Tier2,1,PMHA53864,7,"Gymnasium, Swimming Pool, Landscaped Garden, CCTV, Visitor Parking, Jogging Track, Clubhouse",17107.0,20463.0,14331847.0,0.06,859911.0,30000.0,28758.0,2.41,1,1
100357,Mumbai,Powai,400076,mid-premium,1.57,2,822.3,16,Godrej Properties,0.93,Tier1,1,PMHA21115,3,"CCTV, Jogging Track, Lift",17331.0,19518.0,16049632.0,0.06,962978.0,30000.0,42622.0,3.19,1,0
100358,Mumbai,Powai,400076,mid-premium,1.47,3,985.9,24,Local Developer Co,0.55,Tier3,1,PMHA34308,7,"24/7 Security, Swimming Pool, Clubhouse, Gymnasium, CCTV, Power Backup, Jogging Track",17802.0,19781.0,19502031.0,0.06,1170122.0,30000.0,42567.0,2.62,1,1
100359,Mumbai,Powai,400076,mid-premium,1.15,2,675.6,7,Kolte-Patil,0.82,Tier2,1,PMHA73829,7,"Visitor Parking, Children's Play Area, Clubhouse, Gymnasium, Swimming Pool, Indoor Games Room, Power Backup",18597.0,25110.0,16963148.0,0.06,1017789.0,30000.0,31293.0,2.21,1,1
100360,Mumbai,Powai,400076,mid-premium,1.24,1,490.9,2,Sobha Ltd,0.91,Tier1,1,PMHA44053,8,"Jogging Track, Visitor Parking, Lift, Clubhouse, Gymnasium, CCTV, Swimming Pool, Power Backup",20767.0,28839.0,14156329.0,0.06,849380.0,30000.0,26248.0,2.22,1,1
100361,Mumbai,Malad West,400064,mid,1.07,3,1187.2,20,Sobha Ltd,0.91,Tier1,1,PMHA66010,7,"Clubhouse, Landscaped Garden, Power Backup, Visitor Parking, Gymnasium, Indoor Games Room, Swimming Pool",15141.0,20137.0,23907068.0,0.06,1434424.0,30000.0,63865.0,3.21,1,1
100362,Mumbai,Malad West,400064,mid,0.78,2,734.1,22,Sobha Ltd,0.91,Tier1,1,PMHA69502,6,"Landscaped Garden, 24/7 Security, Lift, Children's Play Area, Power Backup, Gymnasium",16937.0,20806.0,15273474.0,0.06,916408.0,30000.0,40953.0,3.22,0,1
100363,Mumbai,Malad West,400064,mid,1.11,3,980.5,6,Sobha Ltd,0.91,Tier1,1,PMHA33446,8,"Jogging Track, Visitor Parking, Indoor Games Room, Gymnasium, Clubhouse, Lift, Landscaped Garden, CCTV",12845.0,17199.0,16864499.0,0.06,1011870.0,30000.0,43720.0,3.11,0,1
100364,Mumbai,Malad West,400064,mid,0.85,3,1110.6,7,Puravankara,0.8,Tier2,1,PMHA86574,10,"Lift, Visitor Parking, Landscaped Garden, Gymnasium, Indoor Games Room, Jogging Track, Power Backup, CCTV, Children's Play Area, 24/7 Security",15869.0,23645.0,26259341.0,0.06,1575560.0,30000.0,56343.0,2.57,1,1
100365,Mumbai,Malad West,400064,mid,0.81,4,1721.8,24,Local Developer Co,0.55,Tier3,1,PMHA25587,11,"Children's Play Area, Power Backup, Indoor Games Room, 24/7 Security, Jogging Track, Gymnasium, Visitor Parking, CCTV, Lift, Swimming Pool, Landscaped Garden",14689.0,16891.0,29082395.0,0.06,1744944.0,30000.0,71459.0,2.95,0,1
100366,Mumbai,Malad West,400064,mid,0.83,2,872.6,18,Kolte-Patil,0.82,Tier2,1,PMHA16444,5,"CCTV, Visitor Parking, Gymnasium, Power Backup, 24/7 Security",12640.0,14509.0,12660393.0,0.06,759624.0,30000.0,28043.0,2.66,1,0
100367,Mumbai,Malad West,400064,mid,0.34,3,1121.7,13,Godrej Properties,0.93,Tier1,1,PMHA14846,5,"CCTV, Clubhouse, 24/7 Security, Landscaped Garden, Indoor Games Room",16058.0,20763.0,23290026.0,0.06,1397402.0,30000.0,23345.0,1.2,0,0
100368,Mumbai,Malad West,400064,mid,0.61,4,1586.7,15,Lodha Group,0.95,Tier1,1,PMHA63544,4,"Gymnasium, 24/7 Security, Lift, Swimming Pool",14414.0,18873.0,29945466.0,0.06,1796728.0,30000.0,69710.0,2.79,1,0
100369,Mumbai,Malad West,400064,mid,0.67,4,1857.0,12,Prestige Group,0.92,Tier1,1,PMHA93391,4,"Gymnasium, Jogging Track, Clubhouse, 24/7 Security",16435.0,19974.0,37091624.0,0.06,2225497.0,30000.0,100637.0,3.26,1,0
100370,Mumbai,Malad West,400064,mid,0.94,2,763.0,0,Sobha Ltd,0.91,Tier1,1,PMHA16711,6,"Landscaped Garden, Swimming Pool, Gymnasium, Lift, Visitor Parking, Power Backup",12625.0,17864.0,13630425.0,0.06,817826.0,30000.0,22388.0,1.97,1,1
100371,Mumbai,Malad West,400064,mid,0.89,4,1645.7,23,Kolte-Patil,0.82,Tier2,1,PMHA37322,6,"24/7 Security, Children's Play Area, Indoor Games Room, CCTV, Lift, Swimming Pool",13085.0,15915.0,26191202.0,0.06,1571472.0,30000.0,91597.0,4.2,0,1
100372,Mumbai,Malad West,400064,mid,0.69,2,751.8,8,Kolte-Patil,0.82,Tier2,1,PMHA44830,7,"Visitor Parking, Landscaped Garden, Indoor Games Room, Lift, Power Backup, Jogging Track, CCTV",13641.0,17346.0,13041477.0,0.06,782489.0,30000.0,28930.0,2.66,1,1
100373,Mumbai,Malad West,400064,mid,0.91,2,719.0,16,Godrej Properties,0.93,Tier1,1,PMHA40372,7,"Visitor Parking, Lift, Power Backup, CCTV, Landscaped Garden, 24/7 Security, Clubhouse",14841.0,20983.0,15085867.0,0.06,905152.0,30000.0,49950.0,3.97,1,1
100374,Mumbai,Malad West,400064,mid,0.85,3,1270.1,7,Lodha Group,0.95,Tier1,1,PMHA82129,7,"Children's Play Area, Indoor Games Room, Power Backup, Gymnasium, 24/7 Security, Jogging Track, CCTV",13586.0,19745.0,25078917.0,0.06,1504735.0,30000.0,76797.0,3.67,0,1
100375,Mumbai,Malad West,400064,mid,0.72,3,1210.3,3,Kolte-Patil,0.82,Tier2,1,PMHA75156,4,"Jogging Track, CCTV, Children's Play Area, Visitor Parking",16260.0,19952.0,24149176.0,0.06,1448951.0,30000.0,75784.0,3.77,0,0
100376,Mumbai,Malad West,400064,mid,0.87,1,465.6,13,Runwal Group,0.78,Tier2,1,PMHA41661,7,"Children's Play Area, Clubhouse, Swimming Pool, Landscaped Garden, Visitor Parking, Indoor Games Room, Lift",14932.0,18485.0,8607398.0,0.06,516444.0,30000.0,20411.0,2.85,1,1
100377,Mumbai,Malad West,400064,mid,0.68,2,847.7,17,Kolte-Patil,0.82,Tier2,1,PMHA39258,7,"Visitor Parking, Power Backup, Children's Play Area, Indoor Games Room, Jogging Track, Swimming Pool, 24/7 Security",16612.0,22946.0,19449984.0,0.06,1166999.0,30000.0,50131.0,3.09,0,1
100378,Mumbai,Malad West,400064,mid,0.96,3,1246.4,4,Kolte-Patil,0.82,Tier2,1,PMHA32912,10,"Power Backup, Children's Play Area, Indoor Games Room, Gymnasium, Visitor Parking, 24/7 Security, Clubhouse, CCTV, Lift, Landscaped Garden",16420.0,24835.0,30954892.0,0.06,1857294.0,30000.0,59536.0,2.31,1,1
100379,Mumbai,Malad West,400064,mid,0.53,1,384.6,23,Prestige Group,0.92,Tier1,1,PMHA27608,5,"Power Backup, CCTV, Children's Play Area, Swimming Pool, Landscaped Garden",13376.0,17980.0,6914578.0,0.06,414875.0,30000.0,19249.0,3.34,1,0
100380,Mumbai,Malad West,400064,mid,0.75,3,1345.6,17,Sobha Ltd,0.91,Tier1,1,PMHA95937,6,"24/7 Security, Landscaped Garden, Jogging Track, Children's Play Area, Lift, Indoor Games Room",15910.0,20831.0,28029523.0,0.06,1681771.0,30000.0,78873.0,3.38,1,1
100381,Mumbai,Malad West,400064,mid,0.72,1,475.6,9,Sobha Ltd,0.91,Tier1,1,PMHA64977,9,"Landscaped Garden, Children's Play Area, Lift, Indoor Games Room, Clubhouse, CCTV, Visitor Parking, Gymnasium, Power Backup",16267.0,21408.0,10181973.0,0.06,610918.0,30000.0,27993.0,3.3,0,1
100382,Mumbai,Malad West,400064,mid,0.78,3,1034.3,22,Regional Builders Ltd,0.5,Tier3,1,PMHA30859,10,"Visitor Parking, Children's Play Area, Jogging Track, CCTV, Landscaped Garden, Power Backup, Swimming Pool, Lift, Indoor Games Room, Clubhouse",13197.0,15905.0,16450008.0,0.06,987000.0,30000.0,26094.0,1.9,1,1
100383,Mumbai,Malad West,400064,mid,0.8,2,913.7,20,Puravankara,0.8,Tier2,1,PMHA71834,3,"Clubhouse, Landscaped Garden, Power Backup",16919.0,18961.0,17325198.0,0.06,1039512.0,30000.0,35764.0,2.48,0,0
100384,Mumbai,Malad West,400064,mid,1.04,4,1525.8,21,Brigade Group,0.88,Tier1,1,PMHA60262,5,"Power Backup, Indoor Games Room, Clubhouse, Lift, Children's Play Area",13934.0,16928.0,25828312.0,0.06,1549699.0,30000.0,54586.0,2.54,0,0
100385,Mumbai,Malad West,400064,mid,0.74,2,766.7,24,Brigade Group,0.88,Tier1,1,PMHA48587,4,"Jogging Track, Power Backup, Lift, Gymnasium",16840.0,19793.0,15175400.0,0.06,910524.0,30000.0,37088.0,2.93,0,0
100386,Mumbai,Malad West,400064,mid,0.87,2,689.0,8,Oberoi Realty,0.9,Tier1,1,PMHA31531,3,"Visitor Parking, Children's Play Area, Landscaped Garden",16390.0,22875.0,15761543.0,0.06,945693.0,30000.0,47700.0,3.63,0,0
100387,Mumbai,Malad West,400064,mid,0.64,3,1032.9,23,Prestige Group,0.92,Tier1,1,PMHA22713,3,"Lift, Gymnasium, Children's Play Area",15542.0,17807.0,18392399.0,0.06,1103544.0,30000.0,38051.0,2.48,0,0
100388,Mumbai,Malad West,400064,mid,0.75,2,668.8,8,Godrej Properties,0.93,Tier1,1,PMHA88566,8,"Clubhouse, 24/7 Security, Lift, Jogging Track, Swimming Pool, Gymnasium, Landscaped Garden, Indoor Games Room",16202.0,22354.0,14950903.0,0.06,897054.0,30000.0,35183.0,2.82,0,1
100389,Mumbai,Malad West,400064,mid,0.68,2,950.0,8,Prestige Group,0.92,Tier1,1,PMHA11279,4,"Swimming Pool, Gymnasium, Visitor Parking, Landscaped Garden",13304.0,18166.0,17257323.0,0.06,1035439.0,30000.0,38689.0,2.69,0,0
100390,Mumbai,Malad West,400064,mid,0.45,2,788.4,20,Prestige Group,0.92,Tier1,1,PMHA77341,8,"Swimming Pool, Visitor Parking, Children's Play Area, Lift, Power Backup, Landscaped Garden, Jogging Track, CCTV",16797.0,21091.0,16628811.0,0.06,997729.0,30000.0,42294.0,3.05,1,1
100391,Mumbai,Malad West,400064,mid,0.74,2,757.3,9,Puravankara,0.8,Tier2,1,PMHA99337,8,"Swimming Pool, Landscaped Garden, Jogging Track, Clubhouse, Lift, Visitor Parking, Power Backup, CCTV",12934.0,18784.0,14225731.0,0.06,853544.0,30000.0,41241.0,3.48,0,1
100392,Mumbai,Malad West,400064,mid,0.97,4,1579.5,15,Local Developer Co,0.55,Tier3,1,PMHA43181,6,"Visitor Parking, Jogging Track, Gymnasium, 24/7 Security, Children's Play Area, CCTV",15269.0,17879.0,28239535.0,0.06,1694372.0,30000.0,55441.0,2.36,0,1
100393,Mumbai,Malad West,400064,mid,0.76,3,1124.3,1,Kolte-Patil,0.82,Tier2,1,PMHA95749,6,"CCTV, Clubhouse, Indoor Games Room, Swimming Pool, 24/7 Security, Landscaped Garden",16531.0,23436.0,26348747.0,0.06,1580925.0,30000.0,58517.0,2.67,1,1
100394,Mumbai,Malad West,400064,mid,0.83,4,2020.6,23,Oberoi Realty,0.9,Tier1,1,PMHA12086,8,"Jogging Track, CCTV, Lift, Visitor Parking, Children's Play Area, Gymnasium, Clubhouse, Landscaped Garden",16582.0,23023.0,46521603.0,0.06,2791296.0,30000.0,108989.0,2.81,0,1
100395,Mumbai,Malad West,400064,mid,1.1,3,1264.2,19,Kolte-Patil,0.82,Tier2,1,PMHA75914,8,"Visitor Parking, Gymnasium, Clubhouse, Children's Play Area, Lift, Power Backup, Jogging Track, Indoor Games Room",14508.0,21070.0,26637995.0,0.06,1598280.0,30000.0,57293.0,2.58,0,1
100396,Mumbai,Malad West,400064,mid,1.01,2,683.3,19,Oberoi Realty,0.9,Tier1,1,PMHA58700,6,"Gymnasium, Landscaped Garden, Swimming Pool, Visitor Parking, Children's Play Area, Clubhouse",12296.0,16083.0,10989216.0,0.06,659353.0,30000.0,29052.0,3.17,1,1
100397,Mumbai,Malad West,400064,mid,0.87,3,974.6,16,Godrej Properties,0.93,Tier1,1,PMHA21633,5,"Lift, Indoor Games Room, Gymnasium, CCTV, Jogging Track",16113.0,20820.0,20291231.0,0.06,1217474.0,30000.0,42876.0,2.54,0,0
100398,Mumbai,Malad West,400064,mid,0.61,3,1242.6,15,Lodha Group,0.95,Tier1,1,PMHA88851,12,"24/7 Security, Power Backup, Gymnasium, Lift, Jogging Track, CCTV, Visitor Parking, Indoor Games Room, Clubhouse, Landscaped Garden, Swimming Pool, Children's Play Area",15415.0,21047.0,26151763.0,0.06,1569106.0,30000.0,59835.0,2.75,1,1
100399,Mumbai,Malad West,400064,mid,0.66,2,816.3,21,Lodha Group,0.95,Tier1,1,PMHA74303,3,"Swimming Pool, Jogging Track, Visitor Parking",12140.0,15767.0,12870836.0,0.06,772250.0,30000.0,20499.0,1.91,0,0
100400,Mumbai,Malad West,400064,mid,0.78,3,1180.7,10,Regional Builders Ltd,0.5,Tier3,1,PMHA83906,5,"Lift, Jogging Track, Visitor Parking, Children's Play Area, CCTV",16529.0,18355.0,21670963.0,0.06,1300258.0,30000.0,52888.0,2.93,0,0
100401,Mumbai,Malad West,400064,mid,0.63,1,403.5,18,Local Developer Co,0.55,Tier3,1,PMHA15360,10,"Visitor Parking, 24/7 Security, Clubhouse, Swimming Pool, Power Backup, Landscaped Garden, Indoor Games Room, Gymnasium, Lift, Children's Play Area",16483.0,20094.0,8107406.0,0.06,486444.0,30000.0,21045.0,3.11,1,1
100402,Mumbai,Malad West,400064,mid,0.96,1,535.5,2,Regional Builders Ltd,0.5,Tier3,1,PMHA89822,6,"Power Backup, Clubhouse, 24/7 Security, Landscaped Garden, Visitor Parking, CCTV",15510.0,20020.0,10721828.0,0.06,643310.0,30000.0,24191.0,2.71,1,1
100403,Mumbai,Malad West,400064,mid,0.83,3,1140.2,19,Prestige Group,0.92,Tier1,1,PMHA85807,5,"24/7 Security, Clubhouse, CCTV, Children's Play Area, Jogging Track",16099.0,20897.0,23827086.0,0.06,1429625.0,30000.0,43409.0,2.19,1,0
100404,Mumbai,Malad West,400064,mid,0.76,3,1360.2,9,Oberoi Realty,0.9,Tier1,1,PMHA43106,7,"Lift, Children's Play Area, CCTV, Jogging Track, Visitor Parking, Indoor Games Room, Gymnasium",15858.0,20767.0,28246512.0,0.06,1694791.0,30000.0,87216.0,3.71,0,1
100405,Mumbai,Malad West,400064,mid,0.92,3,1022.0,7,Regional Builders Ltd,0.5,Tier3,1,PMHA40195,9,"Visitor Parking, Gymnasium, Indoor Games Room, Clubhouse, CCTV, 24/7 Security, Swimming Pool, Jogging Track, Power Backup",16172.0,21964.0,22448025.0,0.06,1346881.0,30000.0,50884.0,2.72,1,1
100406,Mumbai,Malad West,400064,mid,1.27,3,1147.0,14,Puravankara,0.8,Tier2,1,PMHA51670,8,"Indoor Games Room, Swimming Pool, Jogging Track, Children's Play Area, CCTV, Visitor Parking, Gymnasium, Clubhouse",12905.0,17495.0,20067226.0,0.06,1204034.0,30000.0,51369.0,3.07,0,1
100407,Mumbai,Malad West,400064,mid,0.86,3,1359.9,11,Local Developer Co,0.55,Tier3,0,,12,"Visitor Parking, Lift, Power Backup, Swimming Pool, Gymnasium, Indoor Games Room, Landscaped Garden, Jogging Track, Children's Play Area, 24/7 Security, CCTV, Clubhouse",12589.0,18264.0,24836973.0,0.06,1490218.0,30000.0,52018.0,2.51,0,1
100408,Mumbai,Malad West,400064,mid,0.94,4,1502.7,20,Brigade Group,0.88,Tier1,1,PMHA87115,10,"Indoor Games Room, CCTV, 24/7 Security, Landscaped Garden, Lift, Visitor Parking, Jogging Track, Clubhouse, Power Backup, Children's Play Area",16059.0,21636.0,32512970.0,0.06,1950778.0,30000.0,93511.0,3.45,0,1
100409,Mumbai,Malad West,400064,mid,0.6,2,710.5,10,Runwal Group,0.78,Tier2,1,PMHA81053,3,"Power Backup, Landscaped Garden, Children's Play Area",12463.0,15108.0,10733724.0,0.06,644023.0,30000.0,24805.0,2.77,0,0
100410,Mumbai,Malad West,400064,mid,0.76,2,891.3,9,Brigade Group,0.88,Tier1,1,PMHA72381,12,"Landscaped Garden, Power Backup, Gymnasium, Children's Play Area, Lift, Clubhouse, Indoor Games Room, Swimming Pool, 24/7 Security, Visitor Parking, Jogging Track, CCTV",16826.0,26878.0,23955322.0,0.06,1437319.0,30000.0,65863.0,3.3,0,1
100411,Mumbai,Malad West,400064,mid,0.73,3,1246.7,6,Regional Builders Ltd,0.5,Tier3,0,,3,"Visitor Parking, Power Backup, Indoor Games Room",16725.0,17786.0,22173532.0,0.06,1330412.0,30000.0,47509.0,2.57,0,0
100412,Mumbai,Malad West,400064,mid,0.89,3,1273.4,7,Kolte-Patil,0.82,Tier2,1,PMHA98907,9,"CCTV, 24/7 Security, Visitor Parking, Clubhouse, Gymnasium, Swimming Pool, Children's Play Area, Power Backup, Jogging Track",13265.0,18823.0,23969733.0,0.06,1438184.0,30000.0,55140.0,2.76,1,1
100413,Mumbai,Malad West,400064,mid,0.83,3,1067.6,13,Sobha Ltd,0.91,Tier1,1,PMHA10269,5,"24/7 Security, Children's Play Area, CCTV, Clubhouse, Jogging Track",12535.0,17125.0,18282225.0,0.06,1096933.0,30000.0,62246.0,4.09,1,0
100414,Mumbai,Malad West,400064,mid,0.52,1,411.3,11,Local Developer Co,0.55,Tier3,0,,3,"Visitor Parking, 24/7 Security, Swimming Pool",15064.0,17816.0,7328213.0,0.06,439693.0,30000.0,16661.0,2.73,1,0
100415,Mumbai,Malad West,400064,mid,0.73,2,748.8,16,Lodha Group,0.95,Tier1,1,PMHA68339,3,"Lift, Indoor Games Room, Clubhouse",12619.0,15255.0,11422963.0,0.06,685378.0,30000.0,33389.0,3.51,1,0
100416,Mumbai,Malad West,400064,mid,0.83,3,1228.5,0,Sobha Ltd,0.91,Tier1,1,PMHA51277,12,"Indoor Games Room, Swimming Pool, Jogging Track, 24/7 Security, Children's Play Area, Power Backup, Landscaped Garden, Gymnasium, Lift, CCTV, Visitor Parking, Clubhouse",14677.0,21795.0,26774752.0,0.06,1606485.0,30000.0,44982.0,2.02,1,1
100417,Mumbai,Malad West,400064,mid,0.43,2,651.4,1,Oberoi Realty,0.9,Tier1,1,PMHA92852,12,"Swimming Pool, Gymnasium, Jogging Track, 24/7 Security, Clubhouse, CCTV, Visitor Parking, Power Backup, Landscaped Garden, Children's Play Area, Indoor Games Room, Lift",16367.0,23251.0,15146540.0,0.06,908792.0,30000.0,38672.0,3.06,0,1
100418,Mumbai,Malad West,400064,mid,0.72,3,1369.7,17,Kolte-Patil,0.82,Tier2,1,PMHA79605,5,"Power Backup, Indoor Games Room, Swimming Pool, CCTV, Clubhouse",13074.0,16652.0,22808859.0,0.06,1368532.0,30000.0,55772.0,2.93,1,0
100419,Mumbai,Malad West,400064,mid,0.85,3,1179.6,20,Lodha Group,0.95,Tier1,1,PMHA15268,9,"Swimming Pool, Gymnasium, Visitor Parking, CCTV, Jogging Track, Children's Play Area, Lift, Landscaped Garden, 24/7 Security",16434.0,21007.0,24779945.0,0.06,1486797.0,30000.0,57018.0,2.76,1,1
100420,Mumbai,Malad West,400064,mid,1.02,2,934.1,19,Lodha Group,0.95,Tier1,1,PMHA32318,10,"Gymnasium, Landscaped Garden, Lift, CCTV, Power Backup, Jogging Track, Indoor Games Room, Children's Play Area, 24/7 Security, Visitor Parking",12071.0,17219.0,16084632.0,0.06,965078.0,30000.0,30305.0,2.26,1,1
100421,Mumbai,Malad West,400064,mid,0.9,2,882.7,5,Godrej Properties,0.93,Tier1,1,PMHA40519,6,"Swimming Pool, Children's Play Area, Clubhouse, Jogging Track, Gymnasium, Lift",12278.0,16720.0,14758975.0,0.06,885538.0,30000.0,14143.0,1.15,1,1
100422,Mumbai,Malad West,400064,mid,0.88,2,934.2,15,Runwal Group,0.78,Tier2,1,PMHA19096,6,"24/7 Security, Landscaped Garden, Swimming Pool, CCTV, Gymnasium, Clubhouse",15384.0,21553.0,20135079.0,0.06,1208105.0,30000.0,49822.0,2.97,1,1
100423,Mumbai,Malad West,400064,mid,0.74,2,902.1,19,Lodha Group,0.95,Tier1,1,PMHA63202,9,"Jogging Track, Clubhouse, Lift, Landscaped Garden, Gymnasium, Children's Play Area, Swimming Pool, 24/7 Security, CCTV",14959.0,22504.0,20300471.0,0.06,1218028.0,30000.0,30188.0,1.78,1,1
100424,Mumbai,Malad West,400064,mid,0.91,3,1020.5,5,Prestige Group,0.92,Tier1,1,PMHA44607,10,"Landscaped Garden, Lift, Children's Play Area, Gymnasium, Clubhouse, Indoor Games Room, Power Backup, CCTV, Jogging Track, 24/7 Security",13966.0,20394.0,20811689.0,0.06,1248701.0,30000.0,48487.0,2.8,1,1
100425,Mumbai,Malad West,400064,mid,0.77,1,519.2,5,Regional Builders Ltd,0.5,Tier3,1,PMHA30437,10,"Landscaped Garden, Jogging Track, Visitor Parking, Gymnasium, CCTV, 24/7 Security, Power Backup, Clubhouse, Lift, Indoor Games Room",14668.0,18279.0,9490094.0,0.06,569406.0,30000.0,25921.0,3.28,1,1
100426,Mumbai,Malad West,400064,mid,0.8,3,1083.2,6,Godrej Properties,0.93,Tier1,1,PMHA11074,11,"Children's Play Area, Landscaped Garden, Visitor Parking, Lift, Jogging Track, Indoor Games Room, Power Backup, Clubhouse, Swimming Pool, 24/7 Security, Gymnasium",12223.0,19148.0,20740897.0,0.06,1244454.0,30000.0,71932.0,4.16,1,1
100427,Mumbai,Malad West,400064,mid,0.85,2,756.9,5,Runwal Group,0.78,Tier2,1,PMHA40002,5,"Children's Play Area, Visitor Parking, Jogging Track, Lift, Indoor Games Room",14912.0,19047.0,14416091.0,0.06,864965.0,30000.0,29739.0,2.48,1,0
100428,Mumbai,Malad West,400064,mid,0.85,2,735.0,8,Kolte-Patil,0.82,Tier2,1,PMHA82720,5,"Power Backup, Indoor Games Room, CCTV, Children's Play Area, Clubhouse",16121.0,22955.0,16872523.0,0.06,1012351.0,30000.0,39181.0,2.79,1,0
100429,Mumbai,Malad West,400064,mid,0.81,4,1774.1,14,Kolte-Patil,0.82,Tier2,1,PMHA56153,5,"Landscaped Garden, Indoor Games Room, Jogging Track, 24/7 Security, Power Backup",12464.0,15132.0,26844882.0,0.06,1610693.0,30000.0,84009.0,3.76,1,0
100430,Mumbai,Malad West,400064,mid,0.59,2,876.6,13,Kolte-Patil,0.82,Tier2,1,PMHA59605,12,"CCTV, Indoor Games Room, 24/7 Security, Landscaped Garden, Swimming Pool, Children's Play Area, Jogging Track, Lift, Visitor Parking, Clubhouse, Gymnasium, Power Backup",15441.0,21466.0,18817054.0,0.06,1129023.0,30000.0,68903.0,4.39,1,1
100431,Mumbai,Malad West,400064,mid,0.67,3,1129.0,6,Brigade Group,0.88,Tier1,1,PMHA98480,11,"Jogging Track, Power Backup, CCTV, Lift, Clubhouse, Swimming Pool, Gymnasium, Visitor Parking, Landscaped Garden, 24/7 Security, Children's Play Area",15342.0,23214.0,26208857.0,0.06,1572531.0,30000.0,45081.0,2.06,1,1
100432,Mumbai,Malad West,400064,mid,0.56,2,859.4,23,Local Developer Co,0.55,Tier3,0,,9,"Swimming Pool, CCTV, Clubhouse, Jogging Track, Power Backup, Visitor Parking, 24/7 Security, Indoor Games Room, Landscaped Garden",15339.0,18340.0,15761789.0,0.06,945707.0,30000.0,43419.0,3.31,1,1
100433,Mumbai,Malad West,400064,mid,1.03,1,446.5,3,Regional Builders Ltd,0.5,Tier3,0,,11,"Jogging Track, Lift, Power Backup, Clubhouse, 24/7 Security, Swimming Pool, Visitor Parking, Children's Play Area, CCTV, Gymnasium, Indoor Games Room",15039.0,20002.0,8931371.0,0.06,535882.0,30000.0,26482.0,3.56,0,1
100434,Mumbai,Malad West,400064,mid,1.01,2,754.8,8,Kolte-Patil,0.82,Tier2,1,PMHA32454,9,"Children's Play Area, Gymnasium, Clubhouse, Visitor Parking, 24/7 Security, Indoor Games Room, CCTV, Landscaped Garden, Power Backup",15834.0,21379.0,16136391.0,0.06,968183.0,30000.0,37174.0,2.76,1,1
100435,Mumbai,Malad West,400064,mid,0.81,2,754.8,4,Regional Builders Ltd,0.5,Tier3,1,PMHA81155,6,"24/7 Security, Lift, Indoor Games Room, Jogging Track, Clubhouse, Children's Play Area",15738.0,20393.0,15392549.0,0.06,923553.0,30000.0,41236.0,3.21,1,1
100436,Mumbai,Malad West,400064,mid,0.91,3,1352.6,17,Local Developer Co,0.55,Tier3,0,,9,"Indoor Games Room, 24/7 Security, Children's Play Area, Power Backup, Swimming Pool, Jogging Track, Gymnasium, Lift, Clubhouse",14075.0,16907.0,22868995.0,0.06,1372140.0,30000.0,43846.0,2.3,1,1
100437,Mumbai,Malad West,400064,mid,0.64,3,1237.9,17,Godrej Properties,0.93,Tier1,1,PMHA88329,10,"24/7 Security, CCTV, Clubhouse, Gymnasium, Landscaped Garden, Children's Play Area, Lift, Jogging Track, Power Backup, Indoor Games Room",16594.0,23890.0,29573773.0,0.06,1774426.0,30000.0,78607.0,3.19,0,1
100438,Mumbai,Malad West,400064,mid,0.54,4,1867.8,1,Kolte-Patil,0.82,Tier2,1,PMHA46710,10,"Clubhouse, CCTV, Children's Play Area, 24/7 Security, Swimming Pool, Visitor Parking, Power Backup, Indoor Games Room, Gymnasium, Jogging Track",14001.0,19915.0,37197799.0,0.06,2231868.0,30000.0,83192.0,2.68,1,1
100439,Mumbai,Malad West,400064,mid,0.77,3,1236.1,5,Runwal Group,0.78,Tier2,1,PMHA25461,10,"Power Backup, Children's Play Area, CCTV, Gymnasium, Indoor Games Room, Landscaped Garden, 24/7 Security, Visitor Parking, Jogging Track, Swimming Pool",12803.0,17888.0,22110999.0,0.06,1326660.0,30000.0,49827.0,2.7,1,1
100440,Mumbai,Malad West,400064,mid,0.72,3,1251.1,24,Puravankara,0.8,Tier2,1,PMHA34030,4,"Power Backup, Lift, Gymnasium, Children's Play Area",14832.0,18596.0,23265194.0,0.06,1395912.0,30000.0,60819.0,3.14,1,0
100441,Mumbai,Malad West,400064,mid,0.64,3,1236.6,7,Puravankara,0.8,Tier2,1,PMHA78106,11,"Swimming Pool, 24/7 Security, Jogging Track, Indoor Games Room, Power Backup, Gymnasium, Children's Play Area, Lift, CCTV, Landscaped Garden, Visitor Parking",14737.0,20135.0,24899633.0,0.06,1493978.0,30000.0,63183.0,3.05,0,1
100442,Mumbai,Malad West,400064,mid,0.84,3,1216.6,13,Lodha Group,0.95,Tier1,1,PMHA30795,5,"24/7 Security, Landscaped Garden, Lift, Clubhouse, Indoor Games Room",12468.0,16825.0,20468747.0,0.06,1228125.0,30000.0,46763.0,2.74,1,0
100443,Mumbai,Malad West,400064,mid,1.0,2,656.6,7,Sobha Ltd,0.91,Tier1,1,PMHA47840,6,"Indoor Games Room, Visitor Parking, 24/7 Security, Children's Play Area, Swimming Pool, Landscaped Garden",15920.0,20954.0,13758525.0,0.06,825511.0,30000.0,24283.0,2.12,0,1
100444,Mumbai,Malad West,400064,mid,0.82,3,1246.3,16,Godrej Properties,0.93,Tier1,1,PMHA55349,4,"Jogging Track, Indoor Games Room, Children's Play Area, Clubhouse",16870.0,21588.0,26904062.0,0.06,1614244.0,30000.0,62161.0,2.77,1,0
100445,Mumbai,Malad West,400064,mid,0.77,3,1314.8,20,Runwal Group,0.78,Tier2,1,PMHA42474,6,"Lift, Jogging Track, Visitor Parking, Swimming Pool, CCTV, Children's Play Area",14612.0,18261.0,24010344.0,0.06,1440621.0,30000.0,60865.0,3.04,1,1
100446,Mumbai,Malad West,400064,mid,0.67,4,1868.7,5,Godrej Properties,0.93,Tier1,1,PMHA79275,3,"Visitor Parking, Gymnasium, Swimming Pool",16710.0,22436.0,41926227.0,0.06,2515574.0,30000.0,110544.0,3.16,0,0
100447,Mumbai,Malad West,400064,mid,0.43,4,1614.0,12,Local Developer Co,0.55,Tier3,0,,10,"Gymnasium, Indoor Games Room, 24/7 Security, CCTV, Lift, Children's Play Area, Visitor Parking, Power Backup, Landscaped Garden, Jogging Track",12091.0,16024.0,25862180.0,0.06,1551731.0,30000.0,66547.0,3.09,0,1
100448,Mumbai,Malad West,400064,mid,0.99,3,1369.5,15,Oberoi Realty,0.9,Tier1,1,PMHA47386,6,"Lift, Clubhouse, CCTV, Visitor Parking, Gymnasium, Landscaped Garden",16838.0,24500.0,33553954.0,0.06,2013237.0,30000.0,105684.0,3.78,0,1
100449,Mumbai,Malad West,400064,mid,0.67,3,1284.6,8,Prestige Group,0.92,Tier1,1,PMHA61457,3,"Gymnasium, Children's Play Area, Indoor Games Room",12913.0,15472.0,19876200.0,0.06,1192572.0,30000.0,49228.0,2.97,1,0
100450,Mumbai,Malad West,400064,mid,0.8,4,2128.6,22,Runwal Group,0.78,Tier2,1,PMHA23103,6,"Visitor Parking, Jogging Track, CCTV, Power Backup, Children's Play Area, Landscaped Garden",15959.0,18784.0,39984566.0,0.06,2399074.0,30000.0,98048.0,2.94,1,1
100451,Mumbai,Malad West,400064,mid,0.68,2,650.6,14,Oberoi Realty,0.9,Tier1,1,PMHA55538,7,"Clubhouse, Swimming Pool, CCTV, Gymnasium, Jogging Track, Lift, Power Backup",16013.0,21366.0,13899829.0,0.06,833990.0,30000.0,42557.0,3.67,1,1
100452,Mumbai,Malad West,400064,mid,0.97,2,810.9,8,Kolte-Patil,0.82,Tier2,1,PMHA13917,6,"Power Backup, Gymnasium, CCTV, Jogging Track, Children's Play Area, Clubhouse",14623.0,20345.0,16497486.0,0.06,989849.0,30000.0,34548.0,2.51,1,1
100453,Mumbai,Malad West,400064,mid,0.77,3,1030.1,2,Regional Builders Ltd,0.5,Tier3,0,,5,"Lift, Landscaped Garden, Visitor Parking, Swimming Pool, Indoor Games Room",13301.0,16321.0,16812652.0,0.06,1008759.0,30000.0,47101.0,3.36,0,0
100454,Mumbai,Malad West,400064,mid,0.95,2,811.1,12,Regional Builders Ltd,0.5,Tier3,0,,9,"Swimming Pool, Power Backup, Visitor Parking, Landscaped Garden, Gymnasium, Indoor Games Room, CCTV, Children's Play Area, 24/7 Security",12246.0,15950.0,12937030.0,0.06,776222.0,30000.0,23011.0,2.13,0,1
100455,Mumbai,Malad West,400064,mid,0.72,2,797.3,7,Regional Builders Ltd,0.5,Tier3,0,,7,"Clubhouse, Children's Play Area, Visitor Parking, Gymnasium, 24/7 Security, Power Backup, Indoor Games Room",15424.0,19629.0,15650442.0,0.06,939027.0,30000.0,42335.0,3.25,0,1
100456,Mumbai,Malad West,400064,mid,0.56,1,503.9,4,Prestige Group,0.92,Tier1,1,PMHA47991,7,"CCTV, Landscaped Garden, 24/7 Security, Lift, Jogging Track, Swimming Pool, Gymnasium",15283.0,23599.0,11891948.0,0.06,713517.0,30000.0,28968.0,2.92,1,1
100457,Mumbai,Malad West,400064,mid,1.1,2,757.6,10,Brigade Group,0.88,Tier1,1,PMHA32160,10,"CCTV, Visitor Parking, Power Backup, Landscaped Garden, Jogging Track, Clubhouse, Swimming Pool, Children's Play Area, Indoor Games Room, Lift",16328.0,23233.0,17600554.0,0.06,1056033.0,30000.0,49733.0,3.39,1,1
100458,Mumbai,Malad West,400064,mid,0.75,1,513.8,17,Sobha Ltd,0.91,Tier1,1,PMHA62415,4,"Indoor Games Room, Power Backup, Clubhouse, 24/7 Security",14100.0,16573.0,8514852.0,0.06,510891.0,30000.0,18292.0,2.58,0,0
100459,Mumbai,Malad West,400064,mid,0.71,2,732.2,0,Sobha Ltd,0.91,Tier1,1,PMHA54366,11,"Jogging Track, 24/7 Security, Power Backup, Visitor Parking, Lift, Landscaped Garden, Swimming Pool, Children's Play Area, CCTV, Indoor Games Room, Clubhouse",16013.0,25395.0,18594182.0,0.06,1115651.0,30000.0,44319.0,2.86,0,1
100460,Mumbai,Malad West,400064,mid,1.0,3,1071.5,19,Runwal Group,0.78,Tier2,1,PMHA87172,8,"Children's Play Area, Jogging Track, Lift, Gymnasium, Visitor Parking, CCTV, 24/7 Security, Clubhouse",15622.0,19648.0,21052775.0,0.06,1263166.0,30000.0,59045.0,3.37,0,1
100461,Mumbai,Malad West,400064,mid,0.8,2,889.4,7,Godrej Properties,0.93,Tier1,1,PMHA69896,11,"Power Backup, Landscaped Garden, Clubhouse, Lift, CCTV, 24/7 Security, Jogging Track, Visitor Parking, Swimming Pool, Gymnasium, Indoor Games Room",13350.0,20617.0,18337385.0,0.06,1100243.0,30000.0,26259.0,1.72,1,1
100462,Mumbai,Malad West,400064,mid,0.88,2,690.7,14,Kolte-Patil,0.82,Tier2,1,PMHA31166,9,"Lift, Clubhouse, Indoor Games Room, CCTV, Visitor Parking, Power Backup, Gymnasium, Children's Play Area, Landscaped Garden",13156.0,17710.0,12232357.0,0.06,733941.0,30000.0,28679.0,2.81,1,1
100463,Mumbai,Malad West,400064,mid,0.72,3,1383.2,8,Runwal Group,0.78,Tier2,1,PMHA12127,3,"Lift, Gymnasium, Landscaped Garden",14749.0,20519.0,28381593.0,0.06,1702896.0,30000.0,59081.0,2.5,1,0
100464,Mumbai,Malad West,400064,mid,0.83,4,1897.6,4,Sobha Ltd,0.91,Tier1,1,PMHA17982,7,"Landscaped Garden, Power Backup, CCTV, Lift, Visitor Parking, Jogging Track, Indoor Games Room",13921.0,19756.0,37488277.0,0.06,2249297.0,30000.0,113723.0,3.64,1,1
100465,Mumbai,Malad West,400064,mid,0.75,3,1314.2,19,Kolte-Patil,0.82,Tier2,1,PMHA72498,3,"Indoor Games Room, Swimming Pool, Jogging Track",12871.0,13794.0,18128429.0,0.06,1087706.0,30000.0,46826.0,3.1,0,0
100466,Mumbai,Malad West,400064,mid,0.89,3,990.6,21,Runwal Group,0.78,Tier2,1,PMHA45102,8,"Children's Play Area, Indoor Games Room, Clubhouse, CCTV, Landscaped Garden, Lift, Swimming Pool, Gymnasium",14987.0,19060.0,18881942.0,0.06,1132917.0,30000.0,49745.0,3.16,1,1
100467,Mumbai,Malad West,400064,mid,0.83,3,961.1,19,Lodha Group,0.95,Tier1,1,PMHA79659,6,"Gymnasium, Indoor Games Room, Power Backup, Clubhouse, CCTV, Landscaped Garden",12081.0,15344.0,14747626.0,0.06,884858.0,30000.0,24432.0,1.99,0,1
100468,Mumbai,Malad West,400064,mid,0.59,3,1057.5,22,Godrej Properties,0.93,Tier1,1,PMHA17308,10,"Children's Play Area, Jogging Track, 24/7 Security, Power Backup, Gymnasium, Indoor Games Room, Landscaped Garden, CCTV, Swimming Pool, Lift",15918.0,22750.0,24058159.0,0.06,1443490.0,30000.0,39728.0,1.98,0,1
100469,Mumbai,Malad West,400064,mid,0.86,2,790.9,20,Prestige Group,0.92,Tier1,1,PMHA65857,10,"Children's Play Area, Power Backup, Swimming Pool, CCTV, Jogging Track, Gymnasium, 24/7 Security, Lift, Indoor Games Room, Landscaped Garden",14504.0,18289.0,14465503.0,0.06,867930.0,30000.0,50312.0,4.17,0,1
100470,Mumbai,Malad West,400064,mid,0.6,1,503.0,17,Brigade Group,0.88,Tier1,1,PMHA66433,11,"Power Backup, Jogging Track, Visitor Parking, 24/7 Security, Swimming Pool, CCTV, Clubhouse, Children's Play Area, Landscaped Garden, Lift, Gymnasium",16808.0,23526.0,11832441.0,0.06,709946.0,30000.0,18577.0,1.88,1,1
100471,Mumbai,Malad West,400064,mid,0.84,2,810.3,24,Prestige Group,0.92,Tier1,1,PMHA70584,10,"Children's Play Area, Gymnasium, Lift, Visitor Parking, Swimming Pool, Clubhouse, Indoor Games Room, Landscaped Garden, Jogging Track, CCTV",13861.0,17749.0,14382139.0,0.06,862928.0,30000.0,43674.0,3.64,0,1
100472,Mumbai,Malad West,400064,mid,1.05,2,704.2,0,Local Developer Co,0.55,Tier3,1,PMHA36327,9,"Lift, Children's Play Area, 24/7 Security, CCTV, Gymnasium, Power Backup, Indoor Games Room, Landscaped Garden, Visitor Parking",16594.0,22416.0,15784396.0,0.06,947064.0,30000.0,40185.0,3.06,1,1
100473,Mumbai,Malad West,400064,mid,0.85,2,916.9,3,Runwal Group,0.78,Tier2,1,PMHA67804,10,"Lift, Landscaped Garden, Clubhouse, Swimming Pool, Children's Play Area, 24/7 Security, Visitor Parking, Gymnasium, CCTV, Power Backup",16865.0,23771.0,21796503.0,0.06,1307790.0,30000.0,47988.0,2.64,1,1
100474,Mumbai,Malad West,400064,mid,0.63,2,920.2,7,Local Developer Co,0.55,Tier3,1,PMHA64746,12,"Jogging Track, Landscaped Garden, CCTV, Swimming Pool, Lift, 24/7 Security, Visitor Parking, Gymnasium, Children's Play Area, Indoor Games Room, Power Backup, Clubhouse",13516.0,17119.0,15753209.0,0.06,945193.0,30000.0,35831.0,2.73,1,1
100475,Mumbai,Malad West,400064,mid,0.78,2,824.3,24,Lodha Group,0.95,Tier1,1,PMHA10367,3,"Swimming Pool, Jogging Track, Gymnasium",13538.0,17019.0,14028952.0,0.06,841737.0,30000.0,40470.0,3.46,1,0
100476,Mumbai,Malad West,400064,mid,0.72,3,1006.9,8,Brigade Group,0.88,Tier1,1,PMHA85134,12,"Power Backup, CCTV, Lift, Gymnasium, Swimming Pool, Clubhouse, Jogging Track, Visitor Parking, 24/7 Security, Landscaped Garden, Indoor Games Room, Children's Play Area",12166.0,19161.0,19294369.0,0.06,1157662.0,30000.0,39995.0,2.49,1,1
100477,Mumbai,Malad West,400064,mid,0.87,3,1193.7,20,Local Developer Co,0.55,Tier3,0,,4,"Swimming Pool, Clubhouse, Lift, Landscaped Garden",13803.0,14489.0,17295788.0,0.06,1037747.0,30000.0,53962.0,3.74,1,0
100478,Mumbai,Malad West,400064,mid,0.57,3,1152.1,22,Prestige Group,0.92,Tier1,1,PMHA60096,5,"CCTV, Landscaped Garden, Power Backup, Children's Play Area, Lift",13938.0,16438.0,18937541.0,0.06,1136252.0,30000.0,64167.0,4.07,1,0
100479,Mumbai,Malad West,400064,mid,0.85,3,992.1,6,Brigade Group,0.88,Tier1,1,PMHA46405,11,"Power Backup, Jogging Track, Lift, Gymnasium, 24/7 Security, Clubhouse, Children's Play Area, CCTV, Landscaped Garden, Visitor Parking, Indoor Games Room",14168.0,21933.0,21760177.0,0.06,1305611.0,30000.0,60501.0,3.34,1,1
100480,Mumbai,Malad West,400064,mid,1.06,2,753.7,4,Runwal Group,0.78,Tier2,1,PMHA66271,10,"Children's Play Area, Lift, 24/7 Security, CCTV, Jogging Track, Gymnasium, Indoor Games Room, Clubhouse, Power Backup, Visitor Parking",14480.0,22752.0,17147298.0,0.06,1028838.0,30000.0,32544.0,2.28,0,1
100481,Mumbai,Thane West,400601,mid,1.49,1,407.6,15,Regional Builders Ltd,0.5,Tier3,1,PMHA14193,6,"CCTV, Landscaped Garden, Lift, Power Backup, Indoor Games Room, Clubhouse",10651.0,12281.0,5006153.0,0.06,300369.0,30000.0,12592.0,3.02,1,1
100482,Mumbai,Thane West,400601,mid,1.18,3,1246.6,2,Lodha Group,0.95,Tier1,1,PMHA54582,8,"Clubhouse, Visitor Parking, Children's Play Area, Indoor Games Room, Gymnasium, Swimming Pool, Power Backup, Lift",11938.0,18163.0,22641609.0,0.06,1358497.0,30000.0,55028.0,2.92,0,1
100483,Mumbai,Thane West,400601,mid,1.72,2,903.0,11,Sobha Ltd,0.91,Tier1,1,PMHA35214,5,"Indoor Games Room, Visitor Parking, 24/7 Security, Lift, Gymnasium",12327.0,14925.0,13477010.0,0.06,808621.0,30000.0,20651.0,1.84,0,0
100484,Mumbai,Thane West,400601,mid,1.72,3,1097.5,0,Brigade Group,0.88,Tier1,1,PMHA19827,4,"Clubhouse, Lift, Visitor Parking, Landscaped Garden",10174.0,13735.0,15074428.0,0.06,904466.0,30000.0,40113.0,3.19,1,0
100485,Mumbai,Thane West,400601,mid,1.86,2,886.3,7,Puravankara,0.8,Tier2,1,PMHA33854,6,"Clubhouse, 24/7 Security, Power Backup, Lift, Indoor Games Room, Visitor Parking",13408.0,18545.0,16436874.0,0.06,986212.0,30000.0,38763.0,2.83,1,1
100486,Mumbai,Thane West,400601,mid,1.56,3,1192.7,6,Regional Builders Ltd,0.5,Tier3,1,PMHA42802,4,"Lift, Landscaped Garden, Clubhouse, Gymnasium",11854.0,14712.0,17546708.0,0.06,1052802.0,30000.0,71087.0,4.86,1,0
100487,Mumbai,Thane West,400601,mid,1.66,4,1934.9,22,Brigade Group,0.88,Tier1,1,PMHA45273,4,"Lift, Swimming Pool, 24/7 Security, Gymnasium",13751.0,17466.0,33795759.0,0.06,2027746.0,30000.0,86097.0,3.06,0,0
100488,Mumbai,Thane West,400601,mid,1.46,4,1783.7,2,Regional Builders Ltd,0.5,Tier3,1,PMHA93326,5,"Clubhouse, CCTV, Gymnasium, Jogging Track, Lift",11068.0,13282.0,23690250.0,0.06,1421415.0,30000.0,46539.0,2.36,0,0
100489,Mumbai,Thane West,400601,mid,1.39,2,718.0,23,Local Developer Co,0.55,Tier3,1,PMHA21752,9,"CCTV, Clubhouse, Landscaped Garden, Indoor Games Room, Swimming Pool, Power Backup, Gymnasium, 24/7 Security, Children's Play Area",10007.0,12671.0,9098107.0,0.06,545886.0,30000.0,23312.0,3.07,1,1
100490,Mumbai,Thane West,400601,mid,1.57,3,1225.8,15,Regional Builders Ltd,0.5,Tier3,0,,10,"Visitor Parking, Gymnasium, Landscaped Garden, Jogging Track, Clubhouse, Lift, 24/7 Security, Swimming Pool, Children's Play Area, Power Backup",11185.0,12587.0,15428857.0,0.06,925731.0,30000.0,31008.0,2.41,1,1
100491,Mumbai,Thane West,400601,mid,1.44,2,855.8,1,Godrej Properties,0.93,Tier1,1,PMHA14844,11,"24/7 Security, Children's Play Area, Swimming Pool, Indoor Games Room, Lift, Clubhouse, Visitor Parking, Power Backup, Landscaped Garden, CCTV, Jogging Track",11060.0,18250.0,15618303.0,0.06,937098.0,30000.0,41096.0,3.16,1,1
100492,Mumbai,Thane West,400601,mid,1.57,3,1047.8,2,Puravankara,0.8,Tier2,1,PMHA60866,8,"Children's Play Area, Jogging Track, Power Backup, Landscaped Garden, Gymnasium, Clubhouse, Lift, CCTV",12653.0,17806.0,18657144.0,0.06,1119429.0,30000.0,59028.0,3.8,1,1
100493,Mumbai,Thane West,400601,mid,1.43,3,1233.3,6,Regional Builders Ltd,0.5,Tier3,1,PMHA54211,3,"Jogging Track, Visitor Parking, Power Backup",11594.0,14227.0,17545849.0,0.06,1052751.0,30000.0,26309.0,1.8,1,0
100494,Mumbai,Thane West,400601,mid,1.54,3,1061.0,17,Kolte-Patil,0.82,Tier2,1,PMHA11011,10,"Children's Play Area, 24/7 Security, Gymnasium, Lift, Indoor Games Room, Landscaped Garden, Jogging Track, Clubhouse, Visitor Parking, CCTV",13817.0,17648.0,18725316.0,0.06,1123519.0,30000.0,33785.0,2.17,1,1
100495,Mumbai,Thane West,400601,mid,1.81,2,884.4,6,Brigade Group,0.88,Tier1,1,PMHA97825,3,"Clubhouse, Indoor Games Room, 24/7 Security",12139.0,16747.0,14811147.0,0.06,888669.0,30000.0,24102.0,1.95,1,0
100496,Mumbai,Thane West,400601,mid,1.62,2,808.0,17,Puravankara,0.8,Tier2,1,PMHA94158,10,"Children's Play Area, Jogging Track, Clubhouse, 24/7 Security, Landscaped Garden, Swimming Pool, Visitor Parking, Indoor Games Room, Power Backup, Gymnasium",11773.0,16180.0,13072870.0,0.06,784372.0,30000.0,30545.0,2.8,1,1
100497,Mumbai,Thane West,400601,mid,1.49,4,1889.3,14,Lodha Group,0.95,Tier1,1,PMHA22376,8,"Lift, Landscaped Garden, 24/7 Security, Clubhouse, Children's Play Area, Swimming Pool, Power Backup, Jogging Track",12163.0,15994.0,30218666.0,0.06,1813120.0,30000.0,51460.0,2.04,0,1
100498,Mumbai,Thane West,400601,mid,1.47,3,1128.5,3,Prestige Group,0.92,Tier1,1,PMHA35951,12,"Clubhouse, Children's Play Area, Gymnasium, Visitor Parking, Lift, Power Backup, Indoor Games Room, 24/7 Security, Swimming Pool, CCTV, Landscaped Garden, Jogging Track",11324.0,16895.0,19065985.0,0.06,1143959.0,30000.0,28398.0,1.79,0,1
100499,Mumbai,Thane West,400601,mid,1.5,3,1275.4,14,Local Developer Co,0.55,Tier3,1,PMHA47261,5,"Lift, Power Backup, Indoor Games Room, Children's Play Area, Landscaped Garden",10040.0,11081.0,14132989.0,0.06,847979.0,30000.0,35447.0,3.01,1,0
100500,Mumbai,Thane West,400601,mid,1.14,1,518.7,12,Oberoi Realty,0.9,Tier1,1,PMHA93967,11,"Jogging Track, Gymnasium, Power Backup, Children's Play Area, CCTV, Indoor Games Room, Lift, 24/7 Security, Visitor Parking, Swimming Pool, Landscaped Garden",10379.0,14617.0,7581721.0,0.06,454903.0,30000.0,20101.0,3.18,1,1
100501,Mumbai,Thane West,400601,mid,1.63,3,1253.5,11,Regional Builders Ltd,0.5,Tier3,1,PMHA28995,3,"Landscaped Garden, Swimming Pool, Indoor Games Room",10679.0,12181.0,15268873.0,0.06,916132.0,30000.0,32031.0,2.52,0,0
100502,Mumbai,Thane West,400601,mid,1.43,3,1060.6,8,Lodha Group,0.95,Tier1,1,PMHA19277,9,"24/7 Security, Power Backup, Swimming Pool, Clubhouse, Jogging Track, CCTV, Indoor Games Room, Visitor Parking, Gymnasium",12646.0,18568.0,19692872.0,0.06,1181572.0,30000.0,35840.0,2.18,1,1
100503,Mumbai,Thane West,400601,mid,1.69,1,392.5,17,Lodha Group,0.95,Tier1,1,PMHA77017,3,"Power Backup, Lift, Clubhouse",13091.0,17249.0,6770458.0,0.06,406227.0,30000.0,13490.0,2.39,0,0
100504,Mumbai,Thane West,400601,mid,1.45,3,1126.4,13,Local Developer Co,0.55,Tier3,0,,10,"Gymnasium, Lift, Clubhouse, 24/7 Security, Visitor Parking, Landscaped Garden, CCTV, Children's Play Area, Power Backup, Jogging Track",12140.0,15887.0,17895253.0,0.06,1073715.0,30000.0,41156.0,2.76,1,1
100505,Mumbai,Thane West,400601,mid,1.47,1,392.1,18,Puravankara,0.8,Tier2,1,PMHA94870,5,"Gymnasium, Power Backup, Jogging Track, 24/7 Security, Lift",11332.0,12935.0,5071428.0,0.06,304286.0,30000.0,7252.0,1.72,1,0
100506,Mumbai,Thane West,400601,mid,1.45,3,1313.9,8,Runwal Group,0.78,Tier2,1,PMHA11318,6,"Power Backup, Lift, Swimming Pool, Jogging Track, CCTV, Landscaped Garden",10624.0,14362.0,18870867.0,0.06,1132252.0,30000.0,36231.0,2.3,1,1
100507,Mumbai,Thane West,400601,mid,1.49,4,2151.8,13,Local Developer Co,0.55,Tier3,1,PMHA87713,8,"Swimming Pool, Children's Play Area, CCTV, Gymnasium, Clubhouse, Visitor Parking, Indoor Games Room, 24/7 Security",10005.0,13033.0,28044109.0,0.06,1682647.0,30000.0,68449.0,2.93,1,1
100508,Mumbai,Thane West,400601,mid,1.56,3,1132.7,2,Brigade Group,0.88,Tier1,1,PMHA87130,10,"Lift, CCTV, Children's Play Area, Clubhouse, Indoor Games Room, 24/7 Security, Visitor Parking, Gymnasium, Power Backup, Jogging Track",9880.0,14659.0,16603943.0,0.06,996237.0,30000.0,52277.0,3.78,0,1
100509,Mumbai,Thane West,400601,mid,1.49,2,716.1,5,Oberoi Realty,0.9,Tier1,1,PMHA87119,10,"Lift, Indoor Games Room, Clubhouse, Power Backup, Swimming Pool, 24/7 Security, Landscaped Garden, Gymnasium, Jogging Track, CCTV",9527.0,14012.0,10033809.0,0.06,602029.0,30000.0,20343.0,2.43,1,1
100510,Mumbai,Thane West,400601,mid,1.77,1,504.1,21,Regional Builders Ltd,0.5,Tier3,1,PMHA48850,9,"CCTV, Clubhouse, Indoor Games Room, Children's Play Area, Visitor Parking, Jogging Track, Power Backup, Lift, Gymnasium",14121.0,16021.0,8076396.0,0.06,484584.0,30000.0,13913.0,2.07,0,1
100511,Mumbai,Thane West,400601,mid,1.64,3,1239.5,0,Runwal Group,0.78,Tier2,1,PMHA94588,10,"Visitor Parking, Power Backup, CCTV, Swimming Pool, Landscaped Garden, Children's Play Area, Jogging Track, Clubhouse, Indoor Games Room, Lift",12536.0,19238.0,23846401.0,0.06,1430784.0,30000.0,52887.0,2.66,0,1
100512,Mumbai,Thane West,400601,mid,1.65,2,809.3,18,Runwal Group,0.78,Tier2,1,PMHA92368,11,"Visitor Parking, Children's Play Area, Landscaped Garden, Lift, 24/7 Security, Jogging Track, Gymnasium, Indoor Games Room, Clubhouse, CCTV, Power Backup",14283.0,18726.0,15154657.0,0.06,909279.0,30000.0,42826.0,3.39,1,1
100513,Mumbai,Thane West,400601,mid,1.46,3,1182.6,10,Brigade Group,0.88,Tier1,1,PMHA59013,7,"Clubhouse, Jogging Track, Lift, Children's Play Area, Swimming Pool, CCTV, Gymnasium",13108.0,17895.0,21162418.0,0.06,1269745.0,30000.0,36102.0,2.05,0,1
100514,Mumbai,Thane West,400601,mid,1.7,1,428.7,15,Prestige Group,0.92,Tier1,1,PMHA36079,3,"Clubhouse, Power Backup, Visitor Parking",10104.0,13514.0,5793918.0,0.06,347635.0,30000.0,12453.0,2.58,0,0
100515,Mumbai,Thane West,400601,mid,1.74,3,1028.5,19,Oberoi Realty,0.9,Tier1,1,PMHA72125,5,"Jogging Track, Clubhouse, CCTV, Visitor Parking, Children's Play Area",13843.0,16922.0,17405056.0,0.06,1044303.0,30000.0,39891.0,2.75,1,0
100516,Mumbai,Thane West,400601,mid,1.62,2,863.2,19,Lodha Group,0.95,Tier1,1,PMHA72729,7,"24/7 Security, Swimming Pool, Gymnasium, Visitor Parking, Children's Play Area, Landscaped Garden, Clubhouse",12169.0,14891.0,12853965.0,0.06,771238.0,30000.0,34258.0,3.2,1,1
100517,Mumbai,Thane West,400601,mid,1.5,1,396.2,3,Runwal Group,0.78,Tier2,1,PMHA29091,12,"Visitor Parking, Landscaped Garden, Lift, 24/7 Security, Children's Play Area, Gymnasium, Swimming Pool, Power Backup, CCTV, Clubhouse, Indoor Games Room, Jogging Track",12474.0,18827.0,7458528.0,0.06,447512.0,30000.0,19378.0,3.12,0,1
100518,Mumbai,Thane West,400601,mid,1.61,4,1585.8,20,Puravankara,0.8,Tier2,1,PMHA15222,12,"Lift, Clubhouse, Landscaped Garden, Visitor Parking, Power Backup, Jogging Track, Swimming Pool, Gymnasium, 24/7 Security, Children's Play Area, CCTV, Indoor Games Room",14129.0,19450.0,30845496.0,0.06,1850730.0,30000.0,83353.0,3.24,1,1
100519,Mumbai,Thane West,400601,mid,1.42,3,1040.9,22,Kolte-Patil,0.82,Tier2,1,PMHA79637,10,"Clubhouse, Children's Play Area, Indoor Games Room, Lift, Jogging Track, CCTV, Visitor Parking, Power Backup, 24/7 Security, Landscaped Garden",13242.0,19787.0,20596973.0,0.06,1235818.0,30000.0,61100.0,3.56,1,1
100520,Mumbai,Thane West,400601,mid,1.64,3,993.1,5,Oberoi Realty,0.9,Tier1,1,PMHA85348,11,"Gymnasium, 24/7 Security, CCTV, Landscaped Garden, Clubhouse, Swimming Pool, Visitor Parking, Children's Play Area, Power Backup, Indoor Games Room, Jogging Track",11094.0,17146.0,17026785.0,0.06,1021607.0,30000.0,35999.0,2.54,1,1
100521,Mumbai,Thane West,400601,mid,1.23,3,1303.9,10,Runwal Group,0.78,Tier2,1,PMHA71267,7,"CCTV, Visitor Parking, Swimming Pool, Landscaped Garden, Children's Play Area, Clubhouse, Gymnasium",9876.0,13540.0,17654907.0,0.06,1059294.0,30000.0,48605.0,3.3,1,1
100522,Mumbai,Thane West,400601,mid,1.37,3,1010.4,12,Sobha Ltd,0.91,Tier1,1,PMHA97319,3,"24/7 Security, Landscaped Garden, Jogging Track",12244.0,14487.0,14638221.0,0.06,878293.0,30000.0,51253.0,4.2,0,0
100523,Mumbai,Thane West,400601,mid,1.46,2,683.2,1,Kolte-Patil,0.82,Tier2,1,PMHA11394,8,"CCTV, 24/7 Security, Gymnasium, Clubhouse, Lift, Indoor Games Room, Swimming Pool, Visitor Parking",14382.0,20776.0,14194408.0,0.06,851664.0,30000.0,36279.0,3.07,1,1
100524,Mumbai,Thane West,400601,mid,1.67,2,742.8,3,Godrej Properties,0.93,Tier1,1,PMHA98924,9,"Landscaped Garden, Children's Play Area, Lift, Visitor Parking, Jogging Track, CCTV, 24/7 Security, Indoor Games Room, Power Backup",12492.0,19069.0,14164749.0,0.06,849885.0,30000.0,19713.0,1.67,0,1
100525,Mumbai,Thane West,400601,mid,1.65,3,1370.9,24,Puravankara,0.8,Tier2,1,PMHA37341,6,"Swimming Pool, Landscaped Garden, CCTV, Indoor Games Room, Children's Play Area, Gymnasium",9683.0,11703.0,16043659.0,0.06,962620.0,30000.0,39017.0,2.92,0,1
100526,Mumbai,Thane West,400601,mid,1.28,3,1276.7,21,Kolte-Patil,0.82,Tier2,1,PMHA83796,6,"24/7 Security, Swimming Pool, Gymnasium, Clubhouse, Landscaped Garden, Lift",10924.0,12140.0,15499262.0,0.06,929956.0,30000.0,38864.0,3.01,1,1
100527,Mumbai,Thane West,400601,mid,1.51,4,1983.2,20,Regional Builders Ltd,0.5,Tier3,1,PMHA11344,6,"Gymnasium, Children's Play Area, Jogging Track, Visitor Parking, Swimming Pool, 24/7 Security",12181.0,12819.0,25422785.0,0.06,1525367.0,30000.0,48577.0,2.29,0,1
100528,Mumbai,Thane West,400601,mid,1.7,4,2021.9,6,Brigade Group,0.88,Tier1,1,PMHA52557,12,"CCTV, Visitor Parking, Jogging Track, Clubhouse, 24/7 Security, Power Backup, Landscaped Garden, Lift, Gymnasium, Children's Play Area, Swimming Pool, Indoor Games Room",13180.0,19367.0,39158876.0,0.06,2349533.0,30000.0,105999.0,3.25,1,1
100529,Mumbai,Thane West,400601,mid,1.22,3,1250.2,17,Kolte-Patil,0.82,Tier2,1,PMHA68752,4,"Clubhouse, CCTV, Lift, Swimming Pool",10627.0,13053.0,16318776.0,0.06,979127.0,30000.0,39310.0,2.89,1,0
100530,Mumbai,Thane West,400601,mid,1.27,2,747.8,0,Local Developer Co,0.55,Tier3,0,,12,"Visitor Parking, Jogging Track, Clubhouse, Children's Play Area, Indoor Games Room, 24/7 Security, Landscaped Garden, CCTV, Power Backup, Gymnasium, Swimming Pool, Lift",9681.0,13776.0,10301931.0,0.06,618116.0,30000.0,26476.0,3.08,0,1
100531,Mumbai,Thane West,400601,mid,1.54,4,1574.6,0,Brigade Group,0.88,Tier1,1,PMHA57014,5,"Clubhouse, CCTV, Swimming Pool, Jogging Track, Gymnasium",9870.0,13447.0,21173606.0,0.06,1270416.0,30000.0,35384.0,2.01,0,0
100532,Mumbai,Thane West,400601,mid,1.8,1,450.9,7,Brigade Group,0.88,Tier1,1,PMHA71320,9,"Visitor Parking, Swimming Pool, Clubhouse, Children's Play Area, Indoor Games Room, Power Backup, Lift, Jogging Track, Landscaped Garden",13178.0,20716.0,9340617.0,0.06,560437.0,30000.0,30596.0,3.93,1,1
100533,Mumbai,Thane West,400601,mid,1.47,4,1602.7,2,Lodha Group,0.95,Tier1,1,PMHA47530,6,"CCTV, Power Backup, Clubhouse, Indoor Games Room, 24/7 Security, Swimming Pool",13453.0,19272.0,30887368.0,0.06,1853242.0,30000.0,84219.0,3.27,0,1
100534,Mumbai,Thane West,400601,mid,1.87,1,387.6,8,Runwal Group,0.78,Tier2,1,PMHA71803,7,"Lift, Clubhouse, Jogging Track, 24/7 Security, Children's Play Area, Power Backup, Gymnasium",10600.0,15492.0,6004452.0,0.06,360267.0,30000.0,15921.0,3.18,0,1
100535,Mumbai,Thane West,400601,mid,1.66,3,1296.2,17,Prestige Group,0.92,Tier1,1,PMHA80885,3,"Landscaped Garden, Jogging Track, Children's Play Area",11857.0,15283.0,19810140.0,0.06,1188608.0,30000.0,58702.0,3.56,1,0
100536,Mumbai,Thane West,400601,mid,1.41,3,1268.3,11,Regional Builders Ltd,0.5,Tier3,1,PMHA33229,10,"Gymnasium, Power Backup, Visitor Parking, CCTV, Swimming Pool, Landscaped Garden, 24/7 Security, Children's Play Area, Clubhouse, Lift",10528.0,13133.0,16657311.0,0.06,999439.0,30000.0,44667.0,3.22,0,1
100537,Mumbai,Thane West,400601,mid,1.61,2,744.1,0,Puravankara,0.8,Tier2,1,PMHA91024,10,"Landscaped Garden, Lift, CCTV, 24/7 Security, Visitor Parking, Gymnasium, Jogging Track, Power Backup, Children's Play Area, Swimming Pool",12138.0,17975.0,13375275.0,0.06,802516.0,30000.0,33887.0,3.04,1,1
100538,Mumbai,Thane West,400601,mid,1.34,2,791.9,14,Runwal Group,0.78,Tier2,1,PMHA91913,11,"Swimming Pool, Gymnasium, Jogging Track, 24/7 Security, Visitor Parking, Indoor Games Room, Clubhouse, Lift, Power Backup, Landscaped Garden, CCTV",14411.0,19212.0,15214403.0,0.06,912864.0,30000.0,23181.0,1.83,0,1
100539,Mumbai,Thane West,400601,mid,1.47,3,1379.9,24,Prestige Group,0.92,Tier1,1,PMHA37533,4,"Landscaped Garden, 24/7 Security, Swimming Pool, Lift",10439.0,12747.0,17590058.0,0.06,1055403.0,30000.0,40143.0,2.74,1,0
100540,Mumbai,Thane West,400601,mid,1.6,1,493.2,21,Prestige Group,0.92,Tier1,1,PMHA37469,3,"Power Backup, Lift, Landscaped Garden",10129.0,12334.0,6082559.0,0.06,364954.0,30000.0,11462.0,2.26,1,0
100541,Mumbai,Thane West,400601,mid,1.47,3,1331.9,12,Regional Builders Ltd,0.5,Tier3,1,PMHA48367,4,"Lift, Landscaped Garden, Indoor Games Room, Swimming Pool",12525.0,14448.0,19243166.0,0.06,1154590.0,30000.0,29972.0,1.87,1,0
100542,Mumbai,Thane West,400601,mid,1.36,2,816.7,16,Local Developer Co,0.55,Tier3,1,PMHA30156,6,"Gymnasium, Lift, Swimming Pool, Indoor Games Room, Clubhouse, Jogging Track",12130.0,16421.0,13410946.0,0.06,804657.0,30000.0,27507.0,2.46,1,1
100543,Mumbai,Thane West,400601,mid,1.39,3,1322.8,20,Regional Builders Ltd,0.5,Tier3,1,PMHA79027,3,"CCTV, Clubhouse, Landscaped Garden",13360.0,13732.0,18164816.0,0.06,1089889.0,30000.0,34484.0,2.28,1,0
100544,Mumbai,Thane West,400601,mid,1.49,3,1306.5,0,Runwal Group,0.78,Tier2,1,PMHA53675,6,"Swimming Pool, Jogging Track, Visitor Parking, 24/7 Security, Power Backup, Lift",12901.0,19143.0,25010035.0,0.06,1500602.0,30000.0,64982.0,3.12,0,1
100545,Mumbai,Thane West,400601,mid,1.61,2,830.4,19,Oberoi Realty,0.9,Tier1,1,PMHA36491,10,"Children's Play Area, Lift, Jogging Track, CCTV, Gymnasium, Landscaped Garden, Clubhouse, 24/7 Security, Visitor Parking, Power Backup",10723.0,14082.0,11694643.0,0.06,701679.0,30000.0,33252.0,3.41,1,1
100546,Mumbai,Thane West,400601,mid,1.43,4,1646.9,3,Kolte-Patil,0.82,Tier2,1,PMHA49651,4,"Clubhouse, Jogging Track, Landscaped Garden, Lift",12733.0,16501.0,27176867.0,0.06,1630612.0,30000.0,50328.0,2.22,0,0
100547,Mumbai,Thane West,400601,mid,1.43,4,2007.7,7,Prestige Group,0.92,Tier1,1,PMHA78120,3,"Visitor Parking, Swimming Pool, Landscaped Garden",12034.0,16060.0,32244089.0,0.06,1934645.0,30000.0,51790.0,1.93,0,0
100548,Mumbai,Thane West,400601,mid,1.49,2,948.9,13,Brigade Group,0.88,Tier1,1,PMHA53711,7,"Children's Play Area, Landscaped Garden, Jogging Track, Lift, CCTV, Clubhouse, Power Backup",12583.0,17577.0,16678682.0,0.06,1000721.0,30000.0,34014.0,2.45,1,1
100549,Mumbai,Thane West,400601,mid,1.55,2,918.6,1,Regional Builders Ltd,0.5,Tier3,1,PMHA72499,3,"CCTV, Indoor Games Room, Power Backup",12594.0,13930.0,12796215.0,0.06,767773.0,30000.0,28793.0,2.7,0,0
100550,Mumbai,Thane West,400601,mid,1.53,3,980.1,14,Runwal Group,0.78,Tier2,1,PMHA66333,12,"24/7 Security, Lift, Clubhouse, Power Backup, Visitor Parking, Landscaped Garden, Children's Play Area, Gymnasium, Indoor Games Room, CCTV, Jogging Track, Swimming Pool",11480.0,16376.0,16049016.0,0.06,962941.0,30000.0,30912.0,2.31,1,1
100551,Mumbai,Thane West,400601,mid,1.39,4,1962.3,14,Brigade Group,0.88,Tier1,1,PMHA81616,11,"Clubhouse, Swimming Pool, Landscaped Garden, Jogging Track, Gymnasium, Visitor Parking, 24/7 Security, Indoor Games Room, CCTV, Lift, Children's Play Area",9759.0,15278.0,29980019.0,0.06,1798801.0,30000.0,81978.0,3.28,1,1
100552,Mumbai,Thane West,400601,mid,1.45,1,491.1,4,Runwal Group,0.78,Tier2,1,PMHA56425,10,"Clubhouse, Lift, Indoor Games Room, Visitor Parking, Jogging Track, Swimming Pool, Landscaped Garden, Gymnasium, CCTV, Power Backup",13376.0,16578.0,8141507.0,0.06,488490.0,30000.0,23249.0,3.43,1,1
100553,Mumbai,Thane West,400601,mid,1.69,3,1163.0,19,Local Developer Co,0.55,Tier3,0,,9,"Lift, Power Backup, Clubhouse, Gymnasium, Indoor Games Room, Visitor Parking, Children's Play Area, Jogging Track, CCTV",14311.0,17152.0,19948767.0,0.06,1196926.0,30000.0,53152.0,3.2,1,1
100554,Mumbai,Thane West,400601,mid,1.45,1,516.8,5,Godrej Properties,0.93,Tier1,1,PMHA60073,8,"Landscaped Garden, CCTV, Indoor Games Room, Swimming Pool, Power Backup, Visitor Parking, Jogging Track, Gymnasium",11470.0,16994.0,8782141.0,0.06,526928.0,30000.0,20337.0,2.78,0,1
100555,Mumbai,Thane West,400601,mid,1.49,3,1067.6,20,Runwal Group,0.78,Tier2,1,PMHA94306,6,"Swimming Pool, Landscaped Garden, Power Backup, Lift, Jogging Track, 24/7 Security",13657.0,16091.0,17179358.0,0.06,1030761.0,30000.0,43609.0,3.05,1,1
100556,Mumbai,Thane West,400601,mid,1.4,1,517.3,1,Prestige Group,0.92,Tier1,1,PMHA71550,4,"Lift, Swimming Pool, Landscaped Garden, 24/7 Security",11656.0,14721.0,7615926.0,0.06,456956.0,30000.0,15728.0,2.48,1,0
100557,Mumbai,Thane West,400601,mid,1.41,4,1711.4,4,Oberoi Realty,0.9,Tier1,1,PMHA48346,10,"24/7 Security, Children's Play Area, Clubhouse, Swimming Pool, Jogging Track, Lift, CCTV, Power Backup, Landscaped Garden, Indoor Games Room",13155.0,18987.0,32494547.0,0.06,1949673.0,30000.0,53554.0,1.98,1,1
100558,Mumbai,Thane West,400601,mid,1.39,2,840.3,16,Kolte-Patil,0.82,Tier2,1,PMHA91688,8,"Power Backup, Visitor Parking, 24/7 Security, Landscaped Garden, Swimming Pool, CCTV, Children's Play Area, Gymnasium",11704.0,15226.0,12794879.0,0.06,767693.0,30000.0,33412.0,3.13,1,1
100559,Mumbai,Thane West,400601,mid,1.45,2,877.8,15,Regional Builders Ltd,0.5,Tier3,1,PMHA62953,12,"Landscaped Garden, CCTV, Power Backup, Clubhouse, Visitor Parking, Jogging Track, Swimming Pool, Children's Play Area, Indoor Games Room, Lift, 24/7 Security, Gymnasium",13667.0,16179.0,14201472.0,0.06,852088.0,30000.0,20939.0,1.77,0,1
100560,Mumbai,Thane West,400601,mid,1.4,2,934.7,19,Godrej Properties,0.93,Tier1,1,PMHA58188,5,"Swimming Pool, Clubhouse, Indoor Games Room, Landscaped Garden, Lift",12616.0,15870.0,14833370.0,0.06,890002.0,30000.0,42180.0,3.41,1,0
100561,Mumbai,Thane West,400601,mid,1.46,3,1222.2,2,Oberoi Realty,0.9,Tier1,1,PMHA83278,11,"Gymnasium, Power Backup, Children's Play Area, Visitor Parking, Swimming Pool, Indoor Games Room, 24/7 Security, CCTV, Lift, Landscaped Garden, Jogging Track",13655.0,21360.0,26106102.0,0.06,1566366.0,30000.0,57869.0,2.66,1,1
100562,Mumbai,Thane West,400601,mid,1.42,1,475.9,22,Local Developer Co,0.55,Tier3,1,PMHA62270,12,"Power Backup, Landscaped Garden, Indoor Games Room, Gymnasium, Clubhouse, CCTV, Lift, Jogging Track, Children's Play Area, Swimming Pool, Visitor Parking, 24/7 Security",10406.0,12138.0,5775824.0,0.06,346549.0,30000.0,18274.0,3.8,1,1
100563,Mumbai,Thane West,400601,mid,1.58,3,1297.8,23,Godrej Properties,0.93,Tier1,1,PMHA21191,11,"Indoor Games Room, 24/7 Security, Swimming Pool, Visitor Parking, CCTV, Clubhouse, Gymnasium, Lift, Landscaped Garden, Jogging Track, Power Backup",13385.0,20087.0,26068352.0,0.06,1564101.0,30000.0,36921.0,1.7,0,1
100564,Mumbai,Thane West,400601,mid,1.34,3,1143.3,20,Prestige Group,0.92,Tier1,1,PMHA33867,12,"Gymnasium, Lift, Clubhouse, Power Backup, CCTV, 24/7 Security, Swimming Pool, Jogging Track, Indoor Games Room, Children's Play Area, Landscaped Garden, Visitor Parking",11064.0,16591.0,18968643.0,0.06,1138119.0,30000.0,47774.0,3.02,1,1
100565,Mumbai,Thane West,400601,mid,1.37,3,1229.9,24,Runwal Group,0.78,Tier2,1,PMHA23457,3,"Visitor Parking, Landscaped Garden, Children's Play Area",12428.0,14780.0,18177438.0,0.06,1090646.0,30000.0,55405.0,3.66,0,0
100566,Mumbai,Thane West,400601,mid,1.58,1,475.1,24,Prestige Group,0.92,Tier1,1,PMHA85237,4,"Clubhouse, Children's Play Area, CCTV, Indoor Games Room",9651.0,10742.0,5103262.0,0.06,306196.0,30000.0,9479.0,2.23,1,0
100567,Mumbai,Thane West,400601,mid,1.6,3,1284.9,3,Lodha Group,0.95,Tier1,1,PMHA36186,6,"Jogging Track, Gymnasium, Power Backup, Landscaped Garden, Lift, Visitor Parking",12422.0,19273.0,24764700.0,0.06,1485882.0,30000.0,43309.0,2.1,0,1
100568,Mumbai,Thane West,400601,mid,1.6,3,1258.0,10,Prestige Group,0.92,Tier1,1,PMHA77126,5,"Swimming Pool, Children's Play Area, 24/7 Security, Lift, Power Backup",11650.0,16697.0,21004912.0,0.06,1260295.0,30000.0,62836.0,3.59,0,0
100569,Mumbai,Thane West,400601,mid,1.49,3,1139.2,6,Prestige Group,0.92,Tier1,1,PMHA79790,7,"Gymnasium, Children's Play Area, Clubhouse, Swimming Pool, Power Backup, Landscaped Garden, Visitor Parking",13123.0,18771.0,21384404.0,0.06,1283064.0,30000.0,46011.0,2.58,1,1
100570,Mumbai,Thane West,400601,mid,1.66,1,498.2,0,Puravankara,0.8,Tier2,1,PMHA22120,7,"Indoor Games Room, Power Backup, Children's Play Area, Visitor Parking, Landscaped Garden, Lift, Gymnasium",12874.0,17758.0,8846132.0,0.06,530768.0,30000.0,20082.0,2.72,1,1
100571,Mumbai,Thane West,400601,mid,1.35,3,1053.4,18,Runwal Group,0.78,Tier2,1,PMHA54639,4,"Visitor Parking, Swimming Pool, Indoor Games Room, Children's Play Area",10663.0,12741.0,13421364.0,0.06,805282.0,30000.0,26337.0,2.35,0,0
100572,Mumbai,Thane West,400601,mid,1.79,2,853.3,11,Local Developer Co,0.55,Tier3,1,PMHA28105,9,"Visitor Parking, Indoor Games Room, Lift, Gymnasium, CCTV, Power Backup, Jogging Track, Clubhouse, Children's Play Area",13850.0,18950.0,16169577.0,0.06,970175.0,30000.0,42050.0,3.12,1,1
100573,Mumbai,Thane West,400601,mid,1.8,4,2052.2,15,Regional Builders Ltd,0.5,Tier3,1,PMHA93852,11,"24/7 Security, CCTV, Lift, Clubhouse, Children's Play Area, Indoor Games Room, Power Backup, Gymnasium, Jogging Track, Visitor Parking, Swimming Pool",12761.0,16137.0,33116573.0,0.06,1986994.0,30000.0,71101.0,2.58,0,1
100574,Mumbai,Thane West,400601,mid,1.36,2,759.1,5,Puravankara,0.8,Tier2,1,PMHA19248,9,"24/7 Security, Swimming Pool, Landscaped Garden, Jogging Track, Lift, Children's Play Area, CCTV, Visitor Parking, Indoor Games Room",14094.0,21952.0,16663068.0,0.06,999784.0,30000.0,33571.0,2.42,1,1
100575,Mumbai,Thane West,400601,mid,1.38,2,733.8,22,Sobha Ltd,0.91,Tier1,1,PMHA29635,12,"CCTV, Lift, Jogging Track, Swimming Pool, Indoor Games Room, Clubhouse, Gymnasium, Children's Play Area, 24/7 Security, Visitor Parking, Landscaped Garden, Power Backup",14438.0,20367.0,14944209.0,0.06,896653.0,30000.0,27657.0,2.22,0,1
100576,Mumbai,Thane West,400601,mid,1.47,3,1031.4,0,Puravankara,0.8,Tier2,1,PMHA22558,6,"Jogging Track, Swimming Pool, Children's Play Area, Landscaped Garden, Lift, 24/7 Security",10255.0,13456.0,13877954.0,0.06,832677.0,30000.0,30817.0,2.66,1,1
100577,Mumbai,Thane West,400601,mid,1.3,3,1207.0,24,Local Developer Co,0.55,Tier3,0,,10,"Indoor Games Room, Power Backup, Clubhouse, Visitor Parking, 24/7 Security, Lift, Gymnasium, Jogging Track, CCTV, Swimming Pool",13514.0,16201.0,19554292.0,0.06,1173258.0,30000.0,49157.0,3.02,1,1
100578,Mumbai,Thane West,400601,mid,1.65,4,1887.0,13,Brigade Group,0.88,Tier1,1,PMHA82134,10,"Swimming Pool, Power Backup, Jogging Track, Lift, CCTV, Visitor Parking, Children's Play Area, 24/7 Security, Landscaped Garden, Clubhouse",14325.0,21630.0,40816861.0,0.06,2449012.0,30000.0,61979.0,1.82,1,1
100579,Mumbai,Thane West,400601,mid,1.45,2,930.8,6,Regional Builders Ltd,0.5,Tier3,1,PMHA64985,10,"Gymnasium, Indoor Games Room, Power Backup, Children's Play Area, 24/7 Security, CCTV, Swimming Pool, Visitor Parking, Jogging Track, Clubhouse",10927.0,13537.0,12600144.0,0.06,756009.0,30000.0,27770.0,2.64,0,1
100580,Mumbai,Thane West,400601,mid,1.41,2,806.0,23,Kolte-Patil,0.82,Tier2,1,PMHA90343,7,"Jogging Track, Children's Play Area, Landscaped Garden, Gymnasium, Lift, Indoor Games Room, Swimming Pool",13993.0,17837.0,14377168.0,0.06,862630.0,30000.0,37288.0,3.11,1,1
100581,Mumbai,Thane West,400601,mid,1.33,3,1020.5,18,Local Developer Co,0.55,Tier3,1,PMHA99879,8,"Power Backup, Gymnasium, Lift, Indoor Games Room, CCTV, 24/7 Security, Landscaped Garden, Children's Play Area",11057.0,12730.0,12991033.0,0.06,779462.0,30000.0,25637.0,2.37,1,1
100582,Mumbai,Thane West,400601,mid,1.68,2,758.9,16,Local Developer Co,0.55,Tier3,1,PMHA31634,7,"Clubhouse, Landscaped Garden, Children's Play Area, Indoor Games Room, Jogging Track, CCTV, Visitor Parking",10364.0,12480.0,9471012.0,0.06,568261.0,30000.0,18863.0,2.39,0,1
100583,Mumbai,Thane West,400601,mid,1.32,2,704.5,5,Oberoi Realty,0.9,Tier1,1,PMHA38368,4,"Indoor Games Room, Clubhouse, Gymnasium, Children's Play Area",14272.0,20658.0,14554499.0,0.06,873270.0,30000.0,37103.0,3.06,0,0
100584,Mumbai,Thane West,400601,mid,1.46,1,497.4,18,Regional Builders Ltd,0.5,Tier3,0,,6,"Clubhouse, Lift, Indoor Games Room, 24/7 Security, Visitor Parking, Swimming Pool",11134.0,13413.0,6671713.0,0.06,400303.0,30000.0,13572.0,2.44,1,1
100585,Mumbai,Thane West,400601,mid,1.59,3,1277.5,20,Runwal Group,0.78,Tier2,1,PMHA38163,5,"Power Backup, Children's Play Area, CCTV, Lift, Swimming Pool",10424.0,12737.0,16271876.0,0.06,976313.0,30000.0,52168.0,3.85,1,0
100586,Mumbai,Thane West,400601,mid,1.51,4,1785.7,14,Sobha Ltd,0.91,Tier1,1,PMHA55723,10,"Visitor Parking, CCTV, 24/7 Security, Landscaped Garden, Jogging Track, Lift, Children's Play Area, Gymnasium, Power Backup, Swimming Pool",12402.0,16818.0,30031514.0,0.06,1801891.0,30000.0,48051.0,1.92,1,1
100587,Mumbai,Thane West,400601,mid,1.51,3,1023.1,3,Godrej Properties,0.93,Tier1,1,PMHA32887,4,"Swimming Pool, Jogging Track, Gymnasium, Indoor Games Room",9583.0,13078.0,13380916.0,0.06,802855.0,30000.0,18260.0,1.64,1,0
100588,Mumbai,Thane West,400601,mid,1.35,3,984.5,3,Runwal Group,0.78,Tier2,1,PMHA38116,6,"Clubhouse, Swimming Pool, CCTV, Gymnasium, Landscaped Garden, Jogging Track",13369.0,18999.0,18704243.0,0.06,1122255.0,30000.0,41413.0,2.66,1,1
100589,Mumbai,Thane West,400601,mid,1.48,3,1290.7,20,Godrej Properties,0.93,Tier1,1,PMHA32255,3,"Power Backup, Landscaped Garden, Children's Play Area",13235.0,15958.0,20596542.0,0.06,1235793.0,30000.0,54460.0,3.17,1,0
100590,Mumbai,Thane West,400601,mid,1.53,2,818.2,8,Godrej Properties,0.93,Tier1,1,PMHA51679,12,"Landscaped Garden, Visitor Parking, CCTV, Power Backup, Clubhouse, Jogging Track, Indoor Games Room, 24/7 Security, Swimming Pool, Lift, Gymnasium, Children's Play Area",13608.0,21016.0,17194840.0,0.06,1031690.0,30000.0,45894.0,3.2,1,1
100591,Mumbai,Thane West,400601,mid,1.37,2,688.0,18,Prestige Group,0.92,Tier1,1,PMHA14470,6,"Visitor Parking, Lift, Gymnasium, Children's Play Area, Swimming Pool, Indoor Games Room",12919.0,17539.0,12066260.0,0.06,723976.0,30000.0,28315.0,2.82,1,1
100592,Mumbai,Thane West,400601,mid,1.48,3,1394.4,20,Godrej Properties,0.93,Tier1,1,PMHA41584,12,"Clubhouse, Indoor Games Room, Power Backup, Gymnasium, Jogging Track, CCTV, Landscaped Garden, Children's Play Area, Visitor Parking, 24/7 Security, Lift, Swimming Pool",10924.0,15568.0,21708653.0,0.06,1302519.0,30000.0,44772.0,2.47,1,1
100593,Mumbai,Thane West,400601,mid,1.82,3,1103.3,8,Local Developer Co,0.55,Tier3,0,,12,"Landscaped Garden, Visitor Parking, 24/7 Security, Gymnasium, Lift, Power Backup, Jogging Track, Indoor Games Room, CCTV, Clubhouse, Children's Play Area, Swimming Pool",9554.0,12749.0,14066410.0,0.06,843985.0,30000.0,26065.0,2.22,1,1
100594,Mumbai,Thane West,400601,mid,1.44,3,1141.4,17,Kolte-Patil,0.82,Tier2,1,PMHA47175,12,"Children's Play Area, Lift, Visitor Parking, CCTV, Power Backup, Clubhouse, Swimming Pool, Landscaped Garden, 24/7 Security, Jogging Track, Gymnasium, Indoor Games Room",14283.0,19472.0,22225619.0,0.06,1333537.0,30000.0,47297.0,2.55,0,1
100595,Mumbai,Thane West,400601,mid,1.4,3,1026.8,20,Runwal Group,0.78,Tier2,1,PMHA24176,11,"Lift, Swimming Pool, Landscaped Garden, 24/7 Security, Power Backup, Indoor Games Room, Jogging Track, Children's Play Area, Gymnasium, Visitor Parking, Clubhouse",11813.0,15061.0,15465200.0,0.06,927912.0,30000.0,29454.0,2.29,1,1
100596,Mumbai,Thane West,400601,mid,1.3,3,1101.6,3,Godrej Properties,0.93,Tier1,1,PMHA22181,8,"Jogging Track, Indoor Games Room, Clubhouse, Landscaped Garden, CCTV, Swimming Pool, 24/7 Security, Gymnasium",11004.0,14936.0,16453470.0,0.06,987208.0,30000.0,34952.0,2.55,1,1
100597,Mumbai,Thane West,400601,mid,1.42,2,761.7,1,Sobha Ltd,0.91,Tier1,1,PMHA74471,7,"Visitor Parking, CCTV, Lift, Power Backup, Gymnasium, Clubhouse, Landscaped Garden",13692.0,19015.0,14484344.0,0.06,869061.0,30000.0,41576.0,3.44,1,1
100598,Mumbai,Thane West,400601,mid,1.55,2,916.0,20,Godrej Properties,0.93,Tier1,1,PMHA67705,10,"Jogging Track, Landscaped Garden, Children's Play Area, Gymnasium, Visitor Parking, Power Backup, Swimming Pool, CCTV, Indoor Games Room, Lift",13247.0,19042.0,17441937.0,0.06,1046516.0,30000.0,35752.0,2.46,1,1
100599,Mumbai,Thane West,400601,mid,1.56,1,427.8,10,Brigade Group,0.88,Tier1,1,PMHA31461,5,"Visitor Parking, Indoor Games Room, Children's Play Area, Lift, Power Backup",11184.0,14313.0,6122969.0,0.06,367378.0,30000.0,11923.0,2.34,0,0
100600,Mumbai,Thane West,400601,mid,1.61,3,1317.1,21,Puravankara,0.8,Tier2,1,PMHA66020,10,"Landscaped Garden, Indoor Games Room, Swimming Pool, Visitor Parking, 24/7 Security, CCTV, Jogging Track, Lift, Power Backup, Clubhouse",9942.0,13193.0,17376551.0,0.06,1042593.0,30000.0,28137.0,1.94,0,1
100601,Mumbai,Mulund West,400080,mid,0.67,4,1572.9,17,Brigade Group,0.88,Tier1,1,PMHA12197,10,"CCTV, Lift, Jogging Track, Children's Play Area, Landscaped Garden, Power Backup, Indoor Games Room, Clubhouse, 24/7 Security, Visitor Parking",13297.0,18104.0,28474866.0,0.06,1708492.0,30000.0,73073.0,3.08,0,1
100602,Mumbai,Mulund West,400080,mid,1.07,2,949.3,24,Lodha Group,0.95,Tier1,1,PMHA52425,12,"Children's Play Area, Swimming Pool, Jogging Track, Clubhouse, 24/7 Security, Power Backup, Indoor Games Room, CCTV, Gymnasium, Landscaped Garden, Visitor Parking, Lift",13088.0,17338.0,16458477.0,0.06,987509.0,30000.0,35204.0,2.57,0,1
100603,Mumbai,Mulund West,400080,mid,0.56,3,972.4,18,Prestige Group,0.92,Tier1,1,PMHA18550,7,"Clubhouse, Lift, Landscaped Garden, Power Backup, Visitor Parking, Children's Play Area, Indoor Games Room",16134.0,19365.0,18829346.0,0.06,1129761.0,30000.0,28740.0,1.83,1,1
100604,Mumbai,Mulund West,400080,mid,1.11,2,690.1,22,Puravankara,0.8,Tier2,1,PMHA81084,9,"CCTV, Children's Play Area, Jogging Track, Lift, Power Backup, Clubhouse, Landscaped Garden, 24/7 Security, Visitor Parking",13903.0,18698.0,12903558.0,0.06,774213.0,30000.0,33616.0,3.13,1,1
100605,Mumbai,Mulund West,400080,mid,0.82,2,899.8,18,Godrej Properties,0.93,Tier1,1,PMHA93724,8,"Swimming Pool, Gymnasium, Landscaped Garden, CCTV, Power Backup, Visitor Parking, 24/7 Security, Jogging Track",16958.0,23229.0,20900768.0,0.06,1254046.0,30000.0,44905.0,2.58,0,1
100606,Mumbai,Mulund West,400080,mid,0.82,2,712.8,7,Lodha Group,0.95,Tier1,1,PMHA69793,8,"Power Backup, Children's Play Area, Swimming Pool, Indoor Games Room, Gymnasium, CCTV, Landscaped Garden, Lift",14205.0,21252.0,15147737.0,0.06,908864.0,30000.0,32788.0,2.6,0,1
100607,Mumbai,Mulund West,400080,mid,0.69,4,1775.2,6,Local Developer Co,0.55,Tier3,1,PMHA79003,3,"Indoor Games Room, CCTV, Swimming Pool",15618.0,17747.0,31503675.0,0.06,1890221.0,30000.0,73051.0,2.78,1,0
100608,Mumbai,Mulund West,400080,mid,0.74,2,896.7,23,Local Developer Co,0.55,Tier3,1,PMHA79978,7,"Gymnasium, Clubhouse, CCTV, Visitor Parking, Children's Play Area, Power Backup, Swimming Pool",14270.0,15809.0,14175370.0,0.06,850522.0,30000.0,36806.0,3.12,1,1
100609,Mumbai,Mulund West,400080,mid,1.04,3,1277.5,2,Regional Builders Ltd,0.5,Tier3,0,,3,"Power Backup, Visitor Parking, Jogging Track",14256.0,15226.0,19451275.0,0.06,1167076.0,30000.0,39325.0,2.43,1,0
100610,Mumbai,Mulund West,400080,mid,0.93,3,1015.6,5,Brigade Group,0.88,Tier1,1,PMHA40620,6,"Jogging Track, Visitor Parking, Power Backup, Gymnasium, 24/7 Security, Indoor Games Room",14923.0,20067.0,20379696.0,0.06,1222782.0,30000.0,38633.0,2.27,0,1
100611,Mumbai,Mulund West,400080,mid,0.61,4,1816.3,0,Runwal Group,0.78,Tier2,1,PMHA68986,11,"Landscaped Garden, Visitor Parking, Indoor Games Room, Power Backup, Children's Play Area, Swimming Pool, CCTV, Lift, Jogging Track, 24/7 Security, Gymnasium",16967.0,24241.0,44028307.0,0.06,2641698.0,30000.0,124745.0,3.4,0,1
100612,Mumbai,Mulund West,400080,mid,0.88,3,1042.8,20,Local Developer Co,0.55,Tier3,1,PMHA47121,9,"Indoor Games Room, Gymnasium, Swimming Pool, Landscaped Garden, 24/7 Security, Power Backup, Visitor Parking, Lift, Clubhouse",14478.0,18578.0,19373804.0,0.06,1162428.0,30000.0,50123.0,3.1,0,1
100613,Mumbai,Mulund West,400080,mid,0.78,2,910.9,4,Runwal Group,0.78,Tier2,1,PMHA68649,3,"CCTV, Power Backup, Clubhouse",15544.0,22052.0,20088027.0,0.06,1205282.0,30000.0,38201.0,2.28,1,0
100614,Mumbai,Mulund West,400080,mid,0.71,3,1119.7,17,Kolte-Patil,0.82,Tier2,1,PMHA47517,3,"Lift, Visitor Parking, Clubhouse",14692.0,15999.0,17914278.0,0.06,1074857.0,30000.0,31803.0,2.13,0,0
100615,Mumbai,Mulund West,400080,mid,0.97,2,877.8,18,Lodha Group,0.95,Tier1,1,PMHA62140,6,"Power Backup, Children's Play Area, Landscaped Garden, Jogging Track, Gymnasium, Visitor Parking",16923.0,22397.0,19660286.0,0.06,1179617.0,30000.0,38091.0,2.32,1,1
100616,Mumbai,Mulund West,400080,mid,0.91,4,1508.3,3,Kolte-Patil,0.82,Tier2,1,PMHA34998,5,"Indoor Games Room, Jogging Track, Swimming Pool, 24/7 Security, Lift",14906.0,21832.0,32929024.0,0.06,1975741.0,30000.0,76498.0,2.79,0,0
100617,Mumbai,Mulund West,400080,mid,0.9,3,1234.3,2,Oberoi Realty,0.9,Tier1,1,PMHA30375,8,"Children's Play Area, 24/7 Security, Lift, Power Backup, Landscaped Garden, Clubhouse, CCTV, Indoor Games Room",16569.0,24882.0,30713106.0,0.06,1842786.0,30000.0,91401.0,3.57,1,1
100618,Mumbai,Mulund West,400080,mid,1.17,3,1183.3,18,Runwal Group,0.78,Tier2,1,PMHA15074,9,"Children's Play Area, Jogging Track, Clubhouse, Swimming Pool, 24/7 Security, CCTV, Visitor Parking, Power Backup, Gymnasium",13968.0,17505.0,20713076.0,0.06,1242785.0,30000.0,63739.0,3.69,1,1
100619,Mumbai,Mulund West,400080,mid,0.86,2,677.0,11,Lodha Group,0.95,Tier1,1,PMHA53757,12,"Power Backup, Swimming Pool, 24/7 Security, CCTV, Visitor Parking, Indoor Games Room, Jogging Track, Landscaped Garden, Lift, Gymnasium, Children's Play Area, Clubhouse",18489.0,29629.0,20057556.0,0.06,1203453.0,30000.0,55357.0,3.31,1,1
100620,Mumbai,Mulund West,400080,mid,1.0,1,401.5,4,Local Developer Co,0.55,Tier3,1,PMHA93078,10,"24/7 Security, CCTV, Clubhouse, Jogging Track, Gymnasium, Landscaped Garden, Lift, Swimming Pool, Indoor Games Room, Power Backup",15888.0,23541.0,9450551.0,0.06,567033.0,30000.0,25798.0,3.28,1,1
100621,Mumbai,Mulund West,400080,mid,0.82,3,1119.6,4,Prestige Group,0.92,Tier1,1,PMHA51114,12,"Gymnasium, 24/7 Security, Children's Play Area, Clubhouse, Indoor Games Room, Landscaped Garden, Power Backup, Swimming Pool, CCTV, Lift, Visitor Parking, Jogging Track",15927.0,24100.0,26982116.0,0.06,1618927.0,30000.0,44000.0,1.96,1,1
100622,Mumbai,Mulund West,400080,mid,0.85,2,726.7,12,Lodha Group,0.95,Tier1,1,PMHA61922,12,"Lift, Indoor Games Room, CCTV, 24/7 Security, Power Backup, Children's Play Area, Landscaped Garden, Visitor Parking, Swimming Pool, Jogging Track, Gymnasium, Clubhouse",16257.0,25630.0,18626189.0,0.06,1117571.0,30000.0,33736.0,2.17,0,1
100623,Mumbai,Mulund West,400080,mid,0.9,3,1148.7,20,Godrej Properties,0.93,Tier1,1,PMHA29884,9,"Children's Play Area, Gymnasium, Indoor Games Room, Lift, 24/7 Security, Jogging Track, CCTV, Clubhouse, Landscaped Garden",16931.0,21548.0,24752461.0,0.06,1485148.0,30000.0,63771.0,3.09,0,1
100624,Mumbai,Mulund West,400080,mid,1.21,4,1751.4,18,Runwal Group,0.78,Tier2,1,PMHA45302,7,"Landscaped Garden, Visitor Parking, CCTV, Jogging Track, 24/7 Security, Clubhouse, Children's Play Area",14920.0,18158.0,31802845.0,0.06,1908171.0,30000.0,67931.0,2.56,0,1
100625,Mumbai,Mulund West,400080,mid,0.89,3,1294.7,21,Puravankara,0.8,Tier2,1,PMHA43871,9,"24/7 Security, Lift, Visitor Parking, Clubhouse, Swimming Pool, Jogging Track, Children's Play Area, CCTV, Landscaped Garden",14017.0,18903.0,24472806.0,0.06,1468368.0,30000.0,59631.0,2.92,0,1
100626,Mumbai,Mulund West,400080,mid,0.98,2,805.1,11,Brigade Group,0.88,Tier1,1,PMHA19829,12,"Visitor Parking, Jogging Track, Children's Play Area, Power Backup, Swimming Pool, 24/7 Security, Indoor Games Room, CCTV, Gymnasium, Clubhouse, Landscaped Garden, Lift",14393.0,20109.0,16190703.0,0.06,971442.0,30000.0,43335.0,3.21,0,1
100627,Mumbai,Mulund West,400080,mid,0.89,2,947.3,12,Kolte-Patil,0.82,Tier2,1,PMHA94423,12,"Landscaped Garden, CCTV, Children's Play Area, Swimming Pool, Indoor Games Room, Power Backup, Gymnasium, Lift, Clubhouse, 24/7 Security, Visitor Parking, Jogging Track",14038.0,17683.0,16750884.0,0.06,1005053.0,30000.0,36443.0,2.61,1,1
100628,Mumbai,Mulund West,400080,mid,0.73,2,846.9,5,Prestige Group,0.92,Tier1,1,PMHA14750,10,"Clubhouse, Gymnasium, 24/7 Security, Lift, CCTV, Children's Play Area, Visitor Parking, Landscaped Garden, Power Backup, Indoor Games Room",18255.0,25190.0,21332708.0,0.06,1279962.0,30000.0,51834.0,2.92,1,1
100629,Mumbai,Mulund West,400080,mid,0.8,3,1311.8,13,Oberoi Realty,0.9,Tier1,1,PMHA22305,4,"Visitor Parking, Children's Play Area, Landscaped Garden, CCTV",17235.0,21426.0,28106380.0,0.06,1686383.0,30000.0,51687.0,2.21,1,0
100630,Mumbai,Mulund West,400080,mid,0.83,4,2016.2,5,Kolte-Patil,0.82,Tier2,1,PMHA58531,8,"Gymnasium, Swimming Pool, Children's Play Area, Power Backup, Indoor Games Room, CCTV, Clubhouse, Jogging Track",15104.0,22036.0,44429087.0,0.06,2665745.0,30000.0,108681.0,2.94,0,1
100631,Mumbai,Mulund West,400080,mid,0.85,2,817.0,3,Puravankara,0.8,Tier2,1,PMHA13895,3,"CCTV, Lift, Indoor Games Room",18305.0,25319.0,20685354.0,0.06,1241121.0,30000.0,47983.0,2.78,1,0
100632,Mumbai,Mulund West,400080,mid,1.32,3,1226.6,19,Prestige Group,0.92,Tier1,1,PMHA39122,3,"Landscaped Garden, CCTV, Power Backup",17822.0,21179.0,25977161.0,0.06,1558630.0,30000.0,64815.0,2.99,0,0
100633,Mumbai,Mulund West,400080,mid,0.95,2,832.7,10,Prestige Group,0.92,Tier1,1,PMHA69075,4,"Lift, Visitor Parking, Swimming Pool, 24/7 Security",15130.0,21061.0,17536773.0,0.06,1052206.0,30000.0,36499.0,2.5,1,0
100634,Mumbai,Mulund West,400080,mid,1.04,1,438.3,17,Puravankara,0.8,Tier2,1,PMHA76088,5,"Power Backup, Landscaped Garden, Children's Play Area, Visitor Parking, Swimming Pool",15362.0,18177.0,7966679.0,0.06,478001.0,30000.0,24371.0,3.67,1,0
100635,Mumbai,Mulund West,400080,mid,0.99,3,1335.8,20,Regional Builders Ltd,0.5,Tier3,1,PMHA12881,8,"Landscaped Garden, Clubhouse, CCTV, Indoor Games Room, Children's Play Area, Visitor Parking, Gymnasium, Swimming Pool",13457.0,15868.0,21196742.0,0.06,1271805.0,30000.0,58922.0,3.34,1,1
100636,Mumbai,Mulund West,400080,mid,1.09,1,546.7,19,Prestige Group,0.92,Tier1,1,PMHA58769,8,"Power Backup, 24/7 Security, Indoor Games Room, Swimming Pool, Gymnasium, Clubhouse, Lift, Jogging Track",14084.0,19753.0,10799085.0,0.06,647945.0,30000.0,36830.0,4.09,1,1
100637,Mumbai,Mulund West,400080,mid,0.89,2,892.9,8,Puravankara,0.8,Tier2,1,PMHA39546,9,"24/7 Security, Gymnasium, Lift, Clubhouse, Visitor Parking, CCTV, Jogging Track, Power Backup, Indoor Games Room",14521.0,22745.0,20308160.0,0.06,1218490.0,30000.0,50623.0,2.99,0,1
100638,Mumbai,Mulund West,400080,mid,0.94,2,877.4,8,Sobha Ltd,0.91,Tier1,1,PMHA20429,7,"Jogging Track, 24/7 Security, Clubhouse, Children's Play Area, Visitor Parking, Gymnasium, Swimming Pool",13811.0,18421.0,16162892.0,0.06,969774.0,30000.0,39877.0,2.96,1,1
100639,Mumbai,Mulund West,400080,mid,1.13,1,452.8,12,Kolte-Patil,0.82,Tier2,1,PMHA53563,6,"Swimming Pool, Clubhouse, Power Backup, 24/7 Security, Lift, Gymnasium",14801.0,20164.0,9131033.0,0.06,547862.0,30000.0,22205.0,2.92,1,1
100640,Mumbai,Mulund West,400080,mid,1.33,1,535.9,23,Oberoi Realty,0.9,Tier1,1,PMHA30034,7,"Jogging Track, Clubhouse, Indoor Games Room, Visitor Parking, Lift, Children's Play Area, 24/7 Security",13365.0,16994.0,9107644.0,0.06,546459.0,30000.0,19144.0,2.52,1,1
100641,Mumbai,Mulund West,400080,mid,0.63,1,533.8,0,Regional Builders Ltd,0.5,Tier3,1,PMHA42034,8,"Indoor Games Room, Children's Play Area, Power Backup, 24/7 Security, Lift, CCTV, Swimming Pool, Jogging Track",17524.0,23127.0,12344868.0,0.06,740692.0,30000.0,33457.0,3.25,1,1
100642,Mumbai,Mulund West,400080,mid,0.91,4,1528.3,21,Brigade Group,0.88,Tier1,1,PMHA74924,11,"Jogging Track, Indoor Games Room, Swimming Pool, Visitor Parking, Lift, Clubhouse, Landscaped Garden, Children's Play Area, CCTV, Gymnasium, Power Backup",14112.0,17867.0,27305781.0,0.06,1638347.0,30000.0,59484.0,2.61,0,1
100643,Mumbai,Mulund West,400080,mid,0.97,2,913.6,3,Regional Builders Ltd,0.5,Tier3,1,PMHA19852,12,"Visitor Parking, Children's Play Area, Swimming Pool, 24/7 Security, Gymnasium, Clubhouse, Power Backup, CCTV, Landscaped Garden, Indoor Games Room, Jogging Track, Lift",16011.0,23172.0,21169445.0,0.06,1270167.0,30000.0,60687.0,3.44,0,1
100644,Mumbai,Mulund West,400080,mid,0.99,4,1753.7,11,Brigade Group,0.88,Tier1,1,PMHA87224,7,"CCTV, Swimming Pool, Lift, Jogging Track, 24/7 Security, Power Backup, Clubhouse",18028.0,24819.0,43526068.0,0.06,2611564.0,30000.0,89297.0,2.46,0,1
100645,Mumbai,Mulund West,400080,mid,0.86,3,995.8,14,Runwal Group,0.78,Tier2,1,PMHA60497,9,"Visitor Parking, CCTV, Landscaped Garden, Indoor Games Room, 24/7 Security, Swimming Pool, Jogging Track, Gymnasium, Children's Play Area",14230.0,18933.0,18852767.0,0.06,1131166.0,30000.0,39653.0,2.52,1,1
100646,Mumbai,Mulund West,400080,mid,0.8,2,946.9,13,Runwal Group,0.78,Tier2,1,PMHA75484,11,"Power Backup, CCTV, Jogging Track, Landscaped Garden, 24/7 Security, Gymnasium, Children's Play Area, Visitor Parking, Clubhouse, Swimming Pool, Indoor Games Room",14285.0,21582.0,20434829.0,0.06,1226090.0,30000.0,43916.0,2.58,1,1
100647,Mumbai,Mulund West,400080,mid,0.9,3,1095.4,12,Puravankara,0.8,Tier2,1,PMHA23856,7,"Swimming Pool, Clubhouse, CCTV, Indoor Games Room, Jogging Track, Landscaped Garden, Gymnasium",14051.0,19458.0,21312906.0,0.06,1278774.0,30000.0,41459.0,2.33,1,1
100648,Mumbai,Mulund West,400080,mid,1.01,3,1128.4,14,Brigade Group,0.88,Tier1,1,PMHA41801,8,"Power Backup, Visitor Parking, Indoor Games Room, CCTV, Gymnasium, Clubhouse, Jogging Track, Swimming Pool",14960.0,18553.0,20935216.0,0.06,1256113.0,30000.0,45243.0,2.59,1,1
100649,Mumbai,Mulund West,400080,mid,0.82,3,951.2,14,Runwal Group,0.78,Tier2,1,PMHA71499,3,"Lift, Visitor Parking, Landscaped Garden",16254.0,19178.0,18241979.0,0.06,1094519.0,30000.0,44468.0,2.93,0,0
100650,Mumbai,Mulund West,400080,mid,0.56,2,905.9,24,Godrej Properties,0.93,Tier1,1,PMHA79364,3,"Lift, Visitor Parking, Gymnasium",14297.0,17661.0,15999375.0,0.06,959963.0,30000.0,36873.0,2.77,0,0
100651,Mumbai,Mulund West,400080,mid,0.9,3,1075.4,12,Local Developer Co,0.55,Tier3,1,PMHA47246,6,"Lift, Swimming Pool, Children's Play Area, Jogging Track, Gymnasium, Visitor Parking",15995.0,18270.0,19647021.0,0.06,1178821.0,30000.0,39749.0,2.43,0,1
100652,Mumbai,Mulund West,400080,mid,0.94,2,714.7,6,Puravankara,0.8,Tier2,1,PMHA37935,10,"24/7 Security, Indoor Games Room, Swimming Pool, Landscaped Garden, Clubhouse, Jogging Track, Gymnasium, Power Backup, CCTV, Lift",15209.0,23625.0,16884368.0,0.06,1013062.0,30000.0,44600.0,3.17,1,1
100653,Mumbai,Mulund West,400080,mid,1.09,2,714.6,15,Sobha Ltd,0.91,Tier1,1,PMHA52545,7,"Power Backup, 24/7 Security, CCTV, Lift, Clubhouse, Visitor Parking, Landscaped Garden",18313.0,22255.0,15903855.0,0.06,954231.0,30000.0,34875.0,2.63,1,1
100654,Mumbai,Mulund West,400080,mid,1.06,3,1178.0,22,Oberoi Realty,0.9,Tier1,1,PMHA97950,5,"Swimming Pool, CCTV, Visitor Parking, Indoor Games Room, Jogging Track",15149.0,17579.0,20708605.0,0.06,1242516.0,30000.0,49208.0,2.85,0,0
100655,Mumbai,Mulund West,400080,mid,0.81,4,1999.6,11,Oberoi Realty,0.9,Tier1,1,PMHA55837,7,"Jogging Track, Swimming Pool, Lift, 24/7 Security, Children's Play Area, Indoor Games Room, Power Backup",16862.0,23151.0,46292532.0,0.06,2777552.0,30000.0,120428.0,3.12,1,1
100656,Mumbai,Mulund West,400080,mid,1.18,3,1144.1,8,Lodha Group,0.95,Tier1,1,PMHA14697,7,"Lift, Jogging Track, Swimming Pool, Children's Play Area, CCTV, Gymnasium, Visitor Parking",15065.0,20682.0,23662255.0,0.06,1419735.0,30000.0,59341.0,3.01,0,1
100657,Mumbai,Mulund West,400080,mid,0.95,2,776.2,23,Lodha Group,0.95,Tier1,1,PMHA43911,12,"Lift, Clubhouse, 24/7 Security, Children's Play Area, Landscaped Garden, Indoor Games Room, Swimming Pool, CCTV, Gymnasium, Jogging Track, Power Backup, Visitor Parking",15938.0,24214.0,18794606.0,0.06,1127676.0,30000.0,41775.0,2.67,1,1
100658,Mumbai,Mulund West,400080,mid,0.92,3,1098.2,10,Puravankara,0.8,Tier2,1,PMHA64666,7,"Jogging Track, Landscaped Garden, Swimming Pool, Indoor Games Room, CCTV, Children's Play Area, Gymnasium",14372.0,19295.0,21189355.0,0.06,1271361.0,30000.0,53334.0,3.02,1,1
100659,Mumbai,Mulund West,400080,mid,0.87,3,1020.7,9,Oberoi Realty,0.9,Tier1,1,PMHA82086,6,"Power Backup, Lift, 24/7 Security, Landscaped Garden, Visitor Parking, Indoor Games Room",17306.0,23553.0,24040467.0,0.06,1442428.0,30000.0,55630.0,2.78,0,1
100660,Mumbai,Mulund West,400080,mid,0.79,3,1184.0,19,Oberoi Realty,0.9,Tier1,1,PMHA71539,12,"Swimming Pool, Clubhouse, Visitor Parking, Lift, Landscaped Garden, Indoor Games Room, Power Backup, Jogging Track, Gymnasium, Children's Play Area, 24/7 Security, CCTV",17664.0,24420.0,28913720.0,0.06,1734823.0,30000.0,86201.0,3.58,1,1
100661,Mumbai,Mulund West,400080,mid,0.85,2,774.6,12,Local Developer Co,0.55,Tier3,0,,7,"Visitor Parking, Indoor Games Room, Jogging Track, Lift, 24/7 Security, Children's Play Area, Clubhouse",18240.0,22878.0,17721366.0,0.06,1063282.0,30000.0,45776.0,3.1,0,1
100662,Mumbai,Mulund West,400080,mid,1.01,2,747.6,2,Sobha Ltd,0.91,Tier1,1,PMHA19311,6,"24/7 Security, CCTV, Indoor Games Room, Gymnasium, Jogging Track, Clubhouse",17184.0,25581.0,19123570.0,0.06,1147414.0,30000.0,53683.0,3.37,1,1
100663,Mumbai,Mulund West,400080,mid,0.86,1,491.5,4,Prestige Group,0.92,Tier1,1,PMHA81180,5,"Visitor Parking, Children's Play Area, Jogging Track, Indoor Games Room, Swimming Pool",17904.0,25689.0,12625028.0,0.06,757502.0,30000.0,24586.0,2.34,0,0
100664,Mumbai,Mulund West,400080,mid,0.93,2,930.1,1,Puravankara,0.8,Tier2,1,PMHA77017,3,"Gymnasium, Swimming Pool, Indoor Games Room",15548.0,21283.0,19795693.0,0.06,1187742.0,30000.0,45965.0,2.79,1,0
100665,Mumbai,Mulund West,400080,mid,1.08,3,1066.3,5,Runwal Group,0.78,Tier2,1,PMHA51511,10,"Swimming Pool, 24/7 Security, Indoor Games Room, Clubhouse, Children's Play Area, Landscaped Garden, Jogging Track, Visitor Parking, Gymnasium, Power Backup",15948.0,21839.0,23286046.0,0.06,1397163.0,30000.0,58198.0,3.0,0,1
100666,Mumbai,Mulund West,400080,mid,0.71,3,1375.2,18,Puravankara,0.8,Tier2,1,PMHA12263,11,"Jogging Track, CCTV, Landscaped Garden, Gymnasium, Clubhouse, Swimming Pool, 24/7 Security, Visitor Parking, Children's Play Area, Power Backup, Indoor Games Room",13523.0,18527.0,25478597.0,0.06,1528716.0,30000.0,62328.0,2.94,1,1
100667,Mumbai,Mulund West,400080,mid,1.3,2,689.2,10,Puravankara,0.8,Tier2,1,PMHA83202,3,"Power Backup, Indoor Games Room, CCTV",17641.0,21087.0,14533915.0,0.06,872035.0,30000.0,36063.0,2.98,0,0
100668,Mumbai,Mulund West,400080,mid,0.74,2,690.5,5,Kolte-Patil,0.82,Tier2,1,PMHA46487,7,"Children's Play Area, CCTV, Visitor Parking, Jogging Track, Landscaped Garden, Lift, Indoor Games Room",15098.0,20436.0,14110389.0,0.06,846623.0,30000.0,36027.0,3.06,0,1
100669,Mumbai,Mulund West,400080,mid,0.9,3,1071.3,8,Puravankara,0.8,Tier2,1,PMHA34871,7,"Children's Play Area, Lift, 24/7 Security, Visitor Parking, Jogging Track, Clubhouse, CCTV",13086.0,17422.0,18663082.0,0.06,1119785.0,30000.0,28045.0,1.8,0,1
100670,Mumbai,Mulund West,400080,mid,0.68,4,1945.0,1,Runwal Group,0.78,Tier2,1,PMHA88691,3,"Power Backup, 24/7 Security, Clubhouse",16475.0,22132.0,43047829.0,0.06,2582870.0,30000.0,81830.0,2.28,0,0
100671,Mumbai,Mulund West,400080,mid,1.16,2,842.8,4,Prestige Group,0.92,Tier1,1,PMHA17052,9,"24/7 Security, Swimming Pool, Jogging Track, Power Backup, Clubhouse, Lift, Visitor Parking, CCTV, Landscaped Garden",16943.0,26951.0,22713928.0,0.06,1362836.0,30000.0,56768.0,3.0,0,1
100672,Mumbai,Mulund West,400080,mid,0.85,4,1896.6,0,Runwal Group,0.78,Tier2,1,PMHA56397,4,"Swimming Pool, Clubhouse, Landscaped Garden, Gymnasium",15055.0,19367.0,36731904.0,0.06,2203914.0,30000.0,65062.0,2.13,1,0
100673,Mumbai,Mulund West,400080,mid,0.91,3,1345.9,1,Brigade Group,0.88,Tier1,1,PMHA49352,10,"Lift, Landscaped Garden, Jogging Track, Swimming Pool, 24/7 Security, Clubhouse, Visitor Parking, CCTV, Indoor Games Room, Children's Play Area",15350.0,23028.0,30994907.0,0.06,1859694.0,30000.0,49984.0,1.94,0,1
100674,Mumbai,Mulund West,400080,mid,0.81,3,1091.1,11,Brigade Group,0.88,Tier1,1,PMHA23713,7,"Landscaped Garden, Swimming Pool, Visitor Parking, Children's Play Area, Lift, CCTV, Clubhouse",16747.0,23285.0,25406493.0,0.06,1524390.0,30000.0,89263.0,4.22,1,1
100675,Mumbai,Mulund West,400080,mid,1.16,1,486.2,6,Puravankara,0.8,Tier2,1,PMHA48391,5,"CCTV, Lift, 24/7 Security, Visitor Parking, Jogging Track",14773.0,19354.0,9410385.0,0.06,564623.0,30000.0,35714.0,4.55,1,0
100676,Mumbai,Mulund West,400080,mid,0.78,2,801.1,12,Kolte-Patil,0.82,Tier2,1,PMHA95885,10,"Indoor Games Room, Swimming Pool, Landscaped Garden, Lift, Gymnasium, Power Backup, Children's Play Area, 24/7 Security, Jogging Track, Clubhouse",17322.0,23798.0,19065931.0,0.06,1143956.0,30000.0,50092.0,3.15,0,1
100677,Mumbai,Mulund West,400080,mid,0.84,3,1163.1,1,Kolte-Patil,0.82,Tier2,1,PMHA49722,3,"Indoor Games Room, Power Backup, Visitor Parking",18219.0,26664.0,31014002.0,0.06,1860840.0,30000.0,78347.0,3.03,0,0
100678,Mumbai,Mulund West,400080,mid,0.73,3,1182.2,10,Local Developer Co,0.55,Tier3,1,PMHA41321,3,"Lift, Gymnasium, Jogging Track",17198.0,20057.0,23710353.0,0.06,1422621.0,30000.0,54723.0,2.77,1,0
100679,Mumbai,Mulund West,400080,mid,0.82,1,484.3,16,Local Developer Co,0.55,Tier3,0,,4,"Gymnasium, Children's Play Area, Jogging Track, CCTV",18040.0,21867.0,10590922.0,0.06,635455.0,30000.0,36546.0,4.14,0,0
100680,Mumbai,Mulund West,400080,mid,1.1,1,516.9,12,Runwal Group,0.78,Tier2,1,PMHA38967,6,"Landscaped Garden, Power Backup, 24/7 Security, Visitor Parking, Clubhouse, Indoor Games Room",13341.0,16121.0,8333387.0,0.06,500003.0,30000.0,18414.0,2.65,1,1
100681,Mumbai,Mulund West,400080,mid,0.89,3,1304.0,23,Prestige Group,0.92,Tier1,1,PMHA66490,10,"Clubhouse, Jogging Track, Swimming Pool, Power Backup, Gymnasium, Visitor Parking, Children's Play Area, Indoor Games Room, 24/7 Security, Landscaped Garden",13188.0,18503.0,24128161.0,0.06,1447690.0,30000.0,64806.0,3.22,0,1
100682,Mumbai,Mulund West,400080,mid,1.16,2,683.8,22,Brigade Group,0.88,Tier1,1,PMHA95795,9,"Gymnasium, Swimming Pool, Children's Play Area, Landscaped Garden, Jogging Track, Indoor Games Room, Power Backup, Lift, CCTV",15491.0,18356.0,12550991.0,0.06,753059.0,30000.0,22203.0,2.12,0,1
100683,Mumbai,Mulund West,400080,mid,0.85,1,502.5,0,Sobha Ltd,0.91,Tier1,1,PMHA41597,10,"Jogging Track, Landscaped Garden, Indoor Games Room, 24/7 Security, Children's Play Area, Lift, Power Backup, Clubhouse, CCTV, Visitor Parking",13034.0,21540.0,10824270.0,0.06,649456.0,30000.0,20353.0,2.26,1,1
100684,Mumbai,Mulund West,400080,mid,0.79,2,827.4,13,Kolte-Patil,0.82,Tier2,1,PMHA12868,6,"Landscaped Garden, Jogging Track, Clubhouse, CCTV, Visitor Parking, Gymnasium",13798.0,17938.0,14841693.0,0.06,890502.0,30000.0,36447.0,2.95,0,1
100685,Mumbai,Mulund West,400080,mid,0.66,2,795.8,1,Lodha Group,0.95,Tier1,1,PMHA69490,11,"Children's Play Area, Clubhouse, Jogging Track, Gymnasium, Swimming Pool, Landscaped Garden, Lift, Power Backup, CCTV, 24/7 Security, Visitor Parking",16440.0,29149.0,23198076.0,0.06,1391885.0,30000.0,49895.0,2.58,1,1
100686,Mumbai,Mulund West,400080,mid,0.7,2,907.4,17,Godrej Properties,0.93,Tier1,1,PMHA41194,10,"Indoor Games Room, Lift, Children's Play Area, Landscaped Garden, Visitor Parking, Clubhouse, Swimming Pool, CCTV, 24/7 Security, Gymnasium",15708.0,21910.0,19881905.0,0.06,1192914.0,30000.0,38286.0,2.31,0,1
100687,Mumbai,Mulund West,400080,mid,0.94,2,930.2,21,Oberoi Realty,0.9,Tier1,1,PMHA19427,7,"CCTV, Lift, Jogging Track, 24/7 Security, Landscaped Garden, Swimming Pool, Power Backup",13355.0,17775.0,16534027.0,0.06,992042.0,30000.0,27169.0,1.97,1,1
100688,Mumbai,Mulund West,400080,mid,0.66,2,771.2,0,Puravankara,0.8,Tier2,1,PMHA95615,8,"Gymnasium, Swimming Pool, Landscaped Garden, 24/7 Security, Visitor Parking, Lift, Jogging Track, Clubhouse",14899.0,22117.0,17055513.0,0.06,1023331.0,30000.0,41291.0,2.91,1,1
100689,Mumbai,Mulund West,400080,mid,0.79,4,2079.3,3,Brigade Group,0.88,Tier1,1,PMHA45749,5,"Indoor Games Room, 24/7 Security, Jogging Track, Gymnasium, CCTV",17272.0,23054.0,47936788.0,0.06,2876207.0,30000.0,110660.0,2.77,0,0
100690,Mumbai,Mulund West,400080,mid,0.77,1,465.1,3,Godrej Properties,0.93,Tier1,1,PMHA72754,5,"Swimming Pool, Clubhouse, Visitor Parking, Power Backup, Children's Play Area",15568.0,20507.0,9536942.0,0.06,572217.0,30000.0,17689.0,2.23,0,0
100691,Mumbai,Mulund West,400080,mid,0.89,3,954.5,24,Lodha Group,0.95,Tier1,1,PMHA34288,9,"Indoor Games Room, Lift, Jogging Track, CCTV, Clubhouse, Children's Play Area, Power Backup, Visitor Parking, 24/7 Security",16278.0,21388.0,20413963.0,0.06,1224838.0,30000.0,42016.0,2.47,1,1
100692,Mumbai,Mulund West,400080,mid,0.87,3,1244.8,15,Local Developer Co,0.55,Tier3,1,PMHA60451,11,"Jogging Track, Clubhouse, Lift, Gymnasium, Indoor Games Room, Power Backup, CCTV, Landscaped Garden, Children's Play Area, Swimming Pool, 24/7 Security",15312.0,19391.0,24137322.0,0.06,1448239.0,30000.0,70406.0,3.5,1,1
100693,Mumbai,Mulund West,400080,mid,0.91,1,433.2,16,Godrej Properties,0.93,Tier1,1,PMHA76125,10,"Landscaped Garden, 24/7 Security, Children's Play Area, CCTV, Gymnasium, Power Backup, Indoor Games Room, Swimming Pool, Visitor Parking, Jogging Track",13988.0,20492.0,8876427.0,0.06,532586.0,30000.0,13817.0,1.87,0,1
100694,Mumbai,Mulund West,400080,mid,0.8,2,717.6,2,Regional Builders Ltd,0.5,Tier3,0,,8,"Landscaped Garden, Clubhouse, Swimming Pool, CCTV, Gymnasium, Power Backup, Jogging Track, Lift",17188.0,22408.0,16080853.0,0.06,964851.0,30000.0,43090.0,3.22,1,1
100695,Mumbai,Mulund West,400080,mid,0.74,1,549.5,7,Oberoi Realty,0.9,Tier1,1,PMHA63968,9,"24/7 Security, Visitor Parking, Swimming Pool, Indoor Games Room, Jogging Track, Gymnasium, Landscaped Garden, CCTV, Lift",14656.0,20887.0,11478469.0,0.06,688708.0,30000.0,21568.0,2.25,1,1
100696,Mumbai,Mulund West,400080,mid,1.06,3,1352.2,2,Kolte-Patil,0.82,Tier2,1,PMHA57142,6,"Swimming Pool, Jogging Track, Clubhouse, Indoor Games Room, CCTV, Gymnasium",17220.0,25302.0,34213086.0,0.06,2052785.0,30000.0,90464.0,3.17,0,1
100697,Mumbai,Mulund West,400080,mid,0.79,2,883.5,3,Local Developer Co,0.55,Tier3,0,,10,"Clubhouse, Swimming Pool, Lift, Gymnasium, CCTV, Children's Play Area, Landscaped Garden, Indoor Games Room, Visitor Parking, Jogging Track",13833.0,18554.0,16392482.0,0.06,983549.0,30000.0,38575.0,2.82,1,1
100698,Mumbai,Mulund West,400080,mid,1.04,1,399.7,17,Kolte-Patil,0.82,Tier2,1,PMHA89320,7,"Children's Play Area, Swimming Pool, Indoor Games Room, Visitor Parking, Gymnasium, 24/7 Security, Lift",14432.0,18170.0,7262376.0,0.06,435743.0,30000.0,19318.0,3.19,1,1
100699,Mumbai,Mulund West,400080,mid,0.93,2,763.7,7,Regional Builders Ltd,0.5,Tier3,1,PMHA75113,11,"Gymnasium, 24/7 Security, Power Backup, Clubhouse, Visitor Parking, Landscaped Garden, Children's Play Area, CCTV, Indoor Games Room, Swimming Pool, Jogging Track",16381.0,21240.0,16220346.0,0.06,973221.0,30000.0,39677.0,2.94,1,1
100700,Mumbai,Mulund West,400080,mid,0.86,1,492.0,5,Sobha Ltd,0.91,Tier1,1,PMHA78493,9,"Swimming Pool, Children's Play Area, Gymnasium, Lift, Visitor Parking, Jogging Track, CCTV, Power Backup, Landscaped Garden",13199.0,20801.0,10234749.0,0.06,614085.0,30000.0,18512.0,2.17,1,1
100701,Mumbai,Mulund West,400080,mid,0.99,2,789.9,15,Local Developer Co,0.55,Tier3,0,,4,"Clubhouse, 24/7 Security, Swimming Pool, CCTV",17253.0,20525.0,16212095.0,0.06,972726.0,30000.0,24779.0,1.83,1,0
100702,Mumbai,Mulund West,400080,mid,1.11,4,2181.3,19,Brigade Group,0.88,Tier1,1,PMHA27786,12,"Clubhouse, Visitor Parking, 24/7 Security, Jogging Track, Gymnasium, Power Backup, Indoor Games Room, Lift, Children's Play Area, Landscaped Garden, CCTV, Swimming Pool",13639.0,18298.0,39913774.0,0.06,2394826.0,30000.0,110432.0,3.32,1,1
100703,Mumbai,Mulund West,400080,mid,1.0,2,771.2,23,Local Developer Co,0.55,Tier3,1,PMHA41336,8,"Clubhouse, Indoor Games Room, Landscaped Garden, 24/7 Security, Visitor Parking, Jogging Track, Gymnasium, Children's Play Area",15396.0,17953.0,13846285.0,0.06,830777.0,30000.0,36567.0,3.17,1,1
100704,Mumbai,Mulund West,400080,mid,1.16,3,984.5,12,Godrej Properties,0.93,Tier1,1,PMHA33496,8,"Jogging Track, Clubhouse, CCTV, 24/7 Security, Power Backup, Swimming Pool, Visitor Parking, Indoor Games Room",15035.0,23308.0,22947330.0,0.06,1376840.0,30000.0,46508.0,2.43,1,1
100705,Mumbai,Mulund West,400080,mid,0.79,4,2194.4,9,Puravankara,0.8,Tier2,1,PMHA14633,12,"Gymnasium, 24/7 Security, Clubhouse, Visitor Parking, Power Backup, Lift, Indoor Games Room, Jogging Track, CCTV, Children's Play Area, Landscaped Garden, Swimming Pool",17009.0,26180.0,57448336.0,0.06,3446900.0,30000.0,142376.0,2.97,1,1
100706,Mumbai,Mulund West,400080,mid,1.04,2,719.6,3,Kolte-Patil,0.82,Tier2,1,PMHA48913,5,"Gymnasium, Jogging Track, 24/7 Security, CCTV, Swimming Pool",16408.0,23003.0,16554240.0,0.06,993254.0,30000.0,35774.0,2.59,0,0
100707,Mumbai,Mulund West,400080,mid,1.0,2,680.3,13,Godrej Properties,0.93,Tier1,1,PMHA42107,10,"Gymnasium, Indoor Games Room, Children's Play Area, Visitor Parking, Lift, Landscaped Garden, Power Backup, CCTV, Swimming Pool, Clubhouse",15029.0,19765.0,13444999.0,0.06,806700.0,30000.0,25618.0,2.29,0,1
100708,Mumbai,Mulund West,400080,mid,0.62,2,682.6,3,Regional Builders Ltd,0.5,Tier3,1,PMHA91859,3,"Visitor Parking, Swimming Pool, Jogging Track",14116.0,17937.0,12243622.0,0.06,734617.0,30000.0,24709.0,2.42,0,0
100709,Mumbai,Mulund West,400080,mid,0.79,1,470.0,23,Prestige Group,0.92,Tier1,1,PMHA33251,5,"Clubhouse, Visitor Parking, Children's Play Area, Swimming Pool, Lift",14791.0,17783.0,8358422.0,0.06,501505.0,30000.0,13991.0,2.01,0,0
100710,Mumbai,Mulund West,400080,mid,0.98,1,543.1,20,Regional Builders Ltd,0.5,Tier3,1,PMHA76525,4,"Gymnasium, Jogging Track, Swimming Pool, Indoor Games Room",16676.0,17353.0,9423805.0,0.06,565428.0,30000.0,28132.0,3.58,0,0
100711,Mumbai,Mulund West,400080,mid,0.47,3,1160.1,16,Brigade Group,0.88,Tier1,1,PMHA95522,9,"CCTV, Visitor Parking, Clubhouse, Power Backup, Jogging Track, Children's Play Area, Lift, Gymnasium, 24/7 Security",14517.0,19483.0,22603237.0,0.06,1356194.0,30000.0,46826.0,2.49,1,1
100712,Mumbai,Mulund West,400080,mid,0.88,2,858.8,22,Regional Builders Ltd,0.5,Tier3,0,,7,"24/7 Security, CCTV, Clubhouse, Power Backup, Swimming Pool, Landscaped Garden, Visitor Parking",13290.0,15884.0,13640506.0,0.06,818430.0,30000.0,44654.0,3.93,1,1
100713,Mumbai,Mulund West,400080,mid,0.71,3,1067.3,2,Kolte-Patil,0.82,Tier2,1,PMHA59729,12,"Clubhouse, Children's Play Area, Gymnasium, Landscaped Garden, Visitor Parking, Power Backup, Indoor Games Room, Lift, Jogging Track, 24/7 Security, CCTV, Swimming Pool",16361.0,25388.0,27095504.0,0.06,1625730.0,30000.0,61911.0,2.74,1,1
100714,Mumbai,Mulund West,400080,mid,1.16,2,729.7,19,Lodha Group,0.95,Tier1,1,PMHA30699,4,"CCTV, Lift, Power Backup, Indoor Games Room",13817.0,17998.0,13133649.0,0.06,788019.0,30000.0,41061.0,3.75,1,0
100715,Mumbai,Mulund West,400080,mid,0.68,4,1885.3,17,Sobha Ltd,0.91,Tier1,1,PMHA94358,9,"Indoor Games Room, Clubhouse, Children's Play Area, Gymnasium, Visitor Parking, Power Backup, Swimming Pool, CCTV, 24/7 Security",13666.0,17567.0,33118947.0,0.06,1987137.0,30000.0,48873.0,1.77,1,1
100716,Mumbai,Mulund West,400080,mid,1.12,3,1092.0,14,Godrej Properties,0.93,Tier1,1,PMHA25948,5,"Children's Play Area, Indoor Games Room, Clubhouse, Visitor Parking, Swimming Pool",13354.0,15513.0,16940153.0,0.06,1016409.0,30000.0,32393.0,2.29,0,0
100717,Mumbai,Mulund West,400080,mid,1.04,1,511.4,13,Puravankara,0.8,Tier2,1,PMHA69848,6,"CCTV, Landscaped Garden, Children's Play Area, Clubhouse, Indoor Games Room, Swimming Pool",13881.0,17369.0,8883120.0,0.06,532987.0,30000.0,27401.0,3.7,1,1
100718,Mumbai,Mulund West,400080,mid,0.87,3,1286.5,5,Prestige Group,0.92,Tier1,1,PMHA68377,5,"Children's Play Area, Landscaped Garden, Swimming Pool, Power Backup, Visitor Parking",15122.0,19104.0,24576315.0,0.06,1474579.0,30000.0,62584.0,3.06,1,0
100719,Mumbai,Mulund West,400080,mid,1.09,3,1270.9,15,Regional Builders Ltd,0.5,Tier3,1,PMHA45374,7,"Indoor Games Room, Children's Play Area, Landscaped Garden, Clubhouse, 24/7 Security, Lift, Visitor Parking",16387.0,19478.0,24753978.0,0.06,1485239.0,30000.0,41520.0,2.01,0,1
100720,Mumbai,Mulund West,400080,mid,1.07,2,732.3,9,Local Developer Co,0.55,Tier3,1,PMHA65865,8,"24/7 Security, Swimming Pool, Gymnasium, Jogging Track, Lift, CCTV, Clubhouse, Landscaped Garden",16172.0,21068.0,15428450.0,0.06,925707.0,30000.0,36176.0,2.81,0,1
100721,Mumbai,Chembur,400071,mid-premium,1.22,2,770.0,21,Kolte-Patil,0.82,Tier2,1,PMHA91810,6,"24/7 Security, Lift, Landscaped Garden, Gymnasium, Jogging Track, Visitor Parking",20707.0,25564.0,19683701.0,0.06,1181022.0,30000.0,32662.0,1.99,1,1
100722,Mumbai,Chembur,400071,mid-premium,0.89,2,664.5,7,Prestige Group,0.92,Tier1,1,PMHA23438,5,"Jogging Track, Landscaped Garden, 24/7 Security, Visitor Parking, Power Backup",16417.0,21367.0,14198527.0,0.06,851912.0,30000.0,26804.0,2.27,1,0
100723,Mumbai,Chembur,400071,mid-premium,1.0,4,1968.6,15,Kolte-Patil,0.82,Tier2,1,PMHA46468,3,"Clubhouse, 24/7 Security, Gymnasium",18562.0,22303.0,43906926.0,0.06,2634416.0,30000.0,93055.0,2.54,1,0
100724,Mumbai,Chembur,400071,mid-premium,0.81,3,1135.5,24,Lodha Group,0.95,Tier1,1,PMHA82566,5,"Clubhouse, CCTV, Children's Play Area, Landscaped Garden, Lift",16575.0,19568.0,22219517.0,0.06,1333171.0,30000.0,42049.0,2.27,1,0
100725,Mumbai,Chembur,400071,mid-premium,0.92,4,1688.2,5,Prestige Group,0.92,Tier1,1,PMHA96308,11,"Indoor Games Room, Jogging Track, Power Backup, Gymnasium, Landscaped Garden, Clubhouse, CCTV, 24/7 Security, Children's Play Area, Swimming Pool, Visitor Parking",19733.0,32693.0,55192533.0,0.06,3311552.0,30000.0,120227.0,2.61,1,1
100726,Mumbai,Chembur,400071,mid-premium,1.04,2,833.4,20,Sobha Ltd,0.91,Tier1,1,PMHA55725,5,"Gymnasium, CCTV, Jogging Track, Clubhouse, Power Backup",16900.0,19323.0,16104413.0,0.06,966265.0,30000.0,35730.0,2.66,1,0
100727,Mumbai,Chembur,400071,mid-premium,0.98,3,1355.0,22,Regional Builders Ltd,0.5,Tier3,0,,8,"Lift, Clubhouse, Visitor Parking, Children's Play Area, Swimming Pool, 24/7 Security, Gymnasium, CCTV",18149.0,21320.0,28887864.0,0.06,1733272.0,30000.0,57032.0,2.37,1,1
100728,Mumbai,Chembur,400071,mid-premium,0.78,2,786.8,23,Godrej Properties,0.93,Tier1,1,PMHA35989,10,"Children's Play Area, Landscaped Garden, Indoor Games Room, Lift, Gymnasium, 24/7 Security, CCTV, Power Backup, Jogging Track, Swimming Pool",16024.0,21698.0,17072022.0,0.06,1024321.0,30000.0,23303.0,1.64,1,1
100729,Mumbai,Chembur,400071,mid-premium,0.89,2,850.2,13,Runwal Group,0.78,Tier2,1,PMHA15962,5,"Jogging Track, Children's Play Area, Visitor Parking, Indoor Games Room, Clubhouse",18768.0,25096.0,21336723.0,0.06,1280203.0,30000.0,54506.0,3.07,1,0
100730,Mumbai,Chembur,400071,mid-premium,0.93,2,712.1,19,Sobha Ltd,0.91,Tier1,1,PMHA89617,7,"Children's Play Area, 24/7 Security, Indoor Games Room, Jogging Track, CCTV, Visitor Parking, Lift",18494.0,22456.0,15990463.0,0.06,959428.0,30000.0,29309.0,2.2,1,1
100731,Mumbai,Chembur,400071,mid-premium,1.03,3,1263.5,12,Prestige Group,0.92,Tier1,1,PMHA80934,12,"Indoor Games Room, Clubhouse, 24/7 Security, Lift, Landscaped Garden, Children's Play Area, Power Backup, Gymnasium, Swimming Pool, CCTV, Visitor Parking, Jogging Track",20432.0,29281.0,36995633.0,0.06,2219738.0,30000.0,65588.0,2.13,0,1
100732,Mumbai,Chembur,400071,mid-premium,0.98,3,1265.7,19,Local Developer Co,0.55,Tier3,1,PMHA25299,4,"Landscaped Garden, Jogging Track, Gymnasium, CCTV",17587.0,18549.0,23478207.0,0.06,1408692.0,30000.0,32321.0,1.65,1,0
100733,Mumbai,Chembur,400071,mid-premium,0.89,3,967.6,14,Brigade Group,0.88,Tier1,1,PMHA12029,8,"Power Backup, CCTV, Indoor Games Room, Visitor Parking, Gymnasium, Jogging Track, Children's Play Area, Landscaped Garden",15004.0,21906.0,21197500.0,0.06,1271850.0,30000.0,38772.0,2.19,1,1
100734,Mumbai,Chembur,400071,mid-premium,0.74,3,1120.7,24,Sobha Ltd,0.91,Tier1,1,PMHA50320,8,"Landscaped Garden, Indoor Games Room, Children's Play Area, CCTV, Power Backup, Jogging Track, Lift, 24/7 Security",20366.0,25872.0,28995006.0,0.06,1739700.0,30000.0,75820.0,3.14,1,1
100735,Mumbai,Chembur,400071,mid-premium,0.93,3,1316.7,13,Brigade Group,0.88,Tier1,1,PMHA41489,9,"Children's Play Area, Landscaped Garden, Clubhouse, Visitor Parking, Lift, Swimming Pool, 24/7 Security, Power Backup, Indoor Games Room",17346.0,26405.0,34767483.0,0.06,2086049.0,30000.0,60710.0,2.1,0,1
100736,Mumbai,Chembur,400071,mid-premium,1.01,1,406.0,14,Brigade Group,0.88,Tier1,1,PMHA85252,7,"Gymnasium, Power Backup, 24/7 Security, CCTV, Children's Play Area, Swimming Pool, Clubhouse",16821.0,20004.0,8122038.0,0.06,487322.0,30000.0,19633.0,2.9,1,1
100737,Mumbai,Chembur,400071,mid-premium,1.19,1,437.8,12,Brigade Group,0.88,Tier1,1,PMHA51554,10,"Clubhouse, Jogging Track, 24/7 Security, Gymnasium, Lift, CCTV, Swimming Pool, Power Backup, Children's Play Area, Indoor Games Room",19463.0,27525.0,12050123.0,0.06,723007.0,30000.0,29641.0,2.95,0,1
100738,Mumbai,Chembur,400071,mid-premium,0.98,4,2134.4,14,Sobha Ltd,0.91,Tier1,1,PMHA61677,6,"Clubhouse, Indoor Games Room, Power Backup, CCTV, Lift, 24/7 Security",17968.0,25085.0,53541344.0,0.06,3212481.0,30000.0,125317.0,2.81,0,1
100739,Mumbai,Chembur,400071,mid-premium,1.11,2,842.3,1,Regional Builders Ltd,0.5,Tier3,1,PMHA86345,12,"Children's Play Area, Power Backup, CCTV, Visitor Parking, Jogging Track, Swimming Pool, Gymnasium, Indoor Games Room, Lift, Clubhouse, 24/7 Security, Landscaped Garden",17307.0,24816.0,20901575.0,0.06,1254094.0,30000.0,45509.0,2.61,1,1
100740,Mumbai,Chembur,400071,mid-premium,1.09,3,1326.8,4,Kolte-Patil,0.82,Tier2,1,PMHA58988,8,"Power Backup, Indoor Games Room, Visitor Parking, Landscaped Garden, Children's Play Area, 24/7 Security, Jogging Track, Swimming Pool",20085.0,27854.0,36957655.0,0.06,2217459.0,30000.0,70355.0,2.28,0,1
100741,Mumbai,Chembur,400071,mid-premium,1.32,2,876.4,2,Sobha Ltd,0.91,Tier1,1,PMHA91864,12,"Clubhouse, CCTV, 24/7 Security, Gymnasium, Power Backup, Children's Play Area, Lift, Visitor Parking, Jogging Track, Swimming Pool, Landscaped Garden, Indoor Games Room",17677.0,30407.0,26649468.0,0.06,1598968.0,30000.0,52340.0,2.36,1,1
100742,Mumbai,Chembur,400071,mid-premium,1.02,2,900.7,8,Sobha Ltd,0.91,Tier1,1,PMHA54088,11,"Clubhouse, Indoor Games Room, Jogging Track, Swimming Pool, CCTV, Landscaped Garden, Gymnasium, Children's Play Area, Visitor Parking, Power Backup, 24/7 Security",16364.0,24113.0,21719326.0,0.06,1303160.0,30000.0,46318.0,2.56,0,1
100743,Mumbai,Chembur,400071,mid-premium,1.2,3,1070.6,7,Puravankara,0.8,Tier2,1,PMHA23937,12,"CCTV, Children's Play Area, Indoor Games Room, Jogging Track, Visitor Parking, 24/7 Security, Clubhouse, Power Backup, Lift, Swimming Pool, Gymnasium, Landscaped Garden",16883.0,25113.0,26885335.0,0.06,1613120.0,30000.0,48239.0,2.15,0,1
100744,Mumbai,Chembur,400071,mid-premium,0.9,3,1048.3,8,Sobha Ltd,0.91,Tier1,1,PMHA58205,6,"Gymnasium, Power Backup, Swimming Pool, 24/7 Security, Clubhouse, CCTV",17565.0,25283.0,26504383.0,0.06,1590263.0,30000.0,58557.0,2.65,1,1
100745,Mumbai,Chembur,400071,mid-premium,0.86,2,654.5,18,Brigade Group,0.88,Tier1,1,PMHA67152,12,"CCTV, Indoor Games Room, Visitor Parking, Jogging Track, Lift, Swimming Pool, Gymnasium, Clubhouse, 24/7 Security, Landscaped Garden, Power Backup, Children's Play Area",18513.0,26202.0,17150198.0,0.06,1029012.0,30000.0,49113.0,3.44,1,1
100746,Mumbai,Chembur,400071,mid-premium,1.1,3,1347.1,5,Sobha Ltd,0.91,Tier1,1,PMHA65022,7,"Swimming Pool, Clubhouse, Landscaped Garden, Children's Play Area, 24/7 Security, Power Backup, Lift",18244.0,26940.0,36291075.0,0.06,2177465.0,30000.0,84560.0,2.8,1,1
100747,Mumbai,Chembur,400071,mid-premium,1.18,2,915.0,2,Brigade Group,0.88,Tier1,1,PMHA95683,7,"24/7 Security, Gymnasium, Indoor Games Room, Power Backup, Swimming Pool, Lift, Visitor Parking",17569.0,25440.0,23277861.0,0.06,1396672.0,30000.0,45814.0,2.36,0,1
100748,Mumbai,Chembur,400071,mid-premium,1.06,2,794.8,7,Oberoi Realty,0.9,Tier1,1,PMHA96154,10,"24/7 Security, Swimming Pool, Visitor Parking, Landscaped Garden, Power Backup, Indoor Games Room, Gymnasium, CCTV, Children's Play Area, Jogging Track",18366.0,25721.0,20443406.0,0.06,1226604.0,30000.0,51805.0,3.04,1,1
100749,Mumbai,Chembur,400071,mid-premium,1.07,1,401.0,0,Kolte-Patil,0.82,Tier2,1,PMHA77702,11,"Children's Play Area, Lift, Power Backup, Jogging Track, Visitor Parking, Clubhouse, CCTV, Gymnasium, Swimming Pool, Landscaped Garden, Indoor Games Room",19137.0,28746.0,11525877.0,0.06,691553.0,30000.0,19171.0,2.0,1,1
100750,Mumbai,Chembur,400071,mid-premium,0.98,4,1605.1,3,Brigade Group,0.88,Tier1,1,PMHA40769,12,"Landscaped Garden, Indoor Games Room, Children's Play Area, Gymnasium, Jogging Track, Power Backup, Clubhouse, Lift, CCTV, 24/7 Security, Visitor Parking, Swimming Pool",17318.0,28202.0,45267765.0,0.06,2716066.0,30000.0,103083.0,2.73,1,1
100751,Mumbai,Chembur,400071,mid-premium,0.93,3,995.3,12,Prestige Group,0.92,Tier1,1,PMHA92583,12,"Lift, Jogging Track, Indoor Games Room, CCTV, Visitor Parking, Clubhouse, Landscaped Garden, Power Backup, Children's Play Area, 24/7 Security, Swimming Pool, Gymnasium",20251.0,29723.0,29584095.0,0.06,1775046.0,30000.0,52307.0,2.12,0,1
100752,Mumbai,Chembur,400071,mid-premium,1.01,1,427.6,6,Puravankara,0.8,Tier2,1,PMHA71249,9,"CCTV, Gymnasium, Children's Play Area, Landscaped Garden, Jogging Track, Swimming Pool, Lift, Indoor Games Room, Power Backup",15311.0,22549.0,9642589.0,0.06,578555.0,30000.0,19442.0,2.42,1,1
100753,Mumbai,Chembur,400071,mid-premium,0.86,3,1136.0,4,Local Developer Co,0.55,Tier3,0,,3,"Landscaped Garden, Clubhouse, CCTV",17091.0,19584.0,22248064.0,0.06,1334884.0,30000.0,42040.0,2.27,0,0
100754,Mumbai,Chembur,400071,mid-premium,1.0,1,511.5,23,Regional Builders Ltd,0.5,Tier3,0,,7,"Jogging Track, 24/7 Security, Clubhouse, Gymnasium, Children's Play Area, Power Backup, Landscaped Garden",17654.0,17734.0,9071681.0,0.06,544301.0,30000.0,16822.0,2.23,0,1
100755,Mumbai,Chembur,400071,mid-premium,1.22,1,477.2,22,Puravankara,0.8,Tier2,1,PMHA87708,6,"24/7 Security, Lift, Visitor Parking, Gymnasium, Power Backup, Jogging Track",18687.0,22304.0,10642710.0,0.06,638563.0,30000.0,19436.0,2.19,1,1
100756,Mumbai,Chembur,400071,mid-premium,0.97,1,448.5,3,Regional Builders Ltd,0.5,Tier3,0,,9,"Indoor Games Room, Lift, Clubhouse, Jogging Track, Swimming Pool, Children's Play Area, Gymnasium, Power Backup, 24/7 Security",18661.0,24142.0,10827346.0,0.06,649641.0,30000.0,19514.0,2.16,1,1
100757,Mumbai,Chembur,400071,mid-premium,0.58,1,510.2,21,Puravankara,0.8,Tier2,1,PMHA34644,5,"Gymnasium, Jogging Track, Power Backup, Landscaped Garden, Children's Play Area",20117.0,24342.0,12418540.0,0.06,745112.0,30000.0,17346.0,1.68,1,0
100758,Mumbai,Chembur,400071,mid-premium,1.04,3,1232.5,15,Sobha Ltd,0.91,Tier1,1,PMHA31611,4,"CCTV, Jogging Track, Clubhouse, 24/7 Security",20461.0,27067.0,33359680.0,0.06,2001581.0,30000.0,71967.0,2.59,1,0
100759,Mumbai,Chembur,400071,mid-premium,1.08,2,890.3,15,Godrej Properties,0.93,Tier1,1,PMHA64679,5,"Swimming Pool, Jogging Track, Lift, Clubhouse, Children's Play Area",18315.0,23552.0,20968912.0,0.06,1258135.0,30000.0,48518.0,2.78,0,0
100760,Mumbai,Chembur,400071,mid-premium,1.01,3,1220.2,23,Regional Builders Ltd,0.5,Tier3,1,PMHA28029,5,"Lift, Children's Play Area, Power Backup, Swimming Pool, Visitor Parking",15577.0,17493.0,21344966.0,0.06,1280698.0,30000.0,48545.0,2.73,0,0
100761,Mumbai,Chembur,400071,mid-premium,1.24,4,1869.4,0,Brigade Group,0.88,Tier1,1,PMHA11965,11,"Power Backup, Children's Play Area, 24/7 Security, Gymnasium, Visitor Parking, Landscaped Garden, Indoor Games Room, Lift, Jogging Track, Clubhouse, CCTV",15522.0,24016.0,44894321.0,0.06,2693659.0,30000.0,93571.0,2.5,1,1
100762,Mumbai,Chembur,400071,mid-premium,1.08,1,427.1,1,Puravankara,0.8,Tier2,1,PMHA94808,5,"Swimming Pool, CCTV, 24/7 Security, Indoor Games Room, Gymnasium",16938.0,22634.0,9666569.0,0.06,579994.0,30000.0,16694.0,2.07,1,0
100763,Mumbai,Chembur,400071,mid-premium,1.22,4,1693.9,15,Sobha Ltd,0.91,Tier1,1,PMHA68001,4,"Jogging Track, Landscaped Garden, Power Backup, 24/7 Security",16716.0,19244.0,32596953.0,0.06,1955817.0,30000.0,84690.0,3.12,1,0
100764,Mumbai,Chembur,400071,mid-premium,0.65,2,772.0,1,Oberoi Realty,0.9,Tier1,1,PMHA97029,11,"Landscaped Garden, Indoor Games Room, Lift, 24/7 Security, Gymnasium, Visitor Parking, CCTV, Power Backup, Children's Play Area, Jogging Track, Swimming Pool",20558.0,31546.0,24354491.0,0.06,1461269.0,30000.0,37094.0,1.83,1,1
100765,Mumbai,Chembur,400071,mid-premium,0.92,2,842.7,10,Puravankara,0.8,Tier2,1,PMHA78542,11,"Swimming Pool, Jogging Track, Indoor Games Room, Gymnasium, 24/7 Security, Lift, Children's Play Area, Clubhouse, Landscaped Garden, CCTV, Visitor Parking",16118.0,23239.0,19584566.0,0.06,1175074.0,30000.0,33966.0,2.08,1,1
100766,Mumbai,Chembur,400071,mid-premium,0.98,2,791.9,8,Puravankara,0.8,Tier2,1,PMHA98923,9,"Gymnasium, Jogging Track, Visitor Parking, Clubhouse, Power Backup, Children's Play Area, Landscaped Garden, Indoor Games Room, Swimming Pool",20360.0,28223.0,22350214.0,0.06,1341013.0,30000.0,56755.0,3.05,1,1
100767,Mumbai,Chembur,400071,mid-premium,0.99,4,1589.3,21,Lodha Group,0.95,Tier1,1,PMHA29525,4,"Power Backup, Indoor Games Room, Jogging Track, Gymnasium",15682.0,20586.0,32718020.0,0.06,1963081.0,30000.0,73099.0,2.68,1,0
100768,Mumbai,Chembur,400071,mid-premium,0.99,2,788.5,17,Puravankara,0.8,Tier2,1,PMHA87904,8,"Visitor Parking, Clubhouse, Swimming Pool, Power Backup, Indoor Games Room, Jogging Track, CCTV, 24/7 Security",16352.0,20935.0,16507910.0,0.06,990475.0,30000.0,30051.0,2.18,0,1
100769,Mumbai,Chembur,400071,mid-premium,0.77,3,1283.7,19,Runwal Group,0.78,Tier2,1,PMHA39997,7,"CCTV, Gymnasium, Jogging Track, Landscaped Garden, Power Backup, 24/7 Security, Indoor Games Room",15159.0,18950.0,24325949.0,0.06,1459557.0,30000.0,39738.0,1.96,1,1
100770,Mumbai,Chembur,400071,mid-premium,0.91,3,1304.1,6,Sobha Ltd,0.91,Tier1,1,PMHA77447,10,"Landscaped Garden, Lift, Jogging Track, Visitor Parking, Clubhouse, 24/7 Security, Gymnasium, Indoor Games Room, Children's Play Area, CCTV",15982.0,23617.0,30799485.0,0.06,1847969.0,30000.0,58125.0,2.26,1,1
100771,Mumbai,Chembur,400071,mid-premium,0.99,4,2120.9,14,Runwal Group,0.78,Tier2,1,PMHA42236,6,"Visitor Parking, Landscaped Garden, CCTV, Indoor Games Room, Children's Play Area, Lift",19908.0,26238.0,55648639.0,0.06,3338918.0,30000.0,111956.0,2.41,0,1
100772,Mumbai,Chembur,400071,mid-premium,0.87,2,651.7,19,Lodha Group,0.95,Tier1,1,PMHA91493,11,"Clubhouse, Lift, Indoor Games Room, Gymnasium, Power Backup, CCTV, Children's Play Area, Swimming Pool, Landscaped Garden, Jogging Track, Visitor Parking",16227.0,21194.0,13811438.0,0.06,828686.0,30000.0,24204.0,2.1,1,1
100773,Mumbai,Chembur,400071,mid-premium,0.69,3,1136.5,19,Lodha Group,0.95,Tier1,1,PMHA89985,3,"Power Backup, Landscaped Garden, Jogging Track",20182.0,23535.0,26747001.0,0.06,1604820.0,30000.0,63265.0,2.84,0,0
100774,Mumbai,Chembur,400071,mid-premium,0.8,3,1070.3,0,Oberoi Realty,0.9,Tier1,1,PMHA67759,5,"Power Backup, Swimming Pool, Clubhouse, Children's Play Area, Landscaped Garden",19061.0,26772.0,28653352.0,0.06,1719201.0,30000.0,47297.0,1.98,1,0
100775,Mumbai,Chembur,400071,mid-premium,1.14,2,904.5,1,Prestige Group,0.92,Tier1,1,PMHA56898,5,"Gymnasium, Indoor Games Room, 24/7 Security, Lift, Clubhouse",20655.0,29634.0,26802472.0,0.06,1608148.0,30000.0,64492.0,2.89,0,0
100776,Mumbai,Chembur,400071,mid-premium,1.15,2,782.1,0,Local Developer Co,0.55,Tier3,1,PMHA12583,8,"Swimming Pool, Landscaped Garden, Indoor Games Room, Visitor Parking, 24/7 Security, Clubhouse, Power Backup, Jogging Track",20367.0,24622.0,19258020.0,0.06,1155481.0,30000.0,48735.0,3.04,0,1
100777,Mumbai,Chembur,400071,mid-premium,0.86,2,812.7,14,Kolte-Patil,0.82,Tier2,1,PMHA65063,10,"Gymnasium, 24/7 Security, Power Backup, Lift, CCTV, Swimming Pool, Children's Play Area, Jogging Track, Clubhouse, Visitor Parking",20127.0,29225.0,23751292.0,0.06,1425078.0,30000.0,53600.0,2.71,1,1
100778,Mumbai,Chembur,400071,mid-premium,1.2,1,398.1,19,Regional Builders Ltd,0.5,Tier3,1,PMHA26797,3,"Visitor Parking, Children's Play Area, Power Backup",20539.0,23083.0,9190101.0,0.06,551406.0,30000.0,23234.0,3.03,1,0
100779,Mumbai,Chembur,400071,mid-premium,1.29,3,990.8,22,Puravankara,0.8,Tier2,1,PMHA25435,6,"Lift, CCTV, Children's Play Area, Landscaped Garden, Gymnasium, 24/7 Security",17145.0,21026.0,20833023.0,0.06,1249981.0,30000.0,42723.0,2.46,1,1
100780,Mumbai,Chembur,400071,mid-premium,1.18,3,1160.1,5,Sobha Ltd,0.91,Tier1,1,PMHA70678,5,"Power Backup, Visitor Parking, Children's Play Area, Jogging Track, Swimming Pool",18855.0,25410.0,29478898.0,0.06,1768734.0,30000.0,58268.0,2.37,0,0
100781,Mumbai,Chembur,400071,mid-premium,0.92,1,512.5,2,Brigade Group,0.88,Tier1,1,PMHA52294,10,"Visitor Parking, Children's Play Area, Indoor Games Room, Swimming Pool, Jogging Track, Lift, Power Backup, Gymnasium, 24/7 Security, Landscaped Garden",19031.0,27549.0,14119904.0,0.06,847194.0,30000.0,25883.0,2.2,0,1
100782,Mumbai,Chembur,400071,mid-premium,0.92,2,666.6,7,Puravankara,0.8,Tier2,1,PMHA41244,11,"Landscaped Garden, CCTV, Children's Play Area, Power Backup, Indoor Games Room, 24/7 Security, Swimming Pool, Lift, Jogging Track, Clubhouse, Visitor Parking",17921.0,27462.0,18304973.0,0.06,1098298.0,30000.0,38636.0,2.53,1,1
100783,Mumbai,Chembur,400071,mid-premium,1.32,4,2150.3,18,Prestige Group,0.92,Tier1,1,PMHA76757,7,"Jogging Track, Lift, Swimming Pool, Power Backup, Landscaped Garden, Visitor Parking, Children's Play Area",20769.0,28580.0,61456869.0,0.06,3687412.0,30000.0,110435.0,2.16,0,1
100784,Mumbai,Chembur,400071,mid-premium,0.94,1,431.4,8,Puravankara,0.8,Tier2,1,PMHA11345,11,"Children's Play Area, Lift, Jogging Track, Clubhouse, Indoor Games Room, CCTV, Swimming Pool, Visitor Parking, Power Backup, Gymnasium, Landscaped Garden",17845.0,26316.0,11351242.0,0.06,681075.0,30000.0,21731.0,2.3,1,1
100785,Mumbai,Chembur,400071,mid-premium,0.74,2,920.4,21,Godrej Properties,0.93,Tier1,1,PMHA37409,7,"Indoor Games Room, Jogging Track, CCTV, Visitor Parking, Swimming Pool, Power Backup, Landscaped Garden",15918.0,22500.0,20708395.0,0.06,1242504.0,30000.0,41775.0,2.42,1,1
100786,Mumbai,Chembur,400071,mid-premium,1.17,1,467.0,20,Runwal Group,0.78,Tier2,1,PMHA42525,11,"Lift, CCTV, Gymnasium, Clubhouse, 24/7 Security, Indoor Games Room, Children's Play Area, Power Backup, Swimming Pool, Visitor Parking, Landscaped Garden",18527.0,24120.0,11263084.0,0.06,675785.0,30000.0,21753.0,2.32,1,1
100787,Mumbai,Chembur,400071,mid-premium,0.96,3,1081.7,17,Regional Builders Ltd,0.5,Tier3,1,PMHA56545,3,"Indoor Games Room, Landscaped Garden, Visitor Parking",20079.0,22995.0,24872975.0,0.06,1492378.0,30000.0,49579.0,2.39,1,0
100788,Mumbai,Chembur,400071,mid-premium,0.84,2,821.2,22,Oberoi Realty,0.9,Tier1,1,PMHA52203,3,"Lift, Jogging Track, CCTV",19873.0,25041.0,20563681.0,0.06,1233821.0,30000.0,41236.0,2.41,0,0
100789,Mumbai,Chembur,400071,mid-premium,0.97,3,1270.3,16,Regional Builders Ltd,0.5,Tier3,1,PMHA39267,9,"Children's Play Area, Landscaped Garden, CCTV, 24/7 Security, Swimming Pool, Gymnasium, Power Backup, Lift, Jogging Track",18280.0,24785.0,31483750.0,0.06,1889025.0,30000.0,62105.0,2.37,1,1
100790,Mumbai,Chembur,400071,mid-premium,1.04,3,1148.7,0,Local Developer Co,0.55,Tier3,1,PMHA20205,9,"Swimming Pool, Indoor Games Room, Power Backup, Landscaped Garden, Lift, Jogging Track, 24/7 Security, CCTV, Gymnasium",15147.0,20901.0,24009414.0,0.06,1440565.0,30000.0,57332.0,2.87,1,1
100791,Mumbai,Chembur,400071,mid-premium,1.04,3,975.3,0,Kolte-Patil,0.82,Tier2,1,PMHA60981,7,"Clubhouse, Indoor Games Room, Power Backup, 24/7 Security, Lift, CCTV, Swimming Pool",17947.0,25178.0,24555920.0,0.06,1473355.0,30000.0,58116.0,2.84,0,1
100792,Mumbai,Chembur,400071,mid-premium,0.99,4,2058.8,0,Runwal Group,0.78,Tier2,1,PMHA52522,6,"Swimming Pool, CCTV, Indoor Games Room, Jogging Track, Clubhouse, Visitor Parking",17698.0,25196.0,51873799.0,0.06,3112428.0,30000.0,125201.0,2.9,0,1
100793,Mumbai,Chembur,400071,mid-premium,1.03,3,1130.3,17,Local Developer Co,0.55,Tier3,1,PMHA32482,4,"CCTV, 24/7 Security, Indoor Games Room, Children's Play Area",15709.0,16660.0,18830878.0,0.06,1129853.0,30000.0,42372.0,2.7,0,0
100794,Mumbai,Chembur,400071,mid-premium,0.92,3,981.5,0,Brigade Group,0.88,Tier1,1,PMHA19878,8,"Children's Play Area, Swimming Pool, 24/7 Security, CCTV, Lift, Gymnasium, Visitor Parking, Indoor Games Room",15255.0,21908.0,21503240.0,0.06,1290194.0,30000.0,38585.0,2.15,1,1
100795,Mumbai,Chembur,400071,mid-premium,0.96,3,1091.2,9,Godrej Properties,0.93,Tier1,1,PMHA18464,7,"Children's Play Area, Jogging Track, Clubhouse, CCTV, Indoor Games Room, Gymnasium, Landscaped Garden",20627.0,26463.0,28876453.0,0.06,1732587.0,30000.0,79829.0,3.32,0,1
100796,Mumbai,Chembur,400071,mid-premium,0.98,3,1285.3,12,Runwal Group,0.78,Tier2,1,PMHA90265,7,"Swimming Pool, Indoor Games Room, Power Backup, Landscaped Garden, Clubhouse, Jogging Track, 24/7 Security",17711.0,23082.0,29667066.0,0.06,1780024.0,30000.0,57476.0,2.32,0,1
100797,Mumbai,Chembur,400071,mid-premium,1.13,4,1584.1,5,Local Developer Co,0.55,Tier3,1,PMHA13509,9,"Clubhouse, Children's Play Area, 24/7 Security, Power Backup, Swimming Pool, Indoor Games Room, Gymnasium, CCTV, Lift",18037.0,23549.0,37304916.0,0.06,2238295.0,30000.0,84805.0,2.73,1,1
100798,Mumbai,Chembur,400071,mid-premium,0.85,2,655.7,12,Runwal Group,0.78,Tier2,1,PMHA34926,4,"Swimming Pool, Indoor Games Room, Children's Play Area, Lift",16117.0,20372.0,13357140.0,0.06,801428.0,30000.0,22044.0,1.98,1,0
100799,Mumbai,Chembur,400071,mid-premium,0.96,4,2006.7,4,Prestige Group,0.92,Tier1,1,PMHA71079,12,"Gymnasium, Children's Play Area, Clubhouse, Lift, Jogging Track, CCTV, Power Backup, 24/7 Security, Swimming Pool, Indoor Games Room, Visitor Parking, Landscaped Garden",15402.0,25639.0,51448193.0,0.06,3086892.0,30000.0,132054.0,3.08,1,1
100800,Mumbai,Chembur,400071,mid-premium,1.03,3,1339.9,10,Oberoi Realty,0.9,Tier1,1,PMHA19841,11,"Gymnasium, Jogging Track, Clubhouse, Indoor Games Room, CCTV, Lift, 24/7 Security, Swimming Pool, Landscaped Garden, Children's Play Area, Power Backup",16130.0,22512.0,30164546.0,0.06,1809873.0,30000.0,53736.0,2.14,1,1
100801,Mumbai,Chembur,400071,mid-premium,0.98,3,1054.3,21,Runwal Group,0.78,Tier2,1,PMHA93367,10,"Lift, Power Backup, CCTV, Swimming Pool, Landscaped Garden, Gymnasium, Clubhouse, Visitor Parking, Jogging Track, Children's Play Area",15571.0,22036.0,23232952.0,0.06,1393977.0,30000.0,39861.0,2.06,1,1
100802,Mumbai,Chembur,400071,mid-premium,1.21,4,1503.7,12,Lodha Group,0.95,Tier1,1,PMHA98120,10,"CCTV, Jogging Track, Landscaped Garden, Visitor Parking, Swimming Pool, Gymnasium, Indoor Games Room, 24/7 Security, Clubhouse, Children's Play Area",16255.0,23147.0,34806640.0,0.06,2088398.0,30000.0,62445.0,2.15,1,1
100803,Mumbai,Chembur,400071,mid-premium,1.06,2,660.9,18,Sobha Ltd,0.91,Tier1,1,PMHA15913,11,"CCTV, Landscaped Garden, Lift, Children's Play Area, Power Backup, 24/7 Security, Clubhouse, Indoor Games Room, Visitor Parking, Gymnasium, Jogging Track",19015.0,27169.0,17956955.0,0.06,1077417.0,30000.0,37575.0,2.51,1,1
100804,Mumbai,Chembur,400071,mid-premium,0.98,1,459.9,8,Puravankara,0.8,Tier2,1,PMHA62215,3,"Gymnasium, Indoor Games Room, Children's Play Area",15635.0,19906.0,9153995.0,0.06,549240.0,30000.0,14148.0,1.85,1,0
100805,Mumbai,Chembur,400071,mid-premium,1.43,2,757.6,22,Prestige Group,0.92,Tier1,1,PMHA63198,5,"Swimming Pool, Clubhouse, Lift, Children's Play Area, Landscaped Garden",16606.0,19238.0,14574822.0,0.06,874489.0,30000.0,32566.0,2.68,0,0
100806,Mumbai,Chembur,400071,mid-premium,0.93,3,1127.1,10,Local Developer Co,0.55,Tier3,1,PMHA48648,4,"Indoor Games Room, Gymnasium, Swimming Pool, Clubhouse",15844.0,18963.0,21373677.0,0.06,1282421.0,30000.0,44137.0,2.48,1,0
100807,Mumbai,Chembur,400071,mid-premium,1.0,2,793.8,22,Puravankara,0.8,Tier2,1,PMHA75041,11,"Gymnasium, Landscaped Garden, Power Backup, Clubhouse, Jogging Track, Swimming Pool, Indoor Games Room, Visitor Parking, Children's Play Area, CCTV, Lift",20576.0,29254.0,23220894.0,0.06,1393254.0,30000.0,48322.0,2.5,0,1
100808,Mumbai,Chembur,400071,mid-premium,0.92,3,969.5,5,Puravankara,0.8,Tier2,1,PMHA79955,7,"Indoor Games Room, Lift, Gymnasium, CCTV, 24/7 Security, Visitor Parking, Jogging Track",20688.0,26852.0,26031756.0,0.06,1561905.0,30000.0,53835.0,2.48,1,1
100809,Mumbai,Chembur,400071,mid-premium,1.11,1,520.4,3,Godrej Properties,0.93,Tier1,1,PMHA45484,8,"Lift, Indoor Games Room, Children's Play Area, Landscaped Garden, CCTV, Swimming Pool, Clubhouse, Power Backup",18147.0,27182.0,14145853.0,0.06,848751.0,30000.0,21011.0,1.78,1,1
100810,Mumbai,Chembur,400071,mid-premium,0.98,3,988.5,23,Godrej Properties,0.93,Tier1,1,PMHA36840,12,"Swimming Pool, CCTV, Gymnasium, Visitor Parking, Lift, 24/7 Security, Power Backup, Clubhouse, Indoor Games Room, Jogging Track, Landscaped Garden, Children's Play Area",17483.0,25940.0,25642761.0,0.06,1538566.0,30000.0,64557.0,3.02,1,1
100811,Mumbai,Chembur,400071,mid-premium,0.93,3,1379.1,2,Brigade Group,0.88,Tier1,1,PMHA30683,8,"Swimming Pool, Visitor Parking, Children's Play Area, Landscaped Garden, Power Backup, Jogging Track, Clubhouse, 24/7 Security",18414.0,28137.0,38804329.0,0.06,2328260.0,30000.0,80912.0,2.5,1,1
100812,Mumbai,Chembur,400071,mid-premium,0.91,2,860.6,13,Godrej Properties,0.93,Tier1,1,PMHA16959,8,"24/7 Security, Children's Play Area, Jogging Track, Power Backup, Visitor Parking, CCTV, Indoor Games Room, Gymnasium",15210.0,21915.0,18860683.0,0.06,1131641.0,30000.0,37082.0,2.36,1,1
100813,Mumbai,Chembur,400071,mid-premium,1.23,4,1867.6,17,Prestige Group,0.92,Tier1,1,PMHA32391,5,"CCTV, Indoor Games Room, Clubhouse, Landscaped Garden, Power Backup",20201.0,25686.0,47969738.0,0.06,2878184.0,30000.0,96176.0,2.41,0,0
100814,Mumbai,Chembur,400071,mid-premium,0.91,1,516.2,17,Sobha Ltd,0.91,Tier1,1,PMHA55548,8,"Swimming Pool, Power Backup, Landscaped Garden, Visitor Parking, Gymnasium, Clubhouse, Lift, Jogging Track",19511.0,26233.0,13540670.0,0.06,812440.0,30000.0,26106.0,2.31,0,1
100815,Mumbai,Chembur,400071,mid-premium,0.95,1,474.7,23,Sobha Ltd,0.91,Tier1,1,PMHA53451,9,"Indoor Games Room, Landscaped Garden, CCTV, Gymnasium, 24/7 Security, Children's Play Area, Clubhouse, Visitor Parking, Lift",18257.0,22878.0,10859039.0,0.06,651542.0,30000.0,20685.0,2.29,1,1
100816,Mumbai,Chembur,400071,mid-premium,1.04,1,473.3,18,Prestige Group,0.92,Tier1,1,PMHA92831,9,"Lift, Power Backup, Swimming Pool, Visitor Parking, Gymnasium, Children's Play Area, CCTV, Landscaped Garden, 24/7 Security",15190.0,19869.0,9404024.0,0.06,564241.0,30000.0,19517.0,2.49,0,1
100817,Mumbai,Chembur,400071,mid-premium,0.83,1,465.2,18,Puravankara,0.8,Tier2,1,PMHA77912,10,"CCTV, Jogging Track, Clubhouse, Indoor Games Room, Lift, Visitor Parking, Children's Play Area, 24/7 Security, Swimming Pool, Gymnasium",20290.0,26995.0,12557210.0,0.06,753433.0,30000.0,32999.0,3.15,0,1
100818,Mumbai,Chembur,400071,mid-premium,1.18,4,1985.6,14,Kolte-Patil,0.82,Tier2,1,PMHA58124,5,"Lift, Power Backup, Visitor Parking, Swimming Pool, Landscaped Garden",18648.0,22157.0,43994927.0,0.06,2639696.0,30000.0,62340.0,1.7,1,0
100819,Mumbai,Chembur,400071,mid-premium,0.82,3,962.7,5,Local Developer Co,0.55,Tier3,1,PMHA66987,5,"Power Backup, Indoor Games Room, Visitor Parking, Swimming Pool, CCTV",15377.0,19447.0,18722642.0,0.06,1123359.0,30000.0,31446.0,2.02,0,0
100820,Mumbai,Chembur,400071,mid-premium,1.08,4,1933.7,19,Godrej Properties,0.93,Tier1,1,PMHA70673,3,"Indoor Games Room, Visitor Parking, Swimming Pool",20840.0,22590.0,43681355.0,0.06,2620881.0,30000.0,81923.0,2.25,0,0
100821,Mumbai,Chembur,400071,mid-premium,0.87,3,1337.2,2,Runwal Group,0.78,Tier2,1,PMHA66724,12,"Swimming Pool, CCTV, Indoor Games Room, Gymnasium, Visitor Parking, Lift, Landscaped Garden, 24/7 Security, Children's Play Area, Power Backup, Jogging Track, Clubhouse",19966.0,28205.0,37717106.0,0.06,2263026.0,30000.0,75752.0,2.41,0,1
100822,Mumbai,Chembur,400071,mid-premium,1.14,2,901.2,22,Oberoi Realty,0.9,Tier1,1,PMHA69532,4,"Landscaped Garden, Children's Play Area, Visitor Parking, Swimming Pool",16935.0,18199.0,16400801.0,0.06,984048.0,30000.0,26427.0,1.93,1,0
100823,Mumbai,Chembur,400071,mid-premium,0.98,3,1303.6,17,Regional Builders Ltd,0.5,Tier3,1,PMHA60173,3,"Jogging Track, Power Backup, Swimming Pool",19547.0,21475.0,27996071.0,0.06,1679764.0,30000.0,62973.0,2.7,0,0
100824,Mumbai,Chembur,400071,mid-premium,1.29,3,1253.8,11,Prestige Group,0.92,Tier1,1,PMHA73683,10,"Swimming Pool, Lift, Power Backup, Indoor Games Room, Children's Play Area, Clubhouse, CCTV, Jogging Track, Landscaped Garden, 24/7 Security",15381.0,23254.0,29154933.0,0.06,1749296.0,30000.0,64444.0,2.65,1,1
100825,Mumbai,Chembur,400071,mid-premium,1.03,2,949.8,5,Oberoi Realty,0.9,Tier1,1,PMHA59665,3,"Gymnasium, Clubhouse, Power Backup",17370.0,22014.0,20909466.0,0.06,1254568.0,30000.0,33901.0,1.95,1,0
100826,Mumbai,Chembur,400071,mid-premium,1.23,4,1515.3,11,Local Developer Co,0.55,Tier3,1,PMHA45135,7,"Power Backup, Gymnasium, Clubhouse, 24/7 Security, Visitor Parking, Landscaped Garden, CCTV",16135.0,19217.0,29119120.0,0.06,1747147.0,30000.0,60611.0,2.5,0,1
100827,Mumbai,Chembur,400071,mid-premium,0.85,1,503.7,10,Lodha Group,0.95,Tier1,1,PMHA98259,3,"24/7 Security, Jogging Track, Visitor Parking",20838.0,28157.0,14183492.0,0.06,851010.0,30000.0,21775.0,1.84,1,0
100828,Mumbai,Chembur,400071,mid-premium,0.71,3,987.6,1,Brigade Group,0.88,Tier1,1,PMHA74665,11,"Children's Play Area, Lift, Clubhouse, Gymnasium, Jogging Track, 24/7 Security, Landscaped Garden, Indoor Games Room, Swimming Pool, Visitor Parking, Power Backup",20268.0,33407.0,32993097.0,0.06,1979586.0,30000.0,70798.0,2.57,1,1
100829,Mumbai,Chembur,400071,mid-premium,1.02,1,499.4,18,Sobha Ltd,0.91,Tier1,1,PMHA94815,5,"Swimming Pool, Jogging Track, 24/7 Security, Lift, Indoor Games Room",17097.0,21994.0,10982829.0,0.06,658970.0,30000.0,18432.0,2.01,0,0
100830,Mumbai,Chembur,400071,mid-premium,1.15,4,1799.1,21,Oberoi Realty,0.9,Tier1,1,PMHA14475,9,"Swimming Pool, Lift, Clubhouse, 24/7 Security, Gymnasium, Landscaped Garden, Indoor Games Room, Jogging Track, CCTV",17874.0,24471.0,44025349.0,0.06,2641521.0,30000.0,103554.0,2.82,1,1
100831,Mumbai,Chembur,400071,mid-premium,1.0,1,434.2,11,Sobha Ltd,0.91,Tier1,1,PMHA76295,12,"24/7 Security, Gymnasium, Power Backup, Jogging Track, Clubhouse, Lift, Children's Play Area, Indoor Games Room, Landscaped Garden, Visitor Parking, Swimming Pool, CCTV",15533.0,22424.0,9735742.0,0.06,584145.0,30000.0,17722.0,2.18,1,1
100832,Mumbai,Chembur,400071,mid-premium,0.98,3,1229.4,0,Lodha Group,0.95,Tier1,1,PMHA71086,9,"CCTV, Jogging Track, Indoor Games Room, Gymnasium, Children's Play Area, Visitor Parking, Swimming Pool, 24/7 Security, Clubhouse",20658.0,33050.0,40631345.0,0.06,2437881.0,30000.0,87479.0,2.58,0,1
100833,Mumbai,Chembur,400071,mid-premium,1.03,2,843.5,18,Kolte-Patil,0.82,Tier2,1,PMHA54726,7,"Children's Play Area, Power Backup, Gymnasium, Lift, Indoor Games Room, Landscaped Garden, Clubhouse",18814.0,22397.0,18892122.0,0.06,1133527.0,30000.0,36849.0,2.34,0,1
100834,Mumbai,Chembur,400071,mid-premium,0.95,1,508.0,7,Prestige Group,0.92,Tier1,1,PMHA27860,8,"Jogging Track, 24/7 Security, Gymnasium, Clubhouse, Lift, Indoor Games Room, Landscaped Garden, Swimming Pool",19586.0,30397.0,15441494.0,0.06,926490.0,30000.0,34825.0,2.71,0,1
100835,Mumbai,Chembur,400071,mid-premium,1.12,1,546.6,8,Lodha Group,0.95,Tier1,1,PMHA65440,8,"Jogging Track, CCTV, Landscaped Garden, Indoor Games Room, 24/7 Security, Clubhouse, Swimming Pool, Power Backup",15317.0,21849.0,11942183.0,0.06,716531.0,30000.0,22548.0,2.27,1,1
100836,Mumbai,Chembur,400071,mid-premium,0.86,2,784.2,23,Lodha Group,0.95,Tier1,1,PMHA83787,7,"24/7 Security, Jogging Track, Swimming Pool, Landscaped Garden, Lift, Visitor Parking, Children's Play Area",15387.0,18988.0,14891510.0,0.06,893491.0,30000.0,29068.0,2.34,1,1
100837,Mumbai,Chembur,400071,mid-premium,1.0,2,934.4,14,Regional Builders Ltd,0.5,Tier3,1,PMHA57622,10,"Clubhouse, Lift, Children's Play Area, Indoor Games Room, 24/7 Security, Power Backup, Landscaped Garden, Swimming Pool, Visitor Parking, Gymnasium",16470.0,20259.0,18929566.0,0.06,1135774.0,30000.0,50568.0,3.21,1,1
100838,Mumbai,Chembur,400071,mid-premium,1.14,2,672.8,5,Regional Builders Ltd,0.5,Tier3,1,PMHA91547,4,"Power Backup, Children's Play Area, Indoor Games Room, Swimming Pool",20506.0,25728.0,17310477.0,0.06,1038629.0,30000.0,32400.0,2.25,1,0
100839,Mumbai,Chembur,400071,mid-premium,0.99,4,2127.0,11,Prestige Group,0.92,Tier1,1,PMHA39843,4,"Power Backup, Children's Play Area, Visitor Parking, Landscaped Garden",17788.0,23573.0,50140494.0,0.06,3008430.0,30000.0,111980.0,2.68,0,0
100840,Mumbai,Chembur,400071,mid-premium,1.19,1,453.0,0,Runwal Group,0.78,Tier2,1,PMHA50627,6,"CCTV, Clubhouse, Jogging Track, Swimming Pool, Landscaped Garden, Gymnasium",18572.0,24546.0,11118317.0,0.06,667099.0,30000.0,21339.0,2.3,0,1
100841,Mumbai,Kandivali East,400101,mid,1.3,3,1388.7,22,Local Developer Co,0.55,Tier3,1,PMHA28747,6,"Indoor Games Room, Jogging Track, Lift, Visitor Parking, Clubhouse, Children's Play Area",11783.0,12857.0,17854640.0,0.06,1071278.0,30000.0,47667.0,3.2,1,1
100842,Mumbai,Kandivali East,400101,mid,1.05,3,1366.9,22,Lodha Group,0.95,Tier1,1,PMHA90430,9,"Landscaped Garden, CCTV, Lift, Indoor Games Room, Power Backup, Gymnasium, Jogging Track, Children's Play Area, Clubhouse",15875.0,20563.0,28107062.0,0.06,1686424.0,30000.0,48875.0,2.09,1,1
100843,Mumbai,Kandivali East,400101,mid,1.38,1,526.9,23,Kolte-Patil,0.82,Tier2,1,PMHA36628,9,"Swimming Pool, Power Backup, Clubhouse, Visitor Parking, 24/7 Security, Gymnasium, Children's Play Area, CCTV, Landscaped Garden",15110.0,20440.0,10769513.0,0.06,646171.0,30000.0,35664.0,3.97,1,1
100844,Mumbai,Kandivali East,400101,mid,1.16,2,718.9,4,Puravankara,0.8,Tier2,1,PMHA42597,6,"Landscaped Garden, Visitor Parking, Power Backup, CCTV, Swimming Pool, Indoor Games Room",13979.0,21186.0,15230379.0,0.06,913823.0,30000.0,41220.0,3.25,0,1
100845,Mumbai,Kandivali East,400101,mid,1.45,4,1547.6,5,Sobha Ltd,0.91,Tier1,1,PMHA91730,10,"Visitor Parking, CCTV, Children's Play Area, Landscaped Garden, Lift, 24/7 Security, Clubhouse, Indoor Games Room, Swimming Pool, Gymnasium",15492.0,21989.0,34031017.0,0.06,2041861.0,30000.0,86877.0,3.06,0,1
100846,Mumbai,Kandivali East,400101,mid,1.17,4,1893.5,1,Regional Builders Ltd,0.5,Tier3,1,PMHA11826,10,"Lift, Children's Play Area, Clubhouse, Power Backup, Swimming Pool, Jogging Track, 24/7 Security, Indoor Games Room, CCTV, Visitor Parking",15701.0,21364.0,40453351.0,0.06,2427201.0,30000.0,58683.0,1.74,0,1
100847,Mumbai,Kandivali East,400101,mid,1.38,3,1268.1,20,Kolte-Patil,0.82,Tier2,1,PMHA37737,8,"Landscaped Garden, Jogging Track, Visitor Parking, Children's Play Area, Indoor Games Room, Gymnasium, 24/7 Security, Power Backup",14009.0,17458.0,22139253.0,0.06,1328355.0,30000.0,52398.0,2.84,0,1
100848,Mumbai,Kandivali East,400101,mid,0.87,4,1567.9,3,Puravankara,0.8,Tier2,1,PMHA68085,8,"Clubhouse, CCTV, Children's Play Area, Visitor Parking, Jogging Track, Indoor Games Room, Swimming Pool, Lift",13834.0,18389.0,28832592.0,0.06,1729956.0,30000.0,48761.0,2.03,1,1
100849,Mumbai,Kandivali East,400101,mid,1.49,2,788.1,13,Puravankara,0.8,Tier2,1,PMHA89256,8,"Indoor Games Room, Children's Play Area, Lift, Clubhouse, Power Backup, Jogging Track, Landscaped Garden, Gymnasium",13972.0,20181.0,15904645.0,0.06,954279.0,30000.0,24122.0,1.82,1,1
100850,Mumbai,Kandivali East,400101,mid,1.07,3,1017.0,1,Godrej Properties,0.93,Tier1,1,PMHA68497,11,"Indoor Games Room, Lift, Clubhouse, CCTV, Children's Play Area, Jogging Track, Power Backup, Swimming Pool, Visitor Parking, Landscaped Garden, Gymnasium",11860.0,17830.0,18132752.0,0.06,1087965.0,30000.0,53049.0,3.51,1,1
100851,Mumbai,Kandivali East,400101,mid,1.49,2,697.8,23,Runwal Group,0.78,Tier2,1,PMHA52377,10,"Gymnasium, Clubhouse, CCTV, Visitor Parking, 24/7 Security, Children's Play Area, Indoor Games Room, Jogging Track, Power Backup, Lift",12891.0,17442.0,12169951.0,0.06,730197.0,30000.0,35862.0,3.54,1,1
100852,Mumbai,Kandivali East,400101,mid,1.68,3,1101.4,24,Brigade Group,0.88,Tier1,1,PMHA85047,10,"Visitor Parking, Jogging Track, Clubhouse, Gymnasium, Lift, CCTV, Landscaped Garden, Power Backup, Swimming Pool, 24/7 Security",15438.0,19782.0,21787533.0,0.06,1307252.0,30000.0,35226.0,1.94,0,1
100853,Mumbai,Kandivali East,400101,mid,1.43,3,1351.4,8,Godrej Properties,0.93,Tier1,1,PMHA62510,7,"Children's Play Area, CCTV, Lift, Indoor Games Room, Swimming Pool, Clubhouse, Landscaped Garden",13736.0,19068.0,25767652.0,0.06,1546059.0,30000.0,74184.0,3.45,0,1
100854,Mumbai,Kandivali East,400101,mid,1.31,2,797.9,24,Godrej Properties,0.93,Tier1,1,PMHA43371,3,"Gymnasium, Jogging Track, Indoor Games Room",14297.0,14932.0,11913994.0,0.06,714840.0,30000.0,30040.0,3.03,0,0
100855,Mumbai,Kandivali East,400101,mid,1.09,4,1615.6,10,Regional Builders Ltd,0.5,Tier3,0,,12,"Gymnasium, Landscaped Garden, Power Backup, Jogging Track, CCTV, Swimming Pool, Clubhouse, Visitor Parking, Children's Play Area, Indoor Games Room, Lift, 24/7 Security",13848.0,18167.0,29351338.0,0.06,1761080.0,30000.0,52802.0,2.16,0,1
100856,Mumbai,Kandivali East,400101,mid,1.51,2,797.1,5,Sobha Ltd,0.91,Tier1,1,PMHA15116,3,"Power Backup, Clubhouse, 24/7 Security",15369.0,18332.0,14612016.0,0.06,876721.0,30000.0,24433.0,2.01,0,0
100857,Mumbai,Kandivali East,400101,mid,1.47,2,878.0,12,Sobha Ltd,0.91,Tier1,1,PMHA62442,11,"Lift, Visitor Parking, Children's Play Area, Power Backup, CCTV, Indoor Games Room, Landscaped Garden, Gymnasium, Swimming Pool, 24/7 Security, Clubhouse",13375.0,18915.0,16606544.0,0.06,996393.0,30000.0,26385.0,1.91,1,1
100858,Mumbai,Kandivali East,400101,mid,1.22,3,1269.0,8,Oberoi Realty,0.9,Tier1,1,PMHA47458,12,"Jogging Track, 24/7 Security, Gymnasium, Landscaped Garden, Lift, Power Backup, Clubhouse, Visitor Parking, CCTV, Swimming Pool, Indoor Games Room, Children's Play Area",12120.0,19004.0,24116422.0,0.06,1446985.0,30000.0,56108.0,2.79,1,1
100859,Mumbai,Kandivali East,400101,mid,1.43,2,868.7,3,Regional Builders Ltd,0.5,Tier3,1,PMHA67685,4,"Power Backup, Landscaped Garden, 24/7 Security, Children's Play Area",12518.0,14648.0,12724557.0,0.06,763473.0,30000.0,19506.0,1.84,1,0
100860,Mumbai,Kandivali East,400101,mid,1.27,3,1074.1,23,Runwal Group,0.78,Tier2,1,PMHA40409,6,"Indoor Games Room, Landscaped Garden, Visitor Parking, Children's Play Area, CCTV, Swimming Pool",15486.0,16867.0,18117276.0,0.06,1087037.0,30000.0,30091.0,1.99,1,1
100861,Mumbai,Kandivali East,400101,mid,1.5,4,1762.8,24,Runwal Group,0.78,Tier2,1,PMHA81642,7,"Swimming Pool, Lift, Clubhouse, Children's Play Area, Gymnasium, 24/7 Security, Visitor Parking",15223.0,16547.0,29169764.0,0.06,1750186.0,30000.0,62394.0,2.57,1,1
100862,Mumbai,Kandivali East,400101,mid,0.97,2,868.8,24,Brigade Group,0.88,Tier1,1,PMHA33003,5,"24/7 Security, Indoor Games Room, Swimming Pool, Jogging Track, Lift",11993.0,14919.0,12960807.0,0.06,777648.0,30000.0,35185.0,3.26,0,0
100863,Mumbai,Kandivali East,400101,mid,1.23,3,1316.4,12,Sobha Ltd,0.91,Tier1,1,PMHA93333,6,"Children's Play Area, Lift, Power Backup, 24/7 Security, Jogging Track, Swimming Pool",12248.0,15247.0,20070730.0,0.06,1204244.0,30000.0,45393.0,2.71,0,1
100864,Mumbai,Kandivali East,400101,mid,1.48,2,918.1,12,Lodha Group,0.95,Tier1,1,PMHA13351,11,"Jogging Track, Indoor Games Room, Lift, Swimming Pool, Gymnasium, Clubhouse, CCTV, Visitor Parking, Children's Play Area, 24/7 Security, Landscaped Garden",11837.0,16599.0,15239246.0,0.06,914355.0,30000.0,42358.0,3.34,0,1
100865,Mumbai,Kandivali East,400101,mid,1.33,3,1021.4,1,Sobha Ltd,0.91,Tier1,1,PMHA35064,10,"Indoor Games Room, Landscaped Garden, Clubhouse, Visitor Parking, 24/7 Security, Children's Play Area, Swimming Pool, Power Backup, Jogging Track, Gymnasium",14300.0,21779.0,22246219.0,0.06,1334773.0,30000.0,61823.0,3.33,1,1
100866,Mumbai,Kandivali East,400101,mid,1.25,1,457.8,9,Oberoi Realty,0.9,Tier1,1,PMHA23515,3,"Jogging Track, Children's Play Area, CCTV",14668.0,19421.0,8890795.0,0.06,533448.0,30000.0,12913.0,1.74,1,0
100867,Mumbai,Kandivali East,400101,mid,1.43,3,1007.7,21,Lodha Group,0.95,Tier1,1,PMHA24965,10,"Landscaped Garden, Visitor Parking, Gymnasium, Lift, Children's Play Area, CCTV, Jogging Track, 24/7 Security, Indoor Games Room, Power Backup",15996.0,21790.0,21956721.0,0.06,1317403.0,30000.0,28754.0,1.57,0,1
100868,Mumbai,Kandivali East,400101,mid,1.26,3,1158.2,12,Prestige Group,0.92,Tier1,1,PMHA86978,8,"Swimming Pool, Power Backup, Children's Play Area, Indoor Games Room, Lift, Visitor Parking, Clubhouse, Gymnasium",11616.0,16163.0,18719742.0,0.06,1123185.0,30000.0,57528.0,3.69,1,1
100869,Mumbai,Kandivali East,400101,mid,1.47,1,475.1,0,Puravankara,0.8,Tier2,1,PMHA39277,3,"Clubhouse, Indoor Games Room, Lift",12001.0,16030.0,7615279.0,0.06,456917.0,30000.0,19202.0,3.03,0,0
100870,Mumbai,Kandivali East,400101,mid,1.38,3,1303.1,17,Godrej Properties,0.93,Tier1,1,PMHA70288,4,"Children's Play Area, 24/7 Security, Lift, Landscaped Garden",13730.0,18509.0,24119336.0,0.06,1447160.0,30000.0,53400.0,2.66,0,0
100871,Mumbai,Kandivali East,400101,mid,1.33,3,1379.7,18,Oberoi Realty,0.9,Tier1,1,PMHA34756,7,"Power Backup, 24/7 Security, Gymnasium, Landscaped Garden, Indoor Games Room, Clubhouse, Visitor Parking",14320.0,19613.0,27059216.0,0.06,1623553.0,30000.0,28685.0,1.27,1,1
100872,Mumbai,Kandivali East,400101,mid,1.24,3,1340.7,3,Local Developer Co,0.55,Tier3,1,PMHA44783,12,"Lift, Power Backup, Jogging Track, Children's Play Area, 24/7 Security, Gymnasium, Swimming Pool, Clubhouse, CCTV, Indoor Games Room, Visitor Parking, Landscaped Garden",15175.0,20941.0,28075023.0,0.06,1684501.0,30000.0,52775.0,2.26,1,1
100873,Mumbai,Kandivali East,400101,mid,1.34,1,406.1,13,Brigade Group,0.88,Tier1,1,PMHA17094,12,"Clubhouse, Visitor Parking, Power Backup, Landscaped Garden, Gymnasium, CCTV, Swimming Pool, Children's Play Area, Jogging Track, Indoor Games Room, Lift, 24/7 Security",13202.0,21188.0,8604299.0,0.06,516258.0,30000.0,25384.0,3.54,0,1
100874,Mumbai,Kandivali East,400101,mid,1.26,2,933.2,24,Puravankara,0.8,Tier2,1,PMHA82791,8,"Swimming Pool, Children's Play Area, Jogging Track, Power Backup, Lift, Gymnasium, Indoor Games Room, CCTV",12209.0,14550.0,13577767.0,0.06,814666.0,30000.0,39193.0,3.46,1,1
100875,Mumbai,Kandivali East,400101,mid,1.21,3,1352.5,6,Local Developer Co,0.55,Tier3,0,,12,"Lift, Landscaped Garden, Swimming Pool, Clubhouse, Visitor Parking, Gymnasium, Jogging Track, Indoor Games Room, CCTV, Children's Play Area, 24/7 Security, Power Backup",14260.0,20650.0,27928330.0,0.06,1675700.0,30000.0,74888.0,3.22,1,1
100876,Mumbai,Kandivali East,400101,mid,1.36,3,1022.0,0,Runwal Group,0.78,Tier2,1,PMHA71704,12,"CCTV, Children's Play Area, Lift, Power Backup, Gymnasium, Landscaped Garden, Indoor Games Room, Swimming Pool, Visitor Parking, Clubhouse, 24/7 Security, Jogging Track",12072.0,19178.0,19599870.0,0.06,1175992.0,30000.0,30111.0,1.84,1,1
100877,Mumbai,Kandivali East,400101,mid,1.26,2,781.7,22,Brigade Group,0.88,Tier1,1,PMHA68011,8,"Visitor Parking, Children's Play Area, Gymnasium, Landscaped Garden, Clubhouse, Lift, Power Backup, 24/7 Security",12593.0,16697.0,13052468.0,0.06,783148.0,30000.0,41413.0,3.81,0,1
100878,Mumbai,Kandivali East,400101,mid,1.22,4,1509.6,4,Godrej Properties,0.93,Tier1,1,PMHA15452,12,"Clubhouse, Lift, Gymnasium, Power Backup, Children's Play Area, Indoor Games Room, Visitor Parking, 24/7 Security, Jogging Track, Landscaped Garden, CCTV, Swimming Pool",15684.0,23505.0,35482951.0,0.06,2128977.0,30000.0,84656.0,2.86,0,1
100879,Mumbai,Kandivali East,400101,mid,1.3,2,698.1,4,Runwal Group,0.78,Tier2,1,PMHA63913,11,"Landscaped Garden, Swimming Pool, Power Backup, Clubhouse, CCTV, Visitor Parking, Children's Play Area, 24/7 Security, Indoor Games Room, Gymnasium, Jogging Track",15208.0,23203.0,16197066.0,0.06,971824.0,30000.0,44248.0,3.28,1,1
100880,Mumbai,Kandivali East,400101,mid,1.09,3,1375.3,5,Lodha Group,0.95,Tier1,1,PMHA32050,10,"Jogging Track, Clubhouse, Power Backup, Lift, 24/7 Security, CCTV, Children's Play Area, Indoor Games Room, Swimming Pool, Gymnasium",13271.0,20904.0,28748732.0,0.06,1724924.0,30000.0,81809.0,3.41,1,1
100881,Mumbai,Kandivali East,400101,mid,1.47,2,918.7,13,Oberoi Realty,0.9,Tier1,1,PMHA94313,6,"Indoor Games Room, Visitor Parking, Clubhouse, Jogging Track, Gymnasium, CCTV",11769.0,15483.0,14224691.0,0.06,853481.0,30000.0,39945.0,3.37,0,1
100882,Mumbai,Kandivali East,400101,mid,1.15,3,1039.5,24,Godrej Properties,0.93,Tier1,1,PMHA79163,6,"Indoor Games Room, Swimming Pool, Lift, Landscaped Garden, 24/7 Security, Visitor Parking",11839.0,15807.0,16432150.0,0.06,985929.0,30000.0,27997.0,2.04,0,1
100883,Mumbai,Kandivali East,400101,mid,0.99,4,1607.3,18,Local Developer Co,0.55,Tier3,1,PMHA91035,10,"Gymnasium, 24/7 Security, Clubhouse, Lift, Jogging Track, Children's Play Area, CCTV, Power Backup, Indoor Games Room, Swimming Pool",13484.0,16409.0,26375076.0,0.06,1582505.0,30000.0,78934.0,3.59,1,1
100884,Mumbai,Kandivali East,400101,mid,1.36,2,912.1,9,Kolte-Patil,0.82,Tier2,1,PMHA63615,12,"Swimming Pool, Clubhouse, CCTV, 24/7 Security, Lift, Landscaped Garden, Indoor Games Room, Jogging Track, Visitor Parking, Children's Play Area, Gymnasium, Power Backup",14261.0,21359.0,19482283.0,0.06,1168937.0,30000.0,45623.0,2.81,0,1
100885,Mumbai,Kandivali East,400101,mid,1.31,2,829.6,16,Sobha Ltd,0.91,Tier1,1,PMHA79100,3,"Swimming Pool, 24/7 Security, Landscaped Garden",13632.0,16592.0,13764710.0,0.06,825883.0,30000.0,30710.0,2.68,1,0
100886,Mumbai,Kandivali East,400101,mid,1.19,3,1321.2,1,Brigade Group,0.88,Tier1,1,PMHA46308,3,"Lift, Landscaped Garden, Clubhouse",15515.0,21273.0,28106336.0,0.06,1686380.0,30000.0,51144.0,2.18,1,0
100887,Mumbai,Kandivali East,400101,mid,1.56,1,540.8,2,Regional Builders Ltd,0.5,Tier3,1,PMHA51833,6,"Children's Play Area, Landscaped Garden, Indoor Games Room, Visitor Parking, 24/7 Security, CCTV",11992.0,15164.0,8200336.0,0.06,492020.0,30000.0,20248.0,2.96,1,1
100888,Mumbai,Kandivali East,400101,mid,1.53,2,757.5,19,Kolte-Patil,0.82,Tier2,1,PMHA95409,10,"Children's Play Area, Swimming Pool, Lift, Clubhouse, Visitor Parking, CCTV, Power Backup, Gymnasium, Indoor Games Room, Landscaped Garden",12361.0,16699.0,12648745.0,0.06,758925.0,30000.0,26661.0,2.53,1,1
100889,Mumbai,Kandivali East,400101,mid,1.19,1,404.7,15,Godrej Properties,0.93,Tier1,1,PMHA62413,8,"Gymnasium, 24/7 Security, Jogging Track, Children's Play Area, CCTV, Landscaped Garden, Power Backup, Clubhouse",12695.0,16883.0,6832292.0,0.06,409938.0,30000.0,15018.0,2.64,0,1
100890,Mumbai,Kandivali East,400101,mid,1.46,2,927.6,12,Godrej Properties,0.93,Tier1,1,PMHA19551,6,"Visitor Parking, Clubhouse, Children's Play Area, Power Backup, 24/7 Security, Landscaped Garden",15390.0,22448.0,20823599.0,0.06,1249416.0,30000.0,51198.0,2.95,1,1
100891,Mumbai,Kandivali East,400101,mid,1.2,1,427.4,23,Brigade Group,0.88,Tier1,1,PMHA36318,6,"Jogging Track, Gymnasium, Visitor Parking, Clubhouse, Power Backup, Lift",15463.0,17910.0,7654016.0,0.06,459241.0,30000.0,16484.0,2.58,0,1
100892,Mumbai,Kandivali East,400101,mid,1.63,3,1337.1,5,Runwal Group,0.78,Tier2,1,PMHA67350,12,"Landscaped Garden, Swimming Pool, Indoor Games Room, Power Backup, 24/7 Security, Jogging Track, CCTV, Lift, Children's Play Area, Clubhouse, Gymnasium, Visitor Parking",13404.0,20530.0,27449261.0,0.06,1646956.0,30000.0,46441.0,2.03,0,1
100893,Mumbai,Kandivali East,400101,mid,1.4,4,1912.3,1,Sobha Ltd,0.91,Tier1,1,PMHA76194,11,"Landscaped Garden, Indoor Games Room, Lift, Children's Play Area, 24/7 Security, Gymnasium, Clubhouse, CCTV, Visitor Parking, Jogging Track, Swimming Pool",13766.0,19648.0,37572668.0,0.06,2254360.0,30000.0,96856.0,3.09,0,1
100894,Mumbai,Kandivali East,400101,mid,1.44,2,704.1,2,Oberoi Realty,0.9,Tier1,1,PMHA44355,8,"Power Backup, Landscaped Garden, Visitor Parking, Lift, Indoor Games Room, Swimming Pool, CCTV, Clubhouse",14668.0,20587.0,14495952.0,0.06,869757.0,30000.0,38335.0,3.17,1,1
100895,Mumbai,Kandivali East,400101,mid,1.29,4,2178.7,9,Oberoi Realty,0.9,Tier1,1,PMHA36778,5,"CCTV, Lift, Swimming Pool, Visitor Parking, 24/7 Security",13173.0,15418.0,33592351.0,0.06,2015541.0,30000.0,71488.0,2.55,1,0
100896,Mumbai,Kandivali East,400101,mid,1.33,3,963.5,10,Runwal Group,0.78,Tier2,1,PMHA74596,11,"Children's Play Area, Swimming Pool, Landscaped Garden, Indoor Games Room, CCTV, Lift, Gymnasium, Clubhouse, 24/7 Security, Visitor Parking, Power Backup",11758.0,15412.0,14849531.0,0.06,890972.0,30000.0,44702.0,3.61,1,1
100897,Mumbai,Kandivali East,400101,mid,1.4,4,1607.1,7,Sobha Ltd,0.91,Tier1,1,PMHA75316,12,"CCTV, 24/7 Security, Lift, Clubhouse, Visitor Parking, Indoor Games Room, Jogging Track, Landscaped Garden, Gymnasium, Swimming Pool, Power Backup, Children's Play Area",12969.0,18456.0,29660023.0,0.06,1779601.0,30000.0,65464.0,2.65,1,1
100898,Mumbai,Kandivali East,400101,mid,1.17,2,728.8,19,Prestige Group,0.92,Tier1,1,PMHA45887,10,"Power Backup, Landscaped Garden, 24/7 Security, Children's Play Area, CCTV, Indoor Games Room, Lift, Gymnasium, Jogging Track, Visitor Parking",14778.0,20718.0,15098794.0,0.06,905928.0,30000.0,40818.0,3.24,1,1
100899,Mumbai,Kandivali East,400101,mid,1.44,3,1054.0,10,Sobha Ltd,0.91,Tier1,1,PMHA89476,5,"Indoor Games Room, 24/7 Security, Lift, Power Backup, Visitor Parking",12334.0,16589.0,17484816.0,0.06,1049089.0,30000.0,50999.0,3.5,0,0
100900,Mumbai,Kandivali East,400101,mid,1.52,2,747.7,17,Godrej Properties,0.93,Tier1,1,PMHA26531,6,"Power Backup, CCTV, Landscaped Garden, Visitor Parking, Swimming Pool, Clubhouse",12129.0,15031.0,11238501.0,0.06,674310.0,30000.0,16899.0,1.8,1,1
100901,Mumbai,Kandivali East,400101,mid,1.0,1,460.0,11,Runwal Group,0.78,Tier2,1,PMHA60275,4,"Clubhouse, Children's Play Area, Gymnasium, Indoor Games Room",14827.0,17994.0,8276130.0,0.06,496568.0,30000.0,24715.0,3.58,0,0
100902,Mumbai,Kandivali East,400101,mid,1.34,2,933.3,6,Kolte-Patil,0.82,Tier2,1,PMHA47604,12,"Lift, Landscaped Garden, Indoor Games Room, Clubhouse, 24/7 Security, CCTV, Power Backup, Jogging Track, Swimming Pool, Children's Play Area, Gymnasium, Visitor Parking",11758.0,17209.0,16061070.0,0.06,963664.0,30000.0,35052.0,2.62,1,1
100903,Mumbai,Kandivali East,400101,mid,1.05,3,1385.5,22,Sobha Ltd,0.91,Tier1,1,PMHA17977,11,"Children's Play Area, Jogging Track, Lift, Swimming Pool, 24/7 Security, Clubhouse, Landscaped Garden, Power Backup, Gymnasium, CCTV, Visitor Parking",13559.0,17163.0,23780378.0,0.06,1426823.0,30000.0,35018.0,1.77,0,1
100904,Mumbai,Kandivali East,400101,mid,1.38,1,476.6,15,Prestige Group,0.92,Tier1,1,PMHA85937,12,"Lift, Visitor Parking, Children's Play Area, Power Backup, Indoor Games Room, Swimming Pool, Landscaped Garden, Gymnasium, Clubhouse, 24/7 Security, CCTV, Jogging Track",13962.0,20318.0,9684059.0,0.06,581044.0,30000.0,21892.0,2.71,1,1
100905,Mumbai,Kandivali East,400101,mid,1.19,3,1187.4,3,Local Developer Co,0.55,Tier3,0,,3,"Jogging Track, Power Backup, Landscaped Garden",12155.0,14730.0,17491489.0,0.06,1049489.0,30000.0,49200.0,3.38,0,0
100906,Mumbai,Kandivali East,400101,mid,1.39,2,782.6,19,Oberoi Realty,0.9,Tier1,1,PMHA79511,4,"Indoor Games Room, 24/7 Security, CCTV, Clubhouse",12021.0,15288.0,11963735.0,0.06,717824.0,30000.0,31224.0,3.13,1,0
100907,Mumbai,Kandivali East,400101,mid,1.49,3,1356.1,12,Brigade Group,0.88,Tier1,1,PMHA96475,12,"Children's Play Area, Indoor Games Room, Lift, Gymnasium, Swimming Pool, CCTV, 24/7 Security, Landscaped Garden, Clubhouse, Power Backup, Jogging Track, Visitor Parking",13695.0,19153.0,25973694.0,0.06,1558422.0,30000.0,86850.0,4.01,1,1
100908,Mumbai,Kandivali East,400101,mid,1.36,2,868.8,14,Local Developer Co,0.55,Tier3,0,,3,"Clubhouse, Lift, Gymnasium",13710.0,16246.0,14114913.0,0.06,846895.0,30000.0,32120.0,2.73,0,0
100909,Mumbai,Kandivali East,400101,mid,1.36,2,916.7,15,Lodha Group,0.95,Tier1,1,PMHA47181,3,"Swimming Pool, Lift, 24/7 Security",15016.0,18538.0,16993554.0,0.06,1019613.0,30000.0,53359.0,3.77,0,0
100910,Mumbai,Kandivali East,400101,mid,1.19,1,528.9,10,Local Developer Co,0.55,Tier3,0,,4,"Landscaped Garden, Visitor Parking, Indoor Games Room, Gymnasium",12260.0,15150.0,8012781.0,0.06,480767.0,30000.0,15144.0,2.27,0,0
100911,Mumbai,Kandivali East,400101,mid,1.25,2,870.6,14,Sobha Ltd,0.91,Tier1,1,PMHA61127,5,"Power Backup, Gymnasium, Children's Play Area, Clubhouse, Swimming Pool",12798.0,16815.0,14639376.0,0.06,878363.0,30000.0,34141.0,2.8,0,0
100912,Mumbai,Kandivali East,400101,mid,1.55,2,873.1,15,Godrej Properties,0.93,Tier1,1,PMHA91006,8,"Lift, CCTV, Swimming Pool, Gymnasium, Clubhouse, Jogging Track, Children's Play Area, Indoor Games Room",14314.0,21842.0,19069355.0,0.06,1144161.0,30000.0,50172.0,3.16,0,1
100913,Mumbai,Kandivali East,400101,mid,1.58,3,982.7,11,Puravankara,0.8,Tier2,1,PMHA93444,5,"Clubhouse, Gymnasium, Children's Play Area, 24/7 Security, Indoor Games Room",14230.0,17430.0,17127632.0,0.06,1027658.0,30000.0,36305.0,2.54,0,0
100914,Mumbai,Kandivali East,400101,mid,1.47,2,730.2,7,Prestige Group,0.92,Tier1,1,PMHA72552,12,"Children's Play Area, 24/7 Security, Swimming Pool, CCTV, Landscaped Garden, Jogging Track, Visitor Parking, Clubhouse, Power Backup, Lift, Indoor Games Room, Gymnasium",13548.0,21153.0,15446791.0,0.06,926807.0,30000.0,33056.0,2.57,1,1
100915,Mumbai,Kandivali East,400101,mid,1.1,2,878.2,4,Brigade Group,0.88,Tier1,1,PMHA70116,7,"Power Backup, Jogging Track, Indoor Games Room, 24/7 Security, Visitor Parking, Gymnasium, Lift",15402.0,21494.0,18876068.0,0.06,1132564.0,30000.0,41866.0,2.66,0,1
100916,Mumbai,Kandivali East,400101,mid,1.34,2,690.3,11,Kolte-Patil,0.82,Tier2,1,PMHA41350,5,"Gymnasium, CCTV, Swimming Pool, 24/7 Security, Jogging Track",12869.0,17176.0,11857578.0,0.06,711455.0,30000.0,27295.0,2.76,0,0
100917,Mumbai,Kandivali East,400101,mid,1.1,3,1174.7,15,Godrej Properties,0.93,Tier1,1,PMHA73148,3,"Power Backup, Visitor Parking, Swimming Pool",14385.0,18521.0,21755973.0,0.06,1305358.0,30000.0,62524.0,3.45,1,0
100918,Mumbai,Kandivali East,400101,mid,1.46,3,1390.8,0,Runwal Group,0.78,Tier2,1,PMHA62991,3,"CCTV, 24/7 Security, Landscaped Garden",15079.0,19163.0,26651811.0,0.06,1599109.0,30000.0,27726.0,1.25,0,0
100919,Mumbai,Kandivali East,400101,mid,1.03,4,1599.3,13,Sobha Ltd,0.91,Tier1,1,PMHA19083,4,"Gymnasium, Lift, Indoor Games Room, 24/7 Security",14046.0,17151.0,27428515.0,0.06,1645711.0,30000.0,58063.0,2.54,0,0
100920,Mumbai,Kandivali East,400101,mid,1.43,2,810.8,7,Local Developer Co,0.55,Tier3,1,PMHA16295,3,"Swimming Pool, 24/7 Security, Visitor Parking",12009.0,13761.0,11157071.0,0.06,669424.0,30000.0,28132.0,3.03,1,0
100921,Mumbai,Kandivali East,400101,mid,1.21,4,2170.7,16,Sobha Ltd,0.91,Tier1,1,PMHA22952,3,"Lift, Gymnasium, Jogging Track",12419.0,14927.0,32402472.0,0.06,1944148.0,30000.0,68992.0,2.56,0,0
100922,Mumbai,Kandivali East,400101,mid,1.19,4,2121.4,17,Prestige Group,0.92,Tier1,1,PMHA99959,4,"Indoor Games Room, Gymnasium, Power Backup, 24/7 Security",15552.0,20064.0,42563318.0,0.06,2553799.0,30000.0,102287.0,2.88,1,0
100923,Mumbai,Kandivali East,400101,mid,1.45,2,827.6,21,Godrej Properties,0.93,Tier1,1,PMHA15316,3,"Landscaped Garden, Power Backup, Lift",15092.0,19089.0,15797112.0,0.06,947827.0,30000.0,49913.0,3.79,0,0
100924,Mumbai,Kandivali East,400101,mid,1.26,2,825.8,4,Sobha Ltd,0.91,Tier1,1,PMHA29126,10,"Clubhouse, Jogging Track, Indoor Games Room, Children's Play Area, Power Backup, Swimming Pool, CCTV, Lift, 24/7 Security, Gymnasium",14823.0,22015.0,18181455.0,0.06,1090887.0,30000.0,39088.0,2.58,1,1
100925,Mumbai,Kandivali East,400101,mid,1.26,4,1834.0,0,Regional Builders Ltd,0.5,Tier3,0,,8,"Gymnasium, Clubhouse, Lift, 24/7 Security, Visitor Parking, CCTV, Jogging Track, Swimming Pool",13521.0,19018.0,34878061.0,0.06,2092684.0,30000.0,96091.0,3.31,1,1
100926,Mumbai,Kandivali East,400101,mid,1.36,3,1050.5,15,Runwal Group,0.78,Tier2,1,PMHA55702,8,"Gymnasium, Clubhouse, Lift, Landscaped Garden, Children's Play Area, Swimming Pool, Power Backup, Indoor Games Room",13316.0,18585.0,19523784.0,0.06,1171427.0,30000.0,43775.0,2.69,0,1
100927,Mumbai,Kandivali East,400101,mid,1.19,3,1395.8,14,Kolte-Patil,0.82,Tier2,1,PMHA72413,6,"Landscaped Garden, Swimming Pool, Power Backup, Lift, Clubhouse, Visitor Parking",12723.0,17295.0,24140078.0,0.06,1448405.0,30000.0,53939.0,2.68,1,1
100928,Mumbai,Kandivali East,400101,mid,1.38,3,1059.4,10,Puravankara,0.8,Tier2,1,PMHA60298,11,"Gymnasium, Power Backup, Children's Play Area, Swimming Pool, CCTV, Jogging Track, Landscaped Garden, Visitor Parking, Indoor Games Room, Clubhouse, 24/7 Security",12250.0,17571.0,18613909.0,0.06,1116835.0,30000.0,43802.0,2.82,1,1
100929,Mumbai,Kandivali East,400101,mid,0.98,4,2060.9,2,Oberoi Realty,0.9,Tier1,1,PMHA39676,4,"Children's Play Area, Indoor Games Room, Landscaped Garden, Power Backup",12110.0,17058.0,35156224.0,0.06,2109373.0,30000.0,70153.0,2.39,0,0
100930,Mumbai,Kandivali East,400101,mid,1.39,1,496.5,7,Prestige Group,0.92,Tier1,1,PMHA35773,11,"Indoor Games Room, Jogging Track, Lift, CCTV, Power Backup, Landscaped Garden, Swimming Pool, Clubhouse, Visitor Parking, 24/7 Security, Children's Play Area",12454.0,19480.0,9671861.0,0.06,580312.0,30000.0,21500.0,2.67,1,1
100931,Mumbai,Kandivali East,400101,mid,1.37,4,2083.7,23,Kolte-Patil,0.82,Tier2,1,PMHA76435,6,"CCTV, Children's Play Area, Visitor Parking, Indoor Games Room, Swimming Pool, Landscaped Garden",13418.0,17724.0,36930847.0,0.06,2215851.0,30000.0,137820.0,4.48,0,1
100932,Mumbai,Kandivali East,400101,mid,1.29,2,800.1,22,Kolte-Patil,0.82,Tier2,1,PMHA90392,4,"Landscaped Garden, Indoor Games Room, Jogging Track, 24/7 Security",14494.0,16613.0,13292103.0,0.06,797526.0,30000.0,33206.0,3.0,1,0
100933,Mumbai,Kandivali East,400101,mid,1.09,2,673.2,19,Kolte-Patil,0.82,Tier2,1,PMHA11799,8,"Gymnasium, 24/7 Security, Clubhouse, Swimming Pool, Children's Play Area, Power Backup, Indoor Games Room, Jogging Track",15236.0,19462.0,13102034.0,0.06,786122.0,30000.0,40096.0,3.67,1,1
100934,Mumbai,Kandivali East,400101,mid,1.56,2,881.4,7,Oberoi Realty,0.9,Tier1,1,PMHA24697,10,"CCTV, Jogging Track, Indoor Games Room, Visitor Parking, Lift, Power Backup, 24/7 Security, Landscaped Garden, Clubhouse, Gymnasium",12813.0,19518.0,17202899.0,0.06,1032174.0,30000.0,34546.0,2.41,0,1
100935,Mumbai,Kandivali East,400101,mid,1.16,2,860.3,17,Kolte-Patil,0.82,Tier2,1,PMHA93442,7,"Jogging Track, Landscaped Garden, Lift, Clubhouse, Children's Play Area, 24/7 Security, Indoor Games Room",11822.0,14902.0,12819915.0,0.06,769195.0,30000.0,26693.0,2.5,0,1
100936,Mumbai,Kandivali East,400101,mid,1.3,3,1279.5,1,Godrej Properties,0.93,Tier1,1,PMHA97775,12,"Jogging Track, CCTV, Children's Play Area, Gymnasium, Lift, Clubhouse, Visitor Parking, Landscaped Garden, 24/7 Security, Swimming Pool, Power Backup, Indoor Games Room",15750.0,25876.0,33107373.0,0.06,1986442.0,30000.0,83741.0,3.04,0,1
100937,Mumbai,Kandivali East,400101,mid,1.2,2,774.7,1,Regional Builders Ltd,0.5,Tier3,0,,3,"Gymnasium, Clubhouse, Indoor Games Room",14171.0,17211.0,13333325.0,0.06,799999.0,30000.0,29727.0,2.68,0,0
100938,Mumbai,Kandivali East,400101,mid,1.38,3,1045.6,19,Kolte-Patil,0.82,Tier2,1,PMHA47511,5,"Power Backup, Indoor Games Room, Jogging Track, Children's Play Area, Swimming Pool",15850.0,20960.0,21915495.0,0.06,1314930.0,30000.0,66991.0,3.67,0,0
100939,Mumbai,Kandivali East,400101,mid,1.38,4,2029.6,21,Oberoi Realty,0.9,Tier1,1,PMHA96867,10,"Swimming Pool, Children's Play Area, Gymnasium, Indoor Games Room, Clubhouse, Power Backup, Jogging Track, CCTV, Landscaped Garden, Visitor Parking",15462.0,21308.0,43246260.0,0.06,2594776.0,30000.0,108422.0,3.01,1,1
100940,Mumbai,Kandivali East,400101,mid,1.1,4,1953.3,18,Regional Builders Ltd,0.5,Tier3,0,,7,"Lift, 24/7 Security, Indoor Games Room, Visitor Parking, Power Backup, Jogging Track, CCTV",14299.0,16383.0,32001234.0,0.06,1920074.0,30000.0,82403.0,3.09,1,1
100941,Mumbai,Kandivali East,400101,mid,0.99,3,1011.5,15,Sobha Ltd,0.91,Tier1,1,PMHA85608,5,"Power Backup, Clubhouse, Children's Play Area, Landscaped Garden, 24/7 Security",11511.0,16249.0,16436698.0,0.06,986202.0,30000.0,53546.0,3.91,1,0
100942,Mumbai,Kandivali East,400101,mid,1.1,1,391.3,10,Prestige Group,0.92,Tier1,1,PMHA48193,5,"CCTV, Swimming Pool, Clubhouse, Gymnasium, 24/7 Security",15602.0,21153.0,8278187.0,0.06,496691.0,30000.0,18515.0,2.68,0,0
100943,Mumbai,Kandivali East,400101,mid,1.33,3,1193.3,0,Puravankara,0.8,Tier2,1,PMHA37699,11,"Clubhouse, Indoor Games Room, Visitor Parking, Landscaped Garden, 24/7 Security, Swimming Pool, Gymnasium, Jogging Track, CCTV, Lift, Children's Play Area",14549.0,21289.0,25403350.0,0.06,1524201.0,30000.0,70972.0,3.35,1,1
100944,Mumbai,Kandivali East,400101,mid,1.4,3,1339.6,21,Oberoi Realty,0.9,Tier1,1,PMHA18773,12,"Jogging Track, Gymnasium, CCTV, Children's Play Area, Indoor Games Room, Power Backup, Visitor Parking, Landscaped Garden, Swimming Pool, 24/7 Security, Clubhouse, Lift",12044.0,18078.0,24217199.0,0.06,1453032.0,30000.0,69744.0,3.46,1,1
100945,Mumbai,Kandivali East,400101,mid,1.08,3,1381.6,7,Oberoi Realty,0.9,Tier1,1,PMHA33674,11,"Swimming Pool, Indoor Games Room, Children's Play Area, CCTV, Landscaped Garden, Gymnasium, Lift, Jogging Track, Visitor Parking, 24/7 Security, Clubhouse",15668.0,23795.0,32875713.0,0.06,1972543.0,30000.0,82955.0,3.03,1,1
100946,Mumbai,Kandivali East,400101,mid,1.51,2,845.2,19,Prestige Group,0.92,Tier1,1,PMHA53443,6,"Swimming Pool, Jogging Track, Indoor Games Room, Power Backup, Children's Play Area, 24/7 Security",14336.0,19210.0,16235828.0,0.06,974150.0,30000.0,40146.0,2.97,1,1
100947,Mumbai,Kandivali East,400101,mid,1.38,2,857.6,0,Puravankara,0.8,Tier2,1,PMHA85029,8,"Lift, Visitor Parking, CCTV, Landscaped Garden, Power Backup, Children's Play Area, Swimming Pool, Gymnasium",14183.0,20472.0,17557231.0,0.06,1053434.0,30000.0,41854.0,2.86,0,1
100948,Mumbai,Kandivali East,400101,mid,1.37,2,840.3,24,Prestige Group,0.92,Tier1,1,PMHA17365,8,"Jogging Track, Swimming Pool, Visitor Parking, Children's Play Area, Gymnasium, Clubhouse, Landscaped Garden, CCTV",15908.0,21418.0,17997514.0,0.06,1079851.0,30000.0,35605.0,2.37,1,1
100949,Mumbai,Kandivali East,400101,mid,1.33,2,866.7,18,Prestige Group,0.92,Tier1,1,PMHA86429,6,"Swimming Pool, Indoor Games Room, Visitor Parking, Lift, CCTV, Power Backup",15315.0,20821.0,18046137.0,0.06,1082768.0,30000.0,49355.0,3.28,0,1
100950,Mumbai,Kandivali East,400101,mid,1.53,3,1085.7,0,Runwal Group,0.78,Tier2,1,PMHA62238,12,"Landscaped Garden, Power Backup, Gymnasium, Jogging Track, 24/7 Security, Clubhouse, Lift, Children's Play Area, Swimming Pool, CCTV, Visitor Parking, Indoor Games Room",11569.0,17918.0,19453972.0,0.06,1167238.0,30000.0,42578.0,2.63,1,1
100951,Mumbai,Kandivali East,400101,mid,1.24,2,654.0,24,Local Developer Co,0.55,Tier3,1,PMHA95522,12,"Landscaped Garden, 24/7 Security, Swimming Pool, Children's Play Area, Gymnasium, CCTV, Lift, Power Backup, Visitor Parking, Indoor Games Room, Jogging Track, Clubhouse",13922.0,17679.0,11561869.0,0.06,693712.0,30000.0,28377.0,2.95,1,1
100952,Mumbai,Kandivali East,400101,mid,1.18,3,1158.3,23,Regional Builders Ltd,0.5,Tier3,0,,7,"Swimming Pool, Clubhouse, CCTV, 24/7 Security, Landscaped Garden, Power Backup, Gymnasium",12422.0,12486.0,14462665.0,0.06,867760.0,30000.0,32902.0,2.73,0,1
100953,Mumbai,Kandivali East,400101,mid,1.33,2,885.3,11,Lodha Group,0.95,Tier1,1,PMHA13134,10,"Children's Play Area, Power Backup, Visitor Parking, Indoor Games Room, Lift, Jogging Track, Gymnasium, CCTV, 24/7 Security, Landscaped Garden",13022.0,19492.0,17255758.0,0.06,1035345.0,30000.0,44257.0,3.08,0,1
100954,Mumbai,Kandivali East,400101,mid,1.33,3,1023.7,5,Puravankara,0.8,Tier2,1,PMHA28481,11,"Visitor Parking, 24/7 Security, Swimming Pool, Clubhouse, Children's Play Area, Gymnasium, CCTV, Landscaped Garden, Power Backup, Indoor Games Room, Jogging Track",13950.0,19697.0,20163105.0,0.06,1209786.0,30000.0,50289.0,2.99,0,1
100955,Mumbai,Kandivali East,400101,mid,0.91,2,788.5,23,Lodha Group,0.95,Tier1,1,PMHA32490,6,"CCTV, Lift, Landscaped Garden, 24/7 Security, Swimming Pool, Children's Play Area",12808.0,16254.0,12816570.0,0.06,768994.0,30000.0,33247.0,3.11,0,1
100956,Mumbai,Kandivali East,400101,mid,1.03,1,415.0,2,Godrej Properties,0.93,Tier1,1,PMHA40587,7,"Gymnasium, Power Backup, Lift, Landscaped Garden, Jogging Track, CCTV, 24/7 Security",15581.0,22261.0,9237137.0,0.06,554228.0,30000.0,20265.0,2.63,0,1
100957,Mumbai,Kandivali East,400101,mid,1.35,3,1109.4,22,Kolte-Patil,0.82,Tier2,1,PMHA25609,8,"Power Backup, Jogging Track, Clubhouse, Lift, Indoor Games Room, Children's Play Area, Landscaped Garden, Swimming Pool",12955.0,16749.0,18581423.0,0.06,1114885.0,30000.0,46534.0,3.01,0,1
100958,Mumbai,Kandivali East,400101,mid,1.4,3,1245.1,4,Regional Builders Ltd,0.5,Tier3,0,,10,"Visitor Parking, Jogging Track, Gymnasium, Lift, Children's Play Area, Clubhouse, Landscaped Garden, Swimming Pool, CCTV, Indoor Games Room",11870.0,16251.0,20233408.0,0.06,1214004.0,30000.0,40954.0,2.43,1,1
100959,Mumbai,Kandivali East,400101,mid,1.46,3,1395.4,7,Brigade Group,0.88,Tier1,1,PMHA10365,7,"Power Backup, Clubhouse, Children's Play Area, CCTV, Indoor Games Room, Lift, Swimming Pool",12934.0,19172.0,26751935.0,0.06,1605116.0,30000.0,53952.0,2.42,1,1
100960,Mumbai,Kandivali East,400101,mid,1.27,4,1718.6,11,Lodha Group,0.95,Tier1,1,PMHA83858,3,"Children's Play Area, 24/7 Security, Indoor Games Room",13414.0,16332.0,28068461.0,0.06,1684108.0,30000.0,50199.0,2.15,1,0
100961,Mumbai,Goregaon West,400062,mid-premium,1.01,2,782.3,1,Oberoi Realty,0.9,Tier1,1,PMHA82377,8,"Clubhouse, Landscaped Garden, Jogging Track, Children's Play Area, Gymnasium, Power Backup, CCTV, Indoor Games Room",17344.0,25464.0,19920110.0,0.06,1195207.0,30000.0,53011.0,3.19,0,1
100962,Mumbai,Goregaon West,400062,mid-premium,0.75,1,382.7,24,Godrej Properties,0.93,Tier1,1,PMHA88041,4,"Gymnasium, Lift, CCTV, Power Backup",18225.0,21307.0,8153421.0,0.06,489205.0,30000.0,12563.0,1.85,0,0
100963,Mumbai,Goregaon West,400062,mid-premium,0.5,4,1906.0,9,Sobha Ltd,0.91,Tier1,1,PMHA44604,3,"Power Backup, Gymnasium, Swimming Pool",19630.0,26428.0,50373963.0,0.06,3022438.0,30000.0,117386.0,2.8,0,0
100964,Mumbai,Goregaon West,400062,mid-premium,0.75,3,980.8,14,Oberoi Realty,0.9,Tier1,1,PMHA13352,5,"Clubhouse, Indoor Games Room, 24/7 Security, Landscaped Garden, Swimming Pool",20983.0,25556.0,25065660.0,0.06,1503940.0,30000.0,49431.0,2.37,1,0
100965,Mumbai,Goregaon West,400062,mid-premium,0.9,4,2094.8,2,Local Developer Co,0.55,Tier3,1,PMHA91534,12,"Swimming Pool, Visitor Parking, Power Backup, Lift, Gymnasium, CCTV, Indoor Games Room, Landscaped Garden, Jogging Track, Clubhouse, Children's Play Area, 24/7 Security",20558.0,29567.0,61937276.0,0.06,3716237.0,30000.0,121465.0,2.35,1,1
100966,Mumbai,Goregaon West,400062,mid-premium,0.68,3,1048.5,1,Puravankara,0.8,Tier2,1,PMHA74763,5,"Clubhouse, Indoor Games Room, Children's Play Area, Jogging Track, Power Backup",18908.0,26240.0,27514210.0,0.06,1650853.0,30000.0,53998.0,2.36,1,0
100967,Mumbai,Goregaon West,400062,mid-premium,0.87,3,1130.6,16,Godrej Properties,0.93,Tier1,1,PMHA17079,9,"Children's Play Area, Landscaped Garden, Gymnasium, Clubhouse, Indoor Games Room, Lift, Visitor Parking, Jogging Track, Power Backup",17470.0,25061.0,28333760.0,0.06,1700026.0,30000.0,57400.0,2.43,0,1
100968,Mumbai,Goregaon West,400062,mid-premium,0.69,2,927.1,0,Local Developer Co,0.55,Tier3,1,PMHA78388,3,"Lift, CCTV, 24/7 Security",17888.0,22233.0,20612979.0,0.06,1236779.0,30000.0,46687.0,2.72,0,0
100969,Mumbai,Goregaon West,400062,mid-premium,0.83,3,1006.4,16,Brigade Group,0.88,Tier1,1,PMHA20644,12,"Visitor Parking, 24/7 Security, Children's Play Area, Gymnasium, Landscaped Garden, Jogging Track, Indoor Games Room, Swimming Pool, Clubhouse, Power Backup, Lift, CCTV",21296.0,31598.0,31800704.0,0.06,1908042.0,30000.0,70244.0,2.65,0,1
100970,Mumbai,Goregaon West,400062,mid-premium,0.83,3,1169.4,15,Sobha Ltd,0.91,Tier1,1,PMHA11469,11,"Jogging Track, CCTV, Power Backup, Indoor Games Room, Swimming Pool, Gymnasium, Children's Play Area, Landscaped Garden, Lift, Visitor Parking, 24/7 Security",19670.0,31138.0,36411365.0,0.06,2184682.0,30000.0,66754.0,2.2,1,1
100971,Mumbai,Goregaon West,400062,mid-premium,0.75,1,435.6,2,Sobha Ltd,0.91,Tier1,1,PMHA68369,12,"Lift, Swimming Pool, Jogging Track, Power Backup, 24/7 Security, Clubhouse, CCTV, Visitor Parking, Children's Play Area, Gymnasium, Landscaped Garden, Indoor Games Room",18564.0,27593.0,12019575.0,0.06,721174.0,30000.0,27174.0,2.71,0,1
100972,Mumbai,Goregaon West,400062,mid-premium,0.58,3,1212.9,12,Kolte-Patil,0.82,Tier2,1,PMHA42860,7,"Visitor Parking, Lift, Swimming Pool, 24/7 Security, Landscaped Garden, Gymnasium, Children's Play Area",16388.0,21540.0,26126201.0,0.06,1567572.0,30000.0,60184.0,2.76,0,1
100973,Mumbai,Goregaon West,400062,mid-premium,0.7,2,891.5,10,Brigade Group,0.88,Tier1,1,PMHA97435,8,"Clubhouse, Power Backup, Lift, Swimming Pool, Jogging Track, Gymnasium, Visitor Parking, CCTV",19019.0,24579.0,21912723.0,0.06,1314763.0,30000.0,46107.0,2.52,1,1
100974,Mumbai,Goregaon West,400062,mid-premium,0.65,1,499.7,4,Oberoi Realty,0.9,Tier1,1,PMHA82826,3,"Indoor Games Room, 24/7 Security, Visitor Parking",20276.0,26485.0,13234645.0,0.06,794079.0,30000.0,25992.0,2.36,1,0
100975,Mumbai,Goregaon West,400062,mid-premium,0.65,2,737.8,16,Sobha Ltd,0.91,Tier1,1,PMHA39923,11,"Landscaped Garden, Power Backup, Indoor Games Room, Visitor Parking, Clubhouse, Lift, CCTV, Gymnasium, 24/7 Security, Children's Play Area, Jogging Track",20196.0,29075.0,21450579.0,0.06,1287035.0,30000.0,48992.0,2.74,0,1
100976,Mumbai,Goregaon West,400062,mid-premium,0.53,2,866.0,24,Brigade Group,0.88,Tier1,1,PMHA96545,10,"Swimming Pool, Children's Play Area, 24/7 Security, Jogging Track, Landscaped Garden, Clubhouse, Visitor Parking, Lift, CCTV, Indoor Games Room",19351.0,23878.0,20677613.0,0.06,1240657.0,30000.0,38576.0,2.24,1,1
100977,Mumbai,Goregaon West,400062,mid-premium,0.66,4,1882.7,17,Sobha Ltd,0.91,Tier1,1,PMHA73988,5,"Landscaped Garden, Swimming Pool, Jogging Track, Power Backup, CCTV",20340.0,27219.0,51245014.0,0.06,3074701.0,30000.0,105329.0,2.47,1,0
100978,Mumbai,Goregaon West,400062,mid-premium,0.72,1,499.4,3,Godrej Properties,0.93,Tier1,1,PMHA13666,11,"Swimming Pool, Power Backup, Lift, Jogging Track, Landscaped Garden, 24/7 Security, CCTV, Visitor Parking, Indoor Games Room, Gymnasium, Children's Play Area",18200.0,28094.0,14029392.0,0.06,841764.0,30000.0,25387.0,2.17,1,1
100979,Mumbai,Goregaon West,400062,mid-premium,0.65,1,509.7,8,Puravankara,0.8,Tier2,1,PMHA52428,3,"Gymnasium, Jogging Track, Indoor Games Room",21042.0,25854.0,13177847.0,0.06,790671.0,30000.0,23533.0,2.14,0,0
100980,Mumbai,Goregaon West,400062,mid-premium,1.01,1,505.6,10,Prestige Group,0.92,Tier1,1,PMHA42227,11,"Visitor Parking, Landscaped Garden, Lift, Clubhouse, Power Backup, Gymnasium, CCTV, Children's Play Area, Indoor Games Room, 24/7 Security, Swimming Pool",16144.0,23777.0,12022042.0,0.06,721323.0,30000.0,28641.0,2.86,1,1
100981,Mumbai,Goregaon West,400062,mid-premium,0.78,1,434.3,6,Prestige Group,0.92,Tier1,1,PMHA31258,5,"Gymnasium, Jogging Track, Lift, Power Backup, 24/7 Security",18095.0,25463.0,11057362.0,0.06,663442.0,30000.0,18213.0,1.98,1,0
100982,Mumbai,Goregaon West,400062,mid-premium,0.74,2,761.2,5,Lodha Group,0.95,Tier1,1,PMHA98277,8,"CCTV, Jogging Track, Power Backup, Visitor Parking, Lift, Clubhouse, Children's Play Area, Indoor Games Room",15534.0,23411.0,17819690.0,0.06,1069181.0,30000.0,36601.0,2.46,1,1
100983,Mumbai,Goregaon West,400062,mid-premium,0.65,2,902.1,19,Godrej Properties,0.93,Tier1,1,PMHA79602,11,"Jogging Track, Children's Play Area, Gymnasium, 24/7 Security, Visitor Parking, Swimming Pool, Landscaped Garden, Indoor Games Room, Clubhouse, Power Backup, Lift",15580.0,22586.0,20375071.0,0.06,1222504.0,30000.0,48124.0,2.83,1,1
100984,Mumbai,Goregaon West,400062,mid-premium,0.88,3,1005.3,9,Local Developer Co,0.55,Tier3,1,PMHA88965,8,"24/7 Security, Swimming Pool, Children's Play Area, Lift, Gymnasium, Clubhouse, Indoor Games Room, Jogging Track",18100.0,24149.0,24275559.0,0.06,1456534.0,30000.0,51407.0,2.54,0,1
100985,Mumbai,Goregaon West,400062,mid-premium,0.66,3,1366.9,6,Brigade Group,0.88,Tier1,1,PMHA94737,7,"Clubhouse, Jogging Track, CCTV, Visitor Parking, Lift, Swimming Pool, Power Backup",17277.0,24510.0,33503691.0,0.06,2010221.0,30000.0,66725.0,2.39,1,1
100986,Mumbai,Goregaon West,400062,mid-premium,0.75,3,1107.4,12,Oberoi Realty,0.9,Tier1,1,PMHA20198,11,"24/7 Security, Power Backup, Lift, CCTV, Jogging Track, Children's Play Area, Gymnasium, Landscaped Garden, Indoor Games Room, Clubhouse, Swimming Pool",16144.0,24087.0,26673601.0,0.06,1600416.0,30000.0,45197.0,2.03,0,1
100987,Mumbai,Goregaon West,400062,mid-premium,0.86,4,1652.8,7,Kolte-Patil,0.82,Tier2,1,PMHA42820,10,"Visitor Parking, Clubhouse, Swimming Pool, Children's Play Area, 24/7 Security, Lift, Gymnasium, Jogging Track, Landscaped Garden, Power Backup",19160.0,27454.0,45375479.0,0.06,2722529.0,30000.0,87413.0,2.31,0,1
100988,Mumbai,Goregaon West,400062,mid-premium,0.78,1,453.8,17,Lodha Group,0.95,Tier1,1,PMHA81478,4,"Power Backup, Gymnasium, Swimming Pool, Children's Play Area",21417.0,28579.0,12968616.0,0.06,778117.0,30000.0,29055.0,2.69,1,0
100989,Mumbai,Goregaon West,400062,mid-premium,0.61,1,527.3,17,Prestige Group,0.92,Tier1,1,PMHA22538,6,"Power Backup, Lift, Clubhouse, Swimming Pool, 24/7 Security, Landscaped Garden",20005.0,26751.0,14107130.0,0.06,846428.0,30000.0,34027.0,2.89,0,1
100990,Mumbai,Goregaon West,400062,mid-premium,0.46,1,496.8,10,Regional Builders Ltd,0.5,Tier3,0,,9,"Gymnasium, Lift, 24/7 Security, Swimming Pool, Power Backup, Jogging Track, Clubhouse, Visitor Parking, Indoor Games Room",20472.0,26321.0,13075981.0,0.06,784559.0,30000.0,22797.0,2.09,1,1
100991,Mumbai,Goregaon West,400062,mid-premium,0.55,3,960.5,6,Runwal Group,0.78,Tier2,1,PMHA59246,11,"Visitor Parking, 24/7 Security, Landscaped Garden, Jogging Track, Indoor Games Room, CCTV, Gymnasium, Clubhouse, Swimming Pool, Lift, Children's Play Area",20053.0,32886.0,31587016.0,0.06,1895221.0,30000.0,70574.0,2.68,1,1
100992,Mumbai,Goregaon West,400062,mid-premium,0.64,3,1374.2,16,Runwal Group,0.78,Tier2,1,PMHA87238,8,"Jogging Track, CCTV, Children's Play Area, Visitor Parking, Power Backup, Gymnasium, Indoor Games Room, Landscaped Garden",16313.0,20706.0,28453762.0,0.06,1707226.0,30000.0,53963.0,2.28,1,1
100993,Mumbai,Goregaon West,400062,mid-premium,0.88,2,804.5,22,Runwal Group,0.78,Tier2,1,PMHA71260,11,"Visitor Parking, Power Backup, Jogging Track, Swimming Pool, 24/7 Security, Gymnasium, Clubhouse, Children's Play Area, Landscaped Garden, Indoor Games Room, Lift",15614.0,19144.0,15400490.0,0.06,924029.0,30000.0,32305.0,2.52,1,1
100994,Mumbai,Goregaon West,400062,mid-premium,0.83,2,902.3,17,Godrej Properties,0.93,Tier1,1,PMHA99876,10,"Power Backup, Indoor Games Room, Swimming Pool, Children's Play Area, Gymnasium, Visitor Parking, Jogging Track, Clubhouse, Lift, 24/7 Security",20055.0,26439.0,23856807.0,0.06,1431408.0,30000.0,39649.0,1.99,0,1
100995,Mumbai,Goregaon West,400062,mid-premium,0.71,3,1119.3,6,Lodha Group,0.95,Tier1,1,PMHA72019,7,"Landscaped Garden, Clubhouse, Visitor Parking, 24/7 Security, Children's Play Area, Jogging Track, CCTV",19163.0,27616.0,30910174.0,0.06,1854610.0,30000.0,63802.0,2.48,1,1
100996,Mumbai,Goregaon West,400062,mid-premium,0.61,3,1194.9,21,Kolte-Patil,0.82,Tier2,1,PMHA13892,12,"24/7 Security, Visitor Parking, Lift, Gymnasium, Indoor Games Room, Swimming Pool, CCTV, Jogging Track, Power Backup, Children's Play Area, Landscaped Garden, Clubhouse",21156.0,30880.0,36897365.0,0.06,2213842.0,30000.0,84982.0,2.76,1,1
100997,Mumbai,Goregaon West,400062,mid-premium,0.36,3,1247.7,15,Brigade Group,0.88,Tier1,1,PMHA15876,7,"Clubhouse, Jogging Track, CCTV, Visitor Parking, Landscaped Garden, Children's Play Area, Power Backup",16595.0,20573.0,25668600.0,0.06,1540116.0,30000.0,55446.0,2.59,0,1
100998,Mumbai,Goregaon West,400062,mid-premium,0.76,2,654.8,8,Kolte-Patil,0.82,Tier2,1,PMHA53736,7,"Children's Play Area, Clubhouse, Lift, Indoor Games Room, Landscaped Garden, Power Backup, Gymnasium",19322.0,26662.0,17458538.0,0.06,1047512.0,30000.0,33640.0,2.31,1,1
100999,Mumbai,Goregaon West,400062,mid-premium,0.88,3,1262.0,6,Godrej Properties,0.93,Tier1,1,PMHA85627,10,"Lift, Landscaped Garden, CCTV, Jogging Track, 24/7 Security, Gymnasium, Power Backup, Indoor Games Room, Swimming Pool, Visitor Parking",20544.0,32308.0,40772530.0,0.06,2446352.0,30000.0,88354.0,2.6,1,1
101000,Mumbai,Goregaon West,400062,mid-premium,0.61,3,1178.5,12,Puravankara,0.8,Tier2,1,PMHA67414,12,"Landscaped Garden, Power Backup, Gymnasium, CCTV, Clubhouse, Jogging Track, Swimming Pool, Visitor Parking, Lift, Indoor Games Room, 24/7 Security, Children's Play Area",16290.0,23986.0,28268422.0,0.06,1696105.0,30000.0,57285.0,2.43,1,1
101001,Mumbai,Goregaon West,400062,mid-premium,0.71,3,1131.2,16,Lodha Group,0.95,Tier1,1,PMHA72774,12,"Clubhouse, Swimming Pool, Landscaped Garden, CCTV, Power Backup, Visitor Parking, Indoor Games Room, Gymnasium, Lift, Children's Play Area, 24/7 Security, Jogging Track",16886.0,25635.0,28998203.0,0.06,1739892.0,30000.0,68391.0,2.83,1,1
101002,Mumbai,Goregaon West,400062,mid-premium,0.52,3,1088.0,17,Local Developer Co,0.55,Tier3,1,PMHA43626,4,"24/7 Security, Jogging Track, Indoor Games Room, Children's Play Area",19945.0,20841.0,22674075.0,0.06,1360444.0,30000.0,57776.0,3.06,1,0
101003,Mumbai,Goregaon West,400062,mid-premium,0.51,2,681.3,1,Runwal Group,0.78,Tier2,1,PMHA78851,9,"Swimming Pool, Clubhouse, Landscaped Garden, CCTV, Visitor Parking, Jogging Track, 24/7 Security, Gymnasium, Power Backup",21010.0,29094.0,19821826.0,0.06,1189310.0,30000.0,40621.0,2.46,0,1
101004,Mumbai,Goregaon West,400062,mid-premium,0.67,2,820.1,2,Kolte-Patil,0.82,Tier2,1,PMHA31345,12,"Visitor Parking, 24/7 Security, Lift, Children's Play Area, CCTV, Landscaped Garden, Clubhouse, Jogging Track, Swimming Pool, Indoor Games Room, Power Backup, Gymnasium",19574.0,30183.0,24754147.0,0.06,1485249.0,30000.0,43692.0,2.12,1,1
101005,Mumbai,Goregaon West,400062,mid-premium,0.61,3,953.8,15,Oberoi Realty,0.9,Tier1,1,PMHA56102,11,"Visitor Parking, Jogging Track, Gymnasium, Clubhouse, CCTV, Swimming Pool, Power Backup, Indoor Games Room, Children's Play Area, 24/7 Security, Landscaped Garden",16865.0,25080.0,23919742.0,0.06,1435185.0,30000.0,45070.0,2.26,1,1
101006,Mumbai,Goregaon West,400062,mid-premium,0.72,1,386.4,6,Brigade Group,0.88,Tier1,1,PMHA10524,5,"Clubhouse, Lift, 24/7 Security, Gymnasium, CCTV",20019.0,26761.0,10339448.0,0.06,620367.0,30000.0,19944.0,2.31,1,0
101007,Mumbai,Goregaon West,400062,mid-premium,0.69,3,1319.5,12,Sobha Ltd,0.91,Tier1,1,PMHA89398,8,"Power Backup, Lift, Landscaped Garden, Visitor Parking, Children's Play Area, 24/7 Security, CCTV, Indoor Games Room",17897.0,25524.0,33678263.0,0.06,2020696.0,30000.0,76761.0,2.74,0,1
101008,Mumbai,Goregaon West,400062,mid-premium,0.67,4,2009.7,0,Kolte-Patil,0.82,Tier2,1,PMHA68593,6,"24/7 Security, CCTV, Power Backup, Indoor Games Room, Swimming Pool, Jogging Track",19130.0,27408.0,55080776.0,0.06,3304847.0,30000.0,94447.0,2.06,1,1
101009,Mumbai,Goregaon West,400062,mid-premium,0.57,3,1271.2,20,Brigade Group,0.88,Tier1,1,PMHA81449,12,"Visitor Parking, Swimming Pool, Indoor Games Room, Clubhouse, Landscaped Garden, Lift, Children's Play Area, Gymnasium, 24/7 Security, Power Backup, CCTV, Jogging Track",16429.0,20728.0,26348972.0,0.06,1580938.0,30000.0,51341.0,2.34,0,1
101010,Mumbai,Goregaon West,400062,mid-premium,0.74,3,1290.2,11,Prestige Group,0.92,Tier1,1,PMHA62082,9,"Landscaped Garden, Power Backup, Lift, Clubhouse, 24/7 Security, Jogging Track, Children's Play Area, Gymnasium, Swimming Pool",20196.0,32421.0,41829420.0,0.06,2509765.0,30000.0,80150.0,2.3,1,1
101011,Mumbai,Goregaon West,400062,mid-premium,0.71,1,532.0,18,Brigade Group,0.88,Tier1,1,PMHA63947,3,"CCTV, Clubhouse, Landscaped Garden",20182.0,25010.0,13304080.0,0.06,798245.0,30000.0,28111.0,2.54,1,0
101012,Mumbai,Goregaon West,400062,mid-premium,0.46,4,2037.2,20,Puravankara,0.8,Tier2,1,PMHA47073,3,"Power Backup, 24/7 Security, Lift",18221.0,20587.0,41939418.0,0.06,2516365.0,30000.0,99401.0,2.84,0,0
101013,Mumbai,Goregaon West,400062,mid-premium,0.69,3,1171.3,21,Oberoi Realty,0.9,Tier1,1,PMHA65251,11,"Clubhouse, Landscaped Garden, Lift, Power Backup, Gymnasium, CCTV, Children's Play Area, Indoor Games Room, 24/7 Security, Swimming Pool, Jogging Track",19259.0,27181.0,31837984.0,0.06,1910279.0,30000.0,64377.0,2.43,1,1
101014,Mumbai,Goregaon West,400062,mid-premium,0.84,1,406.2,10,Godrej Properties,0.93,Tier1,1,PMHA91686,8,"Clubhouse, Indoor Games Room, Visitor Parking, Lift, Gymnasium, Power Backup, Swimming Pool, Children's Play Area",17532.0,24937.0,10129643.0,0.06,607779.0,30000.0,20148.0,2.39,1,1
101015,Mumbai,Goregaon West,400062,mid-premium,0.47,4,1710.7,14,Kolte-Patil,0.82,Tier2,1,PMHA47315,3,"Landscaped Garden, Visitor Parking, Power Backup",20369.0,26507.0,45346127.0,0.06,2720768.0,30000.0,61815.0,1.64,0,0
101016,Mumbai,Goregaon West,400062,mid-premium,0.55,1,419.1,0,Runwal Group,0.78,Tier2,1,PMHA97025,7,"Children's Play Area, Power Backup, Landscaped Garden, Indoor Games Room, Swimming Pool, Lift, Visitor Parking",16119.0,24387.0,10219758.0,0.06,613185.0,30000.0,22281.0,2.62,1,1
101017,Mumbai,Goregaon West,400062,mid-premium,0.83,3,1384.1,11,Prestige Group,0.92,Tier1,1,PMHA62215,6,"Landscaped Garden, Lift, Swimming Pool, Power Backup, 24/7 Security, CCTV",20659.0,27494.0,38055267.0,0.06,2283316.0,30000.0,63517.0,2.0,1,1
101018,Mumbai,Goregaon West,400062,mid-premium,0.84,2,905.7,22,Godrej Properties,0.93,Tier1,1,PMHA16548,9,"Visitor Parking, Clubhouse, Gymnasium, Indoor Games Room, Landscaped Garden, Children's Play Area, CCTV, Lift, 24/7 Security",20999.0,28377.0,25699825.0,0.06,1541989.0,30000.0,47634.0,2.22,0,1
101019,Mumbai,Goregaon West,400062,mid-premium,0.93,2,836.7,19,Lodha Group,0.95,Tier1,1,PMHA42031,3,"24/7 Security, Jogging Track, CCTV",21294.0,24618.0,20597545.0,0.06,1235853.0,30000.0,35214.0,2.05,1,0
101020,Mumbai,Goregaon West,400062,mid-premium,0.87,3,1025.7,11,Sobha Ltd,0.91,Tier1,1,PMHA80409,4,"Swimming Pool, Gymnasium, Jogging Track, Clubhouse",20633.0,26407.0,27084868.0,0.06,1625092.0,30000.0,42756.0,1.89,1,0
101021,Mumbai,Goregaon West,400062,mid-premium,1.0,3,998.3,1,Kolte-Patil,0.82,Tier2,1,PMHA29753,8,"Swimming Pool, Lift, Gymnasium, CCTV, Children's Play Area, Power Backup, 24/7 Security, Clubhouse",15865.0,22142.0,22103709.0,0.06,1326223.0,30000.0,59937.0,3.25,1,1
101022,Mumbai,Goregaon West,400062,mid-premium,0.63,1,421.0,14,Prestige Group,0.92,Tier1,1,PMHA63513,12,"24/7 Security, Landscaped Garden, Indoor Games Room, Jogging Track, Power Backup, Visitor Parking, Swimming Pool, Lift, CCTV, Children's Play Area, Gymnasium, Clubhouse",20642.0,33553.0,14125374.0,0.06,847522.0,30000.0,26807.0,2.28,1,1
101023,Mumbai,Goregaon West,400062,mid-premium,0.79,3,1047.0,22,Sobha Ltd,0.91,Tier1,1,PMHA51112,8,"Jogging Track, Swimming Pool, Lift, Visitor Parking, Landscaped Garden, CCTV, Children's Play Area, Indoor Games Room",20624.0,26129.0,27356802.0,0.06,1641408.0,30000.0,67544.0,2.96,0,1
101024,Mumbai,Goregaon West,400062,mid-premium,0.77,2,868.8,23,Godrej Properties,0.93,Tier1,1,PMHA66185,11,"Visitor Parking, Swimming Pool, Children's Play Area, 24/7 Security, Power Backup, Lift, CCTV, Indoor Games Room, Clubhouse, Jogging Track, Landscaped Garden",17152.0,22603.0,19636259.0,0.06,1178176.0,30000.0,40824.0,2.49,1,1
101025,Mumbai,Goregaon West,400062,mid-premium,0.67,1,450.2,4,Prestige Group,0.92,Tier1,1,PMHA43406,10,"24/7 Security, Children's Play Area, Indoor Games Room, Landscaped Garden, Jogging Track, CCTV, Swimming Pool, Clubhouse, Visitor Parking, Gymnasium",20679.0,29913.0,13466335.0,0.06,807980.0,30000.0,21885.0,1.95,0,1
101026,Mumbai,Goregaon West,400062,mid-premium,0.65,3,1090.2,7,Oberoi Realty,0.9,Tier1,1,PMHA18555,7,"Jogging Track, 24/7 Security, Lift, CCTV, Indoor Games Room, Visitor Parking, Power Backup",16179.0,21973.0,23954017.0,0.06,1437241.0,30000.0,35806.0,1.79,1,1
101027,Mumbai,Goregaon West,400062,mid-premium,0.62,2,670.1,20,Prestige Group,0.92,Tier1,1,PMHA65974,4,"Gymnasium, Swimming Pool, Jogging Track, Landscaped Garden",19021.0,22875.0,15328858.0,0.06,919731.0,30000.0,29865.0,2.34,1,0
101028,Mumbai,Goregaon West,400062,mid-premium,0.38,3,1098.7,9,Godrej Properties,0.93,Tier1,1,PMHA51565,10,"CCTV, Lift, Swimming Pool, Gymnasium, Clubhouse, Jogging Track, 24/7 Security, Visitor Parking, Children's Play Area, Power Backup",18515.0,24225.0,26616519.0,0.06,1596991.0,30000.0,51969.0,2.34,0,1
101029,Mumbai,Goregaon West,400062,mid-premium,0.77,3,960.9,13,Puravankara,0.8,Tier2,1,PMHA33251,9,"Lift, Children's Play Area, Landscaped Garden, Visitor Parking, 24/7 Security, Gymnasium, Swimming Pool, Indoor Games Room, CCTV",16246.0,20853.0,20038155.0,0.06,1202289.0,30000.0,42406.0,2.54,1,1
101030,Mumbai,Goregaon West,400062,mid-premium,0.74,3,1289.6,15,Kolte-Patil,0.82,Tier2,1,PMHA96402,9,"Indoor Games Room, Gymnasium, CCTV, 24/7 Security, Jogging Track, Lift, Children's Play Area, Visitor Parking, Landscaped Garden",19073.0,26363.0,33998144.0,0.06,2039889.0,30000.0,91835.0,3.24,1,1
101031,Mumbai,Goregaon West,400062,mid-premium,0.6,3,1352.8,18,Prestige Group,0.92,Tier1,1,PMHA20887,5,"Gymnasium, Clubhouse, Power Backup, Children's Play Area, Lift",19354.0,25154.0,34028139.0,0.06,2041688.0,30000.0,69788.0,2.46,0,0
101032,Mumbai,Goregaon West,400062,mid-premium,0.73,2,754.7,7,Sobha Ltd,0.91,Tier1,1,PMHA34506,9,"Swimming Pool, 24/7 Security, Visitor Parking, CCTV, Power Backup, Gymnasium, Jogging Track, Children's Play Area, Clubhouse",18573.0,28402.0,21434061.0,0.06,1286044.0,30000.0,53580.0,3.0,1,1
101033,Mumbai,Goregaon West,400062,mid-premium,0.77,2,830.0,18,Regional Builders Ltd,0.5,Tier3,1,PMHA17023,4,"Indoor Games Room, Lift, CCTV, Swimming Pool",21116.0,24669.0,20476038.0,0.06,1228562.0,30000.0,39397.0,2.31,0,0
101034,Mumbai,Goregaon West,400062,mid-premium,0.64,2,933.2,7,Lodha Group,0.95,Tier1,1,PMHA74552,6,"Visitor Parking, Lift, Swimming Pool, Landscaped Garden, Power Backup, Jogging Track",18376.0,26447.0,24680610.0,0.06,1480837.0,30000.0,57053.0,2.77,1,1
101035,Mumbai,Goregaon West,400062,mid-premium,0.58,2,877.8,9,Sobha Ltd,0.91,Tier1,1,PMHA26777,5,"Gymnasium, Lift, Visitor Parking, Landscaped Garden, Power Backup",21372.0,30380.0,26666774.0,0.06,1600006.0,30000.0,51429.0,2.31,1,0
101036,Mumbai,Goregaon West,400062,mid-premium,0.79,3,1073.6,6,Oberoi Realty,0.9,Tier1,1,PMHA22041,12,"CCTV, Gymnasium, Jogging Track, Landscaped Garden, Power Backup, 24/7 Security, Indoor Games Room, Children's Play Area, Swimming Pool, Visitor Parking, Clubhouse, Lift",18678.0,28672.0,30782273.0,0.06,1846936.0,30000.0,78897.0,3.08,1,1
101037,Mumbai,Goregaon West,400062,mid-premium,0.57,2,869.9,19,Oberoi Realty,0.9,Tier1,1,PMHA38117,5,"Jogging Track, Clubhouse, Power Backup, Children's Play Area, Visitor Parking",20680.0,25768.0,22416708.0,0.06,1345002.0,30000.0,42954.0,2.3,0,0
101038,Mumbai,Goregaon West,400062,mid-premium,0.79,2,813.4,8,Prestige Group,0.92,Tier1,1,PMHA53874,4,"Gymnasium, Landscaped Garden, Swimming Pool, 24/7 Security",15690.0,22907.0,18633459.0,0.06,1118008.0,30000.0,25284.0,1.63,1,0
101039,Mumbai,Goregaon West,400062,mid-premium,0.3,4,1735.4,13,Oberoi Realty,0.9,Tier1,1,PMHA64439,5,"Children's Play Area, Jogging Track, Lift, Gymnasium, Visitor Parking",15860.0,20297.0,35223516.0,0.06,2113411.0,30000.0,60240.0,2.05,1,0
101040,Mumbai,Goregaon West,400062,mid-premium,0.84,4,1916.1,4,Lodha Group,0.95,Tier1,1,PMHA83786,3,"Indoor Games Room, Clubhouse, Children's Play Area",16820.0,24584.0,47104912.0,0.06,2826295.0,30000.0,72777.0,1.85,1,0
101041,Mumbai,Goregaon West,400062,mid-premium,0.48,1,437.3,17,Lodha Group,0.95,Tier1,1,PMHA65587,12,"Visitor Parking, Power Backup, Landscaped Garden, Children's Play Area, Swimming Pool, Lift, Indoor Games Room, Gymnasium, CCTV, Clubhouse, Jogging Track, 24/7 Security",21309.0,32493.0,14209488.0,0.06,852569.0,30000.0,28933.0,2.44,1,1
101042,Mumbai,Goregaon West,400062,mid-premium,0.71,3,1260.0,2,Lodha Group,0.95,Tier1,1,PMHA18892,12,"Indoor Games Room, CCTV, Gymnasium, Jogging Track, Children's Play Area, 24/7 Security, Visitor Parking, Swimming Pool, Clubhouse, Power Backup, Lift, Landscaped Garden",18408.0,27259.0,34345491.0,0.06,2060729.0,30000.0,71384.0,2.49,0,1
101043,Mumbai,Goregaon West,400062,mid-premium,0.8,3,1242.5,12,Local Developer Co,0.55,Tier3,1,PMHA79461,6,"Power Backup, 24/7 Security, Children's Play Area, Landscaped Garden, Clubhouse, Gymnasium",17663.0,21785.0,27067789.0,0.06,1624067.0,30000.0,59108.0,2.62,1,1
101044,Mumbai,Goregaon West,400062,mid-premium,0.47,1,421.6,1,Kolte-Patil,0.82,Tier2,1,PMHA87412,7,"Visitor Parking, Clubhouse, Gymnasium, Lift, CCTV, Indoor Games Room, Jogging Track",16726.0,24544.0,10348639.0,0.06,620918.0,30000.0,24071.0,2.79,1,1
101045,Mumbai,Goregaon West,400062,mid-premium,0.65,2,906.3,21,Kolte-Patil,0.82,Tier2,1,PMHA75394,8,"Clubhouse, Landscaped Garden, Indoor Games Room, Visitor Parking, Lift, Swimming Pool, Jogging Track, Power Backup",17677.0,22052.0,19986398.0,0.06,1199184.0,30000.0,34919.0,2.1,0,1
101046,Mumbai,Goregaon West,400062,mid-premium,0.76,4,1753.4,20,Sobha Ltd,0.91,Tier1,1,PMHA77536,7,"Jogging Track, Children's Play Area, Visitor Parking, Swimming Pool, CCTV, 24/7 Security, Indoor Games Room",18520.0,22059.0,38679592.0,0.06,2320776.0,30000.0,81315.0,2.52,1,1
101047,Mumbai,Goregaon West,400062,mid-premium,0.77,1,380.6,20,Kolte-Patil,0.82,Tier2,1,PMHA90611,9,"Lift, Jogging Track, Landscaped Garden, 24/7 Security, Power Backup, Clubhouse, Children's Play Area, Gymnasium, Indoor Games Room",17256.0,21018.0,8000449.0,0.06,480027.0,30000.0,13789.0,2.07,0,1
101048,Mumbai,Goregaon West,400062,mid-premium,0.71,3,1201.3,24,Brigade Group,0.88,Tier1,1,PMHA99335,10,"Landscaped Garden, Indoor Games Room, 24/7 Security, Jogging Track, Children's Play Area, Gymnasium, Power Backup, Swimming Pool, Lift, Visitor Parking",16857.0,22727.0,27301605.0,0.06,1638096.0,30000.0,66219.0,2.91,1,1
101049,Mumbai,Goregaon West,400062,mid-premium,0.8,2,756.3,21,Godrej Properties,0.93,Tier1,1,PMHA10821,3,"Swimming Pool, Jogging Track, Clubhouse",18419.0,22993.0,17388150.0,0.06,1043289.0,30000.0,39642.0,2.74,1,0
101050,Mumbai,Goregaon West,400062,mid-premium,0.95,1,450.8,11,Puravankara,0.8,Tier2,1,PMHA71863,9,"Indoor Games Room, Children's Play Area, Visitor Parking, Jogging Track, Gymnasium, Lift, Clubhouse, Power Backup, Landscaped Garden",18353.0,26638.0,12009373.0,0.06,720562.0,30000.0,24240.0,2.42,0,1
101051,Mumbai,Goregaon West,400062,mid-premium,0.97,1,479.5,20,Regional Builders Ltd,0.5,Tier3,0,,8,"Gymnasium, Indoor Games Room, Lift, Landscaped Garden, Clubhouse, Visitor Parking, CCTV, Power Backup",18904.0,20901.0,10023148.0,0.06,601389.0,30000.0,17739.0,2.12,1,1
101052,Mumbai,Goregaon West,400062,mid-premium,0.97,4,1587.0,9,Kolte-Patil,0.82,Tier2,1,PMHA69981,3,"Gymnasium, CCTV, Landscaped Garden",18376.0,23016.0,36526818.0,0.06,2191609.0,30000.0,84314.0,2.77,0,0
101053,Mumbai,Goregaon West,400062,mid-premium,0.84,1,410.1,21,Lodha Group,0.95,Tier1,1,PMHA47293,3,"Lift, Power Backup, Jogging Track",15826.0,19334.0,7929198.0,0.06,475752.0,30000.0,13992.0,2.12,1,0
101054,Mumbai,Goregaon West,400062,mid-premium,0.67,3,1257.1,2,Regional Builders Ltd,0.5,Tier3,1,PMHA30972,6,"24/7 Security, Gymnasium, Children's Play Area, Indoor Games Room, Visitor Parking, Swimming Pool",19538.0,23142.0,29092017.0,0.06,1745521.0,30000.0,61262.0,2.53,1,1
101055,Mumbai,Goregaon West,400062,mid-premium,0.63,3,1059.9,24,Prestige Group,0.92,Tier1,1,PMHA73515,9,"Jogging Track, 24/7 Security, Landscaped Garden, Gymnasium, Lift, Visitor Parking, Swimming Pool, Children's Play Area, Clubhouse",18671.0,25416.0,26937603.0,0.06,1616256.0,30000.0,52508.0,2.34,1,1
101056,Mumbai,Goregaon West,400062,mid-premium,0.91,2,684.5,19,Regional Builders Ltd,0.5,Tier3,1,PMHA75498,10,"24/7 Security, Clubhouse, Jogging Track, Indoor Games Room, Lift, Power Backup, Landscaped Garden, Visitor Parking, CCTV, Children's Play Area",17911.0,22911.0,15683202.0,0.06,940992.0,30000.0,23069.0,1.77,1,1
101057,Mumbai,Goregaon West,400062,mid-premium,0.8,1,487.2,1,Kolte-Patil,0.82,Tier2,1,PMHA87675,3,"Visitor Parking, 24/7 Security, CCTV",21472.0,29457.0,14351551.0,0.06,861093.0,30000.0,25340.0,2.12,1,0
101058,Mumbai,Goregaon West,400062,mid-premium,1.03,2,886.3,11,Oberoi Realty,0.9,Tier1,1,PMHA34274,4,"Clubhouse, 24/7 Security, Swimming Pool, Jogging Track",17394.0,23337.0,20682246.0,0.06,1240935.0,30000.0,44431.0,2.58,0,0
101059,Mumbai,Goregaon West,400062,mid-premium,0.98,1,522.2,17,Lodha Group,0.95,Tier1,1,PMHA16876,9,"Children's Play Area, Indoor Games Room, Visitor Parking, 24/7 Security, Landscaped Garden, Swimming Pool, Gymnasium, Clubhouse, Jogging Track",20152.0,28076.0,14661771.0,0.06,879706.0,30000.0,35162.0,2.88,1,1
101060,Mumbai,Goregaon West,400062,mid-premium,0.99,2,950.0,6,Lodha Group,0.95,Tier1,1,PMHA62690,6,"Power Backup, CCTV, 24/7 Security, Jogging Track, Gymnasium, Visitor Parking",20263.0,30253.0,28740010.0,0.06,1724401.0,30000.0,32948.0,1.38,1,1
101061,Mumbai,Goregaon West,400062,mid-premium,0.48,2,910.2,13,Godrej Properties,0.93,Tier1,1,PMHA28857,12,"Children's Play Area, Clubhouse, Swimming Pool, Lift, Landscaped Garden, CCTV, Gymnasium, Indoor Games Room, Visitor Parking, 24/7 Security, Jogging Track, Power Backup",19062.0,29067.0,26455266.0,0.06,1587316.0,30000.0,50324.0,2.28,1,1
101062,Mumbai,Goregaon West,400062,mid-premium,0.63,4,1924.8,19,Brigade Group,0.88,Tier1,1,PMHA82750,12,"Landscaped Garden, Children's Play Area, Visitor Parking, Gymnasium, Clubhouse, Power Backup, Jogging Track, Lift, Swimming Pool, CCTV, 24/7 Security, Indoor Games Room",20293.0,27309.0,52564441.0,0.06,3153866.0,30000.0,148765.0,3.4,1,1
101063,Mumbai,Goregaon West,400062,mid-premium,0.58,3,1384.7,7,Sobha Ltd,0.91,Tier1,1,PMHA41180,12,"Swimming Pool, Lift, Landscaped Garden, 24/7 Security, Jogging Track, Children's Play Area, Gymnasium, Power Backup, Clubhouse, CCTV, Indoor Games Room, Visitor Parking",18446.0,28976.0,40122374.0,0.06,2407342.0,30000.0,79879.0,2.39,1,1
101064,Mumbai,Goregaon West,400062,mid-premium,0.69,3,1333.7,18,Local Developer Co,0.55,Tier3,1,PMHA36392,3,"Clubhouse, Lift, Power Backup",19551.0,22467.0,29963399.0,0.06,1797804.0,30000.0,63251.0,2.53,1,0
101065,Mumbai,Goregaon West,400062,mid-premium,0.78,4,1924.5,0,Regional Builders Ltd,0.5,Tier3,1,PMHA40757,4,"24/7 Security, Power Backup, Indoor Games Room, Swimming Pool",18738.0,22996.0,44255726.0,0.06,2655344.0,30000.0,60378.0,1.64,1,0
101066,Mumbai,Goregaon West,400062,mid-premium,1.08,3,1057.4,23,Prestige Group,0.92,Tier1,1,PMHA73738,12,"Children's Play Area, Landscaped Garden, Visitor Parking, Lift, Jogging Track, Clubhouse, 24/7 Security, Swimming Pool, Indoor Games Room, CCTV, Gymnasium, Power Backup",19002.0,26648.0,28178355.0,0.06,1690701.0,30000.0,49567.0,2.11,1,1
101067,Mumbai,Goregaon West,400062,mid-premium,0.74,2,711.3,2,Puravankara,0.8,Tier2,1,PMHA36796,11,"24/7 Security, Children's Play Area, Indoor Games Room, Lift, Jogging Track, CCTV, Landscaped Garden, Clubhouse, Swimming Pool, Visitor Parking, Gymnasium",15720.0,21341.0,15180032.0,0.06,910802.0,30000.0,41005.0,3.24,1,1
101068,Mumbai,Goregaon West,400062,mid-premium,0.91,3,1137.2,21,Prestige Group,0.92,Tier1,1,PMHA71060,6,"CCTV, Landscaped Garden, Clubhouse, Gymnasium, Power Backup, Swimming Pool",15925.0,22131.0,25166619.0,0.06,1509997.0,30000.0,58548.0,2.79,1,1
101069,Mumbai,Goregaon West,400062,mid-premium,0.93,3,1244.3,4,Kolte-Patil,0.82,Tier2,1,PMHA76235,3,"CCTV, Children's Play Area, Visitor Parking",15815.0,21402.0,26631151.0,0.06,1597869.0,30000.0,60322.0,2.72,0,0
101070,Mumbai,Goregaon West,400062,mid-premium,1.1,3,1387.0,6,Puravankara,0.8,Tier2,1,PMHA12686,12,"Landscaped Garden, Indoor Games Room, Gymnasium, CCTV, Visitor Parking, Swimming Pool, 24/7 Security, Lift, Clubhouse, Children's Play Area, Jogging Track, Power Backup",20319.0,28423.0,39422434.0,0.06,2365346.0,30000.0,77292.0,2.35,0,1
101071,Mumbai,Goregaon West,400062,mid-premium,0.69,4,1835.1,17,Godrej Properties,0.93,Tier1,1,PMHA43393,11,"Clubhouse, Lift, Power Backup, CCTV, Indoor Games Room, Jogging Track, Visitor Parking, Gymnasium, Children's Play Area, 24/7 Security, Landscaped Garden",18434.0,25670.0,47108393.0,0.06,2826504.0,30000.0,124388.0,3.17,0,1
101072,Mumbai,Goregaon West,400062,mid-premium,0.91,3,962.6,0,Lodha Group,0.95,Tier1,1,PMHA63037,5,"Indoor Games Room, Gymnasium, Children's Play Area, Swimming Pool, Lift",21464.0,30801.0,29648665.0,0.06,1778920.0,30000.0,56702.0,2.29,1,0
101073,Mumbai,Goregaon West,400062,mid-premium,0.77,3,1248.4,4,Brigade Group,0.88,Tier1,1,PMHA24733,7,"Clubhouse, Swimming Pool, Jogging Track, Children's Play Area, Lift, CCTV, Visitor Parking",19128.0,25210.0,31472772.0,0.06,1888366.0,30000.0,47578.0,1.81,1,1
101074,Mumbai,Goregaon West,400062,mid-premium,0.66,1,443.9,17,Runwal Group,0.78,Tier2,1,PMHA22417,12,"Swimming Pool, Landscaped Garden, Indoor Games Room, Children's Play Area, Clubhouse, Visitor Parking, Gymnasium, Power Backup, CCTV, Lift, 24/7 Security, Jogging Track",20481.0,30644.0,13603312.0,0.06,816199.0,30000.0,32366.0,2.86,0,1
101075,Mumbai,Goregaon West,400062,mid-premium,0.67,4,1838.2,13,Regional Builders Ltd,0.5,Tier3,0,,3,"Indoor Games Room, Swimming Pool, Jogging Track",19055.0,21884.0,40228056.0,0.06,2413683.0,30000.0,72864.0,2.17,1,0
101076,Mumbai,Goregaon West,400062,mid-premium,0.7,3,1075.1,10,Regional Builders Ltd,0.5,Tier3,1,PMHA91083,5,"Landscaped Garden, Lift, CCTV, Jogging Track, Children's Play Area",15504.0,20160.0,21674396.0,0.06,1300464.0,30000.0,46694.0,2.59,1,0
101077,Mumbai,Goregaon West,400062,mid-premium,0.63,3,1079.5,8,Prestige Group,0.92,Tier1,1,PMHA30842,9,"Visitor Parking, Children's Play Area, Gymnasium, Indoor Games Room, Jogging Track, 24/7 Security, CCTV, Landscaped Garden, Clubhouse",17593.0,24553.0,26504107.0,0.06,1590246.0,30000.0,50879.0,2.3,1,1
101078,Mumbai,Goregaon West,400062,mid-premium,0.85,1,414.4,20,Lodha Group,0.95,Tier1,1,PMHA66040,6,"Children's Play Area, Indoor Games Room, Power Backup, Gymnasium, Lift, Clubhouse",21496.0,31032.0,12858826.0,0.06,771530.0,30000.0,24271.0,2.26,0,1
101079,Mumbai,Goregaon West,400062,mid-premium,0.75,4,1511.1,24,Oberoi Realty,0.9,Tier1,1,PMHA82698,6,"Indoor Games Room, Gymnasium, Clubhouse, CCTV, Landscaped Garden, Jogging Track",19562.0,25904.0,39142639.0,0.06,2348558.0,30000.0,77412.0,2.37,1,1
101080,Mumbai,Goregaon West,400062,mid-premium,0.83,2,908.7,23,Local Developer Co,0.55,Tier3,1,PMHA67971,12,"24/7 Security, Power Backup, Lift, Jogging Track, Indoor Games Room, CCTV, Gymnasium, Swimming Pool, Visitor Parking, Clubhouse, Children's Play Area, Landscaped Garden",20985.0,26449.0,24034723.0,0.06,1442083.0,30000.0,46198.0,2.31,1,1
101081,Mumbai,Dombivli,421201,affordable,1.87,1,449.2,19,Local Developer Co,0.55,Tier3,1,PMHA97495,12,"CCTV, Swimming Pool, Children's Play Area, Visitor Parking, Power Backup, Clubhouse, Gymnasium, Indoor Games Room, Landscaped Garden, 24/7 Security, Lift, Jogging Track",9287.0,11927.0,5358198.0,0.06,321492.0,30000.0,7613.0,1.71,0,1
101082,Mumbai,Dombivli,421201,affordable,1.78,2,742.1,8,Local Developer Co,0.55,Tier3,1,PMHA68445,10,"Clubhouse, 24/7 Security, Swimming Pool, Jogging Track, Lift, Gymnasium, Children's Play Area, Visitor Parking, CCTV, Landscaped Garden",8119.0,10826.0,8033415.0,0.06,482005.0,30000.0,18563.0,2.77,0,1
101083,Mumbai,Dombivli,421201,affordable,2.27,2,682.1,13,Godrej Properties,0.93,Tier1,1,PMHA12195,9,"Clubhouse, Children's Play Area, Power Backup, Gymnasium, Jogging Track, 24/7 Security, Lift, CCTV, Visitor Parking",7071.0,9688.0,6608546.0,0.06,396513.0,30000.0,28385.0,5.15,1,1
101084,Mumbai,Dombivli,421201,affordable,1.73,3,1161.4,3,Prestige Group,0.92,Tier1,1,PMHA17744,11,"Indoor Games Room, Jogging Track, Power Backup, Gymnasium, Clubhouse, Lift, Visitor Parking, 24/7 Security, Landscaped Garden, CCTV, Swimming Pool",6849.0,10637.0,12353332.0,0.06,741200.0,30000.0,36322.0,3.53,0,1
101085,Mumbai,Dombivli,421201,affordable,1.79,1,549.5,7,Oberoi Realty,0.9,Tier1,1,PMHA19739,8,"Jogging Track, Landscaped Garden, Lift, 24/7 Security, Swimming Pool, Power Backup, Visitor Parking, Clubhouse",8538.0,13498.0,7417553.0,0.06,445053.0,30000.0,19498.0,3.15,0,1
101086,Mumbai,Dombivli,421201,affordable,2.13,3,1302.9,17,Sobha Ltd,0.91,Tier1,1,PMHA70951,12,"Swimming Pool, Children's Play Area, Clubhouse, CCTV, 24/7 Security, Gymnasium, Visitor Parking, Lift, Indoor Games Room, Jogging Track, Landscaped Garden, Power Backup",7020.0,11106.0,14469877.0,0.06,868193.0,30000.0,47304.0,3.92,0,1
101087,Mumbai,Dombivli,421201,affordable,1.95,3,1250.0,1,Runwal Group,0.78,Tier2,1,PMHA54505,9,"Swimming Pool, Lift, Gymnasium, Indoor Games Room, Power Backup, Jogging Track, Clubhouse, Landscaped Garden, 24/7 Security",7000.0,9873.0,12341771.0,0.06,740506.0,30000.0,32371.0,3.15,1,1
101088,Mumbai,Dombivli,421201,affordable,1.89,1,425.9,2,Godrej Properties,0.93,Tier1,1,PMHA95850,9,"Swimming Pool, Lift, Indoor Games Room, Gymnasium, Power Backup, CCTV, Jogging Track, Landscaped Garden, Clubhouse",8435.0,11980.0,5102032.0,0.06,306122.0,30000.0,8456.0,1.99,1,1
101089,Mumbai,Dombivli,421201,affordable,1.7,2,889.5,11,Lodha Group,0.95,Tier1,1,PMHA60367,5,"Indoor Games Room, Children's Play Area, 24/7 Security, Visitor Parking, Power Backup",7188.0,10568.0,9400110.0,0.06,564007.0,30000.0,16650.0,2.13,1,0
101090,Mumbai,Dombivli,421201,affordable,2.12,3,1190.0,12,Sobha Ltd,0.91,Tier1,1,PMHA60816,5,"Gymnasium, Landscaped Garden, Clubhouse, Power Backup, CCTV",8286.0,11688.0,13908344.0,0.06,834501.0,30000.0,29194.0,2.52,0,0
101091,Mumbai,Dombivli,421201,affordable,1.95,1,411.8,24,Kolte-Patil,0.82,Tier2,1,PMHA87860,9,"Lift, Swimming Pool, Landscaped Garden, Jogging Track, Clubhouse, 24/7 Security, Power Backup, CCTV, Indoor Games Room",8909.0,11277.0,4643902.0,0.06,278634.0,30000.0,12622.0,3.26,1,1
101092,Mumbai,Dombivli,421201,affordable,1.97,2,824.2,16,Kolte-Patil,0.82,Tier2,1,PMHA86078,7,"Indoor Games Room, Children's Play Area, Clubhouse, Lift, Jogging Track, Visitor Parking, CCTV",8164.0,11173.0,9208553.0,0.06,552513.0,30000.0,15022.0,1.96,1,1
101093,Mumbai,Dombivli,421201,affordable,2.04,4,1562.6,19,Runwal Group,0.78,Tier2,1,PMHA56557,5,"Swimming Pool, Children's Play Area, Power Backup, Jogging Track, Clubhouse",8140.0,10476.0,16370839.0,0.06,982250.0,30000.0,42806.0,3.14,0,0
101094,Mumbai,Dombivli,421201,affordable,2.09,2,934.1,10,Brigade Group,0.88,Tier1,1,PMHA69719,4,"Indoor Games Room, Children's Play Area, Lift, Clubhouse",8073.0,10422.0,9734877.0,0.06,584093.0,30000.0,43633.0,5.38,0,0
101095,Mumbai,Dombivli,421201,affordable,1.64,3,1001.2,21,Sobha Ltd,0.91,Tier1,1,PMHA53616,7,"CCTV, Landscaped Garden, Jogging Track, Power Backup, Indoor Games Room, Clubhouse, Lift",8325.0,10514.0,10526828.0,0.06,631610.0,30000.0,29180.0,3.33,1,1
101096,Mumbai,Dombivli,421201,affordable,1.62,3,1067.6,18,Local Developer Co,0.55,Tier3,1,PMHA96038,11,"Landscaped Garden, Lift, Visitor Parking, Clubhouse, 24/7 Security, Power Backup, Indoor Games Room, Gymnasium, Swimming Pool, Jogging Track, CCTV",9231.0,12011.0,12822694.0,0.06,769362.0,30000.0,20940.0,1.96,0,1
101097,Mumbai,Dombivli,421201,affordable,1.96,2,816.5,16,Brigade Group,0.88,Tier1,1,PMHA70178,4,"Visitor Parking, Children's Play Area, Lift, Swimming Pool",7372.0,8942.0,7300883.0,0.06,438053.0,30000.0,15369.0,2.53,1,0
101098,Mumbai,Dombivli,421201,affordable,1.75,2,809.5,13,Regional Builders Ltd,0.5,Tier3,1,PMHA24096,10,"Landscaped Garden, Swimming Pool, 24/7 Security, CCTV, Gymnasium, Visitor Parking, Jogging Track, Children's Play Area, Clubhouse, Power Backup",6769.0,8235.0,6666038.0,0.06,399962.0,30000.0,13956.0,2.51,1,1
101099,Mumbai,Dombivli,421201,affordable,1.99,2,759.0,20,Oberoi Realty,0.9,Tier1,1,PMHA74773,3,"24/7 Security, Clubhouse, Indoor Games Room",7332.0,8985.0,6819908.0,0.06,409194.0,30000.0,18886.0,3.32,0,0
101100,Mumbai,Dombivli,421201,affordable,2.01,2,727.8,16,Godrej Properties,0.93,Tier1,1,PMHA44602,11,"CCTV, Clubhouse, Swimming Pool, 24/7 Security, Gymnasium, Children's Play Area, Indoor Games Room, Lift, Jogging Track, Visitor Parking, Power Backup",9057.0,13017.0,9474034.0,0.06,568442.0,30000.0,22281.0,2.82,1,1
101101,Mumbai,Dombivli,421201,affordable,1.96,1,450.9,19,Godrej Properties,0.93,Tier1,1,PMHA18240,4,"Visitor Parking, Gymnasium, 24/7 Security, Children's Play Area",8217.0,9865.0,4448099.0,0.06,266886.0,30000.0,15027.0,4.05,0,0
101102,Mumbai,Dombivli,421201,affordable,2.0,3,1189.0,5,Lodha Group,0.95,Tier1,1,PMHA30672,6,"Indoor Games Room, CCTV, Swimming Pool, Jogging Track, 24/7 Security, Gymnasium",8265.0,11296.0,13430385.0,0.06,805823.0,30000.0,49108.0,4.39,1,1
101103,Mumbai,Dombivli,421201,affordable,2.08,1,536.7,20,Lodha Group,0.95,Tier1,1,PMHA13291,6,"24/7 Security, Gymnasium, Children's Play Area, Indoor Games Room, Landscaped Garden, CCTV",7787.0,9715.0,5213765.0,0.06,312826.0,30000.0,15876.0,3.65,0,1
101104,Mumbai,Dombivli,421201,affordable,2.12,4,1812.1,23,Regional Builders Ltd,0.5,Tier3,1,PMHA73268,9,"Visitor Parking, Swimming Pool, CCTV, Jogging Track, Clubhouse, Gymnasium, Power Backup, Lift, Children's Play Area",6748.0,8471.0,15349639.0,0.06,920978.0,30000.0,37636.0,2.94,0,1
101105,Mumbai,Dombivli,421201,affordable,1.8,3,1298.4,4,Local Developer Co,0.55,Tier3,1,PMHA77638,9,"Jogging Track, Visitor Parking, Lift, Power Backup, Indoor Games Room, Swimming Pool, Clubhouse, 24/7 Security, CCTV",9035.0,11103.0,14416657.0,0.06,864999.0,30000.0,39630.0,3.3,1,1
101106,Mumbai,Dombivli,421201,affordable,1.91,3,1191.8,17,Oberoi Realty,0.9,Tier1,1,PMHA56379,12,"Swimming Pool, Indoor Games Room, 24/7 Security, Clubhouse, Lift, CCTV, Power Backup, Jogging Track, Children's Play Area, Visitor Parking, Landscaped Garden, Gymnasium",8774.0,11401.0,13587089.0,0.06,815225.0,30000.0,32110.0,2.84,0,1
101107,Mumbai,Dombivli,421201,affordable,2.11,3,980.7,5,Puravankara,0.8,Tier2,1,PMHA12911,3,"Power Backup, Gymnasium, 24/7 Security",7264.0,9136.0,8960141.0,0.06,537608.0,30000.0,29129.0,3.9,0,0
101108,Mumbai,Dombivli,421201,affordable,2.06,2,670.3,10,Sobha Ltd,0.91,Tier1,1,PMHA34019,10,"Landscaped Garden, Swimming Pool, Clubhouse, Children's Play Area, Lift, CCTV, Visitor Parking, Gymnasium, Indoor Games Room, Power Backup",8040.0,11965.0,8019800.0,0.06,481188.0,30000.0,20629.0,3.09,1,1
101109,Mumbai,Dombivli,421201,affordable,2.13,3,1038.6,8,Brigade Group,0.88,Tier1,1,PMHA28738,10,"Jogging Track, Landscaped Garden, Swimming Pool, 24/7 Security, Power Backup, Children's Play Area, Gymnasium, Lift, Indoor Games Room, Clubhouse",7271.0,10356.0,10755980.0,0.06,645359.0,30000.0,22496.0,2.51,1,1
101110,Mumbai,Dombivli,421201,affordable,1.94,2,684.9,3,Sobha Ltd,0.91,Tier1,1,PMHA39816,10,"Indoor Games Room, Power Backup, Visitor Parking, Lift, Children's Play Area, 24/7 Security, CCTV, Jogging Track, Landscaped Garden, Gymnasium",7348.0,11398.0,7807033.0,0.06,468422.0,30000.0,19680.0,3.02,1,1
101111,Mumbai,Dombivli,421201,affordable,1.85,2,864.8,16,Runwal Group,0.78,Tier2,1,PMHA31173,3,"Indoor Games Room, Jogging Track, Clubhouse",7917.0,9512.0,8225805.0,0.06,493548.0,30000.0,18323.0,2.67,1,0
101112,Mumbai,Dombivli,421201,affordable,1.9,4,2004.9,6,Oberoi Realty,0.9,Tier1,1,PMHA84896,4,"Gymnasium, Jogging Track, Landscaped Garden, CCTV",7125.0,8649.0,17340620.0,0.06,1040437.0,30000.0,44276.0,3.06,1,0
101113,Mumbai,Dombivli,421201,affordable,2.08,4,1857.7,2,Sobha Ltd,0.91,Tier1,1,PMHA36794,9,"Power Backup, Lift, 24/7 Security, Indoor Games Room, Clubhouse, Swimming Pool, Gymnasium, Visitor Parking, Landscaped Garden",7786.0,11177.0,20763075.0,0.06,1245784.0,30000.0,43019.0,2.49,1,1
101114,Mumbai,Dombivli,421201,affordable,1.84,3,966.7,10,Regional Builders Ltd,0.5,Tier3,1,PMHA89118,7,"Power Backup, Landscaped Garden, Indoor Games Room, 24/7 Security, Jogging Track, Children's Play Area, Visitor Parking",7103.0,9103.0,8800221.0,0.06,528013.0,30000.0,17044.0,2.32,0,1
101115,Mumbai,Dombivli,421201,affordable,2.16,2,842.4,20,Local Developer Co,0.55,Tier3,1,PMHA28389,9,"Indoor Games Room, Landscaped Garden, Children's Play Area, Visitor Parking, Gymnasium, Clubhouse, CCTV, Lift, Power Backup",8921.0,11417.0,9617463.0,0.06,577048.0,30000.0,22289.0,2.78,1,1
101116,Mumbai,Dombivli,421201,affordable,1.73,3,1122.4,21,Runwal Group,0.78,Tier2,1,PMHA26848,7,"Visitor Parking, Swimming Pool, Lift, Gymnasium, 24/7 Security, Landscaped Garden, Indoor Games Room",7271.0,8712.0,9778658.0,0.06,586720.0,30000.0,26063.0,3.2,1,1
101117,Mumbai,Dombivli,421201,affordable,1.89,3,1354.1,24,Lodha Group,0.95,Tier1,1,PMHA99289,8,"Clubhouse, Indoor Games Room, Children's Play Area, Lift, Power Backup, Visitor Parking, Landscaped Garden, CCTV",8189.0,10298.0,13944382.0,0.06,836663.0,30000.0,43826.0,3.77,1,1
101118,Mumbai,Dombivli,421201,affordable,2.0,4,2085.7,18,Regional Builders Ltd,0.5,Tier3,0,,8,"Swimming Pool, Visitor Parking, Clubhouse, Gymnasium, Power Backup, 24/7 Security, CCTV, Jogging Track",9464.0,10229.0,21335086.0,0.06,1280105.0,30000.0,56224.0,3.16,1,1
101119,Mumbai,Dombivli,421201,affordable,2.05,4,1986.2,12,Godrej Properties,0.93,Tier1,1,PMHA66789,12,"Landscaped Garden, Lift, Swimming Pool, Children's Play Area, Power Backup, Gymnasium, Clubhouse, Indoor Games Room, Jogging Track, 24/7 Security, Visitor Parking, CCTV",6618.0,10417.0,20689601.0,0.06,1241376.0,30000.0,84862.0,4.92,0,1
101120,Mumbai,Dombivli,421201,affordable,2.0,1,444.9,23,Brigade Group,0.88,Tier1,1,PMHA20642,4,"Swimming Pool, Visitor Parking, Landscaped Garden, 24/7 Security",9273.0,10817.0,4812729.0,0.06,288764.0,30000.0,7341.0,1.83,1,0
101121,Mumbai,Dombivli,421201,affordable,2.25,2,926.0,23,Kolte-Patil,0.82,Tier2,1,PMHA92535,9,"Power Backup, Landscaped Garden, CCTV, Children's Play Area, 24/7 Security, Swimming Pool, Clubhouse, Lift, Gymnasium",6777.0,9214.0,8531718.0,0.06,511903.0,30000.0,11159.0,1.57,1,1
101122,Mumbai,Dombivli,421201,affordable,2.06,4,1683.5,15,Lodha Group,0.95,Tier1,1,PMHA33947,8,"Lift, Swimming Pool, Indoor Games Room, 24/7 Security, Landscaped Garden, Jogging Track, Children's Play Area, Gymnasium",8067.0,11293.0,19010561.0,0.06,1140634.0,30000.0,53381.0,3.37,0,1
101123,Mumbai,Dombivli,421201,affordable,1.94,3,1102.5,6,Kolte-Patil,0.82,Tier2,1,PMHA12145,11,"Jogging Track, Gymnasium, Indoor Games Room, Lift, CCTV, Swimming Pool, Landscaped Garden, Children's Play Area, Visitor Parking, Power Backup, 24/7 Security",9158.0,13457.0,14836282.0,0.06,890177.0,30000.0,54592.0,4.42,1,1
101124,Mumbai,Dombivli,421201,affordable,2.26,1,405.9,24,Puravankara,0.8,Tier2,1,PMHA11909,10,"Visitor Parking, Children's Play Area, Landscaped Garden, Jogging Track, CCTV, Clubhouse, Indoor Games Room, Power Backup, Lift, 24/7 Security",7433.0,9647.0,3916023.0,0.06,234961.0,30000.0,11944.0,3.66,0,1
101125,Mumbai,Dombivli,421201,affordable,2.27,2,871.8,18,Puravankara,0.8,Tier2,1,PMHA85341,9,"Gymnasium, Landscaped Garden, Indoor Games Room, CCTV, Jogging Track, Clubhouse, 24/7 Security, Children's Play Area, Visitor Parking",8717.0,12286.0,10710449.0,0.06,642627.0,30000.0,19905.0,2.23,1,1
101126,Mumbai,Dombivli,421201,affordable,2.02,3,1246.4,12,Brigade Group,0.88,Tier1,1,PMHA42956,7,"Visitor Parking, Gymnasium, Landscaped Garden, Jogging Track, Children's Play Area, Power Backup, Clubhouse",6758.0,9130.0,11380089.0,0.06,682805.0,30000.0,41710.0,4.4,1,1
101127,Mumbai,Dombivli,421201,affordable,1.84,3,1077.5,4,Kolte-Patil,0.82,Tier2,1,PMHA61816,7,"Indoor Games Room, Power Backup, Swimming Pool, 24/7 Security, Gymnasium, Landscaped Garden, Visitor Parking",7574.0,10959.0,11808026.0,0.06,708482.0,30000.0,33874.0,3.44,1,1
101128,Mumbai,Dombivli,421201,affordable,1.8,2,687.0,9,Lodha Group,0.95,Tier1,1,PMHA18216,11,"24/7 Security, Landscaped Garden, CCTV, Lift, Children's Play Area, Visitor Parking, Jogging Track, Swimming Pool, Indoor Games Room, Gymnasium, Power Backup",6938.0,10240.0,7035617.0,0.06,422137.0,30000.0,20176.0,3.44,1,1
101129,Mumbai,Dombivli,421201,affordable,1.59,3,1005.9,4,Oberoi Realty,0.9,Tier1,1,PMHA57347,7,"Children's Play Area, Jogging Track, 24/7 Security, Visitor Parking, Landscaped Garden, Clubhouse, Indoor Games Room",6763.0,9605.0,9661774.0,0.06,579706.0,30000.0,17069.0,2.12,1,1
101130,Mumbai,Dombivli,421201,affordable,2.2,2,891.6,3,Local Developer Co,0.55,Tier3,0,,9,"Indoor Games Room, Landscaped Garden, Power Backup, Visitor Parking, Lift, Gymnasium, Jogging Track, Clubhouse, Children's Play Area",8288.0,12019.0,10715718.0,0.06,642943.0,30000.0,31231.0,3.5,1,1
101131,Mumbai,Dombivli,421201,affordable,2.16,2,799.1,6,Oberoi Realty,0.9,Tier1,1,PMHA19737,4,"Visitor Parking, Clubhouse, CCTV, Landscaped Garden",9058.0,12906.0,10313129.0,0.06,618788.0,30000.0,8594.0,1.0,1,0
101132,Mumbai,Dombivli,421201,affordable,2.13,2,905.6,4,Oberoi Realty,0.9,Tier1,1,PMHA46891,4,"Clubhouse, Power Backup, Indoor Games Room, Lift",7765.0,10263.0,9293476.0,0.06,557609.0,30000.0,18325.0,2.37,0,0
101133,Mumbai,Dombivli,421201,affordable,2.27,3,1133.4,2,Oberoi Realty,0.9,Tier1,1,PMHA53194,10,"Landscaped Garden, CCTV, 24/7 Security, Clubhouse, Children's Play Area, Lift, Indoor Games Room, Gymnasium, Jogging Track, Power Backup",8813.0,13264.0,15033675.0,0.06,902020.0,30000.0,56174.0,4.48,1,1
101134,Mumbai,Dombivli,421201,affordable,1.96,3,1173.0,13,Local Developer Co,0.55,Tier3,0,,10,"Visitor Parking, Gymnasium, Indoor Games Room, Power Backup, Jogging Track, Lift, Landscaped Garden, 24/7 Security, Clubhouse, CCTV",6597.0,8551.0,10029948.0,0.06,601797.0,30000.0,20361.0,2.44,1,1
101135,Mumbai,Dombivli,421201,affordable,1.89,2,713.5,24,Lodha Group,0.95,Tier1,1,PMHA70789,11,"Visitor Parking, Clubhouse, Swimming Pool, CCTV, Indoor Games Room, Landscaped Garden, Children's Play Area, Power Backup, Jogging Track, Lift, Gymnasium",7916.0,10702.0,7636428.0,0.06,458186.0,30000.0,26719.0,4.2,1,1
101136,Mumbai,Dombivli,421201,affordable,1.79,2,947.5,12,Lodha Group,0.95,Tier1,1,PMHA50104,9,"Indoor Games Room, Children's Play Area, Jogging Track, Landscaped Garden, Gymnasium, Power Backup, CCTV, Swimming Pool, Visitor Parking",8054.0,10979.0,10403051.0,0.06,624183.0,30000.0,30499.0,3.52,1,1
101137,Mumbai,Dombivli,421201,affordable,2.15,3,974.9,12,Local Developer Co,0.55,Tier3,1,PMHA44268,4,"Gymnasium, Visitor Parking, Jogging Track, Lift",8694.0,10244.0,9987675.0,0.06,599260.0,30000.0,27330.0,3.28,0,0
101138,Mumbai,Dombivli,421201,affordable,1.94,2,694.4,5,Kolte-Patil,0.82,Tier2,1,PMHA26899,3,"CCTV, Clubhouse, Swimming Pool",8902.0,12412.0,8618562.0,0.06,517114.0,30000.0,27754.0,3.86,1,0
101139,Mumbai,Dombivli,421201,affordable,2.08,4,1974.9,14,Lodha Group,0.95,Tier1,1,PMHA36580,5,"Children's Play Area, Power Backup, 24/7 Security, Indoor Games Room, Swimming Pool",8497.0,10073.0,19893415.0,0.06,1193605.0,30000.0,53211.0,3.21,0,0
101140,Mumbai,Dombivli,421201,affordable,2.25,4,1596.2,7,Sobha Ltd,0.91,Tier1,1,PMHA34434,11,"Clubhouse, Visitor Parking, Power Backup, Indoor Games Room, CCTV, Children's Play Area, Swimming Pool, Gymnasium, Lift, Landscaped Garden, Jogging Track",7183.0,10725.0,17118553.0,0.06,1027113.0,30000.0,36527.0,2.56,1,1
101141,Mumbai,Dombivli,421201,affordable,2.17,2,916.4,20,Local Developer Co,0.55,Tier3,1,PMHA16505,10,"24/7 Security, Jogging Track, CCTV, Swimming Pool, Clubhouse, Landscaped Garden, Indoor Games Room, Gymnasium, Visitor Parking, Lift",9305.0,11353.0,10403023.0,0.06,624181.0,30000.0,27036.0,3.12,1,1
101142,Mumbai,Dombivli,421201,affordable,1.97,1,411.7,9,Puravankara,0.8,Tier2,1,PMHA97534,5,"Power Backup, Clubhouse, Gymnasium, Landscaped Garden, Indoor Games Room",6628.0,8411.0,3462481.0,0.06,207749.0,30000.0,4040.0,1.4,0,0
101143,Mumbai,Dombivli,421201,affordable,1.98,2,926.8,6,Oberoi Realty,0.9,Tier1,1,PMHA12573,9,"CCTV, 24/7 Security, Children's Play Area, Visitor Parking, Gymnasium, Swimming Pool, Clubhouse, Power Backup, Lift",8429.0,11891.0,11020693.0,0.06,661242.0,30000.0,22266.0,2.42,1,1
101144,Mumbai,Dombivli,421201,affordable,2.15,2,944.2,13,Brigade Group,0.88,Tier1,1,PMHA58361,12,"Landscaped Garden, Children's Play Area, Swimming Pool, Power Backup, CCTV, Gymnasium, Visitor Parking, Indoor Games Room, Jogging Track, 24/7 Security, Clubhouse, Lift",7677.0,11345.0,10712483.0,0.06,642749.0,30000.0,22524.0,2.52,1,1
101145,Mumbai,Dombivli,421201,affordable,1.94,3,1030.8,1,Godrej Properties,0.93,Tier1,1,PMHA20090,11,"Visitor Parking, Jogging Track, CCTV, Indoor Games Room, Gymnasium, Swimming Pool, Children's Play Area, Clubhouse, Power Backup, Landscaped Garden, Lift",7059.0,10541.0,10865503.0,0.06,651930.0,30000.0,23514.0,2.6,1,1
101146,Mumbai,Dombivli,421201,affordable,1.97,2,887.7,12,Godrej Properties,0.93,Tier1,1,PMHA81629,3,"Clubhouse, Children's Play Area, Visitor Parking",7000.0,8706.0,7727998.0,0.06,463680.0,30000.0,20186.0,3.13,0,0
101147,Mumbai,Dombivli,421201,affordable,1.95,2,792.4,7,Kolte-Patil,0.82,Tier2,1,PMHA20634,3,"Power Backup, Jogging Track, Clubhouse",6680.0,7544.0,5977856.0,0.06,358671.0,30000.0,21537.0,4.32,1,0
101148,Mumbai,Dombivli,421201,affordable,2.14,1,420.2,12,Oberoi Realty,0.9,Tier1,1,PMHA74077,9,"24/7 Security, Clubhouse, Children's Play Area, Visitor Parking, Jogging Track, Power Backup, Landscaped Garden, Indoor Games Room, Lift",8352.0,12329.0,5181022.0,0.06,310861.0,30000.0,12289.0,2.85,1,1
101149,Mumbai,Dombivli,421201,affordable,2.09,4,1727.2,6,Godrej Properties,0.93,Tier1,1,PMHA43127,10,"Clubhouse, CCTV, Lift, Swimming Pool, Power Backup, Jogging Track, Visitor Parking, 24/7 Security, Children's Play Area, Landscaped Garden",7055.0,10458.0,18063208.0,0.06,1083792.0,30000.0,25675.0,1.71,0,1
101150,Mumbai,Dombivli,421201,affordable,1.99,3,1121.6,17,Sobha Ltd,0.91,Tier1,1,PMHA37083,10,"Visitor Parking, Gymnasium, Swimming Pool, CCTV, Power Backup, Children's Play Area, Clubhouse, Jogging Track, Indoor Games Room, Landscaped Garden",7251.0,10966.0,12300321.0,0.06,738019.0,30000.0,17270.0,1.68,1,1
101151,Mumbai,Dombivli,421201,affordable,1.73,3,1324.7,4,Puravankara,0.8,Tier2,1,PMHA29693,9,"Swimming Pool, Lift, Jogging Track, CCTV, Landscaped Garden, Children's Play Area, Clubhouse, 24/7 Security, Visitor Parking",6968.0,9411.0,12466082.0,0.06,747965.0,30000.0,42212.0,4.06,0,1
101152,Mumbai,Dombivli,421201,affordable,2.06,3,1230.9,2,Brigade Group,0.88,Tier1,1,PMHA18352,9,"Power Backup, Jogging Track, Swimming Pool, Clubhouse, Visitor Parking, CCTV, 24/7 Security, Lift, Children's Play Area",8910.0,13835.0,17029325.0,0.06,1021759.0,30000.0,48978.0,3.45,1,1
101153,Mumbai,Dombivli,421201,affordable,1.85,4,2120.9,1,Brigade Group,0.88,Tier1,1,PMHA53384,6,"Visitor Parking, CCTV, Indoor Games Room, 24/7 Security, Clubhouse, Children's Play Area",8865.0,11716.0,24848493.0,0.06,1490910.0,30000.0,79025.0,3.82,0,1
101154,Mumbai,Dombivli,421201,affordable,2.04,3,1058.1,7,Local Developer Co,0.55,Tier3,1,PMHA99263,10,"Children's Play Area, 24/7 Security, Indoor Games Room, CCTV, Landscaped Garden, Gymnasium, Clubhouse, Power Backup, Swimming Pool, Lift",7377.0,9840.0,10411408.0,0.06,624684.0,30000.0,21785.0,2.51,1,1
101155,Mumbai,Dombivli,421201,affordable,2.13,3,1078.5,6,Runwal Group,0.78,Tier2,1,PMHA85503,10,"CCTV, 24/7 Security, Power Backup, Jogging Track, Visitor Parking, Children's Play Area, Lift, Swimming Pool, Landscaped Garden, Gymnasium",8677.0,12033.0,12977658.0,0.06,778659.0,30000.0,50805.0,4.7,1,1
101156,Mumbai,Dombivli,421201,affordable,2.02,4,1658.3,24,Puravankara,0.8,Tier2,1,PMHA14239,12,"Power Backup, CCTV, Clubhouse, Visitor Parking, Jogging Track, Children's Play Area, Landscaped Garden, Lift, Indoor Games Room, 24/7 Security, Swimming Pool, Gymnasium",8337.0,11249.0,18654267.0,0.06,1119256.0,30000.0,35016.0,2.25,0,1
101157,Mumbai,Dombivli,421201,affordable,2.08,3,1053.3,2,Puravankara,0.8,Tier2,1,PMHA15856,12,"Gymnasium, Lift, CCTV, Visitor Parking, Power Backup, Clubhouse, 24/7 Security, Jogging Track, Children's Play Area, Landscaped Garden, Swimming Pool, Indoor Games Room",6501.0,9852.0,10377296.0,0.06,622638.0,30000.0,26670.0,3.08,1,1
101158,Mumbai,Dombivli,421201,affordable,2.04,2,703.1,1,Prestige Group,0.92,Tier1,1,PMHA15984,5,"Children's Play Area, Power Backup, Indoor Games Room, Jogging Track, Landscaped Garden",7659.0,11270.0,7923826.0,0.06,475430.0,30000.0,21953.0,3.32,1,0
101159,Mumbai,Dombivli,421201,affordable,1.93,1,436.2,6,Sobha Ltd,0.91,Tier1,1,PMHA61320,11,"Swimming Pool, Clubhouse, Landscaped Garden, Jogging Track, Children's Play Area, Visitor Parking, 24/7 Security, Indoor Games Room, Power Backup, Lift, Gymnasium",8354.0,12732.0,5554054.0,0.06,333243.0,30000.0,10683.0,2.31,1,1
101160,Mumbai,Dombivli,421201,affordable,1.79,2,716.7,21,Local Developer Co,0.55,Tier3,0,,11,"Swimming Pool, Power Backup, Indoor Games Room, Gymnasium, CCTV, 24/7 Security, Landscaped Garden, Visitor Parking, Clubhouse, Lift, Children's Play Area",8372.0,10181.0,7296934.0,0.06,437816.0,30000.0,26835.0,4.41,0,1
101161,Mumbai,Dombivli,421201,affordable,1.94,3,1082.1,2,Prestige Group,0.92,Tier1,1,PMHA18090,10,"Children's Play Area, CCTV, 24/7 Security, Indoor Games Room, Lift, Landscaped Garden, Gymnasium, Power Backup, Visitor Parking, Jogging Track",9445.0,15581.0,16860452.0,0.06,1011627.0,30000.0,45025.0,3.2,0,1
101162,Mumbai,Dombivli,421201,affordable,1.85,1,544.5,8,Local Developer Co,0.55,Tier3,0,,3,"Children's Play Area, 24/7 Security, Lift",9011.0,10852.0,5909407.0,0.06,354564.0,30000.0,15346.0,3.12,1,0
101163,Mumbai,Dombivli,421201,affordable,1.84,3,982.6,3,Runwal Group,0.78,Tier2,1,PMHA84927,3,"Power Backup, Children's Play Area, CCTV",7184.0,8095.0,7953790.0,0.06,477227.0,30000.0,21132.0,3.19,1,0
101164,Mumbai,Dombivli,421201,affordable,2.16,2,920.5,3,Regional Builders Ltd,0.5,Tier3,0,,7,"Clubhouse, Children's Play Area, Landscaped Garden, 24/7 Security, Jogging Track, Indoor Games Room, Lift",8532.0,9680.0,8910345.0,0.06,534621.0,30000.0,29267.0,3.94,1,1
101165,Mumbai,Dombivli,421201,affordable,1.78,2,751.5,21,Prestige Group,0.92,Tier1,1,PMHA70783,4,"24/7 Security, CCTV, Jogging Track, Power Backup",8603.0,10475.0,7871730.0,0.06,472304.0,30000.0,20547.0,3.13,1,0
101166,Mumbai,Dombivli,421201,affordable,1.8,1,460.7,4,Lodha Group,0.95,Tier1,1,PMHA35313,5,"Clubhouse, Children's Play Area, Indoor Games Room, Lift, Visitor Parking",8569.0,11472.0,5284787.0,0.06,317087.0,30000.0,17914.0,4.07,0,0
101167,Mumbai,Dombivli,421201,affordable,1.9,2,815.8,20,Brigade Group,0.88,Tier1,1,PMHA80788,7,"Jogging Track, 24/7 Security, Gymnasium, Clubhouse, Indoor Games Room, CCTV, Visitor Parking",7268.0,9500.0,7750102.0,0.06,465006.0,30000.0,14900.0,2.31,1,1
101168,Mumbai,Dombivli,421201,affordable,1.96,3,1054.0,18,Godrej Properties,0.93,Tier1,1,PMHA49359,10,"24/7 Security, Landscaped Garden, Visitor Parking, Jogging Track, Indoor Games Room, Gymnasium, Swimming Pool, Lift, Children's Play Area, CCTV",7313.0,10235.0,10787882.0,0.06,647273.0,30000.0,33774.0,3.76,1,1
101169,Mumbai,Dombivli,421201,affordable,2.07,3,1326.7,9,Local Developer Co,0.55,Tier3,0,,3,"24/7 Security, Clubhouse, CCTV",7765.0,9150.0,12138825.0,0.06,728330.0,30000.0,37372.0,3.69,0,0
101170,Mumbai,Dombivli,421201,affordable,1.77,3,1080.6,14,Local Developer Co,0.55,Tier3,0,,5,"Jogging Track, Lift, Clubhouse, Landscaped Garden, Indoor Games Room",7476.0,8292.0,8960258.0,0.06,537615.0,30000.0,36703.0,4.92,0,0
101171,Mumbai,Dombivli,421201,affordable,2.17,4,2107.6,0,Godrej Properties,0.93,Tier1,1,PMHA97029,4,"Visitor Parking, Clubhouse, Gymnasium, Swimming Pool",7937.0,11198.0,23600921.0,0.06,1416055.0,30000.0,74090.0,3.77,0,0
101172,Mumbai,Dombivli,421201,affordable,2.07,2,768.8,17,Sobha Ltd,0.91,Tier1,1,PMHA59242,9,"Children's Play Area, Clubhouse, CCTV, Jogging Track, Swimming Pool, Landscaped Garden, Gymnasium, Power Backup, Visitor Parking",6898.0,9778.0,7517492.0,0.06,451050.0,30000.0,32409.0,5.17,1,1
101173,Mumbai,Dombivli,421201,affordable,1.85,3,1279.9,8,Kolte-Patil,0.82,Tier2,1,PMHA12303,9,"Landscaped Garden, Jogging Track, Clubhouse, Visitor Parking, Indoor Games Room, Lift, 24/7 Security, Children's Play Area, CCTV",8806.0,12350.0,15806037.0,0.06,948362.0,30000.0,47845.0,3.63,1,1
101174,Mumbai,Dombivli,421201,affordable,2.13,2,790.7,16,Local Developer Co,0.55,Tier3,1,PMHA48639,3,"Lift, Jogging Track, CCTV",8792.0,9010.0,7124209.0,0.06,427453.0,30000.0,17331.0,2.92,1,0
101175,Mumbai,Dombivli,421201,affordable,1.94,2,944.7,17,Godrej Properties,0.93,Tier1,1,PMHA73648,10,"CCTV, Lift, Clubhouse, Swimming Pool, Power Backup, Children's Play Area, Gymnasium, Landscaped Garden, Visitor Parking, Jogging Track",8306.0,10453.0,9875089.0,0.06,592505.0,30000.0,23741.0,2.88,1,1
101176,Mumbai,Dombivli,421201,affordable,2.17,4,1590.6,15,Lodha Group,0.95,Tier1,1,PMHA14301,11,"Indoor Games Room, Landscaped Garden, 24/7 Security, Power Backup, CCTV, Lift, Jogging Track, Children's Play Area, Clubhouse, Swimming Pool, Gymnasium",7353.0,10311.0,16401514.0,0.06,984091.0,30000.0,51371.0,3.76,1,1
101177,Mumbai,Dombivli,421201,affordable,1.95,1,520.5,20,Kolte-Patil,0.82,Tier2,1,PMHA33297,7,"Lift, 24/7 Security, CCTV, Indoor Games Room, Swimming Pool, Gymnasium, Children's Play Area",7590.0,10104.0,5259540.0,0.06,315572.0,30000.0,14661.0,3.34,1,1
101178,Mumbai,Dombivli,421201,affordable,1.99,3,957.8,11,Godrej Properties,0.93,Tier1,1,PMHA42393,4,"Indoor Games Room, Clubhouse, Jogging Track, Gymnasium",8135.0,10468.0,10026232.0,0.06,601574.0,30000.0,29009.0,3.47,1,0
101179,Mumbai,Dombivli,421201,affordable,2.15,3,1339.7,5,Kolte-Patil,0.82,Tier2,1,PMHA61642,5,"Lift, Gymnasium, 24/7 Security, CCTV, Visitor Parking",8383.0,11871.0,15903360.0,0.06,954202.0,30000.0,52611.0,3.97,0,0
101180,Mumbai,Dombivli,421201,affordable,1.74,2,709.8,6,Brigade Group,0.88,Tier1,1,PMHA61930,6,"Swimming Pool, Lift, Indoor Games Room, Clubhouse, Landscaped Garden, 24/7 Security",8300.0,11626.0,8252163.0,0.06,495130.0,30000.0,21023.0,3.06,0,1
101181,Mumbai,Dombivli,421201,affordable,2.08,4,1611.3,12,Sobha Ltd,0.91,Tier1,1,PMHA22893,6,"Swimming Pool, Jogging Track, Clubhouse, Visitor Parking, Gymnasium, Power Backup",7857.0,10709.0,17256315.0,0.06,1035379.0,30000.0,32252.0,2.24,1,1
101182,Mumbai,Dombivli,421201,affordable,1.92,3,975.0,17,Runwal Group,0.78,Tier2,1,PMHA77572,5,"Clubhouse, Jogging Track, Children's Play Area, Landscaped Garden, Power Backup",8978.0,11204.0,10924782.0,0.06,655487.0,30000.0,30983.0,3.4,0,0
101183,Mumbai,Dombivli,421201,affordable,2.04,2,854.8,8,Oberoi Realty,0.9,Tier1,1,PMHA65536,4,"Children's Play Area, Lift, Jogging Track, CCTV",7729.0,11448.0,9786296.0,0.06,587178.0,30000.0,27211.0,3.34,1,0
101184,Mumbai,Dombivli,421201,affordable,1.96,1,506.2,7,Kolte-Patil,0.82,Tier2,1,PMHA94420,5,"Landscaped Garden, Clubhouse, Swimming Pool, Lift, Visitor Parking",7881.0,10263.0,5194638.0,0.06,311678.0,30000.0,11553.0,2.67,0,0
101185,Mumbai,Dombivli,421201,affordable,2.08,3,1070.2,16,Prestige Group,0.92,Tier1,1,PMHA73798,10,"Power Backup, Gymnasium, 24/7 Security, Landscaped Garden, Clubhouse, CCTV, Jogging Track, Indoor Games Room, Lift, Children's Play Area",8397.0,11647.0,12464627.0,0.06,747878.0,30000.0,43481.0,4.19,1,1
101186,Mumbai,Dombivli,421201,affordable,2.05,4,1504.8,14,Kolte-Patil,0.82,Tier2,1,PMHA57860,8,"Landscaped Garden, Jogging Track, Visitor Parking, Indoor Games Room, Gymnasium, Clubhouse, Power Backup, Swimming Pool",9377.0,12234.0,18409378.0,0.06,1104563.0,30000.0,51503.0,3.36,1,1
101187,Mumbai,Dombivli,421201,affordable,1.92,2,808.5,14,Sobha Ltd,0.91,Tier1,1,PMHA80230,8,"Swimming Pool, Jogging Track, Clubhouse, Gymnasium, Indoor Games Room, Visitor Parking, Power Backup, Children's Play Area",7840.0,10397.0,8406162.0,0.06,504370.0,30000.0,28109.0,4.01,0,1
101188,Mumbai,Dombivli,421201,affordable,1.93,2,834.6,3,Regional Builders Ltd,0.5,Tier3,1,PMHA83517,7,"Lift, Landscaped Garden, CCTV, Gymnasium, 24/7 Security, Clubhouse, Swimming Pool",8486.0,10873.0,9074777.0,0.06,544487.0,30000.0,10306.0,1.36,0,1
101189,Mumbai,Dombivli,421201,affordable,1.78,2,661.0,2,Prestige Group,0.92,Tier1,1,PMHA43031,6,"Children's Play Area, Lift, Indoor Games Room, CCTV, Swimming Pool, Landscaped Garden",8413.0,12539.0,8288734.0,0.06,497324.0,30000.0,20348.0,2.95,1,1
101190,Mumbai,Dombivli,421201,affordable,2.16,2,868.7,4,Regional Builders Ltd,0.5,Tier3,0,,12,"Gymnasium, Swimming Pool, Clubhouse, Visitor Parking, Indoor Games Room, Children's Play Area, Jogging Track, 24/7 Security, CCTV, Power Backup, Lift, Landscaped Garden",7551.0,10093.0,8767492.0,0.06,526050.0,30000.0,21493.0,2.94,1,1
101191,Mumbai,Dombivli,421201,affordable,2.01,3,1382.7,19,Puravankara,0.8,Tier2,1,PMHA16495,3,"24/7 Security, CCTV, Power Backup",8165.0,9857.0,13628597.0,0.06,817716.0,30000.0,40421.0,3.56,1,0
101192,Mumbai,Dombivli,421201,affordable,1.98,3,1107.8,3,Puravankara,0.8,Tier2,1,PMHA89129,5,"24/7 Security, Jogging Track, Visitor Parking, Power Backup, Clubhouse",7218.0,9020.0,9992600.0,0.06,599556.0,30000.0,18591.0,2.23,0,0
101193,Mumbai,Dombivli,421201,affordable,1.76,3,1356.8,16,Brigade Group,0.88,Tier1,1,PMHA26672,10,"Swimming Pool, CCTV, Lift, Clubhouse, Indoor Games Room, Children's Play Area, Landscaped Garden, Power Backup, 24/7 Security, Visitor Parking",8992.0,11458.0,15546728.0,0.06,932804.0,30000.0,53010.0,4.09,0,1
101194,Mumbai,Dombivli,421201,affordable,1.93,2,806.8,18,Brigade Group,0.88,Tier1,1,PMHA48581,3,"Landscaped Garden, Jogging Track, Indoor Games Room",9477.0,10746.0,8669376.0,0.06,520163.0,30000.0,33900.0,4.69,1,0
101195,Mumbai,Dombivli,421201,affordable,2.01,2,784.9,5,Runwal Group,0.78,Tier2,1,PMHA69919,7,"Jogging Track, Gymnasium, Visitor Parking, Indoor Games Room, Swimming Pool, Lift, Children's Play Area",8396.0,11754.0,9225699.0,0.06,553542.0,30000.0,30762.0,4.0,1,1
101196,Mumbai,Dombivli,421201,affordable,1.89,1,409.4,8,Sobha Ltd,0.91,Tier1,1,PMHA22295,5,"Gymnasium, CCTV, Lift, Jogging Track, Clubhouse",7576.0,10069.0,4122899.0,0.06,247374.0,30000.0,17128.0,4.99,1,0
101197,Mumbai,Dombivli,421201,affordable,2.09,3,963.9,1,Puravankara,0.8,Tier2,1,PMHA85629,8,"Power Backup, Children's Play Area, CCTV, 24/7 Security, Clubhouse, Indoor Games Room, Lift, Visitor Parking",7684.0,10755.0,10367425.0,0.06,622045.0,30000.0,33544.0,3.88,1,1
101198,Mumbai,Dombivli,421201,affordable,1.95,3,1217.8,0,Runwal Group,0.78,Tier2,1,PMHA63713,3,"CCTV, Landscaped Garden, Visitor Parking",8230.0,10075.0,12269039.0,0.06,736142.0,30000.0,37338.0,3.65,0,0
101199,Mumbai,Dombivli,421201,affordable,1.98,1,455.7,12,Prestige Group,0.92,Tier1,1,PMHA50925,4,"Indoor Games Room, Power Backup, Children's Play Area, Landscaped Garden",7717.0,9938.0,4528337.0,0.06,271700.0,30000.0,13795.0,3.66,0,0
101200,Mumbai,Dombivli,421201,affordable,1.8,2,652.2,13,Puravankara,0.8,Tier2,1,PMHA18721,12,"Children's Play Area, Gymnasium, 24/7 Security, Lift, Power Backup, Jogging Track, Swimming Pool, Visitor Parking, Landscaped Garden, Indoor Games Room, CCTV, Clubhouse",7682.0,10893.0,7104787.0,0.06,426287.0,30000.0,25525.0,4.31,1,1
101201,Bangalore,Indiranagar,560038,premium,0.71,2,925.8,21,Kolte-Patil,0.82,Tier2,1,PKAR13088,5,"Indoor Games Room, Swimming Pool, Clubhouse, Power Backup, Gymnasium",21149.0,23534.0,21788276.0,0.055,1198355.0,30000.0,36945.0,2.03,0,0
101202,Bangalore,Indiranagar,560038,premium,0.5,2,873.8,11,Local Developer Co,0.55,Tier3,1,PKAR22724,5,"Jogging Track, Swimming Pool, Lift, Children's Play Area, 24/7 Security",19218.0,21077.0,18416513.0,0.055,1012908.0,30000.0,32247.0,2.1,0,0
101203,Bangalore,Indiranagar,560038,premium,0.06,4,1761.7,20,Godrej Properties,0.93,Tier1,1,PKAR19214,9,"Children's Play Area, 24/7 Security, Swimming Pool, CCTV, Landscaped Garden, Clubhouse, Lift, Gymnasium, Jogging Track",18808.0,28481.0,50174756.0,0.055,2759612.0,30000.0,80207.0,1.92,1,1
101204,Bangalore,Indiranagar,560038,premium,0.63,2,798.7,19,Brigade Group,0.88,Tier1,1,PKAR65412,7,"CCTV, Visitor Parking, Power Backup, Children's Play Area, Indoor Games Room, Swimming Pool, Jogging Track",19101.0,24742.0,19761948.0,0.055,1086907.0,30000.0,33902.0,2.06,0,1
101205,Bangalore,Indiranagar,560038,premium,0.43,2,674.7,0,Runwal Group,0.78,Tier2,1,PKAR24670,6,"Jogging Track, Landscaped Garden, Indoor Games Room, Power Backup, Swimming Pool, Lift",17795.0,26423.0,17828131.0,0.055,980547.0,30000.0,27811.0,1.87,1,1
101206,Bangalore,Indiranagar,560038,premium,0.63,3,1017.1,14,Regional Builders Ltd,0.5,Tier3,0,,8,"CCTV, Landscaped Garden, Indoor Games Room, Gymnasium, Visitor Parking, Lift, Swimming Pool, Clubhouse",17844.0,20890.0,21248258.0,0.055,1168654.0,30000.0,30930.0,1.75,0,1
101207,Bangalore,Indiranagar,560038,premium,0.41,1,503.6,8,Lodha Group,0.95,Tier1,1,PKAR13596,9,"Indoor Games Room, Clubhouse, 24/7 Security, Lift, CCTV, Visitor Parking, Gymnasium, Children's Play Area, Swimming Pool",17504.0,26195.0,13190804.0,0.055,725494.0,30000.0,21106.0,1.92,1,1
101208,Bangalore,Indiranagar,560038,premium,0.48,3,1164.3,6,Puravankara,0.8,Tier2,1,PKAR72335,7,"Children's Play Area, Gymnasium, Lift, Swimming Pool, Power Backup, Visitor Parking, Jogging Track",20263.0,27757.0,32317780.0,0.055,1777478.0,30000.0,50476.0,1.87,1,1
101209,Bangalore,Indiranagar,560038,premium,0.34,3,1112.3,17,Godrej Properties,0.93,Tier1,1,PKAR75821,12,"Power Backup, Visitor Parking, Jogging Track, Indoor Games Room, Landscaped Garden, Swimming Pool, Children's Play Area, CCTV, Clubhouse, Gymnasium, Lift, 24/7 Security",16570.0,26072.0,28998691.0,0.055,1594928.0,30000.0,54061.0,2.24,1,1
101210,Bangalore,Indiranagar,560038,premium,0.78,3,1301.3,21,Lodha Group,0.95,Tier1,1,PKAR10549,9,"CCTV, Swimming Pool, Power Backup, Visitor Parking, Indoor Games Room, Clubhouse, Children's Play Area, Jogging Track, Landscaped Garden",18576.0,24153.0,31431697.0,0.055,1728743.0,30000.0,47886.0,1.83,0,1
101211,Bangalore,Indiranagar,560038,premium,0.24,1,470.3,16,Local Developer Co,0.55,Tier3,0,,6,"24/7 Security, CCTV, Lift, Clubhouse, Gymnasium, Indoor Games Room",18373.0,20970.0,9862634.0,0.055,542445.0,30000.0,16664.0,2.03,1,1
101212,Bangalore,Indiranagar,560038,premium,0.41,2,661.7,23,Local Developer Co,0.55,Tier3,0,,8,"Children's Play Area, Swimming Pool, Clubhouse, Indoor Games Room, Gymnasium, Lift, Landscaped Garden, Power Backup",19282.0,23061.0,15260364.0,0.055,839320.0,30000.0,25320.0,1.99,0,1
101213,Bangalore,Indiranagar,560038,premium,0.55,2,883.8,17,Regional Builders Ltd,0.5,Tier3,1,PKAR95707,10,"Gymnasium, 24/7 Security, Power Backup, Lift, Landscaped Garden, Clubhouse, Indoor Games Room, CCTV, Swimming Pool, Visitor Parking",19842.0,25175.0,22248734.0,0.055,1223680.0,30000.0,41243.0,2.22,1,1
101214,Bangalore,Indiranagar,560038,premium,0.51,2,669.0,10,Local Developer Co,0.55,Tier3,1,PKAR29593,6,"Visitor Parking, Gymnasium, Indoor Games Room, Power Backup, Lift, Jogging Track",15786.0,20562.0,13755198.0,0.055,756536.0,30000.0,20013.0,1.75,1,1
101215,Bangalore,Indiranagar,560038,premium,0.39,2,697.2,20,Lodha Group,0.95,Tier1,1,PKAR78286,11,"Gymnasium, 24/7 Security, Swimming Pool, Landscaped Garden, Children's Play Area, Lift, CCTV, Jogging Track, Visitor Parking, Power Backup, Clubhouse",20606.0,28063.0,19564122.0,0.055,1076027.0,30000.0,32954.0,2.02,0,1
101216,Bangalore,Indiranagar,560038,premium,0.6,1,406.7,6,Sobha Ltd,0.91,Tier1,1,PKAR34859,6,"Children's Play Area, Clubhouse, Indoor Games Room, Visitor Parking, Gymnasium, Jogging Track",20316.0,27272.0,11092051.0,0.055,610063.0,30000.0,17444.0,1.89,1,1
101217,Bangalore,Indiranagar,560038,premium,0.42,3,1398.6,5,Regional Builders Ltd,0.5,Tier3,1,PKAR62337,8,"CCTV, Indoor Games Room, Swimming Pool, 24/7 Security, Visitor Parking, Children's Play Area, Gymnasium, Power Backup",16455.0,21260.0,29733210.0,0.055,1635327.0,30000.0,47152.0,1.9,1,1
101218,Bangalore,Indiranagar,560038,premium,0.35,3,1275.4,20,Godrej Properties,0.93,Tier1,1,PKAR41786,5,"Swimming Pool, CCTV, Lift, Children's Play Area, Gymnasium",18697.0,23168.0,29549349.0,0.055,1625214.0,30000.0,47071.0,1.91,0,0
101219,Bangalore,Indiranagar,560038,premium,0.59,3,1084.8,11,Lodha Group,0.95,Tier1,1,PKAR72121,6,"CCTV, Jogging Track, Swimming Pool, Clubhouse, Lift, Landscaped Garden",16666.0,23237.0,25207393.0,0.055,1386407.0,30000.0,47249.0,2.25,1,1
101220,Bangalore,Indiranagar,560038,premium,0.39,3,952.9,18,Runwal Group,0.78,Tier2,1,PKAR28755,12,"Visitor Parking, Landscaped Garden, Lift, Jogging Track, Swimming Pool, Gymnasium, CCTV, Indoor Games Room, Clubhouse, 24/7 Security, Children's Play Area, Power Backup",18176.0,25648.0,24438975.0,0.055,1344144.0,30000.0,31450.0,1.54,1,1
101221,Bangalore,Indiranagar,560038,premium,0.57,2,764.4,13,Lodha Group,0.95,Tier1,1,PKAR70970,4,"Visitor Parking, Clubhouse, Power Backup, Lift",17937.0,22821.0,17444355.0,0.055,959440.0,30000.0,28673.0,1.97,0,0
101222,Bangalore,Indiranagar,560038,premium,0.31,1,471.9,15,Runwal Group,0.78,Tier2,1,PKAR75329,9,"Clubhouse, Landscaped Garden, CCTV, Gymnasium, Lift, Children's Play Area, Swimming Pool, Visitor Parking, Power Backup",17554.0,24015.0,11333149.0,0.055,623323.0,30000.0,17912.0,1.9,0,1
101223,Bangalore,Indiranagar,560038,premium,0.46,1,536.5,19,Lodha Group,0.95,Tier1,1,PKAR32075,3,"Lift, Jogging Track, Clubhouse",15863.0,18302.0,9819773.0,0.055,540088.0,30000.0,13859.0,1.69,1,0
101224,Bangalore,Indiranagar,560038,premium,0.42,2,830.9,19,Puravankara,0.8,Tier2,1,PKAR34539,5,"Gymnasium, Lift, Swimming Pool, Clubhouse, Jogging Track",17309.0,21711.0,18040286.0,0.055,992216.0,30000.0,25055.0,1.67,1,0
101225,Bangalore,Indiranagar,560038,premium,0.4,3,1158.1,7,Lodha Group,0.95,Tier1,1,PKAR34145,4,"Visitor Parking, CCTV, Children's Play Area, Swimming Pool",20014.0,26900.0,31152803.0,0.055,1713404.0,30000.0,43791.0,1.69,1,0
101226,Bangalore,Indiranagar,560038,premium,0.26,4,1644.0,22,Local Developer Co,0.55,Tier3,0,,5,"Swimming Pool, 24/7 Security, Children's Play Area, Clubhouse, Gymnasium",15969.0,16105.0,26476196.0,0.055,1456191.0,30000.0,49275.0,2.23,1,0
101227,Bangalore,Indiranagar,560038,premium,0.82,2,651.7,6,Kolte-Patil,0.82,Tier2,1,PKAR24062,7,"CCTV, Swimming Pool, Clubhouse, Landscaped Garden, 24/7 Security, Jogging Track, Gymnasium",17115.0,22952.0,14958705.0,0.055,822729.0,30000.0,24805.0,1.99,1,1
101228,Bangalore,Indiranagar,560038,premium,0.29,2,944.0,13,Runwal Group,0.78,Tier2,1,PKAR28555,10,"Lift, Visitor Parking, 24/7 Security, CCTV, Jogging Track, Indoor Games Room, Clubhouse, Swimming Pool, Gymnasium, Power Backup",21161.0,29016.0,27389206.0,0.055,1506406.0,30000.0,58156.0,2.55,1,1
101229,Bangalore,Indiranagar,560038,premium,0.48,4,2051.6,6,Kolte-Patil,0.82,Tier2,1,PKAR49680,5,"Visitor Parking, Lift, 24/7 Security, CCTV, Power Backup",21282.0,26963.0,55317397.0,0.055,3042457.0,30000.0,97497.0,2.11,1,0
101230,Bangalore,Indiranagar,560038,premium,0.35,3,1093.0,24,Runwal Group,0.78,Tier2,1,PKAR94738,6,"Indoor Games Room, Visitor Parking, Swimming Pool, Children's Play Area, Jogging Track, Power Backup",19231.0,23493.0,25676799.0,0.055,1412224.0,30000.0,40798.0,1.91,1,1
101231,Bangalore,Indiranagar,560038,premium,0.71,1,522.1,2,Brigade Group,0.88,Tier1,1,PKAR10270,7,"Swimming Pool, 24/7 Security, Clubhouse, Jogging Track, Gymnasium, Indoor Games Room, Landscaped Garden",15126.0,21923.0,11446128.0,0.055,629537.0,30000.0,18022.0,1.89,1,1
101232,Bangalore,Indiranagar,560038,premium,0.56,3,1151.4,13,Oberoi Realty,0.9,Tier1,1,PKAR49885,8,"Clubhouse, Landscaped Garden, Gymnasium, Swimming Pool, Jogging Track, Children's Play Area, Indoor Games Room, Visitor Parking",15014.0,21597.0,24867546.0,0.055,1367715.0,30000.0,33485.0,1.62,1,1
101233,Bangalore,Indiranagar,560038,premium,0.69,4,2103.7,19,Brigade Group,0.88,Tier1,1,PKAR63686,5,"Swimming Pool, Visitor Parking, Children's Play Area, Jogging Track, Gymnasium",17043.0,21501.0,45231824.0,0.055,2487750.0,30000.0,71203.0,1.89,1,0
101234,Bangalore,Indiranagar,560038,premium,0.57,1,393.6,22,Runwal Group,0.78,Tier2,1,PKAR17072,4,"Power Backup, Jogging Track, Gymnasium, Landscaped Garden",16437.0,18109.0,7127969.0,0.055,392038.0,30000.0,13641.0,2.3,0,0
101235,Bangalore,Indiranagar,560038,premium,0.44,2,726.2,3,Runwal Group,0.78,Tier2,1,PKAR34484,7,"Power Backup, Jogging Track, Indoor Games Room, Clubhouse, Visitor Parking, Landscaped Garden, Lift",20381.0,28622.0,20786459.0,0.055,1143255.0,30000.0,36992.0,2.14,1,1
101236,Bangalore,Indiranagar,560038,premium,0.58,3,1257.8,11,Prestige Group,0.92,Tier1,1,PKAR44226,3,"Clubhouse, Indoor Games Room, Lift",19561.0,25491.0,32061692.0,0.055,1763393.0,30000.0,49522.0,1.85,1,0
101237,Bangalore,Indiranagar,560038,premium,0.61,2,654.7,10,Kolte-Patil,0.82,Tier2,1,PKAR37032,9,"Children's Play Area, 24/7 Security, Landscaped Garden, Clubhouse, Power Backup, CCTV, Lift, Visitor Parking, Indoor Games Room",19255.0,26448.0,17314585.0,0.055,952302.0,30000.0,21531.0,1.49,1,1
101238,Bangalore,Indiranagar,560038,premium,0.43,3,1062.9,18,Puravankara,0.8,Tier2,1,PKAR59214,7,"Swimming Pool, Gymnasium, 24/7 Security, Indoor Games Room, Jogging Track, Visitor Parking, CCTV",19124.0,23587.0,25070183.0,0.055,1378860.0,30000.0,48904.0,2.34,0,1
101239,Bangalore,Indiranagar,560038,premium,0.48,3,1184.6,9,Kolte-Patil,0.82,Tier2,1,PKAR86409,11,"CCTV, Landscaped Garden, Indoor Games Room, Visitor Parking, Gymnasium, Power Backup, Lift, Clubhouse, Jogging Track, Swimming Pool, Children's Play Area",16154.0,26233.0,31076366.0,0.055,1709200.0,30000.0,47027.0,1.82,0,1
101240,Bangalore,Indiranagar,560038,premium,0.54,2,682.9,23,Prestige Group,0.92,Tier1,1,PKAR34734,5,"Swimming Pool, Lift, Indoor Games Room, 24/7 Security, Clubhouse",17311.0,19160.0,13085054.0,0.055,719678.0,30000.0,21507.0,1.97,1,0
101241,Bangalore,Indiranagar,560038,premium,0.47,4,2062.0,10,Godrej Properties,0.93,Tier1,1,PKAR17426,7,"Swimming Pool, Gymnasium, CCTV, Clubhouse, 24/7 Security, Landscaped Garden, Visitor Parking",17326.0,24828.0,51195716.0,0.055,2815764.0,30000.0,89112.0,2.09,0,1
101242,Bangalore,Indiranagar,560038,premium,0.55,1,381.9,1,Kolte-Patil,0.82,Tier2,1,PKAR20481,7,"CCTV, Clubhouse, Landscaped Garden, Children's Play Area, Jogging Track, Indoor Games Room, Swimming Pool",20799.0,29685.0,11335652.0,0.055,623461.0,30000.0,20051.0,2.12,0,1
101243,Bangalore,Indiranagar,560038,premium,0.32,3,1242.9,10,Prestige Group,0.92,Tier1,1,PKAR63725,7,"CCTV, Jogging Track, Landscaped Garden, Gymnasium, Power Backup, Swimming Pool, Children's Play Area",21971.0,31240.0,38828690.0,0.055,2135578.0,30000.0,65045.0,2.01,0,1
101244,Bangalore,Indiranagar,560038,premium,0.61,1,441.9,19,Kolte-Patil,0.82,Tier2,1,PKAR85582,8,"Gymnasium, Jogging Track, Lift, Landscaped Garden, CCTV, Visitor Parking, Swimming Pool, Power Backup",19167.0,24442.0,10802046.0,0.055,594113.0,30000.0,18266.0,2.03,1,1
101245,Bangalore,Indiranagar,560038,premium,0.64,3,971.0,6,Kolte-Patil,0.82,Tier2,1,PKAR40249,3,"Landscaped Garden, Jogging Track, Clubhouse",18189.0,25655.0,24910460.0,0.055,1370075.0,30000.0,42848.0,2.06,1,0
101246,Bangalore,Indiranagar,560038,premium,0.56,2,650.4,0,Brigade Group,0.88,Tier1,1,PKAR35578,10,"Power Backup, Gymnasium, Visitor Parking, 24/7 Security, Lift, Indoor Games Room, Clubhouse, Children's Play Area, Landscaped Garden, Jogging Track",17950.0,26285.0,17096746.0,0.055,940321.0,30000.0,26763.0,1.88,1,1
101247,Bangalore,Indiranagar,560038,premium,0.65,2,806.7,19,Brigade Group,0.88,Tier1,1,PKAR74522,9,"Gymnasium, Children's Play Area, Indoor Games Room, Clubhouse, Jogging Track, CCTV, Lift, Power Backup, Visitor Parking",18262.0,23615.0,19050462.0,0.055,1047775.0,30000.0,32854.0,2.07,1,1
101248,Bangalore,Indiranagar,560038,premium,0.38,2,779.1,3,Prestige Group,0.92,Tier1,1,PKAR27140,12,"Lift, Swimming Pool, Indoor Games Room, CCTV, Children's Play Area, Jogging Track, Landscaped Garden, Gymnasium, Visitor Parking, Power Backup, Clubhouse, 24/7 Security",19343.0,30596.0,23839190.0,0.055,1311155.0,30000.0,33851.0,1.7,0,1
101249,Bangalore,Indiranagar,560038,premium,0.35,3,1342.2,7,Regional Builders Ltd,0.5,Tier3,0,,3,"Landscaped Garden, Visitor Parking, Indoor Games Room",16386.0,21211.0,28470246.0,0.055,1565864.0,30000.0,53630.0,2.26,1,0
101250,Bangalore,Indiranagar,560038,premium,0.47,2,884.0,10,Regional Builders Ltd,0.5,Tier3,1,PKAR92902,5,"CCTV, Jogging Track, Swimming Pool, Visitor Parking, Lift",16933.0,20486.0,18108700.0,0.055,995978.0,30000.0,32773.0,2.17,1,0
101251,Bangalore,Indiranagar,560038,premium,0.71,3,1326.9,24,Lodha Group,0.95,Tier1,1,PKAR45970,3,"Visitor Parking, Jogging Track, Swimming Pool",19722.0,22558.0,29933362.0,0.055,1646335.0,30000.0,52705.0,2.11,1,0
101252,Bangalore,Indiranagar,560038,premium,0.33,2,798.6,15,Prestige Group,0.92,Tier1,1,PKAR25635,9,"Children's Play Area, CCTV, Power Backup, Clubhouse, Landscaped Garden, Visitor Parking, Gymnasium, Swimming Pool, Lift",15181.0,19769.0,15787488.0,0.055,868312.0,30000.0,29121.0,2.21,1,1
101253,Bangalore,Indiranagar,560038,premium,0.34,1,404.6,14,Brigade Group,0.88,Tier1,1,PKAR31269,7,"Power Backup, Gymnasium, Children's Play Area, Indoor Games Room, Jogging Track, Swimming Pool, 24/7 Security",19448.0,24633.0,9965609.0,0.055,548108.0,30000.0,16690.0,2.01,1,1
101254,Bangalore,Indiranagar,560038,premium,0.58,2,881.9,19,Oberoi Realty,0.9,Tier1,1,PKAR24545,9,"Landscaped Garden, Power Backup, Jogging Track, Indoor Games Room, Children's Play Area, Gymnasium, CCTV, Clubhouse, 24/7 Security",16581.0,22729.0,20043846.0,0.055,1102412.0,30000.0,34306.0,2.05,0,1
101255,Bangalore,Indiranagar,560038,premium,0.59,2,755.0,23,Puravankara,0.8,Tier2,1,PKAR35436,12,"Gymnasium, Jogging Track, Children's Play Area, Indoor Games Room, Power Backup, 24/7 Security, Swimming Pool, Visitor Parking, Lift, CCTV, Landscaped Garden, Clubhouse",20843.0,28984.0,21882247.0,0.055,1203524.0,30000.0,42313.0,2.32,1,1
101256,Bangalore,Indiranagar,560038,premium,0.5,2,706.2,14,Brigade Group,0.88,Tier1,1,PKAR42055,9,"24/7 Security, Power Backup, Swimming Pool, Landscaped Garden, Jogging Track, Visitor Parking, Clubhouse, Gymnasium, Children's Play Area",18542.0,24633.0,17394814.0,0.055,956715.0,30000.0,30804.0,2.13,0,1
101257,Bangalore,Indiranagar,560038,premium,0.32,2,655.1,0,Regional Builders Ltd,0.5,Tier3,1,PKAR65251,4,"Indoor Games Room, Gymnasium, Clubhouse, CCTV",21963.0,27929.0,18295801.0,0.055,1006269.0,30000.0,24189.0,1.59,1,0
101258,Bangalore,Indiranagar,560038,premium,0.35,4,1939.8,14,Kolte-Patil,0.82,Tier2,1,PKAR10567,12,"Clubhouse, Landscaped Garden, Visitor Parking, Children's Play Area, Gymnasium, Jogging Track, Swimming Pool, Indoor Games Room, CCTV, Power Backup, Lift, 24/7 Security",16416.0,22483.0,43613793.0,0.055,2398759.0,30000.0,70742.0,1.95,0,1
101259,Bangalore,Indiranagar,560038,premium,0.66,3,1191.6,6,Prestige Group,0.92,Tier1,1,PKAR88846,10,"Power Backup, CCTV, Indoor Games Room, Children's Play Area, Jogging Track, Lift, Gymnasium, Landscaped Garden, Visitor Parking, Swimming Pool",16617.0,24137.0,28762633.0,0.055,1581945.0,30000.0,47303.0,1.97,0,1
101260,Bangalore,Indiranagar,560038,premium,0.48,2,704.9,17,Sobha Ltd,0.91,Tier1,1,PKAR35009,4,"Indoor Games Room, Clubhouse, Swimming Pool, CCTV",20746.0,25692.0,18108836.0,0.055,995986.0,30000.0,35337.0,2.34,0,0
101261,Bangalore,Indiranagar,560038,premium,0.6,3,1309.6,24,Puravankara,0.8,Tier2,1,PKAR29908,5,"Visitor Parking, Swimming Pool, Clubhouse, Landscaped Garden, Lift",16098.0,18970.0,24842328.0,0.055,1366328.0,30000.0,48330.0,2.33,0,0
101262,Bangalore,Indiranagar,560038,premium,0.45,3,1280.9,24,Local Developer Co,0.55,Tier3,1,PKAR64961,6,"Lift, Landscaped Garden, CCTV, Swimming Pool, Jogging Track, Gymnasium",17865.0,18081.0,23159257.0,0.055,1273759.0,30000.0,36052.0,1.87,0,1
101263,Bangalore,Indiranagar,560038,premium,0.45,3,1126.1,19,Sobha Ltd,0.91,Tier1,1,PKAR38786,3,"24/7 Security, Visitor Parking, Swimming Pool",15431.0,20580.0,23176413.0,0.055,1274703.0,30000.0,35525.0,1.84,0,0
101264,Bangalore,Indiranagar,560038,premium,0.51,3,1354.5,16,Kolte-Patil,0.82,Tier2,1,PKAR40941,12,"CCTV, Visitor Parking, Gymnasium, 24/7 Security, Jogging Track, Power Backup, Children's Play Area, Landscaped Garden, Indoor Games Room, Swimming Pool, Lift, Clubhouse",19587.0,27822.0,37685587.0,0.055,2072707.0,30000.0,40738.0,1.3,0,1
101265,Bangalore,Indiranagar,560038,premium,0.38,3,1098.0,5,Puravankara,0.8,Tier2,1,PKAR27599,8,"Indoor Games Room, Gymnasium, CCTV, Clubhouse, Landscaped Garden, Children's Play Area, Lift, Jogging Track",21430.0,30685.0,33691227.0,0.055,1853017.0,30000.0,52937.0,1.89,0,1
101266,Bangalore,Indiranagar,560038,premium,0.49,2,845.0,18,Kolte-Patil,0.82,Tier2,1,PKAR14586,10,"Clubhouse, Lift, Children's Play Area, Jogging Track, Power Backup, Gymnasium, Landscaped Garden, Swimming Pool, Visitor Parking, 24/7 Security",19466.0,27176.0,22964577.0,0.055,1263052.0,30000.0,40217.0,2.1,1,1
101267,Bangalore,Indiranagar,560038,premium,0.65,3,1281.0,20,Kolte-Patil,0.82,Tier2,1,PKAR96005,5,"Indoor Games Room, Power Backup, Clubhouse, Gymnasium, Jogging Track",15385.0,18219.0,23338073.0,0.055,1283594.0,30000.0,40147.0,2.06,0,0
101268,Bangalore,Indiranagar,560038,premium,0.17,2,777.1,24,Brigade Group,0.88,Tier1,1,PKAR28691,12,"Clubhouse, Power Backup, Lift, Swimming Pool, Gymnasium, Visitor Parking, Indoor Games Room, 24/7 Security, Children's Play Area, Landscaped Garden, Jogging Track, CCTV",20980.0,30322.0,23562261.0,0.055,1295924.0,30000.0,28682.0,1.46,0,1
101269,Bangalore,Indiranagar,560038,premium,0.6,1,472.9,24,Prestige Group,0.92,Tier1,1,PKAR37587,7,"Visitor Parking, Landscaped Garden, Jogging Track, CCTV, Indoor Games Room, Gymnasium, Swimming Pool",16462.0,21363.0,10103639.0,0.055,555700.0,30000.0,15883.0,1.89,0,1
101270,Bangalore,Indiranagar,560038,premium,0.4,3,1185.1,14,Kolte-Patil,0.82,Tier2,1,PKAR30957,9,"Swimming Pool, Gymnasium, Visitor Parking, Clubhouse, Lift, Landscaped Garden, Jogging Track, Children's Play Area, 24/7 Security",20204.0,26640.0,31570338.0,0.055,1736369.0,30000.0,53085.0,2.02,1,1
101271,Bangalore,Indiranagar,560038,premium,0.23,1,542.3,8,Sobha Ltd,0.91,Tier1,1,PKAR32940,9,"Indoor Games Room, Lift, Power Backup, Landscaped Garden, Jogging Track, Visitor Parking, Gymnasium, Swimming Pool, Children's Play Area",16764.0,25146.0,13635559.0,0.055,749956.0,30000.0,22967.0,2.02,1,1
101272,Bangalore,Indiranagar,560038,premium,0.81,2,918.0,3,Runwal Group,0.78,Tier2,1,PKAR96470,3,"24/7 Security, Landscaped Garden, Clubhouse",21466.0,28281.0,25961036.0,0.055,1427857.0,30000.0,42428.0,1.96,1,0
101273,Bangalore,Indiranagar,560038,premium,0.45,3,1001.9,23,Lodha Group,0.95,Tier1,1,PKAR22737,6,"CCTV, Lift, Indoor Games Room, 24/7 Security, Landscaped Garden, Power Backup",21812.0,28180.0,28233449.0,0.055,1552840.0,30000.0,45354.0,1.93,0,1
101274,Bangalore,Indiranagar,560038,premium,0.73,1,449.8,18,Puravankara,0.8,Tier2,1,PKAR64774,4,"Visitor Parking, CCTV, Power Backup, Gymnasium",17652.0,20063.0,9023218.0,0.055,496277.0,30000.0,15991.0,2.13,0,0
101275,Bangalore,Indiranagar,560038,premium,0.24,3,1287.8,18,Brigade Group,0.88,Tier1,1,PKAR13203,6,"Swimming Pool, Gymnasium, Indoor Games Room, Power Backup, Landscaped Garden, Clubhouse",19618.0,24857.0,32011664.0,0.055,1760642.0,30000.0,48803.0,1.83,0,1
101276,Bangalore,Indiranagar,560038,premium,0.59,3,1381.3,3,Regional Builders Ltd,0.5,Tier3,0,,6,"Landscaped Garden, Swimming Pool, Lift, Gymnasium, Clubhouse, CCTV",15446.0,18879.0,26077273.0,0.055,1434250.0,30000.0,42593.0,1.96,0,1
101277,Bangalore,Indiranagar,560038,premium,0.36,2,769.6,20,Kolte-Patil,0.82,Tier2,1,PKAR36923,5,"24/7 Security, Lift, Gymnasium, Indoor Games Room, Power Backup",19895.0,24517.0,18867911.0,0.055,1037735.0,30000.0,26446.0,1.68,1,0
101278,Bangalore,Indiranagar,560038,premium,0.52,2,903.7,7,Brigade Group,0.88,Tier1,1,PKAR45654,12,"Swimming Pool, Children's Play Area, Visitor Parking, Clubhouse, Jogging Track, Gymnasium, Power Backup, 24/7 Security, Lift, CCTV, Landscaped Garden, Indoor Games Room",15519.0,22025.0,19902953.0,0.055,1094662.0,30000.0,36838.0,2.22,0,1
101279,Bangalore,Indiranagar,560038,premium,0.42,2,694.3,22,Regional Builders Ltd,0.5,Tier3,0,,3,"CCTV, 24/7 Security, Swimming Pool",18223.0,19493.0,13534521.0,0.055,744399.0,30000.0,22328.0,1.98,1,0
101280,Bangalore,Indiranagar,560038,premium,0.73,3,1226.3,11,Runwal Group,0.78,Tier2,1,PKAR82581,8,"Visitor Parking, Lift, Jogging Track, Children's Play Area, Gymnasium, Clubhouse, Swimming Pool, Power Backup",20212.0,27377.0,33572275.0,0.055,1846475.0,30000.0,58248.0,2.08,0,1
101281,Bangalore,Indiranagar,560038,premium,0.49,3,1166.7,22,Oberoi Realty,0.9,Tier1,1,PKAR13180,7,"Indoor Games Room, Gymnasium, Power Backup, Swimming Pool, CCTV, Jogging Track, 24/7 Security",16356.0,19883.0,23196785.0,0.055,1275823.0,30000.0,35394.0,1.83,1,1
101282,Bangalore,Indiranagar,560038,premium,0.52,2,926.6,12,Oberoi Realty,0.9,Tier1,1,PKAR97581,4,"Gymnasium, Visitor Parking, 24/7 Security, Indoor Games Room",17246.0,22446.0,20798590.0,0.055,1143922.0,30000.0,31473.0,1.82,1,0
101283,Bangalore,Indiranagar,560038,premium,0.55,2,782.3,18,Prestige Group,0.92,Tier1,1,PKAR35565,7,"Power Backup, CCTV, Indoor Games Room, Landscaped Garden, Gymnasium, 24/7 Security, Visitor Parking",17744.0,23814.0,18630250.0,0.055,1024664.0,30000.0,28726.0,1.85,1,1
101284,Bangalore,Indiranagar,560038,premium,0.48,2,902.0,20,Kolte-Patil,0.82,Tier2,1,PKAR14019,10,"CCTV, Jogging Track, 24/7 Security, Visitor Parking, Power Backup, Landscaped Garden, Indoor Games Room, Clubhouse, Lift, Swimming Pool",21354.0,27753.0,25033300.0,0.055,1376832.0,30000.0,41487.0,1.99,1,1
101285,Bangalore,Indiranagar,560038,premium,0.66,3,976.3,13,Kolte-Patil,0.82,Tier2,1,PKAR70101,12,"CCTV, Indoor Games Room, Landscaped Garden, Visitor Parking, Gymnasium, Clubhouse, Jogging Track, 24/7 Security, Power Backup, Lift, Swimming Pool, Children's Play Area",15067.0,22514.0,21980454.0,0.055,1208925.0,30000.0,39600.0,2.16,1,1
101286,Bangalore,Indiranagar,560038,premium,0.56,2,726.7,2,Sobha Ltd,0.91,Tier1,1,PKAR68325,9,"Gymnasium, Lift, Power Backup, Jogging Track, Clubhouse, Visitor Parking, Children's Play Area, Landscaped Garden, 24/7 Security",20578.0,30607.0,22241873.0,0.055,1223303.0,30000.0,34791.0,1.88,0,1
101287,Bangalore,Indiranagar,560038,premium,0.38,3,1208.0,1,Kolte-Patil,0.82,Tier2,1,PKAR52829,7,"Power Backup, Swimming Pool, Jogging Track, Children's Play Area, Landscaped Garden, 24/7 Security, Clubhouse",21866.0,30727.0,37117709.0,0.055,2041474.0,30000.0,47537.0,1.54,1,1
101288,Bangalore,Indiranagar,560038,premium,0.39,4,2166.0,7,Kolte-Patil,0.82,Tier2,1,PKAR91583,6,"Children's Play Area, Swimming Pool, 24/7 Security, Clubhouse, Visitor Parking, CCTV",20886.0,27307.0,59148275.0,0.055,3253155.0,30000.0,71965.0,1.46,1,1
101289,Bangalore,Indiranagar,560038,premium,0.41,2,746.8,15,Prestige Group,0.92,Tier1,1,PKAR81432,6,"CCTV, Jogging Track, Children's Play Area, Indoor Games Room, Clubhouse, 24/7 Security",21958.0,26569.0,19841239.0,0.055,1091268.0,30000.0,34755.0,2.1,1,1
101290,Bangalore,Indiranagar,560038,premium,0.43,2,670.2,23,Lodha Group,0.95,Tier1,1,PKAR24774,4,"Visitor Parking, Lift, Children's Play Area, Landscaped Garden",18521.0,21322.0,14289948.0,0.055,785947.0,30000.0,28467.0,2.39,1,0
101291,Bangalore,Indiranagar,560038,premium,0.53,4,1682.5,10,Godrej Properties,0.93,Tier1,1,PKAR49928,11,"Clubhouse, Power Backup, Lift, 24/7 Security, Indoor Games Room, Visitor Parking, Gymnasium, Swimming Pool, CCTV, Children's Play Area, Landscaped Garden",20144.0,27691.0,46591966.0,0.055,2562558.0,30000.0,83672.0,2.16,0,1
101292,Bangalore,Indiranagar,560038,premium,0.69,3,1196.5,16,Sobha Ltd,0.91,Tier1,1,PKAR47949,7,"Children's Play Area, Landscaped Garden, Clubhouse, CCTV, Swimming Pool, 24/7 Security, Visitor Parking",16890.0,24139.0,28882169.0,0.055,1588519.0,30000.0,48148.0,2.0,1,1
101293,Bangalore,Indiranagar,560038,premium,0.53,1,476.4,20,Regional Builders Ltd,0.5,Tier3,0,,5,"Power Backup, Jogging Track, Visitor Parking, Gymnasium, Lift",17697.0,19592.0,9334474.0,0.055,513396.0,30000.0,14548.0,1.87,1,0
101294,Bangalore,Indiranagar,560038,premium,0.49,3,984.7,10,Kolte-Patil,0.82,Tier2,1,PKAR83580,5,"Landscaped Garden, Clubhouse, Gymnasium, Jogging Track, CCTV",15769.0,21319.0,20993241.0,0.055,1154628.0,30000.0,24875.0,1.42,0,0
101295,Bangalore,Indiranagar,560038,premium,0.43,1,540.1,13,Puravankara,0.8,Tier2,1,PKAR43532,9,"Lift, Landscaped Garden, 24/7 Security, Visitor Parking, CCTV, Clubhouse, Jogging Track, Indoor Games Room, Power Backup",17126.0,24172.0,13054128.0,0.055,717977.0,30000.0,21364.0,1.96,1,1
101296,Bangalore,Indiranagar,560038,premium,0.75,2,756.7,22,Godrej Properties,0.93,Tier1,1,PKAR35687,6,"Jogging Track, Power Backup, Lift, 24/7 Security, CCTV, Gymnasium",19281.0,22571.0,17079755.0,0.055,939387.0,30000.0,24890.0,1.75,1,1
101297,Bangalore,Indiranagar,560038,premium,0.56,2,687.2,14,Runwal Group,0.78,Tier2,1,PKAR39646,9,"Gymnasium, Lift, Power Backup, Landscaped Garden, Clubhouse, Jogging Track, 24/7 Security, Indoor Games Room, Children's Play Area",16605.0,21505.0,14779355.0,0.055,812865.0,30000.0,24225.0,1.97,0,1
101298,Bangalore,Indiranagar,560038,premium,0.64,4,1608.6,0,Oberoi Realty,0.9,Tier1,1,PKAR43228,6,"Visitor Parking, Landscaped Garden, Power Backup, Swimming Pool, Gymnasium, Lift",18383.0,25463.0,40960443.0,0.055,2252824.0,30000.0,63456.0,1.86,0,1
101299,Bangalore,Indiranagar,560038,premium,0.42,2,809.9,6,Regional Builders Ltd,0.5,Tier3,1,PKAR75355,3,"Children's Play Area, Landscaped Garden, CCTV",15659.0,19930.0,16140159.0,0.055,887709.0,30000.0,23179.0,1.72,1,0
101300,Bangalore,Indiranagar,560038,premium,0.68,3,1267.0,6,Prestige Group,0.92,Tier1,1,PKAR85291,9,"Indoor Games Room, Gymnasium, Power Backup, Landscaped Garden, Swimming Pool, CCTV, Clubhouse, Visitor Parking, Jogging Track",16299.0,26018.0,32965271.0,0.055,1813090.0,30000.0,50336.0,1.83,0,1
101301,Bangalore,Indiranagar,560038,premium,0.74,4,1619.8,9,Puravankara,0.8,Tier2,1,PKAR50908,9,"CCTV, Lift, Indoor Games Room, Visitor Parking, Gymnasium, Jogging Track, Power Backup, 24/7 Security, Children's Play Area",16586.0,22569.0,36557259.0,0.055,2010649.0,30000.0,61433.0,2.02,0,1
101302,Bangalore,Indiranagar,560038,premium,0.43,1,539.0,7,Lodha Group,0.95,Tier1,1,PKAR76725,4,"Power Backup, CCTV, Indoor Games Room, Clubhouse",16248.0,22638.0,12201049.0,0.055,671058.0,30000.0,18318.0,1.8,1,0
101303,Bangalore,Indiranagar,560038,premium,0.38,3,990.5,14,Lodha Group,0.95,Tier1,1,PKAR64570,8,"Indoor Games Room, 24/7 Security, Lift, Gymnasium, Jogging Track, Swimming Pool, Clubhouse, Children's Play Area",16857.0,22827.0,22609728.0,0.055,1243535.0,30000.0,40970.0,2.17,1,1
101304,Bangalore,Indiranagar,560038,premium,0.53,4,2014.3,18,Prestige Group,0.92,Tier1,1,PKAR10793,7,"Swimming Pool, Landscaped Garden, CCTV, Indoor Games Room, Clubhouse, Lift, Children's Play Area",20316.0,25581.0,51526672.0,0.055,2833967.0,30000.0,84951.0,1.98,0,1
101305,Bangalore,Indiranagar,560038,premium,0.52,1,426.5,23,Oberoi Realty,0.9,Tier1,1,PKAR95718,3,"CCTV, Power Backup, Clubhouse",17510.0,20858.0,8896508.0,0.055,489308.0,30000.0,12145.0,1.64,0,0
101306,Bangalore,Indiranagar,560038,premium,0.38,3,1355.8,12,Local Developer Co,0.55,Tier3,0,,3,"Jogging Track, 24/7 Security, Landscaped Garden",19352.0,22604.0,30645624.0,0.055,1685509.0,30000.0,37878.0,1.48,1,0
101307,Bangalore,Indiranagar,560038,premium,0.38,3,969.8,9,Runwal Group,0.78,Tier2,1,PKAR45644,11,"Children's Play Area, Gymnasium, Swimming Pool, Indoor Games Room, Clubhouse, 24/7 Security, Jogging Track, Landscaped Garden, Visitor Parking, Power Backup, Lift",17680.0,25541.0,24769074.0,0.055,1362299.0,30000.0,38023.0,1.84,0,1
101308,Bangalore,Indiranagar,560038,premium,0.61,2,852.7,12,Runwal Group,0.78,Tier2,1,PKAR31323,8,"Visitor Parking, Jogging Track, Indoor Games Room, Landscaped Garden, Gymnasium, Clubhouse, CCTV, 24/7 Security",17775.0,24480.0,20875056.0,0.055,1148128.0,30000.0,27256.0,1.57,0,1
101309,Bangalore,Indiranagar,560038,premium,0.53,2,745.8,11,Sobha Ltd,0.91,Tier1,1,PKAR73390,4,"Swimming Pool, Lift, Gymnasium, Clubhouse",19379.0,25896.0,19313673.0,0.055,1062252.0,30000.0,28364.0,1.76,1,0
101310,Bangalore,Indiranagar,560038,premium,0.5,2,758.8,3,Local Developer Co,0.55,Tier3,1,PKAR34260,7,"CCTV, 24/7 Security, Clubhouse, Visitor Parking, Power Backup, Jogging Track, Lift",15230.0,18197.0,13807467.0,0.055,759411.0,30000.0,24422.0,2.12,1,1
101311,Bangalore,Indiranagar,560038,premium,0.64,2,808.9,18,Sobha Ltd,0.91,Tier1,1,PKAR97330,11,"Clubhouse, Lift, Visitor Parking, Jogging Track, Children's Play Area, CCTV, Indoor Games Room, Gymnasium, Power Backup, Swimming Pool, 24/7 Security",17239.0,23129.0,18708209.0,0.055,1028952.0,30000.0,28547.0,1.83,0,1
101312,Bangalore,Indiranagar,560038,premium,0.42,3,1045.1,19,Regional Builders Ltd,0.5,Tier3,0,,10,"Jogging Track, Power Backup, 24/7 Security, Gymnasium, Clubhouse, Lift, Visitor Parking, Swimming Pool, CCTV, Children's Play Area",18754.0,22940.0,23974677.0,0.055,1318607.0,30000.0,35973.0,1.8,1,1
101313,Bangalore,Indiranagar,560038,premium,0.3,3,1153.9,17,Oberoi Realty,0.9,Tier1,1,PKAR76452,9,"Jogging Track, CCTV, Lift, Indoor Games Room, Gymnasium, Power Backup, Landscaped Garden, Clubhouse, 24/7 Security",20304.0,29478.0,34016272.0,0.055,1870895.0,30000.0,55076.0,1.94,0,1
101314,Bangalore,Indiranagar,560038,premium,0.58,3,1319.7,0,Local Developer Co,0.55,Tier3,1,PKAR42056,3,"Landscaped Garden, Indoor Games Room, Gymnasium",16957.0,22432.0,29604708.0,0.055,1628259.0,30000.0,51985.0,2.11,0,0
101315,Bangalore,Indiranagar,560038,premium,0.6,2,940.9,10,Godrej Properties,0.93,Tier1,1,PKAR67128,11,"Clubhouse, Visitor Parking, CCTV, Swimming Pool, Lift, Children's Play Area, Power Backup, Indoor Games Room, Landscaped Garden, Jogging Track, 24/7 Security",19045.0,28557.0,26869204.0,0.055,1477806.0,30000.0,33294.0,1.49,1,1
101316,Bangalore,Indiranagar,560038,premium,0.72,3,1003.2,16,Lodha Group,0.95,Tier1,1,PKAR32257,10,"Visitor Parking, 24/7 Security, Jogging Track, Power Backup, Children's Play Area, Indoor Games Room, CCTV, Clubhouse, Lift, Landscaped Garden",15946.0,21361.0,21428140.0,0.055,1178548.0,30000.0,37687.0,2.11,1,1
101317,Bangalore,Indiranagar,560038,premium,0.54,3,1365.6,20,Oberoi Realty,0.9,Tier1,1,PKAR78635,6,"Clubhouse, Indoor Games Room, Landscaped Garden, Jogging Track, Gymnasium, Children's Play Area",15160.0,19262.0,26304732.0,0.055,1446760.0,30000.0,40715.0,1.86,1,1
101318,Bangalore,Indiranagar,560038,premium,0.43,1,445.4,18,Local Developer Co,0.55,Tier3,0,,8,"24/7 Security, Children's Play Area, Jogging Track, Power Backup, Swimming Pool, Indoor Games Room, CCTV, Visitor Parking",20698.0,26583.0,11840397.0,0.055,651222.0,30000.0,16617.0,1.68,0,1
101319,Bangalore,Indiranagar,560038,premium,0.83,3,1048.2,6,Godrej Properties,0.93,Tier1,1,PKAR11136,4,"Clubhouse, Power Backup, Lift, 24/7 Security",15840.0,23036.0,24146037.0,0.055,1328032.0,30000.0,47142.0,2.34,0,0
101320,Bangalore,Indiranagar,560038,premium,0.25,3,1017.7,21,Regional Builders Ltd,0.5,Tier3,1,PKAR55020,8,"Visitor Parking, Landscaped Garden, Swimming Pool, 24/7 Security, Clubhouse, Lift, Jogging Track, Children's Play Area",21356.0,25413.0,25861755.0,0.055,1422397.0,30000.0,39232.0,1.82,1,1
101321,Bangalore,Whitefield,560066,mid,2.21,1,399.1,21,Brigade Group,0.88,Tier1,1,PKAR70696,8,"Children's Play Area, Landscaped Garden, Gymnasium, Power Backup, Clubhouse, Indoor Games Room, Swimming Pool, Jogging Track",11366.0,13200.0,5267857.0,0.055,289732.0,30000.0,16194.0,3.69,1,1
101322,Bangalore,Whitefield,560066,mid,2.65,4,2157.1,20,Runwal Group,0.78,Tier2,1,PKAR73097,5,"Landscaped Garden, Lift, Jogging Track, Indoor Games Room, Clubhouse",11411.0,14365.0,30986213.0,0.055,1704242.0,30000.0,84370.0,3.27,1,0
101323,Bangalore,Whitefield,560066,mid,2.7,4,1861.5,20,Lodha Group,0.95,Tier1,1,PKAR83387,3,"Clubhouse, 24/7 Security, CCTV",10220.0,12754.0,23740870.0,0.055,1305748.0,30000.0,72216.0,3.65,1,0
101324,Bangalore,Whitefield,560066,mid,2.43,1,487.4,7,Godrej Properties,0.93,Tier1,1,PKAR10317,10,"Indoor Games Room, Lift, 24/7 Security, CCTV, Power Backup, Gymnasium, Landscaped Garden, Clubhouse, Visitor Parking, Jogging Track",9782.0,14639.0,7134664.0,0.055,392407.0,30000.0,12614.0,2.12,1,1
101325,Bangalore,Whitefield,560066,mid,2.57,4,2137.3,7,Sobha Ltd,0.91,Tier1,1,PKAR15520,10,"Children's Play Area, Jogging Track, Swimming Pool, Clubhouse, Gymnasium, Visitor Parking, Landscaped Garden, Indoor Games Room, 24/7 Security, CCTV",10253.0,14742.0,31508299.0,0.055,1732956.0,30000.0,41980.0,1.6,0,1
101326,Bangalore,Whitefield,560066,mid,2.36,3,1301.2,12,Sobha Ltd,0.91,Tier1,1,PKAR31061,3,"Power Backup, Swimming Pool, 24/7 Security",9436.0,11371.0,14796575.0,0.055,813812.0,30000.0,48765.0,3.95,1,0
101327,Bangalore,Whitefield,560066,mid,2.78,3,1122.1,19,Sobha Ltd,0.91,Tier1,1,PKAR18016,5,"Children's Play Area, 24/7 Security, Jogging Track, Power Backup, Gymnasium",10039.0,12161.0,13645777.0,0.055,750518.0,30000.0,27073.0,2.38,0,0
101328,Bangalore,Whitefield,560066,mid,2.19,1,494.8,1,Runwal Group,0.78,Tier2,1,PKAR43524,6,"Jogging Track, Gymnasium, Indoor Games Room, Swimming Pool, Landscaped Garden, Lift",9442.0,13362.0,6611327.0,0.055,363623.0,30000.0,22747.0,4.13,1,1
101329,Bangalore,Whitefield,560066,mid,2.62,2,768.5,7,Local Developer Co,0.55,Tier3,1,PKAR53454,3,"24/7 Security, Jogging Track, Landscaped Garden",8039.0,8491.0,6524912.0,0.055,358870.0,30000.0,14735.0,2.71,1,0
101330,Bangalore,Whitefield,560066,mid,2.62,3,1016.3,16,Runwal Group,0.78,Tier2,1,PKAR50518,12,"Swimming Pool, Children's Play Area, Indoor Games Room, CCTV, Power Backup, Gymnasium, Clubhouse, Jogging Track, Lift, 24/7 Security, Landscaped Garden, Visitor Parking",10542.0,15829.0,16086625.0,0.055,884764.0,30000.0,44897.0,3.35,0,1
101331,Bangalore,Whitefield,560066,mid,2.49,1,484.3,7,Puravankara,0.8,Tier2,1,PKAR80320,5,"Power Backup, 24/7 Security, Visitor Parking, Gymnasium, Swimming Pool",8437.0,9442.0,4572509.0,0.055,251488.0,30000.0,11436.0,3.0,1,0
101332,Bangalore,Whitefield,560066,mid,2.54,3,1203.8,20,Sobha Ltd,0.91,Tier1,1,PKAR35100,6,"Indoor Games Room, CCTV, Landscaped Garden, Children's Play Area, Jogging Track, Clubhouse",9072.0,11989.0,14431833.0,0.055,793751.0,30000.0,36919.0,3.07,0,1
101333,Bangalore,Whitefield,560066,mid,2.2,1,468.7,18,Prestige Group,0.92,Tier1,1,PKAR44123,12,"Children's Play Area, Power Backup, CCTV, Visitor Parking, Landscaped Garden, Clubhouse, Jogging Track, Lift, Indoor Games Room, Gymnasium, 24/7 Security, Swimming Pool",8679.0,12110.0,5676333.0,0.055,312198.0,30000.0,10048.0,2.12,0,1
101334,Bangalore,Whitefield,560066,mid,2.71,3,1329.9,24,Lodha Group,0.95,Tier1,1,PKAR35056,8,"Children's Play Area, Power Backup, 24/7 Security, Clubhouse, Landscaped Garden, CCTV, Swimming Pool, Jogging Track",8718.0,11190.0,14881992.0,0.055,818510.0,30000.0,30814.0,2.48,1,1
101335,Bangalore,Whitefield,560066,mid,2.57,4,1549.8,3,Brigade Group,0.88,Tier1,1,PKAR80607,7,"Lift, Jogging Track, Visitor Parking, CCTV, Gymnasium, Power Backup, Indoor Games Room",11163.0,15517.0,24046934.0,0.055,1322581.0,30000.0,48369.0,2.41,0,1
101336,Bangalore,Whitefield,560066,mid,2.65,3,1339.3,9,Runwal Group,0.78,Tier2,1,PKAR70069,8,"Gymnasium, Indoor Games Room, Clubhouse, Landscaped Garden, Lift, Swimming Pool, Jogging Track, 24/7 Security",11158.0,15535.0,20804659.0,0.055,1144256.0,30000.0,50743.0,2.93,0,1
101337,Bangalore,Whitefield,560066,mid,2.5,3,1202.7,7,Brigade Group,0.88,Tier1,1,PKAR47046,5,"Lift, Swimming Pool, Children's Play Area, Power Backup, Visitor Parking",10237.0,13859.0,16669031.0,0.055,916797.0,30000.0,25697.0,1.85,0,0
101338,Bangalore,Whitefield,560066,mid,2.46,3,1333.3,5,Puravankara,0.8,Tier2,1,PKAR32582,6,"Landscaped Garden, Indoor Games Room, Clubhouse, 24/7 Security, Children's Play Area, Swimming Pool",8723.0,11313.0,15084091.0,0.055,829625.0,30000.0,35250.0,2.8,1,1
101339,Bangalore,Whitefield,560066,mid,2.33,3,1344.2,11,Puravankara,0.8,Tier2,1,PKAR72487,3,"24/7 Security, Swimming Pool, Landscaped Garden",11011.0,12912.0,17356238.0,0.055,954593.0,30000.0,48758.0,3.37,1,0
101340,Bangalore,Whitefield,560066,mid,2.4,3,1297.4,21,Godrej Properties,0.93,Tier1,1,PKAR89930,4,"Lift, Power Backup, Indoor Games Room, Landscaped Garden",8089.0,10052.0,13041854.0,0.055,717302.0,30000.0,24600.0,2.26,1,0
101341,Bangalore,Whitefield,560066,mid,2.33,3,1198.5,2,Runwal Group,0.78,Tier2,1,PKAR81058,10,"Clubhouse, Jogging Track, Lift, Swimming Pool, Landscaped Garden, Visitor Parking, Power Backup, CCTV, Indoor Games Room, Gymnasium",9395.0,13217.0,15840604.0,0.055,871233.0,30000.0,38386.0,2.91,0,1
101342,Bangalore,Whitefield,560066,mid,2.42,3,1009.0,0,Brigade Group,0.88,Tier1,1,PKAR64429,6,"Gymnasium, Landscaped Garden, Lift, Power Backup, Swimming Pool, Children's Play Area",10951.0,14070.0,14196357.0,0.055,780800.0,30000.0,23443.0,1.98,0,1
101343,Bangalore,Whitefield,560066,mid,2.33,2,693.1,24,Kolte-Patil,0.82,Tier2,1,PKAR45558,8,"Landscaped Garden, Swimming Pool, 24/7 Security, Children's Play Area, Indoor Games Room, Gymnasium, Power Backup, CCTV",9516.0,12102.0,8387240.0,0.055,461298.0,30000.0,16532.0,2.37,1,1
101344,Bangalore,Whitefield,560066,mid,2.28,2,853.0,6,Local Developer Co,0.55,Tier3,1,PKAR30521,4,"CCTV, Clubhouse, Indoor Games Room, Swimming Pool",10878.0,13459.0,11480529.0,0.055,631429.0,30000.0,26173.0,2.74,1,0
101345,Bangalore,Whitefield,560066,mid,2.71,4,1978.0,13,Local Developer Co,0.55,Tier3,1,PKAR44578,9,"Power Backup, Gymnasium, Indoor Games Room, Swimming Pool, Jogging Track, Visitor Parking, Children's Play Area, 24/7 Security, Lift",8397.0,10574.0,20916572.0,0.055,1150411.0,30000.0,58424.0,3.35,0,1
101346,Bangalore,Whitefield,560066,mid,2.44,2,828.3,16,Godrej Properties,0.93,Tier1,1,PKAR51335,6,"24/7 Security, Jogging Track, Children's Play Area, CCTV, Power Backup, Swimming Pool",7627.0,10142.0,8400496.0,0.055,462027.0,30000.0,23679.0,3.38,1,1
101347,Bangalore,Whitefield,560066,mid,2.23,2,724.0,20,Godrej Properties,0.93,Tier1,1,PKAR16762,6,"Visitor Parking, Landscaped Garden, Swimming Pool, Jogging Track, CCTV, Indoor Games Room",10569.0,14039.0,10163936.0,0.055,559016.0,30000.0,24107.0,2.85,0,1
101348,Bangalore,Whitefield,560066,mid,2.59,2,776.7,1,Oberoi Realty,0.9,Tier1,1,PKAR76659,7,"CCTV, Clubhouse, Swimming Pool, Visitor Parking, Children's Play Area, Lift, Indoor Games Room",7987.0,10915.0,8477528.0,0.055,466264.0,30000.0,24577.0,3.48,1,1
101349,Bangalore,Whitefield,560066,mid,2.48,1,473.7,10,Runwal Group,0.78,Tier2,1,PKAR13896,11,"Gymnasium, Children's Play Area, Visitor Parking, Jogging Track, Power Backup, CCTV, Lift, Swimming Pool, 24/7 Security, Landscaped Garden, Clubhouse",10051.0,14693.0,6960429.0,0.055,382824.0,30000.0,14610.0,2.52,0,1
101350,Bangalore,Whitefield,560066,mid,2.51,3,1090.0,22,Local Developer Co,0.55,Tier3,1,PKAR88135,9,"Jogging Track, Power Backup, Clubhouse, Landscaped Garden, 24/7 Security, Gymnasium, Visitor Parking, CCTV, Lift",11491.0,11931.0,13004895.0,0.055,715269.0,30000.0,32324.0,2.98,1,1
101351,Bangalore,Whitefield,560066,mid,2.41,3,1133.0,21,Prestige Group,0.92,Tier1,1,PKAR34026,7,"Gymnasium, CCTV, Power Backup, Landscaped Garden, Jogging Track, 24/7 Security, Indoor Games Room",9646.0,11882.0,13461634.0,0.055,740390.0,30000.0,26462.0,2.36,1,1
101352,Bangalore,Whitefield,560066,mid,2.4,4,1966.7,17,Godrej Properties,0.93,Tier1,1,PKAR40504,5,"Children's Play Area, 24/7 Security, CCTV, Swimming Pool, Clubhouse",11034.0,13572.0,26690693.0,0.055,1467988.0,30000.0,64808.0,2.91,1,0
101353,Bangalore,Whitefield,560066,mid,2.43,1,429.0,1,Puravankara,0.8,Tier2,1,PKAR67064,9,"Gymnasium, Landscaped Garden, CCTV, 24/7 Security, Visitor Parking, Lift, Children's Play Area, Jogging Track, Swimming Pool",8900.0,12974.0,5566237.0,0.055,306143.0,30000.0,11668.0,2.52,1,1
101354,Bangalore,Whitefield,560066,mid,2.46,2,776.6,3,Lodha Group,0.95,Tier1,1,PKAR99969,10,"Gymnasium, Swimming Pool, Power Backup, Lift, Jogging Track, 24/7 Security, Clubhouse, CCTV, Landscaped Garden, Indoor Games Room",8038.0,13339.0,10358782.0,0.055,569733.0,30000.0,12805.0,1.48,1,1
101355,Bangalore,Whitefield,560066,mid,2.79,4,1834.6,18,Prestige Group,0.92,Tier1,1,PKAR13956,12,"Lift, Children's Play Area, Power Backup, Landscaped Garden, Jogging Track, Clubhouse, Gymnasium, Indoor Games Room, Visitor Parking, 24/7 Security, CCTV, Swimming Pool",9267.0,12824.0,23526741.0,0.055,1293971.0,30000.0,37073.0,1.89,1,1
101356,Bangalore,Whitefield,560066,mid,2.58,2,720.8,22,Brigade Group,0.88,Tier1,1,PKAR62328,11,"Children's Play Area, Visitor Parking, Jogging Track, Landscaped Garden, Clubhouse, Gymnasium, Indoor Games Room, Power Backup, CCTV, Lift, Swimming Pool",9322.0,12077.0,8705176.0,0.055,478785.0,30000.0,17242.0,2.38,1,1
101357,Bangalore,Whitefield,560066,mid,2.5,2,732.8,10,Runwal Group,0.78,Tier2,1,PKAR12992,4,"Swimming Pool, 24/7 Security, Visitor Parking, Power Backup",8017.0,10603.0,7770461.0,0.055,427375.0,30000.0,25657.0,3.96,1,0
101358,Bangalore,Whitefield,560066,mid,2.4,2,881.7,7,Puravankara,0.8,Tier2,1,PKAR20675,6,"24/7 Security, Gymnasium, Indoor Games Room, Landscaped Garden, Jogging Track, Children's Play Area",8713.0,11801.0,10404377.0,0.055,572241.0,30000.0,19987.0,2.31,0,1
101359,Bangalore,Whitefield,560066,mid,2.51,1,477.0,15,Regional Builders Ltd,0.5,Tier3,1,PKAR28366,12,"Jogging Track, 24/7 Security, Landscaped Garden, Clubhouse, Lift, Power Backup, Swimming Pool, Visitor Parking, Gymnasium, CCTV, Indoor Games Room, Children's Play Area",8678.0,11379.0,5428075.0,0.055,298544.0,30000.0,8462.0,1.87,1,1
101360,Bangalore,Whitefield,560066,mid,2.35,1,497.8,12,Local Developer Co,0.55,Tier3,1,PKAR11447,8,"Children's Play Area, Indoor Games Room, Landscaped Garden, 24/7 Security, Swimming Pool, CCTV, Clubhouse, Lift",8329.0,10116.0,5036154.0,0.055,276988.0,30000.0,6954.0,1.66,1,1
101361,Bangalore,Whitefield,560066,mid,2.41,2,790.9,6,Brigade Group,0.88,Tier1,1,PKAR27553,10,"Gymnasium, Swimming Pool, Power Backup, Landscaped Garden, CCTV, Lift, Indoor Games Room, Visitor Parking, Children's Play Area, 24/7 Security",10050.0,14833.0,11731750.0,0.055,645246.0,30000.0,30867.0,3.16,1,1
101362,Bangalore,Whitefield,560066,mid,2.59,3,959.8,7,Godrej Properties,0.93,Tier1,1,PKAR67077,4,"Clubhouse, Visitor Parking, Gymnasium, Jogging Track",9581.0,13290.0,12755479.0,0.055,701551.0,30000.0,35647.0,3.35,0,0
101363,Bangalore,Whitefield,560066,mid,2.54,1,511.3,12,Prestige Group,0.92,Tier1,1,PKAR84915,12,"Visitor Parking, Jogging Track, Clubhouse, Landscaped Garden, Lift, Swimming Pool, Children's Play Area, CCTV, Gymnasium, Power Backup, Indoor Games Room, 24/7 Security",8580.0,11843.0,6054876.0,0.055,333018.0,30000.0,10061.0,1.99,0,1
101364,Bangalore,Whitefield,560066,mid,2.56,2,671.1,5,Prestige Group,0.92,Tier1,1,PKAR27604,11,"Children's Play Area, Landscaped Garden, Jogging Track, Indoor Games Room, Lift, CCTV, Gymnasium, Swimming Pool, Visitor Parking, Clubhouse, Power Backup",8940.0,14433.0,9685108.0,0.055,532681.0,30000.0,29274.0,3.63,0,1
101365,Bangalore,Whitefield,560066,mid,2.86,3,1074.6,7,Oberoi Realty,0.9,Tier1,1,PKAR90259,5,"Jogging Track, Visitor Parking, Clubhouse, CCTV, Children's Play Area",8297.0,10634.0,11427680.0,0.055,628522.0,30000.0,25764.0,2.71,1,0
101366,Bangalore,Whitefield,560066,mid,2.35,2,937.8,21,Oberoi Realty,0.9,Tier1,1,PKAR88911,4,"Gymnasium, Jogging Track, Children's Play Area, Swimming Pool",8427.0,10452.0,9801708.0,0.055,539094.0,30000.0,24780.0,3.03,1,0
101367,Bangalore,Whitefield,560066,mid,2.51,1,454.3,7,Sobha Ltd,0.91,Tier1,1,PKAR84344,6,"Visitor Parking, Jogging Track, Lift, CCTV, Swimming Pool, 24/7 Security",11038.0,14514.0,6594060.0,0.055,362673.0,30000.0,10998.0,2.0,0,1
101368,Bangalore,Whitefield,560066,mid,2.43,2,771.0,5,Oberoi Realty,0.9,Tier1,1,PKAR59669,4,"CCTV, Gymnasium, Clubhouse, Lift",8317.0,11929.0,9197135.0,0.055,505842.0,30000.0,16301.0,2.13,1,0
101369,Bangalore,Whitefield,560066,mid,2.57,3,1180.6,22,Puravankara,0.8,Tier2,1,PKAR53896,8,"Lift, CCTV, Clubhouse, Indoor Games Room, Landscaped Garden, Children's Play Area, Swimming Pool, Visitor Parking",9524.0,13146.0,15521039.0,0.055,853657.0,30000.0,15060.0,1.16,1,1
101370,Bangalore,Whitefield,560066,mid,2.71,3,1263.9,23,Lodha Group,0.95,Tier1,1,PKAR73846,4,"Swimming Pool, Landscaped Garden, Jogging Track, CCTV",10556.0,12722.0,16078753.0,0.055,884331.0,30000.0,23696.0,1.77,0,0
101371,Bangalore,Whitefield,560066,mid,2.17,3,1032.4,6,Prestige Group,0.92,Tier1,1,PKAR46313,7,"Jogging Track, Indoor Games Room, 24/7 Security, Visitor Parking, Power Backup, Children's Play Area, Swimming Pool",11058.0,16675.0,17214629.0,0.055,946805.0,30000.0,44877.0,3.13,1,1
101372,Bangalore,Whitefield,560066,mid,2.69,4,1809.8,8,Runwal Group,0.78,Tier2,1,PKAR53038,9,"CCTV, Swimming Pool, Children's Play Area, Visitor Parking, 24/7 Security, Indoor Games Room, Landscaped Garden, Lift, Jogging Track",10124.0,14659.0,26530783.0,0.055,1459193.0,30000.0,70354.0,3.18,0,1
101373,Bangalore,Whitefield,560066,mid,2.69,4,1712.2,11,Prestige Group,0.92,Tier1,1,PKAR11108,11,"CCTV, Landscaped Garden, Gymnasium, Indoor Games Room, Clubhouse, Swimming Pool, Jogging Track, Power Backup, Children's Play Area, Visitor Parking, 24/7 Security",7711.0,10909.0,18678497.0,0.055,1027317.0,30000.0,43431.0,2.79,0,1
101374,Bangalore,Whitefield,560066,mid,2.72,1,549.5,11,Runwal Group,0.78,Tier2,1,PKAR21742,5,"Landscaped Garden, 24/7 Security, CCTV, Swimming Pool, Visitor Parking",8989.0,11801.0,6484409.0,0.055,356642.0,30000.0,20634.0,3.82,1,0
101375,Bangalore,Whitefield,560066,mid,2.7,4,1561.9,2,Oberoi Realty,0.9,Tier1,1,PKAR71380,11,"Clubhouse, Children's Play Area, Jogging Track, Visitor Parking, Indoor Games Room, Lift, 24/7 Security, Swimming Pool, CCTV, Gymnasium, Landscaped Garden",9510.0,14368.0,22441697.0,0.055,1234293.0,30000.0,64142.0,3.43,1,1
101376,Bangalore,Whitefield,560066,mid,2.51,4,1668.3,5,Puravankara,0.8,Tier2,1,PKAR47536,3,"Swimming Pool, Gymnasium, Visitor Parking",8271.0,9703.0,16187890.0,0.055,890334.0,30000.0,35625.0,2.64,1,0
101377,Bangalore,Whitefield,560066,mid,2.39,2,885.4,0,Lodha Group,0.95,Tier1,1,PKAR58959,8,"Children's Play Area, 24/7 Security, Visitor Parking, CCTV, Jogging Track, Swimming Pool, Power Backup, Indoor Games Room",8159.0,11845.0,10487455.0,0.055,576810.0,30000.0,31411.0,3.59,1,1
101378,Bangalore,Whitefield,560066,mid,2.55,3,1342.2,19,Prestige Group,0.92,Tier1,1,PKAR81038,3,"CCTV, Jogging Track, Swimming Pool",7803.0,8963.0,12030058.0,0.055,661653.0,30000.0,21875.0,2.18,1,0
101379,Bangalore,Whitefield,560066,mid,2.68,1,528.1,7,Regional Builders Ltd,0.5,Tier3,1,PKAR56036,11,"Visitor Parking, Clubhouse, Jogging Track, Indoor Games Room, Power Backup, Swimming Pool, CCTV, Landscaped Garden, Gymnasium, Children's Play Area, 24/7 Security",9656.0,13321.0,7034548.0,0.055,386900.0,30000.0,20960.0,3.58,0,1
101380,Bangalore,Whitefield,560066,mid,2.52,2,650.8,4,Puravankara,0.8,Tier2,1,PKAR39000,6,"Landscaped Garden, Children's Play Area, CCTV, Swimming Pool, Gymnasium, 24/7 Security",9411.0,13367.0,8698887.0,0.055,478439.0,30000.0,27215.0,3.75,1,1
101381,Bangalore,Whitefield,560066,mid,2.4,3,1329.4,24,Runwal Group,0.78,Tier2,1,PKAR17436,7,"Children's Play Area, Swimming Pool, 24/7 Security, Visitor Parking, Landscaped Garden, Indoor Games Room, Lift",11410.0,13837.0,18394859.0,0.055,1011717.0,30000.0,18151.0,1.18,1,1
101382,Bangalore,Whitefield,560066,mid,2.21,2,916.2,20,Kolte-Patil,0.82,Tier2,1,PKAR78255,11,"Lift, Landscaped Garden, Clubhouse, Children's Play Area, Power Backup, CCTV, 24/7 Security, Jogging Track, Gymnasium, Visitor Parking, Swimming Pool",10555.0,14325.0,13124352.0,0.055,721839.0,30000.0,28114.0,2.57,0,1
101383,Bangalore,Whitefield,560066,mid,2.55,4,1737.3,15,Regional Builders Ltd,0.5,Tier3,1,PKAR31788,8,"Indoor Games Room, Landscaped Garden, Lift, Children's Play Area, Swimming Pool, 24/7 Security, Clubhouse, Jogging Track",7956.0,9756.0,16948945.0,0.055,932192.0,30000.0,44223.0,3.13,0,1
101384,Bangalore,Whitefield,560066,mid,2.49,1,452.9,4,Puravankara,0.8,Tier2,1,PKAR70852,11,"Gymnasium, Visitor Parking, Swimming Pool, Power Backup, Landscaped Garden, Jogging Track, Clubhouse, CCTV, Indoor Games Room, 24/7 Security, Lift",8289.0,12100.0,5479942.0,0.055,301397.0,30000.0,11862.0,2.6,0,1
101385,Bangalore,Whitefield,560066,mid,2.43,3,1302.6,9,Sobha Ltd,0.91,Tier1,1,PKAR83786,9,"Jogging Track, Clubhouse, Indoor Games Room, 24/7 Security, Visitor Parking, Landscaped Garden, Swimming Pool, Children's Play Area, CCTV",11481.0,16576.0,21591717.0,0.055,1187544.0,30000.0,39279.0,2.18,1,1
101386,Bangalore,Whitefield,560066,mid,2.39,1,387.2,9,Brigade Group,0.88,Tier1,1,PKAR32132,4,"Lift, Gymnasium, Clubhouse, Visitor Parking",8629.0,10939.0,4235732.0,0.055,232965.0,30000.0,13202.0,3.74,1,0
101387,Bangalore,Whitefield,560066,mid,2.73,3,1128.6,20,Regional Builders Ltd,0.5,Tier3,1,PKAR43870,8,"Clubhouse, Landscaped Garden, Lift, Gymnasium, Children's Play Area, Indoor Games Room, Visitor Parking, Power Backup",9769.0,11178.0,12615651.0,0.055,693861.0,30000.0,14424.0,1.37,1,1
101388,Bangalore,Whitefield,560066,mid,2.51,3,1307.1,16,Brigade Group,0.88,Tier1,1,PKAR76008,6,"CCTV, Landscaped Garden, Power Backup, Visitor Parking, Lift, 24/7 Security",9293.0,11789.0,15409446.0,0.055,847520.0,30000.0,24788.0,1.93,1,1
101389,Bangalore,Whitefield,560066,mid,2.64,3,1158.7,7,Sobha Ltd,0.91,Tier1,1,PKAR19634,8,"CCTV, Lift, Indoor Games Room, Gymnasium, Swimming Pool, Landscaped Garden, Power Backup, Visitor Parking",10268.0,15842.0,18355407.0,0.055,1009547.0,30000.0,58916.0,3.85,1,1
101390,Bangalore,Whitefield,560066,mid,2.63,2,943.3,1,Local Developer Co,0.55,Tier3,1,PKAR80431,6,"Visitor Parking, Landscaped Garden, Jogging Track, Indoor Games Room, Swimming Pool, Gymnasium",9487.0,12461.0,11754722.0,0.055,646510.0,30000.0,29705.0,3.03,0,1
101391,Bangalore,Whitefield,560066,mid,2.45,2,822.3,0,Sobha Ltd,0.91,Tier1,1,PKAR22996,7,"Lift, 24/7 Security, Visitor Parking, Power Backup, Jogging Track, Children's Play Area, Indoor Games Room",10744.0,15577.0,12809003.0,0.055,704495.0,30000.0,28553.0,2.67,1,1
101392,Bangalore,Whitefield,560066,mid,2.39,3,1398.2,23,Local Developer Co,0.55,Tier3,1,PKAR52998,3,"Jogging Track, Children's Play Area, Power Backup",10383.0,10831.0,15144712.0,0.055,832959.0,30000.0,24204.0,1.92,1,0
101393,Bangalore,Whitefield,560066,mid,2.59,3,1221.5,2,Lodha Group,0.95,Tier1,1,PKAR94155,5,"Indoor Games Room, Clubhouse, Visitor Parking, Swimming Pool, Power Backup",8775.0,10974.0,13403902.0,0.055,737215.0,30000.0,32008.0,2.87,0,0
101394,Bangalore,Whitefield,560066,mid,2.43,4,2179.2,21,Runwal Group,0.78,Tier2,1,PKAR26014,6,"Visitor Parking, Clubhouse, CCTV, Swimming Pool, Indoor Games Room, Jogging Track",7994.0,10316.0,22479784.0,0.055,1236388.0,30000.0,43781.0,2.34,0,1
101395,Bangalore,Whitefield,560066,mid,2.54,4,1789.5,13,Puravankara,0.8,Tier2,1,PKAR84041,11,"Power Backup, Gymnasium, Landscaped Garden, 24/7 Security, Clubhouse, CCTV, Lift, Swimming Pool, Children's Play Area, Indoor Games Room, Jogging Track",9241.0,12777.0,22865026.0,0.055,1257576.0,30000.0,57552.0,3.02,0,1
101396,Bangalore,Whitefield,560066,mid,2.54,3,1246.4,18,Brigade Group,0.88,Tier1,1,PKAR17176,3,"Swimming Pool, Indoor Games Room, Lift",9240.0,11051.0,13774345.0,0.055,757589.0,30000.0,36059.0,3.14,1,0
101397,Bangalore,Whitefield,560066,mid,2.84,4,1676.0,16,Sobha Ltd,0.91,Tier1,1,PKAR11638,5,"Clubhouse, Jogging Track, Indoor Games Room, Landscaped Garden, Power Backup",11272.0,14281.0,23933822.0,0.055,1316360.0,30000.0,53666.0,2.69,1,0
101398,Bangalore,Whitefield,560066,mid,2.6,4,1861.1,3,Sobha Ltd,0.91,Tier1,1,PKAR58659,10,"Clubhouse, Jogging Track, Visitor Parking, Children's Play Area, Indoor Games Room, Gymnasium, Power Backup, 24/7 Security, Landscaped Garden, Swimming Pool",7929.0,11440.0,21291208.0,0.055,1171016.0,30000.0,63357.0,3.57,0,1
101399,Bangalore,Whitefield,560066,mid,2.87,3,1268.9,10,Runwal Group,0.78,Tier2,1,PKAR73185,11,"Lift, Gymnasium, CCTV, Landscaped Garden, Swimming Pool, Clubhouse, Indoor Games Room, 24/7 Security, Power Backup, Children's Play Area, Jogging Track",11052.0,14761.0,18730405.0,0.055,1030172.0,30000.0,33371.0,2.14,0,1
101400,Bangalore,Whitefield,560066,mid,2.25,3,997.5,1,Brigade Group,0.88,Tier1,1,PKAR83176,9,"Power Backup, Children's Play Area, Gymnasium, 24/7 Security, Swimming Pool, Landscaped Garden, Jogging Track, CCTV, Clubhouse",9489.0,14620.0,14583718.0,0.055,802104.0,30000.0,32469.0,2.67,1,1
101401,Bangalore,Whitefield,560066,mid,2.51,2,805.2,7,Prestige Group,0.92,Tier1,1,PKAR62865,11,"Children's Play Area, Indoor Games Room, Clubhouse, Landscaped Garden, Swimming Pool, Power Backup, 24/7 Security, Jogging Track, CCTV, Lift, Gymnasium",11183.0,17576.0,14152591.0,0.055,778393.0,30000.0,26683.0,2.26,1,1
101402,Bangalore,Whitefield,560066,mid,2.5,2,709.5,0,Oberoi Realty,0.9,Tier1,1,PKAR53502,9,"Jogging Track, CCTV, Swimming Pool, Clubhouse, Children's Play Area, Landscaped Garden, Gymnasium, 24/7 Security, Lift",10400.0,15267.0,10831701.0,0.055,595744.0,30000.0,27623.0,3.06,1,1
101403,Bangalore,Whitefield,560066,mid,2.89,3,956.3,4,Regional Builders Ltd,0.5,Tier3,0,,3,"24/7 Security, Jogging Track, Indoor Games Room",8702.0,10446.0,9989899.0,0.055,549444.0,30000.0,25504.0,3.06,0,0
101404,Bangalore,Whitefield,560066,mid,2.56,4,1968.8,12,Local Developer Co,0.55,Tier3,0,,6,"Jogging Track, Landscaped Garden, Children's Play Area, 24/7 Security, Visitor Parking, Swimming Pool",9441.0,11573.0,22784480.0,0.055,1253146.0,30000.0,43884.0,2.31,0,1
101405,Bangalore,Whitefield,560066,mid,2.7,2,942.7,10,Lodha Group,0.95,Tier1,1,PKAR39279,6,"24/7 Security, Children's Play Area, Visitor Parking, Swimming Pool, CCTV, Gymnasium",10990.0,14428.0,13600694.0,0.055,748038.0,30000.0,26589.0,2.35,1,1
101406,Bangalore,Whitefield,560066,mid,2.62,3,1265.8,13,Oberoi Realty,0.9,Tier1,1,PKAR31643,7,"Swimming Pool, Lift, Jogging Track, Visitor Parking, CCTV, Indoor Games Room, Landscaped Garden",7798.0,10104.0,12789486.0,0.055,703422.0,30000.0,26603.0,2.5,1,1
101407,Bangalore,Whitefield,560066,mid,2.26,3,1119.1,19,Brigade Group,0.88,Tier1,1,PKAR58924,8,"Indoor Games Room, Power Backup, Visitor Parking, Jogging Track, Children's Play Area, CCTV, Clubhouse, Lift",9639.0,12412.0,13889549.0,0.055,763925.0,30000.0,44378.0,3.83,0,1
101408,Bangalore,Whitefield,560066,mid,2.48,1,504.3,17,Oberoi Realty,0.9,Tier1,1,PKAR72737,10,"Lift, CCTV, Clubhouse, Gymnasium, 24/7 Security, Visitor Parking, Children's Play Area, Indoor Games Room, Swimming Pool, Landscaped Garden",8516.0,12601.0,6355308.0,0.055,349542.0,30000.0,11540.0,2.18,0,1
101409,Bangalore,Whitefield,560066,mid,2.55,3,1001.8,11,Local Developer Co,0.55,Tier3,1,PKAR12236,4,"Visitor Parking, Gymnasium, Lift, CCTV",11316.0,14233.0,14259150.0,0.055,784253.0,30000.0,33197.0,2.79,1,0
101410,Bangalore,Whitefield,560066,mid,2.71,3,1019.7,12,Lodha Group,0.95,Tier1,1,PKAR75307,5,"Power Backup, 24/7 Security, Indoor Games Room, CCTV, Swimming Pool",9370.0,12589.0,12836997.0,0.055,706035.0,30000.0,29534.0,2.76,1,0
101411,Bangalore,Whitefield,560066,mid,2.59,2,882.8,1,Prestige Group,0.92,Tier1,1,PKAR53166,5,"Indoor Games Room, Landscaped Garden, CCTV, Clubhouse, Jogging Track",9908.0,14384.0,12698132.0,0.055,698397.0,30000.0,37511.0,3.54,0,0
101412,Bangalore,Whitefield,560066,mid,2.67,1,458.5,2,Kolte-Patil,0.82,Tier2,1,PKAR69088,3,"Jogging Track, Children's Play Area, Landscaped Garden",9960.0,11436.0,5242906.0,0.055,288360.0,30000.0,14417.0,3.3,1,0
101413,Bangalore,Whitefield,560066,mid,2.43,3,1246.5,21,Puravankara,0.8,Tier2,1,PKAR46436,9,"CCTV, Lift, Swimming Pool, Visitor Parking, Clubhouse, 24/7 Security, Landscaped Garden, Jogging Track, Children's Play Area",9427.0,11524.0,14365478.0,0.055,790101.0,30000.0,36663.0,3.06,1,1
101414,Bangalore,Whitefield,560066,mid,2.25,3,1002.2,15,Prestige Group,0.92,Tier1,1,PKAR92650,8,"Children's Play Area, Landscaped Garden, Power Backup, Indoor Games Room, Swimming Pool, Gymnasium, Clubhouse, 24/7 Security",7848.0,11202.0,11226664.0,0.055,617466.0,30000.0,21217.0,2.27,1,1
101415,Bangalore,Whitefield,560066,mid,2.3,3,1180.8,13,Puravankara,0.8,Tier2,1,PKAR44974,9,"Jogging Track, Clubhouse, Gymnasium, Visitor Parking, Landscaped Garden, Children's Play Area, CCTV, Power Backup, Swimming Pool",10907.0,14125.0,16678837.0,0.055,917336.0,30000.0,38348.0,2.76,0,1
101416,Bangalore,Whitefield,560066,mid,2.42,3,1318.2,1,Local Developer Co,0.55,Tier3,1,PKAR66560,9,"CCTV, Clubhouse, 24/7 Security, Visitor Parking, Swimming Pool, Children's Play Area, Gymnasium, Power Backup, Jogging Track",8494.0,11310.0,14909326.0,0.055,820013.0,30000.0,33310.0,2.68,1,1
101417,Bangalore,Whitefield,560066,mid,2.63,3,1041.2,24,Godrej Properties,0.93,Tier1,1,PKAR48402,10,"Children's Play Area, Lift, Swimming Pool, Power Backup, Gymnasium, Indoor Games Room, 24/7 Security, Jogging Track, CCTV, Landscaped Garden",10674.0,13948.0,14523385.0,0.055,798786.0,30000.0,54009.0,4.46,0,1
101418,Bangalore,Whitefield,560066,mid,2.51,2,924.8,8,Puravankara,0.8,Tier2,1,PKAR41324,10,"Indoor Games Room, 24/7 Security, Swimming Pool, Visitor Parking, Landscaped Garden, Lift, Jogging Track, Power Backup, Children's Play Area, Clubhouse",8938.0,11566.0,10696026.0,0.055,588281.0,30000.0,21720.0,2.44,1,1
101419,Bangalore,Whitefield,560066,mid,2.35,4,2018.5,9,Regional Builders Ltd,0.5,Tier3,0,,5,"Clubhouse, Children's Play Area, Swimming Pool, Landscaped Garden, 24/7 Security",10928.0,12936.0,26112173.0,0.055,1436169.0,30000.0,75586.0,3.47,1,0
101420,Bangalore,Whitefield,560066,mid,2.53,3,1388.4,3,Sobha Ltd,0.91,Tier1,1,PKAR21455,10,"CCTV, Power Backup, Jogging Track, Swimming Pool, Lift, Landscaped Garden, Visitor Parking, Gymnasium, Children's Play Area, Indoor Games Room",8752.0,12960.0,17993437.0,0.055,989639.0,30000.0,37787.0,2.52,1,1
101421,Bangalore,Whitefield,560066,mid,2.62,4,1802.0,11,Runwal Group,0.78,Tier2,1,PKAR80145,12,"Visitor Parking, CCTV, Clubhouse, Landscaped Garden, Gymnasium, Jogging Track, Lift, 24/7 Security, Children's Play Area, Swimming Pool, Power Backup, Indoor Games Room",7719.0,11250.0,20271817.0,0.055,1114950.0,30000.0,43260.0,2.56,1,1
101422,Bangalore,Whitefield,560066,mid,2.54,2,758.7,18,Puravankara,0.8,Tier2,1,PKAR18671,7,"Lift, 24/7 Security, Clubhouse, Children's Play Area, Gymnasium, CCTV, Power Backup",8530.0,10880.0,8254612.0,0.055,454004.0,30000.0,19444.0,2.83,1,1
101423,Bangalore,Whitefield,560066,mid,2.25,2,865.3,6,Runwal Group,0.78,Tier2,1,PKAR21294,4,"24/7 Security, Clubhouse, Visitor Parking, Indoor Games Room",11108.0,14294.0,12368650.0,0.055,680276.0,30000.0,25541.0,2.48,1,0
101424,Bangalore,Whitefield,560066,mid,2.41,4,2058.9,8,Sobha Ltd,0.91,Tier1,1,PKAR28631,4,"Swimming Pool, Visitor Parking, 24/7 Security, CCTV",11335.0,15076.0,31040249.0,0.055,1707214.0,30000.0,82333.0,3.18,1,0
101425,Bangalore,Whitefield,560066,mid,2.44,3,994.0,16,Oberoi Realty,0.9,Tier1,1,PKAR88378,6,"Lift, 24/7 Security, CCTV, Jogging Track, Clubhouse, Swimming Pool",10975.0,15030.0,14940888.0,0.055,821749.0,30000.0,27766.0,2.23,0,1
101426,Bangalore,Whitefield,560066,mid,2.72,3,982.9,21,Oberoi Realty,0.9,Tier1,1,PKAR56023,11,"CCTV, Jogging Track, Visitor Parking, 24/7 Security, Lift, Children's Play Area, Clubhouse, Indoor Games Room, Landscaped Garden, Power Backup, Gymnasium",11492.0,14928.0,14673227.0,0.055,807027.0,30000.0,36055.0,2.95,0,1
101427,Bangalore,Whitefield,560066,mid,2.47,3,959.5,5,Oberoi Realty,0.9,Tier1,1,PKAR56989,7,"Children's Play Area, 24/7 Security, Indoor Games Room, Power Backup, Gymnasium, Visitor Parking, Landscaped Garden",10468.0,15498.0,14869940.0,0.055,817847.0,30000.0,41590.0,3.36,1,1
101428,Bangalore,Whitefield,560066,mid,2.5,2,763.6,19,Sobha Ltd,0.91,Tier1,1,PKAR76258,9,"Power Backup, Indoor Games Room, Swimming Pool, Visitor Parking, 24/7 Security, Lift, CCTV, Gymnasium, Clubhouse",8280.0,10920.0,8338150.0,0.055,458598.0,30000.0,21723.0,3.13,1,1
101429,Bangalore,Whitefield,560066,mid,2.47,1,487.6,11,Lodha Group,0.95,Tier1,1,PKAR30777,8,"Visitor Parking, Children's Play Area, Indoor Games Room, Power Backup, CCTV, 24/7 Security, Clubhouse, Jogging Track",9767.0,14032.0,6842581.0,0.055,376342.0,30000.0,18361.0,3.22,1,1
101430,Bangalore,Whitefield,560066,mid,2.31,3,1139.9,3,Puravankara,0.8,Tier2,1,PKAR97801,12,"CCTV, Gymnasium, Swimming Pool, 24/7 Security, Jogging Track, Children's Play Area, Visitor Parking, Lift, Landscaped Garden, Clubhouse, Indoor Games Room, Power Backup",11290.0,16782.0,19130587.0,0.055,1052182.0,30000.0,39331.0,2.47,0,1
101431,Bangalore,Whitefield,560066,mid,2.46,4,1830.6,18,Kolte-Patil,0.82,Tier2,1,PKAR60944,11,"CCTV, 24/7 Security, Jogging Track, Gymnasium, Clubhouse, Power Backup, Indoor Games Room, Lift, Swimming Pool, Landscaped Garden, Visitor Parking",9783.0,13305.0,24357118.0,0.055,1339641.0,30000.0,52878.0,2.61,0,1
101432,Bangalore,Whitefield,560066,mid,2.49,1,475.7,13,Runwal Group,0.78,Tier2,1,PKAR87263,10,"Swimming Pool, Indoor Games Room, Landscaped Garden, Clubhouse, Power Backup, Jogging Track, Visitor Parking, 24/7 Security, CCTV, Gymnasium",8031.0,11389.0,5417057.0,0.055,297938.0,30000.0,18325.0,4.06,1,1
101433,Bangalore,Whitefield,560066,mid,2.39,4,1531.4,4,Sobha Ltd,0.91,Tier1,1,PKAR87344,6,"Lift, Visitor Parking, Landscaped Garden, Power Backup, CCTV, Jogging Track",8425.0,11342.0,17369300.0,0.055,955311.0,30000.0,37801.0,2.61,1,1
101434,Bangalore,Whitefield,560066,mid,2.49,2,740.1,1,Regional Builders Ltd,0.5,Tier3,1,PKAR55388,7,"Power Backup, CCTV, Jogging Track, Landscaped Garden, Lift, Children's Play Area, Clubhouse",9806.0,12689.0,9390536.0,0.055,516480.0,30000.0,20125.0,2.57,1,1
101435,Bangalore,Whitefield,560066,mid,2.46,3,1127.6,10,Godrej Properties,0.93,Tier1,1,PKAR22394,12,"Landscaped Garden, 24/7 Security, Lift, Power Backup, Children's Play Area, CCTV, Indoor Games Room, Gymnasium, Swimming Pool, Clubhouse, Jogging Track, Visitor Parking",9040.0,14230.0,16045472.0,0.055,882501.0,30000.0,40679.0,3.04,0,1
101436,Bangalore,Whitefield,560066,mid,2.44,1,498.9,12,Sobha Ltd,0.91,Tier1,1,PKAR61719,6,"Children's Play Area, Swimming Pool, Visitor Parking, Power Backup, Landscaped Garden, Indoor Games Room",9850.0,12777.0,6374271.0,0.055,350585.0,30000.0,19598.0,3.69,1,1
101437,Bangalore,Whitefield,560066,mid,2.91,2,696.5,1,Godrej Properties,0.93,Tier1,1,PKAR17589,8,"Clubhouse, Children's Play Area, Swimming Pool, Visitor Parking, Indoor Games Room, Gymnasium, Landscaped Garden, Jogging Track",10042.0,14705.0,10241284.0,0.055,563271.0,30000.0,26252.0,3.08,0,1
101438,Bangalore,Whitefield,560066,mid,2.33,2,778.5,20,Lodha Group,0.95,Tier1,1,PKAR20030,12,"24/7 Security, Children's Play Area, Landscaped Garden, Swimming Pool, Lift, Visitor Parking, Jogging Track, Clubhouse, Power Backup, Indoor Games Room, CCTV, Gymnasium",9271.0,13911.0,10829657.0,0.055,595631.0,30000.0,23928.0,2.65,1,1
101439,Bangalore,Whitefield,560066,mid,2.25,3,1154.5,9,Puravankara,0.8,Tier2,1,PKAR14560,9,"Power Backup, Clubhouse, Lift, Swimming Pool, Indoor Games Room, Jogging Track, Landscaped Garden, CCTV, Visitor Parking",9447.0,12718.0,14683608.0,0.055,807598.0,30000.0,32192.0,2.63,1,1
101440,Bangalore,Whitefield,560066,mid,2.89,3,1380.9,18,Brigade Group,0.88,Tier1,1,PKAR71803,3,"CCTV, Children's Play Area, Lift",9292.0,11243.0,15526355.0,0.055,853950.0,30000.0,27749.0,2.14,1,0
101441,Bangalore,Koramangala,560034,premium,0.67,3,1224.2,0,Runwal Group,0.78,Tier2,1,PKAR29088,3,"24/7 Security, Power Backup, Clubhouse",15305.0,19056.0,23328268.0,0.055,1283055.0,30000.0,31969.0,1.64,1,0
101442,Bangalore,Koramangala,560034,premium,0.7,3,1234.5,11,Regional Builders Ltd,0.5,Tier3,0,,10,"24/7 Security, CCTV, Swimming Pool, Clubhouse, Gymnasium, Indoor Games Room, Visitor Parking, Lift, Landscaped Garden, Children's Play Area",13518.0,16629.0,20528743.0,0.055,1129081.0,30000.0,23331.0,1.36,0,1
101443,Bangalore,Koramangala,560034,premium,0.98,2,946.1,15,Lodha Group,0.95,Tier1,1,PKAR96184,8,"Landscaped Garden, Children's Play Area, Clubhouse, Jogging Track, CCTV, Indoor Games Room, Visitor Parking, Power Backup",15404.0,22035.0,20846919.0,0.055,1146581.0,30000.0,35999.0,2.07,1,1
101444,Bangalore,Koramangala,560034,premium,0.83,4,2006.8,0,Puravankara,0.8,Tier2,1,PKAR31037,4,"Indoor Games Room, Landscaped Garden, Visitor Parking, Children's Play Area",17402.0,24482.0,49130605.0,0.055,2702183.0,30000.0,88995.0,2.17,0,0
101445,Bangalore,Koramangala,560034,premium,0.81,2,678.5,3,Kolte-Patil,0.82,Tier2,1,PKAR98035,4,"Clubhouse, Lift, Jogging Track, Visitor Parking",15068.0,20611.0,13983918.0,0.055,769115.0,30000.0,25316.0,2.17,1,0
101446,Bangalore,Koramangala,560034,premium,0.92,2,943.9,12,Puravankara,0.8,Tier2,1,PKAR37882,7,"Power Backup, Swimming Pool, CCTV, Gymnasium, Landscaped Garden, Clubhouse, Indoor Games Room",17716.0,20633.0,19475451.0,0.055,1071150.0,30000.0,30353.0,1.87,1,1
101447,Bangalore,Koramangala,560034,premium,0.91,2,848.0,13,Prestige Group,0.92,Tier1,1,PKAR87103,7,"Children's Play Area, Landscaped Garden, Lift, Gymnasium, Swimming Pool, 24/7 Security, CCTV",18299.0,26431.0,22413395.0,0.055,1232737.0,30000.0,33585.0,1.8,1,1
101448,Bangalore,Koramangala,560034,premium,0.86,2,700.0,17,Runwal Group,0.78,Tier2,1,PKAR84182,11,"Clubhouse, Indoor Games Room, Lift, Power Backup, CCTV, Gymnasium, Visitor Parking, 24/7 Security, Jogging Track, Landscaped Garden, Children's Play Area",17494.0,24624.0,17235531.0,0.055,947954.0,30000.0,25683.0,1.79,0,1
101449,Bangalore,Koramangala,560034,premium,0.84,2,695.9,11,Regional Builders Ltd,0.5,Tier3,1,PKAR61059,5,"Indoor Games Room, Children's Play Area, 24/7 Security, Visitor Parking, Power Backup",18514.0,20935.0,14568073.0,0.055,801244.0,30000.0,24324.0,2.0,1,0
101450,Bangalore,Koramangala,560034,premium,0.75,4,2017.9,21,Kolte-Patil,0.82,Tier2,1,PKAR88465,12,"Visitor Parking, Clubhouse, Indoor Games Room, Children's Play Area, CCTV, Jogging Track, Landscaped Garden, Swimming Pool, Gymnasium, Power Backup, 24/7 Security, Lift",18523.0,25442.0,51339121.0,0.055,2823652.0,30000.0,77141.0,1.8,1,1
101451,Bangalore,Koramangala,560034,premium,0.54,3,1286.2,19,Brigade Group,0.88,Tier1,1,PKAR20815,12,"Clubhouse, 24/7 Security, Power Backup, Children's Play Area, Landscaped Garden, Jogging Track, Gymnasium, Swimming Pool, Lift, Visitor Parking, Indoor Games Room, CCTV",13672.0,22715.0,29217689.0,0.055,1606973.0,30000.0,35882.0,1.47,0,1
101452,Bangalore,Koramangala,560034,premium,0.74,2,937.1,24,Brigade Group,0.88,Tier1,1,PKAR25611,6,"Visitor Parking, Landscaped Garden, Jogging Track, Lift, Children's Play Area, Power Backup",15013.0,19155.0,17949808.0,0.055,987239.0,30000.0,28628.0,1.91,1,1
101453,Bangalore,Koramangala,560034,premium,1.06,2,753.7,0,Godrej Properties,0.93,Tier1,1,PKAR79872,5,"CCTV, Gymnasium, Power Backup, Clubhouse, 24/7 Security",17024.0,25163.0,18963866.0,0.055,1043013.0,30000.0,35907.0,2.27,0,0
101454,Bangalore,Koramangala,560034,premium,0.8,2,716.1,16,Kolte-Patil,0.82,Tier2,1,PKAR17692,9,"Indoor Games Room, Swimming Pool, Gymnasium, 24/7 Security, Power Backup, Lift, CCTV, Clubhouse, Jogging Track",17948.0,25190.0,18037475.0,0.055,992061.0,30000.0,29950.0,1.99,1,1
101455,Bangalore,Koramangala,560034,premium,0.79,2,790.4,16,Godrej Properties,0.93,Tier1,1,PKAR65766,7,"Gymnasium, Lift, Power Backup, Children's Play Area, Landscaped Garden, Indoor Games Room, 24/7 Security",16276.0,21616.0,17085321.0,0.055,939693.0,30000.0,26775.0,1.88,0,1
101456,Bangalore,Koramangala,560034,premium,0.91,2,671.3,5,Local Developer Co,0.55,Tier3,1,PKAR98867,3,"Visitor Parking, Indoor Games Room, CCTV",17303.0,20533.0,13784076.0,0.055,758124.0,30000.0,18866.0,1.64,0,0
101457,Bangalore,Koramangala,560034,premium,0.69,3,1079.9,15,Kolte-Patil,0.82,Tier2,1,PKAR54686,9,"Children's Play Area, Landscaped Garden, Clubhouse, Indoor Games Room, Swimming Pool, Visitor Parking, CCTV, Power Backup, Lift",19251.0,26557.0,28678463.0,0.055,1577315.0,30000.0,48539.0,2.03,1,1
101458,Bangalore,Koramangala,560034,premium,1.05,2,932.4,7,Regional Builders Ltd,0.5,Tier3,0,,7,"Gymnasium, Power Backup, 24/7 Security, Lift, Children's Play Area, Swimming Pool, CCTV",16720.0,22480.0,20959747.0,0.055,1152786.0,30000.0,31043.0,1.78,1,1
101459,Bangalore,Koramangala,560034,premium,0.81,2,818.7,0,Local Developer Co,0.55,Tier3,1,PKAR37399,5,"24/7 Security, Indoor Games Room, CCTV, Gymnasium, Children's Play Area",17427.0,21853.0,17890892.0,0.055,983999.0,30000.0,24955.0,1.67,1,0
101460,Bangalore,Koramangala,560034,premium,0.85,2,917.4,21,Godrej Properties,0.93,Tier1,1,PKAR98143,9,"Swimming Pool, Children's Play Area, Indoor Games Room, Landscaped Garden, 24/7 Security, Power Backup, Lift, CCTV, Jogging Track",17901.0,24458.0,22438337.0,0.055,1234109.0,30000.0,32382.0,1.73,1,1
101461,Bangalore,Koramangala,560034,premium,0.82,1,421.5,16,Regional Builders Ltd,0.5,Tier3,1,PKAR56194,10,"Landscaped Garden, Clubhouse, Gymnasium, Children's Play Area, Jogging Track, Lift, Indoor Games Room, Visitor Parking, 24/7 Security, CCTV",17821.0,21151.0,8915719.0,0.055,490365.0,30000.0,15694.0,2.11,0,1
101462,Bangalore,Koramangala,560034,premium,1.11,4,1677.9,0,Godrej Properties,0.93,Tier1,1,PKAR87195,7,"Swimming Pool, Landscaped Garden, Children's Play Area, CCTV, Gymnasium, 24/7 Security, Lift",14500.0,21448.0,35986454.0,0.055,1979255.0,30000.0,63782.0,2.13,0,1
101463,Bangalore,Koramangala,560034,premium,0.84,1,417.3,2,Sobha Ltd,0.91,Tier1,1,PKAR18453,8,"Gymnasium, Clubhouse, Swimming Pool, 24/7 Security, Lift, Children's Play Area, Landscaped Garden, Indoor Games Room",18073.0,26970.0,11254344.0,0.055,618989.0,30000.0,19882.0,2.12,1,1
101464,Bangalore,Koramangala,560034,premium,0.76,4,2013.7,12,Godrej Properties,0.93,Tier1,1,PKAR71882,8,"CCTV, Jogging Track, Clubhouse, Children's Play Area, Landscaped Garden, Swimming Pool, Lift, Indoor Games Room",17455.0,24070.0,48471723.0,0.055,2665945.0,30000.0,74717.0,1.85,1,1
101465,Bangalore,Koramangala,560034,premium,1.0,2,772.4,8,Prestige Group,0.92,Tier1,1,PKAR67388,11,"24/7 Security, Gymnasium, Clubhouse, Visitor Parking, Landscaped Garden, Power Backup, Swimming Pool, CCTV, Jogging Track, Indoor Games Room, Lift",18439.0,29761.0,22987699.0,0.055,1264323.0,30000.0,34040.0,1.78,1,1
101466,Bangalore,Koramangala,560034,premium,1.18,1,404.6,12,Puravankara,0.8,Tier2,1,PKAR35284,3,"Landscaped Garden, Lift, 24/7 Security",13861.0,17842.0,7219432.0,0.055,397069.0,30000.0,11465.0,1.91,1,0
101467,Bangalore,Koramangala,560034,premium,0.74,2,844.9,4,Oberoi Realty,0.9,Tier1,1,PKAR62020,10,"CCTV, Visitor Parking, Clubhouse, 24/7 Security, Power Backup, Gymnasium, Swimming Pool, Lift, Indoor Games Room, Children's Play Area",14399.0,20888.0,17648669.0,0.055,970677.0,30000.0,28458.0,1.93,0,1
101468,Bangalore,Koramangala,560034,premium,0.65,4,2187.1,22,Brigade Group,0.88,Tier1,1,PKAR40212,10,"Children's Play Area, Jogging Track, Indoor Games Room, Landscaped Garden, CCTV, Clubhouse, Swimming Pool, Lift, Power Backup, Gymnasium",17645.0,22294.0,48760204.0,0.055,2681811.0,30000.0,63380.0,1.56,0,1
101469,Bangalore,Koramangala,560034,premium,1.05,4,1888.1,14,Godrej Properties,0.93,Tier1,1,PKAR45846,3,"Power Backup, Swimming Pool, Children's Play Area",16682.0,20851.0,39368368.0,0.055,2165260.0,30000.0,59083.0,1.8,1,0
101470,Bangalore,Koramangala,560034,premium,0.96,3,1035.4,13,Regional Builders Ltd,0.5,Tier3,1,PKAR86567,9,"Power Backup, Jogging Track, Landscaped Garden, Children's Play Area, Indoor Games Room, Swimming Pool, Gymnasium, CCTV, Lift",15022.0,17600.0,18222551.0,0.055,1002240.0,30000.0,31345.0,2.06,1,1
101471,Bangalore,Koramangala,560034,premium,0.95,1,501.5,8,Prestige Group,0.92,Tier1,1,PKAR45205,4,"Indoor Games Room, 24/7 Security, Clubhouse, Children's Play Area",14641.0,19406.0,9731332.0,0.055,535223.0,30000.0,22197.0,2.74,1,0
101472,Bangalore,Koramangala,560034,premium,0.77,3,1129.1,22,Oberoi Realty,0.9,Tier1,1,PKAR84994,7,"24/7 Security, Swimming Pool, Indoor Games Room, Children's Play Area, Landscaped Garden, Visitor Parking, Power Backup",18069.0,22778.0,25717620.0,0.055,1414469.0,30000.0,37616.0,1.76,0,1
101473,Bangalore,Koramangala,560034,premium,0.72,3,972.2,2,Sobha Ltd,0.91,Tier1,1,PKAR78594,4,"Power Backup, Swimming Pool, Visitor Parking, Jogging Track",13835.0,18691.0,18170957.0,0.055,999403.0,30000.0,33097.0,2.19,0,0
101474,Bangalore,Koramangala,560034,premium,0.84,1,383.4,9,Local Developer Co,0.55,Tier3,0,,12,"Visitor Parking, Lift, Power Backup, Children's Play Area, Indoor Games Room, Swimming Pool, Landscaped Garden, CCTV, Clubhouse, Jogging Track, Gymnasium, 24/7 Security",14059.0,17644.0,6764867.0,0.055,372068.0,30000.0,11354.0,2.01,0,1
101475,Bangalore,Koramangala,560034,premium,0.95,2,693.2,20,Lodha Group,0.95,Tier1,1,PKAR46696,8,"Swimming Pool, Gymnasium, Jogging Track, Children's Play Area, Power Backup, Visitor Parking, CCTV, Landscaped Garden",19342.0,25575.0,17729518.0,0.055,975124.0,30000.0,32890.0,2.23,1,1
101476,Bangalore,Koramangala,560034,premium,0.31,4,1913.0,19,Regional Builders Ltd,0.5,Tier3,0,,11,"CCTV, Lift, 24/7 Security, Children's Play Area, Swimming Pool, Gymnasium, Landscaped Garden, Jogging Track, Indoor Games Room, Clubhouse, Visitor Parking",13686.0,17539.0,33552416.0,0.055,1845383.0,30000.0,48283.0,1.73,1,1
101477,Bangalore,Koramangala,560034,premium,0.73,3,1297.7,7,Prestige Group,0.92,Tier1,1,PKAR65679,5,"Children's Play Area, Power Backup, Landscaped Garden, CCTV, Visitor Parking",19012.0,28337.0,36772629.0,0.055,2022495.0,30000.0,63696.0,2.08,0,0
101478,Bangalore,Koramangala,560034,premium,0.94,3,1389.0,13,Prestige Group,0.92,Tier1,1,PKAR64117,7,"Power Backup, 24/7 Security, Indoor Games Room, Gymnasium, Lift, Landscaped Garden, Visitor Parking",15101.0,21472.0,29825905.0,0.055,1640425.0,30000.0,46627.0,1.88,0,1
101479,Bangalore,Koramangala,560034,premium,0.69,1,419.1,1,Runwal Group,0.78,Tier2,1,PKAR49628,4,"Clubhouse, Power Backup, Lift, Children's Play Area",19323.0,25550.0,10708934.0,0.055,588991.0,30000.0,19233.0,2.16,1,0
101480,Bangalore,Koramangala,560034,premium,0.7,2,740.2,24,Oberoi Realty,0.9,Tier1,1,PKAR88041,4,"Landscaped Garden, Visitor Parking, CCTV, Swimming Pool",17596.0,20457.0,15141790.0,0.055,832798.0,30000.0,20485.0,1.62,0,0
101481,Bangalore,Koramangala,560034,premium,0.87,2,821.7,1,Oberoi Realty,0.9,Tier1,1,PKAR24661,8,"Visitor Parking, Gymnasium, Indoor Games Room, Power Backup, Swimming Pool, Jogging Track, Landscaped Garden, 24/7 Security",17493.0,26113.0,21457352.0,0.055,1180154.0,30000.0,33683.0,1.88,0,1
101482,Bangalore,Koramangala,560034,premium,0.78,4,1664.6,6,Local Developer Co,0.55,Tier3,1,PKAR33762,12,"Visitor Parking, Power Backup, Landscaped Garden, Swimming Pool, Children's Play Area, Jogging Track, CCTV, Indoor Games Room, Gymnasium, Clubhouse, Lift, 24/7 Security",17786.0,25363.0,42220262.0,0.055,2322114.0,30000.0,61828.0,1.76,1,1
101483,Bangalore,Koramangala,560034,premium,0.8,2,789.7,3,Kolte-Patil,0.82,Tier2,1,PKAR44596,11,"Lift, Jogging Track, Children's Play Area, Landscaped Garden, 24/7 Security, Gymnasium, Power Backup, Indoor Games Room, Clubhouse, Visitor Parking, Swimming Pool",16563.0,24620.0,19443730.0,0.055,1069405.0,30000.0,35315.0,2.18,0,1
101484,Bangalore,Koramangala,560034,premium,0.48,3,1168.0,17,Runwal Group,0.78,Tier2,1,PKAR43301,11,"24/7 Security, Visitor Parking, Power Backup, Clubhouse, Gymnasium, Swimming Pool, CCTV, Jogging Track, Indoor Games Room, Landscaped Garden, Lift",17139.0,22728.0,26547371.0,0.055,1460105.0,30000.0,31448.0,1.42,1,1
101485,Bangalore,Koramangala,560034,premium,0.73,2,703.9,24,Godrej Properties,0.93,Tier1,1,PKAR86697,5,"Children's Play Area, Jogging Track, 24/7 Security, Lift, Visitor Parking",17188.0,22989.0,16182537.0,0.055,890040.0,30000.0,20882.0,1.55,0,0
101486,Bangalore,Koramangala,560034,premium,0.87,4,1574.0,22,Puravankara,0.8,Tier2,1,PKAR25158,9,"Gymnasium, Indoor Games Room, Landscaped Garden, CCTV, Jogging Track, Lift, Visitor Parking, 24/7 Security, Power Backup",19048.0,23942.0,37685109.0,0.055,2072681.0,30000.0,61850.0,1.97,1,1
101487,Bangalore,Koramangala,560034,premium,0.61,2,788.1,1,Prestige Group,0.92,Tier1,1,PKAR63694,3,"Landscaped Garden, Jogging Track, CCTV",14394.0,18330.0,14445554.0,0.055,794505.0,30000.0,26746.0,2.22,1,0
101488,Bangalore,Koramangala,560034,premium,0.87,2,777.6,24,Local Developer Co,0.55,Tier3,1,PKAR69597,4,"Indoor Games Room, 24/7 Security, Visitor Parking, Power Backup",17565.0,18437.0,14336343.0,0.055,788499.0,30000.0,30851.0,2.58,0,0
101489,Bangalore,Koramangala,560034,premium,0.67,2,837.7,16,Godrej Properties,0.93,Tier1,1,PKAR64287,11,"Lift, Jogging Track, Visitor Parking, Clubhouse, Children's Play Area, Power Backup, Landscaped Garden, Swimming Pool, 24/7 Security, CCTV, Gymnasium",16814.0,23219.0,19449727.0,0.055,1069735.0,30000.0,31560.0,1.95,0,1
101490,Bangalore,Koramangala,560034,premium,0.89,2,746.9,18,Brigade Group,0.88,Tier1,1,PKAR48615,12,"Swimming Pool, Clubhouse, Children's Play Area, 24/7 Security, Indoor Games Room, Power Backup, Jogging Track, Visitor Parking, Landscaped Garden, Lift, Gymnasium, CCTV",16957.0,23703.0,17704080.0,0.055,973724.0,30000.0,35842.0,2.43,1,1
101491,Bangalore,Koramangala,560034,premium,0.6,3,978.7,20,Local Developer Co,0.55,Tier3,0,,5,"Swimming Pool, Clubhouse, Children's Play Area, Lift, 24/7 Security",13949.0,16982.0,16620182.0,0.055,914110.0,30000.0,21406.0,1.55,1,0
101492,Bangalore,Koramangala,560034,premium,0.88,2,780.9,24,Prestige Group,0.92,Tier1,1,PKAR36702,8,"Landscaped Garden, 24/7 Security, Clubhouse, Children's Play Area, Indoor Games Room, Lift, CCTV, Power Backup",14490.0,19404.0,15151874.0,0.055,833353.0,30000.0,23583.0,1.87,0,1
101493,Bangalore,Koramangala,560034,premium,0.91,1,540.3,2,Local Developer Co,0.55,Tier3,0,,8,"Children's Play Area, CCTV, Gymnasium, Clubhouse, Jogging Track, Indoor Games Room, Landscaped Garden, Power Backup",18754.0,23757.0,12836362.0,0.055,706000.0,30000.0,17484.0,1.63,1,1
101494,Bangalore,Koramangala,560034,premium,0.79,1,452.4,20,Regional Builders Ltd,0.5,Tier3,1,PKAR22490,10,"Indoor Games Room, Swimming Pool, Jogging Track, Lift, 24/7 Security, Clubhouse, Gymnasium, Visitor Parking, Power Backup, Landscaped Garden",14535.0,18539.0,8386268.0,0.055,461245.0,30000.0,11081.0,1.59,0,1
101495,Bangalore,Koramangala,560034,premium,0.93,2,775.9,22,Lodha Group,0.95,Tier1,1,PKAR19411,6,"Lift, Landscaped Garden, 24/7 Security, CCTV, Children's Play Area, Gymnasium",18829.0,24698.0,19163876.0,0.055,1054013.0,30000.0,36883.0,2.31,1,1
101496,Bangalore,Koramangala,560034,premium,0.95,3,1067.6,2,Brigade Group,0.88,Tier1,1,PKAR67313,9,"Indoor Games Room, Visitor Parking, Lift, Power Backup, Gymnasium, 24/7 Security, Jogging Track, Clubhouse, CCTV",16676.0,24330.0,25974814.0,0.055,1428615.0,30000.0,31246.0,1.44,0,1
101497,Bangalore,Koramangala,560034,premium,0.72,2,733.2,21,Oberoi Realty,0.9,Tier1,1,PKAR13771,6,"Visitor Parking, CCTV, Landscaped Garden, Lift, Gymnasium, Indoor Games Room",17179.0,20985.0,15386429.0,0.055,846254.0,30000.0,20195.0,1.58,1,1
101498,Bangalore,Koramangala,560034,premium,0.67,2,939.4,2,Sobha Ltd,0.91,Tier1,1,PKAR67142,11,"Children's Play Area, Swimming Pool, Jogging Track, Power Backup, Lift, Clubhouse, Indoor Games Room, Gymnasium, Visitor Parking, Landscaped Garden, 24/7 Security",15015.0,22621.0,21250768.0,0.055,1168792.0,30000.0,30974.0,1.75,1,1
101499,Bangalore,Koramangala,560034,premium,0.66,3,1352.5,22,Oberoi Realty,0.9,Tier1,1,PKAR70840,4,"CCTV, Clubhouse, Children's Play Area, Power Backup",17590.0,21925.0,29652982.0,0.055,1630914.0,30000.0,43496.0,1.76,1,0
101500,Bangalore,Koramangala,560034,premium,0.8,3,1172.3,17,Kolte-Patil,0.82,Tier2,1,PKAR60272,10,"Children's Play Area, Clubhouse, Gymnasium, CCTV, Jogging Track, Visitor Parking, Indoor Games Room, Power Backup, Lift, 24/7 Security",16228.0,21387.0,25072922.0,0.055,1379011.0,30000.0,34058.0,1.63,1,1
101501,Bangalore,Koramangala,560034,premium,0.52,1,413.6,2,Prestige Group,0.92,Tier1,1,PKAR22601,9,"Gymnasium, Landscaped Garden, Swimming Pool, 24/7 Security, Children's Play Area, Power Backup, Lift, CCTV, Indoor Games Room",13675.0,19998.0,8271063.0,0.055,454908.0,30000.0,12254.0,1.78,1,1
101502,Bangalore,Koramangala,560034,premium,1.02,2,842.2,7,Lodha Group,0.95,Tier1,1,PKAR23346,3,"Indoor Games Room, Swimming Pool, Power Backup",15037.0,17958.0,15123808.0,0.055,831809.0,30000.0,29295.0,2.32,0,0
101503,Bangalore,Koramangala,560034,premium,0.8,1,456.8,14,Brigade Group,0.88,Tier1,1,PKAR41831,3,"24/7 Security, Children's Play Area, Landscaped Garden",16908.0,20928.0,9560028.0,0.055,525802.0,30000.0,16390.0,2.06,1,0
101504,Bangalore,Koramangala,560034,premium,0.68,4,1736.5,17,Runwal Group,0.78,Tier2,1,PKAR59537,5,"24/7 Security, Clubhouse, Gymnasium, CCTV, Visitor Parking",14229.0,17433.0,30271468.0,0.055,1664931.0,30000.0,48249.0,1.91,1,0
101505,Bangalore,Koramangala,560034,premium,0.84,3,1053.3,15,Puravankara,0.8,Tier2,1,PKAR12068,3,"Children's Play Area, Power Backup, Landscaped Garden",18515.0,22069.0,23246203.0,0.055,1278541.0,30000.0,34818.0,1.8,1,0
101506,Bangalore,Koramangala,560034,premium,0.96,2,667.7,0,Regional Builders Ltd,0.5,Tier3,1,PKAR91894,11,"Lift, Indoor Games Room, Swimming Pool, Children's Play Area, Landscaped Garden, Clubhouse, Gymnasium, Jogging Track, CCTV, Visitor Parking, 24/7 Security",15597.0,21470.0,14336309.0,0.055,788497.0,30000.0,25050.0,2.1,1,1
101507,Bangalore,Koramangala,560034,premium,0.81,2,688.6,24,Lodha Group,0.95,Tier1,1,PKAR16245,4,"Children's Play Area, Power Backup, 24/7 Security, Jogging Track",16386.0,19396.0,13355089.0,0.055,734530.0,30000.0,23341.0,2.1,0,0
101508,Bangalore,Koramangala,560034,premium,0.98,2,880.9,14,Local Developer Co,0.55,Tier3,0,,4,"Visitor Parking, 24/7 Security, Swimming Pool, Clubhouse",14999.0,17696.0,15588607.0,0.055,857373.0,30000.0,27766.0,2.14,1,0
101509,Bangalore,Koramangala,560034,premium,0.52,2,685.3,24,Oberoi Realty,0.9,Tier1,1,PKAR53183,6,"Gymnasium, Visitor Parking, 24/7 Security, Indoor Games Room, CCTV, Swimming Pool",19068.0,23501.0,16106405.0,0.055,885852.0,30000.0,24004.0,1.79,0,1
101510,Bangalore,Koramangala,560034,premium,0.8,3,1132.2,16,Regional Builders Ltd,0.5,Tier3,1,PKAR37144,12,"Clubhouse, Visitor Parking, 24/7 Security, Power Backup, CCTV, Lift, Swimming Pool, Indoor Games Room, Children's Play Area, Jogging Track, Gymnasium, Landscaped Garden",19112.0,26548.0,30058047.0,0.055,1653193.0,30000.0,39481.0,1.58,0,1
101511,Bangalore,Koramangala,560034,premium,0.88,3,1273.6,11,Local Developer Co,0.55,Tier3,1,PKAR47990,6,"Children's Play Area, Indoor Games Room, Power Backup, CCTV, Clubhouse, Jogging Track",13786.0,15823.0,20151518.0,0.055,1108333.0,30000.0,30463.0,1.81,1,1
101512,Bangalore,Koramangala,560034,premium,0.85,2,740.8,0,Brigade Group,0.88,Tier1,1,PKAR66672,7,"Swimming Pool, Power Backup, Gymnasium, CCTV, Clubhouse, Children's Play Area, 24/7 Security",14107.0,19908.0,14748927.0,0.055,811191.0,30000.0,19850.0,1.62,1,1
101513,Bangalore,Koramangala,560034,premium,0.92,3,1118.7,8,Kolte-Patil,0.82,Tier2,1,PKAR84942,10,"Gymnasium, Landscaped Garden, 24/7 Security, Power Backup, Visitor Parking, Lift, Swimming Pool, Children's Play Area, Clubhouse, CCTV",14824.0,20958.0,23446011.0,0.055,1289531.0,30000.0,29280.0,1.5,1,1
101514,Bangalore,Koramangala,560034,premium,0.86,3,1193.7,4,Puravankara,0.8,Tier2,1,PKAR53094,3,"Clubhouse, Indoor Games Room, Power Backup",17684.0,22140.0,26428575.0,0.055,1453572.0,30000.0,46113.0,2.09,0,0
101515,Bangalore,Koramangala,560034,premium,0.62,3,1051.7,19,Puravankara,0.8,Tier2,1,PKAR60099,6,"Landscaped Garden, Indoor Games Room, Power Backup, Swimming Pool, Jogging Track, CCTV",13833.0,17324.0,18219390.0,0.055,1002066.0,30000.0,20834.0,1.37,0,1
101516,Bangalore,Koramangala,560034,premium,0.71,2,932.1,17,Sobha Ltd,0.91,Tier1,1,PKAR33248,8,"Gymnasium, Children's Play Area, Lift, Landscaped Garden, CCTV, 24/7 Security, Jogging Track, Power Backup",16675.0,23168.0,21594254.0,0.055,1187684.0,30000.0,24415.0,1.36,0,1
101517,Bangalore,Koramangala,560034,premium,0.44,1,520.6,2,Prestige Group,0.92,Tier1,1,PKAR98268,7,"Jogging Track, Landscaped Garden, Indoor Games Room, Visitor Parking, Lift, 24/7 Security, Gymnasium",14901.0,21935.0,11418181.0,0.055,628000.0,30000.0,20747.0,2.18,1,1
101518,Bangalore,Koramangala,560034,premium,0.77,4,1577.1,14,Oberoi Realty,0.9,Tier1,1,PKAR74889,6,"Swimming Pool, Clubhouse, Children's Play Area, Gymnasium, 24/7 Security, Power Backup",18365.0,25239.0,39803774.0,0.055,2189208.0,30000.0,56433.0,1.7,1,1
101519,Bangalore,Koramangala,560034,premium,1.22,3,1350.6,16,Runwal Group,0.78,Tier2,1,PKAR30186,4,"Children's Play Area, Visitor Parking, Gymnasium, Power Backup",18990.0,23072.0,31159924.0,0.055,1713796.0,30000.0,60202.0,2.32,1,0
101520,Bangalore,Koramangala,560034,premium,0.9,1,449.3,22,Lodha Group,0.95,Tier1,1,PKAR50955,4,"Visitor Parking, 24/7 Security, Jogging Track, Indoor Games Room",18140.0,22861.0,10271891.0,0.055,564954.0,30000.0,19437.0,2.27,1,0
101521,Bangalore,Koramangala,560034,premium,0.69,1,530.2,1,Brigade Group,0.88,Tier1,1,PKAR21797,9,"CCTV, Jogging Track, Clubhouse, Gymnasium, Lift, Swimming Pool, Indoor Games Room, 24/7 Security, Landscaped Garden",18363.0,27082.0,14358243.0,0.055,789703.0,30000.0,31261.0,2.61,1,1
101522,Bangalore,Koramangala,560034,premium,0.65,3,1231.7,1,Brigade Group,0.88,Tier1,1,PKAR36174,7,"Swimming Pool, 24/7 Security, Power Backup, Visitor Parking, Clubhouse, Landscaped Garden, Lift",19259.0,27961.0,34438858.0,0.055,1894137.0,30000.0,57201.0,1.99,1,1
101523,Bangalore,Koramangala,560034,premium,0.74,2,742.5,1,Lodha Group,0.95,Tier1,1,PKAR15580,8,"Indoor Games Room, Swimming Pool, Jogging Track, Gymnasium, Lift, Power Backup, 24/7 Security, Landscaped Garden",13917.0,19613.0,14562056.0,0.055,800913.0,30000.0,26957.0,2.22,1,1
101524,Bangalore,Koramangala,560034,premium,1.07,4,2116.7,17,Puravankara,0.8,Tier2,1,PKAR46431,10,"24/7 Security, Indoor Games Room, Children's Play Area, Swimming Pool, Power Backup, Landscaped Garden, Jogging Track, CCTV, Lift, Clubhouse",14225.0,19011.0,40240466.0,0.055,2213226.0,30000.0,50856.0,1.52,1,1
101525,Bangalore,Koramangala,560034,premium,0.65,3,1349.8,17,Prestige Group,0.92,Tier1,1,PKAR29007,4,"Power Backup, Landscaped Garden, 24/7 Security, Children's Play Area",18746.0,24582.0,33180112.0,0.055,1824906.0,30000.0,59939.0,2.17,1,0
101526,Bangalore,Koramangala,560034,premium,0.72,1,431.2,13,Puravankara,0.8,Tier2,1,PKAR66586,7,"Children's Play Area, Lift, 24/7 Security, Jogging Track, Clubhouse, Visitor Parking, Landscaped Garden",15324.0,19752.0,8517817.0,0.055,468480.0,30000.0,15359.0,2.16,1,1
101527,Bangalore,Koramangala,560034,premium,0.69,3,988.1,22,Regional Builders Ltd,0.5,Tier3,1,PKAR31705,3,"Lift, Swimming Pool, Jogging Track",17751.0,17534.0,17325490.0,0.055,952902.0,30000.0,26804.0,1.86,0,0
101528,Bangalore,Koramangala,560034,premium,0.68,3,952.8,23,Brigade Group,0.88,Tier1,1,PKAR82637,5,"Indoor Games Room, Gymnasium, Clubhouse, Jogging Track, Visitor Parking",16570.0,20507.0,19538491.0,0.055,1074617.0,30000.0,28502.0,1.75,1,0
101529,Bangalore,Koramangala,560034,premium,0.91,2,837.6,23,Kolte-Patil,0.82,Tier2,1,PKAR30232,11,"Swimming Pool, Lift, Visitor Parking, Clubhouse, CCTV, Gymnasium, Children's Play Area, Jogging Track, 24/7 Security, Power Backup, Indoor Games Room",18678.0,25527.0,21380991.0,0.055,1175954.0,30000.0,33358.0,1.87,1,1
101530,Bangalore,Koramangala,560034,premium,0.75,3,1257.2,11,Lodha Group,0.95,Tier1,1,PKAR22083,11,"Swimming Pool, Landscaped Garden, Jogging Track, Indoor Games Room, CCTV, Children's Play Area, Clubhouse, Visitor Parking, Lift, Power Backup, Gymnasium",18662.0,26524.0,33345891.0,0.055,1834024.0,30000.0,57374.0,2.06,0,1
101531,Bangalore,Koramangala,560034,premium,0.64,3,1107.7,2,Godrej Properties,0.93,Tier1,1,PKAR85976,3,"Gymnasium, CCTV, Jogging Track",16437.0,21475.0,23788030.0,0.055,1308342.0,30000.0,40891.0,2.06,0,0
101532,Bangalore,Koramangala,560034,premium,0.59,1,513.9,7,Lodha Group,0.95,Tier1,1,PKAR23659,3,"Power Backup, Indoor Games Room, Lift",17453.0,21618.0,11108971.0,0.055,610993.0,30000.0,23558.0,2.54,1,0
101533,Bangalore,Koramangala,560034,premium,0.55,3,1302.8,14,Runwal Group,0.78,Tier2,1,PKAR41390,12,"Children's Play Area, Power Backup, Indoor Games Room, Landscaped Garden, Swimming Pool, Visitor Parking, 24/7 Security, CCTV, Clubhouse, Jogging Track, Lift, Gymnasium",18629.0,26266.0,34218175.0,0.055,1882000.0,30000.0,43140.0,1.51,1,1
101534,Bangalore,Koramangala,560034,premium,0.94,3,1020.9,10,Prestige Group,0.92,Tier1,1,PKAR25389,12,"Lift, Swimming Pool, Children's Play Area, Visitor Parking, Power Backup, CCTV, Gymnasium, Landscaped Garden, 24/7 Security, Indoor Games Room, Jogging Track, Clubhouse",14049.0,20435.0,20861458.0,0.055,1147380.0,30000.0,37596.0,2.16,1,1
101535,Bangalore,Koramangala,560034,premium,0.59,2,902.7,24,Lodha Group,0.95,Tier1,1,PKAR43557,5,"Indoor Games Room, Visitor Parking, Landscaped Garden, Clubhouse, Lift",18399.0,23836.0,21517829.0,0.055,1183481.0,30000.0,30217.0,1.69,1,0
101536,Bangalore,Koramangala,560034,premium,0.87,2,705.7,22,Runwal Group,0.78,Tier2,1,PKAR82495,11,"Landscaped Garden, CCTV, Clubhouse, Power Backup, Lift, Children's Play Area, Visitor Parking, Swimming Pool, 24/7 Security, Jogging Track, Gymnasium",16793.0,21746.0,15345556.0,0.055,844006.0,30000.0,24040.0,1.88,1,1
101537,Bangalore,Koramangala,560034,premium,1.11,1,486.6,13,Puravankara,0.8,Tier2,1,PKAR52621,10,"Jogging Track, Lift, Landscaped Garden, Indoor Games Room, Gymnasium, 24/7 Security, Swimming Pool, CCTV, Visitor Parking, Children's Play Area",16908.0,23380.0,11377672.0,0.055,625772.0,30000.0,18591.0,1.96,1,1
101538,Bangalore,Koramangala,560034,premium,1.07,2,947.5,9,Kolte-Patil,0.82,Tier2,1,PKAR41670,9,"Gymnasium, Indoor Games Room, Lift, Children's Play Area, Visitor Parking, CCTV, 24/7 Security, Jogging Track, Clubhouse",19042.0,25108.0,23788600.0,0.055,1308373.0,30000.0,34422.0,1.74,1,1
101539,Bangalore,Koramangala,560034,premium,0.65,3,960.2,14,Local Developer Co,0.55,Tier3,0,,6,"Clubhouse, Jogging Track, 24/7 Security, Landscaped Garden, Lift, CCTV",14877.0,17691.0,16987195.0,0.055,934296.0,30000.0,28389.0,2.01,1,1
101540,Bangalore,Koramangala,560034,premium,0.54,2,744.7,4,Puravankara,0.8,Tier2,1,PKAR93324,11,"Visitor Parking, Gymnasium, Indoor Games Room, Swimming Pool, 24/7 Security, Power Backup, Landscaped Garden, Children's Play Area, Lift, CCTV, Clubhouse",15021.0,20825.0,15508201.0,0.055,852951.0,30000.0,24393.0,1.89,0,1
101541,Bangalore,Koramangala,560034,premium,0.83,3,1283.0,5,Godrej Properties,0.93,Tier1,1,PKAR35446,6,"Clubhouse, Indoor Games Room, Jogging Track, Landscaped Garden, Swimming Pool, 24/7 Security",15138.0,22721.0,29151409.0,0.055,1603327.0,30000.0,46684.0,1.92,1,1
101542,Bangalore,Koramangala,560034,premium,0.66,3,1250.9,3,Lodha Group,0.95,Tier1,1,PKAR31763,4,"Indoor Games Room, 24/7 Security, Gymnasium, Visitor Parking",15423.0,20103.0,25146291.0,0.055,1383046.0,30000.0,30572.0,1.46,0,0
101543,Bangalore,Koramangala,560034,premium,0.71,3,1303.8,4,Runwal Group,0.78,Tier2,1,PKAR51691,4,"Children's Play Area, Indoor Games Room, 24/7 Security, Jogging Track",18473.0,23155.0,30189849.0,0.055,1660442.0,30000.0,46260.0,1.84,1,0
101544,Bangalore,Koramangala,560034,premium,0.69,1,440.6,5,Local Developer Co,0.55,Tier3,1,PKAR69051,4,"Children's Play Area, Indoor Games Room, Landscaped Garden, Power Backup",14075.0,17028.0,7502318.0,0.055,412627.0,30000.0,13654.0,2.18,0,0
101545,Bangalore,Koramangala,560034,premium,0.69,2,870.0,21,Puravankara,0.8,Tier2,1,PKAR47740,4,"Children's Play Area, Lift, Gymnasium, CCTV",17327.0,20606.0,17928439.0,0.055,986064.0,30000.0,28673.0,1.92,1,0
101546,Bangalore,Koramangala,560034,premium,0.8,4,1640.6,4,Oberoi Realty,0.9,Tier1,1,PKAR53989,11,"Jogging Track, 24/7 Security, Gymnasium, CCTV, Clubhouse, Children's Play Area, Lift, Landscaped Garden, Power Backup, Visitor Parking, Indoor Games Room",18111.0,26605.0,43648538.0,0.055,2400670.0,30000.0,63446.0,1.74,1,1
101547,Bangalore,Koramangala,560034,premium,0.78,2,751.3,3,Kolte-Patil,0.82,Tier2,1,PKAR99297,10,"Swimming Pool, Clubhouse, Lift, Jogging Track, Children's Play Area, Visitor Parking, CCTV, Gymnasium, Indoor Games Room, 24/7 Security",18232.0,28564.0,21458594.0,0.055,1180223.0,30000.0,39886.0,2.23,0,1
101548,Bangalore,Koramangala,560034,premium,0.7,4,1861.0,20,Brigade Group,0.88,Tier1,1,PKAR89776,8,"Power Backup, Jogging Track, 24/7 Security, Indoor Games Room, Swimming Pool, CCTV, Lift, Visitor Parking",19248.0,24228.0,45088724.0,0.055,2479880.0,30000.0,76735.0,2.04,1,1
101549,Bangalore,Koramangala,560034,premium,0.71,2,780.6,4,Local Developer Co,0.55,Tier3,1,PKAR42914,11,"Clubhouse, Lift, Visitor Parking, Power Backup, Gymnasium, Jogging Track, Swimming Pool, Children's Play Area, Landscaped Garden, CCTV, Indoor Games Room",18699.0,23917.0,18669112.0,0.055,1026801.0,30000.0,31995.0,2.06,0,1
101550,Bangalore,Koramangala,560034,premium,0.71,3,1032.7,12,Kolte-Patil,0.82,Tier2,1,PKAR88802,4,"Power Backup, Swimming Pool, Gymnasium, Indoor Games Room",18103.0,21225.0,21917727.0,0.055,1205475.0,30000.0,34817.0,1.91,1,0
101551,Bangalore,Koramangala,560034,premium,0.63,2,726.9,6,Oberoi Realty,0.9,Tier1,1,PKAR10658,11,"24/7 Security, Swimming Pool, Visitor Parking, Clubhouse, Landscaped Garden, CCTV, Gymnasium, Power Backup, Children's Play Area, Lift, Jogging Track",15586.0,25115.0,18257044.0,0.055,1004137.0,30000.0,28694.0,1.89,1,1
101552,Bangalore,Koramangala,560034,premium,0.66,4,2017.4,21,Brigade Group,0.88,Tier1,1,PKAR60283,3,"Jogging Track, Lift, Visitor Parking",17908.0,20247.0,40845408.0,0.055,2246497.0,30000.0,53573.0,1.57,0,0
101553,Bangalore,Koramangala,560034,premium,0.83,4,1876.2,17,Brigade Group,0.88,Tier1,1,PKAR16644,3,"Gymnasium, Visitor Parking, Landscaped Garden",16744.0,18501.0,34711029.0,0.055,1909107.0,30000.0,55957.0,1.93,1,0
101554,Bangalore,Koramangala,560034,premium,0.72,3,955.2,3,Puravankara,0.8,Tier2,1,PKAR86569,9,"Indoor Games Room, CCTV, Clubhouse, Power Backup, Landscaped Garden, Gymnasium, Children's Play Area, Swimming Pool, Lift",16667.0,24343.0,23252733.0,0.055,1278900.0,30000.0,37148.0,1.92,1,1
101555,Bangalore,Koramangala,560034,premium,0.89,3,1369.8,2,Brigade Group,0.88,Tier1,1,PKAR81852,5,"Visitor Parking, Jogging Track, Clubhouse, Gymnasium, Landscaped Garden",14045.0,21478.0,29419548.0,0.055,1618075.0,30000.0,47965.0,1.96,1,0
101556,Bangalore,Koramangala,560034,premium,0.78,2,685.9,11,Brigade Group,0.88,Tier1,1,PKAR45932,9,"Clubhouse, Power Backup, Landscaped Garden, Gymnasium, Indoor Games Room, Children's Play Area, Swimming Pool, Visitor Parking, CCTV",16578.0,21869.0,14999258.0,0.055,824959.0,30000.0,24970.0,2.0,0,1
101557,Bangalore,Koramangala,560034,premium,0.68,3,1373.2,11,Sobha Ltd,0.91,Tier1,1,PKAR12255,5,"Swimming Pool, CCTV, Gymnasium, Clubhouse, 24/7 Security",18944.0,23681.0,32518850.0,0.055,1788537.0,30000.0,51259.0,1.89,1,0
101558,Bangalore,Koramangala,560034,premium,0.93,3,1333.5,7,Oberoi Realty,0.9,Tier1,1,PKAR96756,3,"Clubhouse, Power Backup, Visitor Parking",19221.0,25956.0,34612614.0,0.055,1903694.0,30000.0,62783.0,2.18,0,0
101559,Bangalore,Koramangala,560034,premium,0.67,2,901.2,13,Brigade Group,0.88,Tier1,1,PKAR74752,8,"CCTV, Jogging Track, 24/7 Security, Swimming Pool, Clubhouse, Gymnasium, Indoor Games Room, Children's Play Area",17287.0,22067.0,19885447.0,0.055,1093700.0,30000.0,27721.0,1.67,0,1
101560,Bangalore,Koramangala,560034,premium,0.9,2,825.1,17,Lodha Group,0.95,Tier1,1,PKAR42082,11,"Gymnasium, Swimming Pool, Lift, Power Backup, Visitor Parking, Jogging Track, Landscaped Garden, Indoor Games Room, 24/7 Security, Clubhouse, Children's Play Area",18193.0,25355.0,20919774.0,0.055,1150588.0,30000.0,36248.0,2.08,0,1
101561,Bangalore,HSR Layout,560102,mid-premium,1.58,2,687.4,7,Oberoi Realty,0.9,Tier1,1,PKAR42653,10,"Clubhouse, Lift, Jogging Track, Landscaped Garden, CCTV, Power Backup, Swimming Pool, Children's Play Area, 24/7 Security, Gymnasium",10478.0,15389.0,10577798.0,0.055,581779.0,30000.0,21669.0,2.46,1,1
101562,Bangalore,HSR Layout,560102,mid-premium,1.38,3,1130.0,2,Runwal Group,0.78,Tier2,1,PKAR77445,11,"Children's Play Area, Gymnasium, CCTV, Landscaped Garden, Indoor Games Room, Swimming Pool, Jogging Track, Clubhouse, Power Backup, Lift, 24/7 Security",12746.0,19297.0,21804804.0,0.055,1199264.0,30000.0,51035.0,2.81,0,1
101563,Bangalore,HSR Layout,560102,mid-premium,1.33,4,1512.4,6,Oberoi Realty,0.9,Tier1,1,PKAR34174,4,"Indoor Games Room, Landscaped Garden, CCTV, Gymnasium",10266.0,11561.0,17485582.0,0.055,961707.0,30000.0,29356.0,2.01,1,0
101564,Bangalore,HSR Layout,560102,mid-premium,1.36,3,1360.4,15,Puravankara,0.8,Tier2,1,PKAR19295,3,"Jogging Track, CCTV, 24/7 Security",11415.0,13445.0,18290323.0,0.055,1005968.0,30000.0,32512.0,2.13,0,0
101565,Bangalore,HSR Layout,560102,mid-premium,1.41,1,440.8,24,Lodha Group,0.95,Tier1,1,PKAR10469,4,"Swimming Pool, Landscaped Garden, Lift, Visitor Parking",12472.0,13782.0,6074658.0,0.055,334106.0,30000.0,14881.0,2.94,1,0
101566,Bangalore,HSR Layout,560102,mid-premium,1.22,2,724.7,16,Regional Builders Ltd,0.5,Tier3,1,PKAR73288,10,"Clubhouse, Jogging Track, Indoor Games Room, Swimming Pool, CCTV, Power Backup, Visitor Parking, Children's Play Area, Gymnasium, Landscaped Garden",12956.0,15924.0,11539788.0,0.055,634688.0,30000.0,19422.0,2.02,1,1
101567,Bangalore,HSR Layout,560102,mid-premium,1.59,1,507.8,1,Prestige Group,0.92,Tier1,1,PKAR14610,5,"24/7 Security, Gymnasium, CCTV, Landscaped Garden, Indoor Games Room",11396.0,15556.0,7899723.0,0.055,434485.0,30000.0,18765.0,2.85,1,0
101568,Bangalore,HSR Layout,560102,mid-premium,1.51,3,1395.1,19,Lodha Group,0.95,Tier1,1,PKAR94139,8,"Lift, Gymnasium, Clubhouse, Visitor Parking, 24/7 Security, CCTV, Landscaped Garden, Swimming Pool",11867.0,16517.0,23041819.0,0.055,1267300.0,30000.0,40064.0,2.09,1,1
101569,Bangalore,HSR Layout,560102,mid-premium,1.45,2,766.9,2,Brigade Group,0.88,Tier1,1,PKAR43453,5,"Children's Play Area, Landscaped Garden, 24/7 Security, Visitor Parking, Clubhouse",11860.0,15417.0,11822731.0,0.055,650250.0,30000.0,24409.0,2.48,1,0
101570,Bangalore,HSR Layout,560102,mid-premium,1.61,1,419.1,16,Puravankara,0.8,Tier2,1,PKAR50015,11,"Power Backup, CCTV, Jogging Track, Swimming Pool, Indoor Games Room, Visitor Parking, Children's Play Area, Gymnasium, 24/7 Security, Landscaped Garden, Clubhouse",10339.0,15237.0,6385513.0,0.055,351203.0,30000.0,14389.0,2.7,0,1
101571,Bangalore,HSR Layout,560102,mid-premium,1.66,4,1618.5,6,Lodha Group,0.95,Tier1,1,PKAR76255,6,"Jogging Track, Landscaped Garden, 24/7 Security, Lift, Indoor Games Room, Children's Play Area",13749.0,18509.0,29956626.0,0.055,1647614.0,30000.0,70733.0,2.83,1,1
101572,Bangalore,HSR Layout,560102,mid-premium,1.41,3,1045.8,1,Puravankara,0.8,Tier2,1,PKAR11464,4,"24/7 Security, Swimming Pool, Lift, Jogging Track",13302.0,16461.0,17215283.0,0.055,946841.0,30000.0,30708.0,2.14,0,0
101573,Bangalore,HSR Layout,560102,mid-premium,1.4,2,870.7,3,Godrej Properties,0.93,Tier1,1,PKAR91904,7,"Gymnasium, CCTV, 24/7 Security, Jogging Track, Visitor Parking, Landscaped Garden, Clubhouse",13405.0,20778.0,18092291.0,0.055,995076.0,30000.0,43481.0,2.88,1,1
101574,Bangalore,HSR Layout,560102,mid-premium,1.34,4,1501.2,13,Prestige Group,0.92,Tier1,1,PKAR66481,11,"Lift, Jogging Track, Swimming Pool, Visitor Parking, Power Backup, Gymnasium, Landscaped Garden, 24/7 Security, CCTV, Clubhouse, Children's Play Area",10007.0,15597.0,23413960.0,0.055,1287768.0,30000.0,53001.0,2.72,0,1
101575,Bangalore,HSR Layout,560102,mid-premium,1.48,2,700.6,18,Oberoi Realty,0.9,Tier1,1,PKAR12081,12,"CCTV, Visitor Parking, Children's Play Area, Power Backup, 24/7 Security, Landscaped Garden, Gymnasium, Clubhouse, Indoor Games Room, Jogging Track, Lift, Swimming Pool",9505.0,12962.0,9081382.0,0.055,499476.0,30000.0,21456.0,2.84,0,1
101576,Bangalore,HSR Layout,560102,mid-premium,1.1,2,863.9,8,Prestige Group,0.92,Tier1,1,PKAR51705,11,"Gymnasium, Indoor Games Room, Swimming Pool, 24/7 Security, Clubhouse, Lift, Landscaped Garden, Power Backup, CCTV, Visitor Parking, Children's Play Area",11569.0,15567.0,13448330.0,0.055,739658.0,30000.0,30544.0,2.73,0,1
101577,Bangalore,HSR Layout,560102,mid-premium,1.62,3,1065.6,12,Regional Builders Ltd,0.5,Tier3,0,,5,"Clubhouse, CCTV, Children's Play Area, Indoor Games Room, Gymnasium",10368.0,12540.0,13363055.0,0.055,734968.0,30000.0,21474.0,1.93,0,0
101578,Bangalore,HSR Layout,560102,mid-premium,1.17,4,1923.2,12,Oberoi Realty,0.9,Tier1,1,PKAR83999,8,"Lift, Jogging Track, Landscaped Garden, CCTV, Children's Play Area, Gymnasium, Swimming Pool, 24/7 Security",12867.0,17986.0,34589611.0,0.055,1902429.0,30000.0,64516.0,2.24,0,1
101579,Bangalore,HSR Layout,560102,mid-premium,1.18,1,459.2,13,Sobha Ltd,0.91,Tier1,1,PKAR77099,8,"Clubhouse, Indoor Games Room, Jogging Track, Gymnasium, Swimming Pool, Landscaped Garden, CCTV, Visitor Parking",9654.0,14024.0,6439593.0,0.055,354178.0,30000.0,12391.0,2.31,1,1
101580,Bangalore,HSR Layout,560102,mid-premium,1.61,2,827.8,5,Lodha Group,0.95,Tier1,1,PKAR36115,6,"Gymnasium, Children's Play Area, Jogging Track, Landscaped Garden, CCTV, Clubhouse",12596.0,18796.0,15559405.0,0.055,855767.0,30000.0,29300.0,2.26,1,1
101581,Bangalore,HSR Layout,560102,mid-premium,1.54,2,870.7,24,Prestige Group,0.92,Tier1,1,PKAR76616,12,"Lift, CCTV, Power Backup, Gymnasium, 24/7 Security, Children's Play Area, Indoor Games Room, Clubhouse, Jogging Track, Landscaped Garden, Visitor Parking, Swimming Pool",13834.0,18028.0,15696282.0,0.055,863295.0,30000.0,23993.0,1.83,0,1
101582,Bangalore,HSR Layout,560102,mid-premium,1.24,3,1143.6,8,Godrej Properties,0.93,Tier1,1,PKAR59071,9,"Landscaped Garden, Lift, Children's Play Area, Swimming Pool, Jogging Track, CCTV, Clubhouse, Gymnasium, 24/7 Security",12284.0,16916.0,19345599.0,0.055,1064008.0,30000.0,41256.0,2.56,0,1
101583,Bangalore,HSR Layout,560102,mid-premium,1.31,2,764.1,20,Brigade Group,0.88,Tier1,1,PKAR60971,12,"Power Backup, Visitor Parking, Swimming Pool, Landscaped Garden, 24/7 Security, Jogging Track, Gymnasium, Children's Play Area, CCTV, Indoor Games Room, Lift, Clubhouse",11857.0,16409.0,12537610.0,0.055,689569.0,30000.0,26907.0,2.58,1,1
101584,Bangalore,HSR Layout,560102,mid-premium,1.56,2,719.2,11,Brigade Group,0.88,Tier1,1,PKAR96127,3,"Power Backup, Landscaped Garden, 24/7 Security",13729.0,17786.0,12790649.0,0.055,703486.0,30000.0,19415.0,1.82,1,0
101585,Bangalore,HSR Layout,560102,mid-premium,1.44,3,1132.7,12,Lodha Group,0.95,Tier1,1,PKAR86562,4,"Indoor Games Room, Power Backup, 24/7 Security, Gymnasium",10012.0,13063.0,14797190.0,0.055,813845.0,30000.0,25698.0,2.08,0,0
101586,Bangalore,HSR Layout,560102,mid-premium,1.44,3,1034.5,4,Oberoi Realty,0.9,Tier1,1,PKAR33823,8,"Swimming Pool, Gymnasium, Landscaped Garden, Lift, Clubhouse, 24/7 Security, Visitor Parking, Power Backup",10034.0,13536.0,14003379.0,0.055,770186.0,30000.0,25361.0,2.17,0,1
101587,Bangalore,HSR Layout,560102,mid-premium,1.42,3,1365.7,4,Brigade Group,0.88,Tier1,1,PKAR92360,5,"Power Backup, Landscaped Garden, Indoor Games Room, Jogging Track, Swimming Pool",9595.0,13763.0,18796333.0,0.055,1033798.0,30000.0,29907.0,1.91,1,0
101588,Bangalore,HSR Layout,560102,mid-premium,1.12,3,1092.7,17,Sobha Ltd,0.91,Tier1,1,PKAR47178,3,"Indoor Games Room, Swimming Pool, Clubhouse",9776.0,11857.0,12956160.0,0.055,712589.0,30000.0,26741.0,2.48,1,0
101589,Bangalore,HSR Layout,560102,mid-premium,1.34,2,701.0,14,Puravankara,0.8,Tier2,1,PKAR81185,10,"Power Backup, Lift, Indoor Games Room, 24/7 Security, Gymnasium, Landscaped Garden, Jogging Track, Visitor Parking, CCTV, Swimming Pool",13353.0,20017.0,14032719.0,0.055,771800.0,30000.0,30671.0,2.62,0,1
101590,Bangalore,HSR Layout,560102,mid-premium,1.53,1,451.5,17,Sobha Ltd,0.91,Tier1,1,PKAR78038,11,"Clubhouse, Children's Play Area, Visitor Parking, Landscaped Garden, Indoor Games Room, Lift, CCTV, Gymnasium, Power Backup, Jogging Track, 24/7 Security",10470.0,15025.0,6783505.0,0.055,373093.0,30000.0,13163.0,2.33,1,1
101591,Bangalore,HSR Layout,560102,mid-premium,1.48,2,720.6,23,Brigade Group,0.88,Tier1,1,PKAR87476,12,"Jogging Track, Power Backup, Lift, Gymnasium, Children's Play Area, Indoor Games Room, Swimming Pool, Landscaped Garden, Clubhouse, CCTV, 24/7 Security, Visitor Parking",10491.0,13322.0,9599134.0,0.055,527952.0,30000.0,17549.0,2.19,1,1
101592,Bangalore,HSR Layout,560102,mid-premium,1.37,3,1011.4,7,Runwal Group,0.78,Tier2,1,PKAR73745,9,"Indoor Games Room, Gymnasium, Lift, Clubhouse, Power Backup, Swimming Pool, Jogging Track, Visitor Parking, 24/7 Security",12713.0,18474.0,18685224.0,0.055,1027687.0,30000.0,33242.0,2.13,0,1
101593,Bangalore,HSR Layout,560102,mid-premium,1.12,3,1057.7,14,Prestige Group,0.92,Tier1,1,PKAR67705,5,"24/7 Security, Swimming Pool, Lift, Gymnasium, CCTV",9822.0,12146.0,12846764.0,0.055,706572.0,30000.0,26821.0,2.51,1,0
101594,Bangalore,HSR Layout,560102,mid-premium,1.19,2,795.4,3,Prestige Group,0.92,Tier1,1,PKAR54039,9,"Swimming Pool, Gymnasium, Lift, CCTV, Clubhouse, Jogging Track, Visitor Parking, Landscaped Garden, Power Backup",12048.0,17126.0,13622812.0,0.055,749255.0,30000.0,27936.0,2.46,1,1
101595,Bangalore,HSR Layout,560102,mid-premium,1.35,2,814.0,17,Local Developer Co,0.55,Tier3,0,,7,"Children's Play Area, Gymnasium, Landscaped Garden, Power Backup, Jogging Track, CCTV, Lift",13220.0,16198.0,13184906.0,0.055,725170.0,30000.0,26955.0,2.45,1,1
101596,Bangalore,HSR Layout,560102,mid-premium,1.64,4,2003.4,9,Kolte-Patil,0.82,Tier2,1,PKAR94432,5,"Power Backup, Indoor Games Room, Lift, Landscaped Garden, Gymnasium",10679.0,13959.0,27966623.0,0.055,1538164.0,30000.0,43487.0,1.87,1,0
101597,Bangalore,HSR Layout,560102,mid-premium,1.37,2,670.4,4,Brigade Group,0.88,Tier1,1,PKAR80117,5,"Clubhouse, Children's Play Area, Gymnasium, Power Backup, 24/7 Security",10986.0,14596.0,9785400.0,0.055,538197.0,30000.0,17457.0,2.14,1,0
101598,Bangalore,HSR Layout,560102,mid-premium,1.29,1,466.7,24,Runwal Group,0.78,Tier2,1,PKAR79130,9,"Gymnasium, Power Backup, CCTV, 24/7 Security, Visitor Parking, Landscaped Garden, Jogging Track, Children's Play Area, Lift",13478.0,16340.0,7626504.0,0.055,419458.0,30000.0,10892.0,1.71,1,1
101599,Bangalore,HSR Layout,560102,mid-premium,1.35,3,1233.2,3,Oberoi Realty,0.9,Tier1,1,PKAR84873,7,"Swimming Pool, Clubhouse, CCTV, Gymnasium, Power Backup, Landscaped Garden, Lift",12261.0,18243.0,22497200.0,0.055,1237346.0,30000.0,29115.0,1.55,1,1
101600,Bangalore,HSR Layout,560102,mid-premium,1.35,3,1172.9,5,Puravankara,0.8,Tier2,1,PKAR57871,7,"Lift, Clubhouse, Children's Play Area, Indoor Games Room, 24/7 Security, Swimming Pool, Visitor Parking",13571.0,18875.0,22137582.0,0.055,1217567.0,30000.0,51551.0,2.79,0,1
101601,Bangalore,HSR Layout,560102,mid-premium,1.4,2,802.6,5,Sobha Ltd,0.91,Tier1,1,PKAR83721,7,"Landscaped Garden, Clubhouse, Children's Play Area, Visitor Parking, Lift, Jogging Track, Gymnasium",13612.0,20425.0,16393509.0,0.055,901643.0,30000.0,31751.0,2.32,0,1
101602,Bangalore,HSR Layout,560102,mid-premium,0.97,3,1300.0,3,Regional Builders Ltd,0.5,Tier3,1,PKAR30324,6,"Visitor Parking, Lift, Gymnasium, Clubhouse, Power Backup, Landscaped Garden",13440.0,16573.0,21543983.0,0.055,1184919.0,30000.0,50814.0,2.83,1,1
101603,Bangalore,HSR Layout,560102,mid-premium,1.5,2,705.1,17,Prestige Group,0.92,Tier1,1,PKAR35929,8,"Gymnasium, Power Backup, CCTV, Landscaped Garden, Children's Play Area, Jogging Track, Clubhouse, Lift",12521.0,15338.0,10815237.0,0.055,594838.0,30000.0,22182.0,2.46,0,1
101604,Bangalore,HSR Layout,560102,mid-premium,1.61,2,659.0,10,Oberoi Realty,0.9,Tier1,1,PKAR33097,6,"Indoor Games Room, Lift, 24/7 Security, Gymnasium, Visitor Parking, Landscaped Garden",12314.0,17083.0,11258182.0,0.055,619200.0,30000.0,25467.0,2.71,1,1
101605,Bangalore,HSR Layout,560102,mid-premium,1.39,3,1009.5,23,Runwal Group,0.78,Tier2,1,PKAR92210,8,"Clubhouse, Jogging Track, 24/7 Security, Power Backup, Visitor Parking, Swimming Pool, Children's Play Area, Lift",9512.0,11686.0,11796930.0,0.055,648831.0,30000.0,32990.0,3.36,1,1
101606,Bangalore,HSR Layout,560102,mid-premium,1.2,3,1244.2,5,Lodha Group,0.95,Tier1,1,PKAR21878,5,"Landscaped Garden, Clubhouse, 24/7 Security, Lift, CCTV",12792.0,16821.0,20928574.0,0.055,1151072.0,30000.0,41526.0,2.38,0,0
101607,Bangalore,HSR Layout,560102,mid-premium,1.1,2,689.1,3,Kolte-Patil,0.82,Tier2,1,PKAR93079,7,"Landscaped Garden, Lift, Power Backup, Swimming Pool, Children's Play Area, CCTV, Gymnasium",10740.0,15848.0,10920647.0,0.055,600636.0,30000.0,24940.0,2.74,1,1
101608,Bangalore,HSR Layout,560102,mid-premium,1.48,2,799.9,2,Prestige Group,0.92,Tier1,1,PKAR14129,9,"Clubhouse, Lift, CCTV, Jogging Track, Children's Play Area, Swimming Pool, Landscaped Garden, Visitor Parking, Gymnasium",11900.0,18816.0,15051981.0,0.055,827859.0,30000.0,38229.0,3.05,1,1
101609,Bangalore,HSR Layout,560102,mid-premium,1.38,2,786.6,10,Kolte-Patil,0.82,Tier2,1,PKAR16138,7,"Power Backup, Gymnasium, Visitor Parking, Indoor Games Room, Lift, 24/7 Security, Jogging Track",11055.0,13654.0,10740145.0,0.055,590708.0,30000.0,24098.0,2.69,0,1
101610,Bangalore,HSR Layout,560102,mid-premium,1.38,2,925.9,4,Godrej Properties,0.93,Tier1,1,PKAR27354,4,"Jogging Track, CCTV, Swimming Pool, Clubhouse",11052.0,14441.0,13371340.0,0.055,735424.0,30000.0,32388.0,2.91,0,0
101611,Bangalore,HSR Layout,560102,mid-premium,1.48,2,923.4,20,Prestige Group,0.92,Tier1,1,PKAR41658,11,"Jogging Track, Swimming Pool, Visitor Parking, 24/7 Security, CCTV, Power Backup, Children's Play Area, Gymnasium, Clubhouse, Indoor Games Room, Lift",10135.0,13290.0,12272366.0,0.055,674980.0,30000.0,22545.0,2.2,1,1
101612,Bangalore,HSR Layout,560102,mid-premium,1.41,2,921.3,23,Sobha Ltd,0.91,Tier1,1,PKAR46154,5,"24/7 Security, Lift, Jogging Track, Clubhouse, Swimming Pool",9595.0,11939.0,10998866.0,0.055,604938.0,30000.0,18697.0,2.04,0,0
101613,Bangalore,HSR Layout,560102,mid-premium,1.28,3,1165.4,10,Godrej Properties,0.93,Tier1,1,PKAR88833,3,"CCTV, Landscaped Garden, Power Backup",12049.0,15108.0,17606632.0,0.055,968365.0,30000.0,28178.0,1.92,1,0
101614,Bangalore,HSR Layout,560102,mid-premium,1.22,4,1565.7,21,Runwal Group,0.78,Tier2,1,PKAR21441,8,"Children's Play Area, Indoor Games Room, Lift, Visitor Parking, Landscaped Garden, 24/7 Security, CCTV, Clubhouse",13063.0,16440.0,25739963.0,0.055,1415698.0,30000.0,33512.0,1.56,0,1
101615,Bangalore,HSR Layout,560102,mid-premium,1.17,4,1688.7,21,Local Developer Co,0.55,Tier3,0,,7,"Jogging Track, Power Backup, Children's Play Area, Landscaped Garden, 24/7 Security, Clubhouse, Visitor Parking",13705.0,15246.0,25746615.0,0.055,1416064.0,30000.0,61037.0,2.84,0,1
101616,Bangalore,HSR Layout,560102,mid-premium,1.22,2,660.7,2,Godrej Properties,0.93,Tier1,1,PKAR68625,8,"Lift, Power Backup, CCTV, Gymnasium, Children's Play Area, Visitor Parking, Jogging Track, Clubhouse",12889.0,19018.0,12564701.0,0.055,691059.0,30000.0,32030.0,3.06,1,1
101617,Bangalore,HSR Layout,560102,mid-premium,1.46,2,911.9,9,Runwal Group,0.78,Tier2,1,PKAR93460,9,"Children's Play Area, Landscaped Garden, Swimming Pool, Clubhouse, Jogging Track, Gymnasium, Power Backup, 24/7 Security, CCTV",10444.0,14995.0,13674231.0,0.055,752083.0,30000.0,23925.0,2.1,0,1
101618,Bangalore,HSR Layout,560102,mid-premium,1.34,2,917.7,13,Puravankara,0.8,Tier2,1,PKAR75293,10,"Lift, Swimming Pool, Clubhouse, 24/7 Security, Power Backup, CCTV, Visitor Parking, Indoor Games Room, Gymnasium, Children's Play Area",13453.0,18854.0,17302384.0,0.055,951631.0,30000.0,34374.0,2.38,0,1
101619,Bangalore,HSR Layout,560102,mid-premium,1.53,4,1957.6,24,Lodha Group,0.95,Tier1,1,PKAR31947,7,"Clubhouse, Lift, CCTV, Children's Play Area, 24/7 Security, Gymnasium, Landscaped Garden",11815.0,15548.0,30436300.0,0.055,1673997.0,30000.0,58372.0,2.3,1,1
101620,Bangalore,HSR Layout,560102,mid-premium,1.29,3,1190.3,17,Runwal Group,0.78,Tier2,1,PKAR76707,5,"Gymnasium, Power Backup, Jogging Track, Lift, CCTV",11616.0,14027.0,16696772.0,0.055,918322.0,30000.0,40646.0,2.92,1,0
101621,Bangalore,HSR Layout,560102,mid-premium,1.4,3,1255.0,7,Kolte-Patil,0.82,Tier2,1,PKAR26406,9,"24/7 Security, Jogging Track, Power Backup, Swimming Pool, Gymnasium, Clubhouse, CCTV, Visitor Parking, Landscaped Garden",9669.0,13874.0,17411138.0,0.055,957613.0,30000.0,34027.0,2.35,1,1
101622,Bangalore,HSR Layout,560102,mid-premium,1.56,3,1047.0,21,Local Developer Co,0.55,Tier3,0,,5,"Children's Play Area, Swimming Pool, CCTV, 24/7 Security, Jogging Track",12622.0,14967.0,15669898.0,0.055,861844.0,30000.0,30114.0,2.31,1,0
101623,Bangalore,HSR Layout,560102,mid-premium,1.25,2,884.7,5,Puravankara,0.8,Tier2,1,PKAR73901,12,"CCTV, Visitor Parking, Swimming Pool, Power Backup, Clubhouse, 24/7 Security, Lift, Landscaped Garden, Jogging Track, Children's Play Area, Gymnasium, Indoor Games Room",9832.0,14501.0,12828368.0,0.055,705560.0,30000.0,22362.0,2.09,1,1
101624,Bangalore,HSR Layout,560102,mid-premium,1.33,3,1247.2,19,Regional Builders Ltd,0.5,Tier3,1,PKAR77665,11,"Indoor Games Room, Jogging Track, Landscaped Garden, 24/7 Security, Swimming Pool, Children's Play Area, Lift, Gymnasium, Power Backup, Clubhouse, Visitor Parking",13212.0,16171.0,20168977.0,0.055,1109294.0,30000.0,61250.0,3.64,1,1
101625,Bangalore,HSR Layout,560102,mid-premium,1.35,2,793.8,21,Regional Builders Ltd,0.5,Tier3,1,PKAR10627,12,"24/7 Security, Gymnasium, Visitor Parking, Children's Play Area, Landscaped Garden, Indoor Games Room, Swimming Pool, Power Backup, CCTV, Jogging Track, Lift, Clubhouse",13199.0,16564.0,13148697.0,0.055,723178.0,30000.0,20870.0,1.9,1,1
101626,Bangalore,HSR Layout,560102,mid-premium,1.55,3,1078.4,5,Lodha Group,0.95,Tier1,1,PKAR93603,5,"Landscaped Garden, Gymnasium, Power Backup, Visitor Parking, Children's Play Area",11723.0,15751.0,16985915.0,0.055,934225.0,30000.0,31140.0,2.2,1,0
101627,Bangalore,HSR Layout,560102,mid-premium,1.46,3,1281.5,19,Regional Builders Ltd,0.5,Tier3,1,PKAR16274,3,"Children's Play Area, Gymnasium, Jogging Track",12497.0,12628.0,16182583.0,0.055,890042.0,30000.0,32089.0,2.38,1,0
101628,Bangalore,HSR Layout,560102,mid-premium,1.46,2,749.6,18,Runwal Group,0.78,Tier2,1,PKAR75408,6,"Power Backup, Visitor Parking, Lift, Jogging Track, Indoor Games Room, CCTV",12007.0,15330.0,11491239.0,0.055,632018.0,30000.0,22313.0,2.33,1,1
101629,Bangalore,HSR Layout,560102,mid-premium,1.44,2,658.3,10,Prestige Group,0.92,Tier1,1,PKAR80547,8,"Indoor Games Room, Landscaped Garden, Children's Play Area, Swimming Pool, Visitor Parking, CCTV, Gymnasium, Clubhouse",11421.0,17025.0,11206877.0,0.055,616378.0,30000.0,22488.0,2.41,1,1
101630,Bangalore,HSR Layout,560102,mid-premium,1.31,2,809.4,1,Godrej Properties,0.93,Tier1,1,PKAR71918,5,"Gymnasium, Indoor Games Room, Swimming Pool, Visitor Parking, Clubhouse",11739.0,16958.0,13725357.0,0.055,754895.0,30000.0,24209.0,2.12,0,0
101631,Bangalore,HSR Layout,560102,mid-premium,1.25,2,719.2,2,Regional Builders Ltd,0.5,Tier3,0,,4,"Jogging Track, Visitor Parking, Swimming Pool, 24/7 Security",9937.0,12286.0,8836776.0,0.055,486023.0,30000.0,18320.0,2.49,0,0
101632,Bangalore,HSR Layout,560102,mid-premium,1.4,2,809.8,23,Oberoi Realty,0.9,Tier1,1,PKAR50084,8,"Landscaped Garden, Jogging Track, Swimming Pool, 24/7 Security, Visitor Parking, Lift, Children's Play Area, Clubhouse",11468.0,14717.0,11917840.0,0.055,655481.0,30000.0,24398.0,2.46,1,1
101633,Bangalore,HSR Layout,560102,mid-premium,1.37,3,1385.3,9,Prestige Group,0.92,Tier1,1,PKAR87779,12,"Lift, 24/7 Security, CCTV, Gymnasium, Jogging Track, Landscaped Garden, Swimming Pool, Indoor Games Room, Clubhouse, Power Backup, Children's Play Area, Visitor Parking",13694.0,19745.0,27353077.0,0.055,1504419.0,30000.0,68879.0,3.02,1,1
101634,Bangalore,HSR Layout,560102,mid-premium,1.28,1,404.5,0,Runwal Group,0.78,Tier2,1,PKAR85532,4,"Indoor Games Room, Gymnasium, CCTV, Swimming Pool",13099.0,17939.0,7257055.0,0.055,399138.0,30000.0,10974.0,1.81,1,0
101635,Bangalore,HSR Layout,560102,mid-premium,1.41,3,1199.2,17,Local Developer Co,0.55,Tier3,1,PKAR33576,11,"Lift, Indoor Games Room, Power Backup, Swimming Pool, Landscaped Garden, Gymnasium, CCTV, Jogging Track, 24/7 Security, Children's Play Area, Visitor Parking",13464.0,18102.0,21707802.0,0.055,1193929.0,30000.0,50343.0,2.78,1,1
101636,Bangalore,HSR Layout,560102,mid-premium,1.13,2,895.0,8,Oberoi Realty,0.9,Tier1,1,PKAR10119,12,"Visitor Parking, CCTV, Swimming Pool, Landscaped Garden, Lift, Gymnasium, Clubhouse, 24/7 Security, Jogging Track, Children's Play Area, Indoor Games Room, Power Backup",11520.0,15288.0,13682650.0,0.055,752546.0,30000.0,29269.0,2.57,0,1
101637,Bangalore,HSR Layout,560102,mid-premium,1.54,2,813.0,5,Puravankara,0.8,Tier2,1,PKAR51090,5,"Landscaped Garden, 24/7 Security, Visitor Parking, Gymnasium, Jogging Track",11508.0,15344.0,12474551.0,0.055,686100.0,30000.0,17418.0,1.68,1,0
101638,Bangalore,HSR Layout,560102,mid-premium,1.38,3,1269.7,9,Regional Builders Ltd,0.5,Tier3,1,PKAR10978,4,"Power Backup, Lift, Landscaped Garden, Gymnasium",13075.0,15315.0,19446095.0,0.055,1069535.0,30000.0,38223.0,2.36,1,0
101639,Bangalore,HSR Layout,560102,mid-premium,1.58,2,752.3,2,Oberoi Realty,0.9,Tier1,1,PKAR14015,4,"Gymnasium, Indoor Games Room, Clubhouse, Lift",9727.0,13891.0,10450824.0,0.055,574795.0,30000.0,21387.0,2.46,1,0
101640,Bangalore,HSR Layout,560102,mid-premium,1.26,2,727.3,5,Godrej Properties,0.93,Tier1,1,PKAR82867,10,"CCTV, Children's Play Area, Landscaped Garden, Visitor Parking, Lift, Swimming Pool, Gymnasium, Indoor Games Room, Power Backup, Jogging Track",12354.0,18919.0,13759645.0,0.055,756780.0,30000.0,29842.0,2.6,1,1
101641,Bangalore,HSR Layout,560102,mid-premium,1.47,2,694.4,8,Regional Builders Ltd,0.5,Tier3,1,PKAR48648,7,"Children's Play Area, Lift, Landscaped Garden, Swimming Pool, Clubhouse, Indoor Games Room, CCTV",12150.0,15265.0,10600313.0,0.055,583017.0,30000.0,16439.0,1.86,1,1
101642,Bangalore,HSR Layout,560102,mid-premium,1.27,1,503.0,5,Regional Builders Ltd,0.5,Tier3,1,PKAR75320,5,"Visitor Parking, Power Backup, Indoor Games Room, Children's Play Area, Gymnasium",10856.0,13462.0,6771890.0,0.055,372454.0,30000.0,15334.0,2.72,1,0
101643,Bangalore,HSR Layout,560102,mid-premium,1.3,3,1223.2,17,Local Developer Co,0.55,Tier3,0,,12,"Power Backup, Gymnasium, 24/7 Security, Jogging Track, Indoor Games Room, Clubhouse, Lift, Landscaped Garden, CCTV, Visitor Parking, Swimming Pool, Children's Play Area",12400.0,15853.0,19391126.0,0.055,1066512.0,30000.0,39252.0,2.43,0,1
101644,Bangalore,HSR Layout,560102,mid-premium,1.48,2,687.6,2,Godrej Properties,0.93,Tier1,1,PKAR23340,5,"Clubhouse, Children's Play Area, Landscaped Garden, 24/7 Security, Swimming Pool",12436.0,17927.0,12326098.0,0.055,677935.0,30000.0,18743.0,1.82,0,0
101645,Bangalore,HSR Layout,560102,mid-premium,1.49,3,1370.3,18,Runwal Group,0.78,Tier2,1,PKAR12370,8,"Jogging Track, Lift, Landscaped Garden, Indoor Games Room, Clubhouse, CCTV, 24/7 Security, Children's Play Area",10012.0,13895.0,19040549.0,0.055,1047230.0,30000.0,26711.0,1.68,1,1
101646,Bangalore,HSR Layout,560102,mid-premium,1.38,2,780.7,20,Brigade Group,0.88,Tier1,1,PKAR13337,9,"24/7 Security, Swimming Pool, Children's Play Area, CCTV, Gymnasium, Indoor Games Room, Visitor Parking, Landscaped Garden, Jogging Track",13850.0,18036.0,14079866.0,0.055,774393.0,30000.0,28807.0,2.46,1,1
101647,Bangalore,HSR Layout,560102,mid-premium,1.48,3,1294.9,14,Brigade Group,0.88,Tier1,1,PKAR56329,10,"Gymnasium, Children's Play Area, Landscaped Garden, CCTV, Indoor Games Room, Jogging Track, Clubhouse, Visitor Parking, 24/7 Security, Power Backup",13940.0,20035.0,25943331.0,0.055,1426883.0,30000.0,45281.0,2.09,1,1
101648,Bangalore,HSR Layout,560102,mid-premium,1.35,4,1757.1,8,Brigade Group,0.88,Tier1,1,PKAR24621,6,"24/7 Security, Gymnasium, CCTV, Power Backup, Visitor Parking, Swimming Pool",9633.0,12701.0,22316000.0,0.055,1227380.0,30000.0,36952.0,1.99,1,1
101649,Bangalore,HSR Layout,560102,mid-premium,1.3,3,1214.0,17,Sobha Ltd,0.91,Tier1,1,PKAR89361,6,"Visitor Parking, Jogging Track, Landscaped Garden, Swimming Pool, Power Backup, Gymnasium",13848.0,17749.0,21547339.0,0.055,1185104.0,30000.0,42065.0,2.34,1,1
101650,Bangalore,HSR Layout,560102,mid-premium,1.27,2,827.9,15,Godrej Properties,0.93,Tier1,1,PKAR34701,6,"Lift, Children's Play Area, Indoor Games Room, Swimming Pool, Landscaped Garden, 24/7 Security",11657.0,15144.0,12536883.0,0.055,689529.0,30000.0,22433.0,2.15,0,1
101651,Bangalore,HSR Layout,560102,mid-premium,1.63,2,679.5,4,Local Developer Co,0.55,Tier3,0,,8,"Power Backup, Lift, Indoor Games Room, Visitor Parking, Landscaped Garden, Jogging Track, Clubhouse, CCTV",12824.0,16025.0,10889122.0,0.055,598902.0,30000.0,24688.0,2.72,0,1
101652,Bangalore,HSR Layout,560102,mid-premium,1.68,4,1749.7,22,Puravankara,0.8,Tier2,1,PKAR88673,4,"CCTV, 24/7 Security, Visitor Parking, Jogging Track",11422.0,13007.0,22758342.0,0.055,1251709.0,30000.0,33466.0,1.76,1,0
101653,Bangalore,HSR Layout,560102,mid-premium,1.38,1,527.0,16,Runwal Group,0.78,Tier2,1,PKAR44382,10,"CCTV, Visitor Parking, Lift, Jogging Track, Landscaped Garden, Swimming Pool, Gymnasium, Clubhouse, 24/7 Security, Power Backup",12134.0,16316.0,8597774.0,0.055,472878.0,30000.0,18349.0,2.56,1,1
101654,Bangalore,HSR Layout,560102,mid-premium,1.16,3,1346.7,7,Godrej Properties,0.93,Tier1,1,PKAR71776,4,"Children's Play Area, Gymnasium, CCTV, Landscaped Garden",10901.0,15826.0,21312308.0,0.055,1172177.0,30000.0,48850.0,2.75,0,0
101655,Bangalore,HSR Layout,560102,mid-premium,1.54,2,670.6,21,Lodha Group,0.95,Tier1,1,PKAR36978,3,"Visitor Parking, CCTV, Clubhouse",13836.0,17595.0,11799094.0,0.055,648950.0,30000.0,25389.0,2.58,1,0
101656,Bangalore,HSR Layout,560102,mid-premium,1.24,2,858.1,1,Brigade Group,0.88,Tier1,1,PKAR86691,6,"Clubhouse, Landscaped Garden, Swimming Pool, Indoor Games Room, 24/7 Security, Gymnasium",10726.0,14072.0,12074585.0,0.055,664102.0,30000.0,20224.0,2.01,1,1
101657,Bangalore,HSR Layout,560102,mid-premium,1.1,4,1931.8,3,Puravankara,0.8,Tier2,1,PKAR17500,4,"Clubhouse, CCTV, Jogging Track, Children's Play Area",9807.0,13134.0,25373225.0,0.055,1395527.0,30000.0,56009.0,2.65,1,0
101658,Bangalore,HSR Layout,560102,mid-premium,1.42,1,529.6,2,Local Developer Co,0.55,Tier3,1,PKAR41591,10,"24/7 Security, Children's Play Area, CCTV, Indoor Games Room, Lift, Power Backup, Landscaped Garden, Visitor Parking, Clubhouse, Jogging Track",13172.0,16584.0,8783572.0,0.055,483096.0,30000.0,16029.0,2.19,1,1
101659,Bangalore,HSR Layout,560102,mid-premium,1.6,2,712.9,1,Sobha Ltd,0.91,Tier1,1,PKAR74803,10,"Indoor Games Room, Landscaped Garden, 24/7 Security, CCTV, Visitor Parking, Gymnasium, Jogging Track, Lift, Children's Play Area, Clubhouse",13483.0,22096.0,15753282.0,0.055,866430.0,30000.0,36497.0,2.78,0,1
101660,Bangalore,HSR Layout,560102,mid-premium,1.22,2,730.3,18,Regional Builders Ltd,0.5,Tier3,1,PKAR37346,4,"CCTV, Indoor Games Room, Power Backup, Landscaped Garden",13676.0,15615.0,11403238.0,0.055,627178.0,30000.0,22444.0,2.36,1,0
101661,Bangalore,HSR Layout,560102,mid-premium,1.41,1,451.1,5,Godrej Properties,0.93,Tier1,1,PKAR17027,11,"Landscaped Garden, CCTV, Visitor Parking, Swimming Pool, Lift, Gymnasium, Power Backup, 24/7 Security, Jogging Track, Indoor Games Room, Clubhouse",11568.0,17530.0,7908361.0,0.055,434960.0,30000.0,14289.0,2.17,0,1
101662,Bangalore,HSR Layout,560102,mid-premium,1.39,3,1129.5,13,Oberoi Realty,0.9,Tier1,1,PKAR39032,12,"Power Backup, Clubhouse, Gymnasium, Jogging Track, Children's Play Area, Swimming Pool, Visitor Parking, Indoor Games Room, Landscaped Garden, CCTV, Lift, 24/7 Security",12166.0,16710.0,18873636.0,0.055,1038050.0,30000.0,33453.0,2.13,0,1
101663,Bangalore,HSR Layout,560102,mid-premium,1.33,4,2025.0,17,Kolte-Patil,0.82,Tier2,1,PKAR93290,4,"Clubhouse, Children's Play Area, Jogging Track, Visitor Parking",12337.0,14436.0,29234156.0,0.055,1607879.0,30000.0,59990.0,2.46,0,0
101664,Bangalore,HSR Layout,560102,mid-premium,1.18,2,886.5,23,Puravankara,0.8,Tier2,1,PKAR48900,6,"24/7 Security, Power Backup, Visitor Parking, Clubhouse, Jogging Track, CCTV",11651.0,14764.0,13088843.0,0.055,719886.0,30000.0,36742.0,3.37,1,1
101665,Bangalore,HSR Layout,560102,mid-premium,1.24,2,860.4,9,Runwal Group,0.78,Tier2,1,PKAR98336,4,"Landscaped Garden, Swimming Pool, 24/7 Security, Visitor Parking",12519.0,15406.0,13255631.0,0.055,729060.0,30000.0,28893.0,2.62,0,0
101666,Bangalore,HSR Layout,560102,mid-premium,1.44,3,1258.3,7,Lodha Group,0.95,Tier1,1,PKAR88046,8,"Children's Play Area, Swimming Pool, Indoor Games Room, Visitor Parking, Gymnasium, 24/7 Security, Clubhouse, Landscaped Garden",12433.0,17233.0,21683726.0,0.055,1192605.0,30000.0,57148.0,3.16,1,1
101667,Bangalore,HSR Layout,560102,mid-premium,1.41,3,1227.0,15,Godrej Properties,0.93,Tier1,1,PKAR23929,7,"Visitor Parking, Landscaped Garden, Power Backup, CCTV, Children's Play Area, Gymnasium, Jogging Track",9614.0,13154.0,16140373.0,0.055,887721.0,30000.0,35432.0,2.63,1,1
101668,Bangalore,HSR Layout,560102,mid-premium,1.15,2,863.0,0,Oberoi Realty,0.9,Tier1,1,PKAR84522,10,"Children's Play Area, Visitor Parking, Swimming Pool, Landscaped Garden, Clubhouse, Lift, CCTV, Gymnasium, 24/7 Security, Jogging Track",10419.0,16801.0,14499122.0,0.055,797452.0,30000.0,27459.0,2.27,0,1
101669,Bangalore,HSR Layout,560102,mid-premium,1.57,3,1059.7,16,Godrej Properties,0.93,Tier1,1,PKAR30249,6,"Clubhouse, Indoor Games Room, Visitor Parking, Gymnasium, Children's Play Area, Swimming Pool",11777.0,15791.0,16734175.0,0.055,920380.0,30000.0,30612.0,2.2,1,1
101670,Bangalore,HSR Layout,560102,mid-premium,1.44,2,743.0,10,Godrej Properties,0.93,Tier1,1,PKAR64928,10,"Swimming Pool, Power Backup, Gymnasium, Lift, Indoor Games Room, 24/7 Security, Landscaped Garden, Children's Play Area, Jogging Track, CCTV",12954.0,19406.0,14418239.0,0.055,793003.0,30000.0,23294.0,1.94,1,1
101671,Bangalore,HSR Layout,560102,mid-premium,1.22,2,803.9,6,Lodha Group,0.95,Tier1,1,PKAR69727,7,"Indoor Games Room, Clubhouse, Jogging Track, Lift, 24/7 Security, Landscaped Garden, Power Backup",10969.0,14290.0,11487662.0,0.055,631821.0,30000.0,21209.0,2.22,1,1
101672,Bangalore,HSR Layout,560102,mid-premium,1.52,2,812.3,13,Prestige Group,0.92,Tier1,1,PKAR85105,5,"Swimming Pool, Landscaped Garden, Jogging Track, Lift, Indoor Games Room",11555.0,14667.0,11914152.0,0.055,655278.0,30000.0,22921.0,2.31,1,0
101673,Bangalore,HSR Layout,560102,mid-premium,1.3,3,1379.5,11,Godrej Properties,0.93,Tier1,1,PKAR65469,9,"Swimming Pool, Visitor Parking, Power Backup, Jogging Track, Indoor Games Room, Lift, Landscaped Garden, Children's Play Area, CCTV",12020.0,16180.0,22319726.0,0.055,1227585.0,30000.0,47147.0,2.53,1,1
101674,Bangalore,HSR Layout,560102,mid-premium,1.17,2,834.2,13,Prestige Group,0.92,Tier1,1,PKAR29230,8,"Landscaped Garden, Clubhouse, Children's Play Area, 24/7 Security, Gymnasium, Power Backup, Jogging Track, CCTV",9678.0,12874.0,10739460.0,0.055,590670.0,30000.0,24191.0,2.7,0,1
101675,Bangalore,HSR Layout,560102,mid-premium,1.28,1,429.4,5,Runwal Group,0.78,Tier2,1,PKAR96522,9,"Gymnasium, Jogging Track, Landscaped Garden, Power Backup, Indoor Games Room, Clubhouse, Children's Play Area, Visitor Parking, CCTV",12823.0,18637.0,8002535.0,0.055,440139.0,30000.0,11183.0,1.68,1,1
101676,Bangalore,HSR Layout,560102,mid-premium,1.53,3,1200.9,19,Puravankara,0.8,Tier2,1,PKAR36243,8,"Swimming Pool, Children's Play Area, 24/7 Security, Jogging Track, Gymnasium, Landscaped Garden, Lift, Visitor Parking",13749.0,18081.0,21713667.0,0.055,1194252.0,30000.0,41053.0,2.27,0,1
101677,Bangalore,HSR Layout,560102,mid-premium,1.3,1,473.9,16,Prestige Group,0.92,Tier1,1,PKAR45043,12,"Jogging Track, Indoor Games Room, CCTV, Lift, Children's Play Area, Power Backup, Landscaped Garden, Swimming Pool, Visitor Parking, Clubhouse, Gymnasium, 24/7 Security",11615.0,18231.0,8638998.0,0.055,475145.0,30000.0,23218.0,3.23,1,1
101678,Bangalore,HSR Layout,560102,mid-premium,1.55,4,1657.6,13,Sobha Ltd,0.91,Tier1,1,PKAR95729,11,"Power Backup, Lift, Indoor Games Room, Children's Play Area, Landscaped Garden, CCTV, Jogging Track, Visitor Parking, Gymnasium, 24/7 Security, Clubhouse",9868.0,12608.0,20899309.0,0.055,1149462.0,30000.0,46280.0,2.66,0,1
101679,Bangalore,HSR Layout,560102,mid-premium,1.25,3,1170.5,19,Sobha Ltd,0.91,Tier1,1,PKAR29322,7,"Swimming Pool, Gymnasium, Landscaped Garden, Indoor Games Room, Lift, Power Backup, Clubhouse",12586.0,16068.0,18808299.0,0.055,1034456.0,30000.0,34260.0,2.19,0,1
101680,Bangalore,HSR Layout,560102,mid-premium,1.44,3,1369.9,3,Runwal Group,0.78,Tier2,1,PKAR83549,4,"Indoor Games Room, Visitor Parking, CCTV, Children's Play Area",13271.0,18432.0,25250406.0,0.055,1388772.0,30000.0,45899.0,2.18,0,0
101681,Bangalore,Electronic City,560100,affordable,2.95,3,1040.7,13,Regional Builders Ltd,0.5,Tier3,0,,4,"Landscaped Garden, Power Backup, Swimming Pool, Gymnasium",6321.0,7159.0,7449901.0,0.055,409745.0,30000.0,20564.0,3.31,1,0
101682,Bangalore,Electronic City,560100,affordable,2.98,3,1376.8,6,Brigade Group,0.88,Tier1,1,PKAR34946,8,"Clubhouse, Power Backup, Lift, Indoor Games Room, Visitor Parking, Jogging Track, Swimming Pool, Landscaped Garden",5788.0,8275.0,11392854.0,0.055,626607.0,30000.0,36465.0,3.84,0,1
101683,Bangalore,Electronic City,560100,affordable,3.0,3,1148.9,15,Oberoi Realty,0.9,Tier1,1,PKAR83891,3,"Landscaped Garden, 24/7 Security, Children's Play Area",5771.0,6709.0,7708012.0,0.055,423941.0,30000.0,27775.0,4.32,0,0
101684,Bangalore,Electronic City,560100,affordable,3.01,4,1938.1,4,Sobha Ltd,0.91,Tier1,1,PKAR33959,12,"Children's Play Area, Landscaped Garden, Indoor Games Room, Jogging Track, Visitor Parking, CCTV, Clubhouse, Swimming Pool, 24/7 Security, Power Backup, Lift, Gymnasium",8064.0,12398.0,24028057.0,0.055,1321543.0,30000.0,79236.0,3.96,0,1
101685,Bangalore,Electronic City,560100,affordable,2.95,2,920.2,1,Regional Builders Ltd,0.5,Tier3,1,PKAR30155,7,"24/7 Security, Visitor Parking, Landscaped Garden, Power Backup, Swimming Pool, Indoor Games Room, Clubhouse",6396.0,8154.0,7503556.0,0.055,412696.0,30000.0,21593.0,3.45,1,1
101686,Bangalore,Electronic City,560100,affordable,2.89,2,709.1,5,Prestige Group,0.92,Tier1,1,PKAR59196,11,"Children's Play Area, Power Backup, Lift, Visitor Parking, Clubhouse, 24/7 Security, Gymnasium, Landscaped Garden, Indoor Games Room, Jogging Track, CCTV",5866.0,8506.0,6031324.0,0.055,331723.0,30000.0,13060.0,2.6,1,1
101687,Bangalore,Electronic City,560100,affordable,2.92,3,1022.2,1,Prestige Group,0.92,Tier1,1,PKAR80051,4,"Lift, CCTV, Landscaped Garden, Jogging Track",6853.0,10088.0,10311665.0,0.055,567142.0,30000.0,19773.0,2.3,0,0
101688,Bangalore,Electronic City,560100,affordable,3.0,1,437.3,0,Runwal Group,0.78,Tier2,1,PKAR89955,7,"Power Backup, Jogging Track, Visitor Parking, Clubhouse, CCTV, Children's Play Area, Landscaped Garden",6001.0,8707.0,3807763.0,0.055,209427.0,30000.0,9085.0,2.86,1,1
101689,Bangalore,Electronic City,560100,affordable,3.12,2,824.7,17,Kolte-Patil,0.82,Tier2,1,PKAR65558,4,"Jogging Track, Gymnasium, Landscaped Garden, Power Backup",5631.0,7206.0,5942558.0,0.055,326841.0,30000.0,18720.0,3.78,0,0
101690,Bangalore,Electronic City,560100,affordable,3.23,3,1265.4,23,Runwal Group,0.78,Tier2,1,PKAR91849,3,"Swimming Pool, Clubhouse, Gymnasium",7200.0,7630.0,9655828.0,0.055,531071.0,30000.0,18771.0,2.33,1,0
101691,Bangalore,Electronic City,560100,affordable,3.08,3,985.4,15,Regional Builders Ltd,0.5,Tier3,1,PKAR79615,4,"Landscaped Garden, Jogging Track, CCTV, Children's Play Area",6979.0,7327.0,7220230.0,0.055,397113.0,30000.0,30998.0,5.15,1,0
101692,Bangalore,Electronic City,560100,affordable,3.18,2,873.7,21,Oberoi Realty,0.9,Tier1,1,PKAR35934,8,"Lift, Clubhouse, Swimming Pool, Visitor Parking, Landscaped Garden, Gymnasium, CCTV, 24/7 Security",6278.0,8107.0,7082841.0,0.055,389556.0,30000.0,21577.0,3.66,1,1
101693,Bangalore,Electronic City,560100,affordable,2.88,1,411.1,0,Kolte-Patil,0.82,Tier2,1,PKAR21459,5,"24/7 Security, Clubhouse, Jogging Track, Gymnasium, Lift",6214.0,9306.0,3825844.0,0.055,210421.0,30000.0,11831.0,3.71,1,0
101694,Bangalore,Electronic City,560100,affordable,2.9,2,821.1,0,Puravankara,0.8,Tier2,1,PKAR76371,10,"Jogging Track, 24/7 Security, Clubhouse, Landscaped Garden, Children's Play Area, Visitor Parking, CCTV, Swimming Pool, Power Backup, Indoor Games Room",6792.0,10511.0,8630446.0,0.055,474675.0,30000.0,17263.0,2.4,1,1
101695,Bangalore,Electronic City,560100,affordable,3.32,4,1508.5,12,Prestige Group,0.92,Tier1,1,PKAR89654,7,"Children's Play Area, Jogging Track, CCTV, 24/7 Security, Swimming Pool, Landscaped Garden, Gymnasium",6036.0,8058.0,12155200.0,0.055,668536.0,30000.0,35255.0,3.48,0,1
101696,Bangalore,Electronic City,560100,affordable,3.15,1,427.3,4,Runwal Group,0.78,Tier2,1,PKAR20606,4,"CCTV, Children's Play Area, Clubhouse, Power Backup",6230.0,7517.0,3212422.0,0.055,176683.0,30000.0,8978.0,3.35,1,0
101697,Bangalore,Electronic City,560100,affordable,2.8,1,532.3,8,Regional Builders Ltd,0.5,Tier3,1,PKAR17424,6,"Swimming Pool, Clubhouse, Children's Play Area, Jogging Track, Lift, Power Backup",6431.0,6940.0,3694192.0,0.055,203181.0,30000.0,5563.0,1.81,1,1
101698,Bangalore,Electronic City,560100,affordable,2.99,3,1082.6,7,Regional Builders Ltd,0.5,Tier3,1,PKAR28277,7,"Gymnasium, Visitor Parking, Power Backup, 24/7 Security, Indoor Games Room, Clubhouse, Jogging Track",7490.0,9314.0,10083267.0,0.055,554580.0,30000.0,14855.0,1.77,0,1
101699,Bangalore,Electronic City,560100,affordable,3.06,3,1347.8,8,Sobha Ltd,0.91,Tier1,1,PKAR26085,4,"CCTV, Gymnasium, Lift, Landscaped Garden",5756.0,7384.0,9951954.0,0.055,547357.0,30000.0,14703.0,1.77,1,0
101700,Bangalore,Electronic City,560100,affordable,3.25,3,1269.3,5,Regional Builders Ltd,0.5,Tier3,0,,4,"Landscaped Garden, Indoor Games Room, Swimming Pool, Clubhouse",5952.0,7062.0,8964766.0,0.055,493062.0,30000.0,21476.0,2.87,1,0
101701,Bangalore,Electronic City,560100,affordable,2.74,1,470.4,1,Puravankara,0.8,Tier2,1,PKAR80511,8,"Indoor Games Room, Jogging Track, Lift, Visitor Parking, Power Backup, Gymnasium, Children's Play Area, Swimming Pool",7089.0,10199.0,4797688.0,0.055,263873.0,30000.0,10753.0,2.69,0,1
101702,Bangalore,Electronic City,560100,affordable,2.82,4,1825.1,2,Lodha Group,0.95,Tier1,1,PKAR20658,11,"Gymnasium, Landscaped Garden, Jogging Track, Clubhouse, Children's Play Area, Visitor Parking, Indoor Games Room, CCTV, Power Backup, Lift, 24/7 Security",6491.0,10150.0,18524342.0,0.055,1018839.0,30000.0,29333.0,1.9,1,1
101703,Bangalore,Electronic City,560100,affordable,2.88,4,2173.3,1,Kolte-Patil,0.82,Tier2,1,PKAR64110,12,"Indoor Games Room, 24/7 Security, Clubhouse, Children's Play Area, CCTV, Visitor Parking, Jogging Track, Swimming Pool, Landscaped Garden, Gymnasium, Power Backup, Lift",7880.0,13352.0,29018062.0,0.055,1595993.0,30000.0,114782.0,4.75,1,1
101704,Bangalore,Electronic City,560100,affordable,2.88,1,427.1,6,Kolte-Patil,0.82,Tier2,1,PKAR89232,3,"Landscaped Garden, Power Backup, Swimming Pool",6659.0,7474.0,3192101.0,0.055,175566.0,30000.0,10280.0,3.86,1,0
101705,Bangalore,Electronic City,560100,affordable,2.95,4,1630.8,3,Oberoi Realty,0.9,Tier1,1,PKAR71578,8,"Swimming Pool, Gymnasium, Jogging Track, Indoor Games Room, 24/7 Security, Lift, Clubhouse, CCTV",7648.0,10567.0,17232626.0,0.055,947794.0,30000.0,44375.0,3.09,0,1
101706,Bangalore,Electronic City,560100,affordable,3.01,1,490.6,23,Sobha Ltd,0.91,Tier1,1,PKAR67145,6,"Indoor Games Room, Gymnasium, Clubhouse, Jogging Track, Swimming Pool, Visitor Parking",6048.0,7523.0,3690954.0,0.055,203002.0,30000.0,9741.0,3.17,1,1
101707,Bangalore,Electronic City,560100,affordable,3.0,3,1293.9,16,Brigade Group,0.88,Tier1,1,PKAR71568,4,"Clubhouse, CCTV, Lift, Swimming Pool",6010.0,8005.0,10357510.0,0.055,569663.0,30000.0,18731.0,2.17,0,0
101708,Bangalore,Electronic City,560100,affordable,2.87,3,1169.6,24,Prestige Group,0.92,Tier1,1,PKAR34927,8,"Visitor Parking, Children's Play Area, CCTV, Jogging Track, Gymnasium, Power Backup, Landscaped Garden, Clubhouse",6724.0,8077.0,9446624.0,0.055,519564.0,30000.0,29892.0,3.8,1,1
101709,Bangalore,Electronic City,560100,affordable,3.2,2,869.4,20,Prestige Group,0.92,Tier1,1,PKAR64437,5,"Clubhouse, Children's Play Area, Swimming Pool, Gymnasium, 24/7 Security",6435.0,7802.0,6783016.0,0.055,373066.0,30000.0,21116.0,3.74,0,0
101710,Bangalore,Electronic City,560100,affordable,3.07,3,956.9,21,Prestige Group,0.92,Tier1,1,PKAR98589,9,"Lift, Indoor Games Room, Power Backup, Landscaped Garden, Children's Play Area, 24/7 Security, Clubhouse, Jogging Track, Gymnasium",8076.0,10751.0,10287009.0,0.055,565785.0,30000.0,29548.0,3.45,1,1
101711,Bangalore,Electronic City,560100,affordable,3.26,2,755.0,3,Local Developer Co,0.55,Tier3,1,PKAR97637,3,"Gymnasium, Children's Play Area, Lift",5701.0,6505.0,4911412.0,0.055,270128.0,30000.0,17779.0,4.34,0,0
101712,Bangalore,Electronic City,560100,affordable,3.12,2,805.3,16,Oberoi Realty,0.9,Tier1,1,PKAR76087,7,"Lift, Power Backup, Landscaped Garden, Indoor Games Room, Children's Play Area, 24/7 Security, Visitor Parking",8304.0,10900.0,8778161.0,0.055,482799.0,30000.0,26528.0,3.63,0,1
101713,Bangalore,Electronic City,560100,affordable,3.38,3,1269.0,5,Regional Builders Ltd,0.5,Tier3,0,,12,"Jogging Track, Indoor Games Room, Swimming Pool, Lift, Landscaped Garden, CCTV, 24/7 Security, Clubhouse, Gymnasium, Power Backup, Children's Play Area, Visitor Parking",7275.0,9922.0,12590494.0,0.055,692477.0,30000.0,33293.0,3.17,1,1
101714,Bangalore,Electronic City,560100,affordable,2.79,4,1704.2,12,Sobha Ltd,0.91,Tier1,1,PKAR64648,10,"Landscaped Garden, Swimming Pool, CCTV, 24/7 Security, Gymnasium, Jogging Track, Children's Play Area, Lift, Visitor Parking, Clubhouse",7167.0,9529.0,16239124.0,0.055,893152.0,30000.0,52445.0,3.88,0,1
101715,Bangalore,Electronic City,560100,affordable,3.04,3,964.2,11,Prestige Group,0.92,Tier1,1,PKAR30972,3,"Gymnasium, Jogging Track, Power Backup",6613.0,8122.0,7830961.0,0.055,430703.0,30000.0,34490.0,5.29,1,0
101716,Bangalore,Electronic City,560100,affordable,2.96,2,898.4,8,Kolte-Patil,0.82,Tier2,1,PKAR55141,12,"Swimming Pool, Landscaped Garden, Jogging Track, Children's Play Area, 24/7 Security, Lift, Gymnasium, Indoor Games Room, CCTV, Visitor Parking, Clubhouse, Power Backup",5747.0,8102.0,7278588.0,0.055,400322.0,30000.0,13436.0,2.22,0,1
101717,Bangalore,Electronic City,560100,affordable,2.99,1,497.7,10,Puravankara,0.8,Tier2,1,PKAR13593,6,"Indoor Games Room, Jogging Track, Gymnasium, Power Backup, Clubhouse, CCTV",5728.0,7620.0,3792208.0,0.055,208571.0,30000.0,9362.0,2.96,1,1
101718,Bangalore,Electronic City,560100,affordable,3.03,3,1309.1,24,Lodha Group,0.95,Tier1,1,PKAR13456,3,"Lift, Indoor Games Room, Landscaped Garden",7392.0,8807.0,11530007.0,0.055,634150.0,30000.0,49462.0,5.15,1,0
101719,Bangalore,Electronic City,560100,affordable,2.92,3,1063.6,22,Godrej Properties,0.93,Tier1,1,PKAR40337,10,"Children's Play Area, Gymnasium, Clubhouse, Landscaped Garden, Jogging Track, CCTV, Indoor Games Room, Lift, 24/7 Security, Power Backup",5526.0,7894.0,8395368.0,0.055,461745.0,30000.0,12249.0,1.75,1,1
101720,Bangalore,Electronic City,560100,affordable,2.88,3,1283.5,7,Regional Builders Ltd,0.5,Tier3,0,,3,"Indoor Games Room, CCTV, Gymnasium",6406.0,6851.0,8793325.0,0.055,483633.0,30000.0,26343.0,3.59,1,0
101721,Bangalore,Electronic City,560100,affordable,2.99,3,1161.4,10,Puravankara,0.8,Tier2,1,PKAR49055,7,"Children's Play Area, Landscaped Garden, Visitor Parking, Clubhouse, Indoor Games Room, Lift, CCTV",8377.0,10571.0,12276529.0,0.055,675209.0,30000.0,46167.0,4.51,1,1
101722,Bangalore,Electronic City,560100,affordable,2.77,3,1309.4,11,Local Developer Co,0.55,Tier3,1,PKAR90530,9,"CCTV, Indoor Games Room, Gymnasium, Swimming Pool, Visitor Parking, Lift, Clubhouse, Jogging Track, Landscaped Garden",6778.0,8383.0,10977713.0,0.055,603774.0,30000.0,31703.0,3.47,1,1
101723,Bangalore,Electronic City,560100,affordable,2.91,2,692.1,10,Prestige Group,0.92,Tier1,1,PKAR98712,10,"Clubhouse, Lift, Children's Play Area, Swimming Pool, Gymnasium, Jogging Track, 24/7 Security, Indoor Games Room, Visitor Parking, CCTV",6959.0,8954.0,6196930.0,0.055,340831.0,30000.0,13385.0,2.59,0,1
101724,Bangalore,Electronic City,560100,affordable,3.19,2,817.5,15,Lodha Group,0.95,Tier1,1,PKAR36941,8,"CCTV, Swimming Pool, Lift, Power Backup, Children's Play Area, Landscaped Garden, 24/7 Security, Visitor Parking",8078.0,10577.0,8647564.0,0.055,475616.0,30000.0,16518.0,2.29,1,1
101725,Bangalore,Electronic City,560100,affordable,2.96,2,804.0,17,Prestige Group,0.92,Tier1,1,PKAR99383,12,"Swimming Pool, Landscaped Garden, Visitor Parking, 24/7 Security, Children's Play Area, Clubhouse, Indoor Games Room, Gymnasium, Lift, CCTV, Power Backup, Jogging Track",8010.0,11727.0,9427688.0,0.055,518523.0,30000.0,29507.0,3.76,1,1
101726,Bangalore,Electronic City,560100,affordable,2.97,4,2075.7,20,Sobha Ltd,0.91,Tier1,1,PKAR27883,12,"Indoor Games Room, Lift, Gymnasium, 24/7 Security, Landscaped Garden, Visitor Parking, CCTV, Swimming Pool, Power Backup, Clubhouse, Jogging Track, Children's Play Area",8464.0,10360.0,21504438.0,0.055,1182744.0,30000.0,86796.0,4.84,0,1
101727,Bangalore,Electronic City,560100,affordable,3.08,3,963.7,12,Brigade Group,0.88,Tier1,1,PKAR99479,9,"Swimming Pool, Landscaped Garden, Jogging Track, Visitor Parking, CCTV, 24/7 Security, Children's Play Area, Clubhouse, Power Backup",6719.0,8514.0,8204683.0,0.055,451258.0,30000.0,22702.0,3.32,0,1
101728,Bangalore,Electronic City,560100,affordable,2.96,1,439.7,19,Prestige Group,0.92,Tier1,1,PKAR69361,3,"Gymnasium, Lift, Landscaped Garden",5900.0,6473.0,2846172.0,0.055,156539.0,28462.0,9839.0,4.15,1,0
101729,Bangalore,Electronic City,560100,affordable,3.07,4,1643.4,3,Lodha Group,0.95,Tier1,1,PKAR52078,9,"Clubhouse, Lift, Children's Play Area, Visitor Parking, Power Backup, CCTV, Gymnasium, Swimming Pool, Indoor Games Room",8092.0,10746.0,17658906.0,0.055,971240.0,30000.0,51629.0,3.51,1,1
101730,Bangalore,Electronic City,560100,affordable,2.71,3,968.8,20,Oberoi Realty,0.9,Tier1,1,PKAR77255,11,"Children's Play Area, Indoor Games Room, CCTV, Gymnasium, Visitor Parking, Clubhouse, Landscaped Garden, Power Backup, Jogging Track, 24/7 Security, Swimming Pool",5783.0,8011.0,7761100.0,0.055,426860.0,30000.0,14156.0,2.19,1,1
101731,Bangalore,Electronic City,560100,affordable,2.81,1,512.5,19,Prestige Group,0.92,Tier1,1,PKAR30435,4,"Children's Play Area, Jogging Track, Visitor Parking, Power Backup",8195.0,9275.0,4753120.0,0.055,261422.0,30000.0,12209.0,3.08,1,0
101732,Bangalore,Electronic City,560100,affordable,2.78,3,1009.8,23,Runwal Group,0.78,Tier2,1,PKAR29560,3,"Lift, Clubhouse, Power Backup",6397.0,6996.0,7063777.0,0.055,388508.0,30000.0,19662.0,3.34,0,0
101733,Bangalore,Electronic City,560100,affordable,2.8,2,692.5,23,Local Developer Co,0.55,Tier3,1,PKAR23372,10,"Landscaped Garden, Jogging Track, CCTV, Swimming Pool, 24/7 Security, Power Backup, Children's Play Area, Lift, Clubhouse, Indoor Games Room",7540.0,9514.0,6587929.0,0.055,362336.0,30000.0,6608.0,1.2,1,1
101734,Bangalore,Electronic City,560100,affordable,2.91,3,1023.0,5,Prestige Group,0.92,Tier1,1,PKAR22383,10,"Indoor Games Room, Lift, Children's Play Area, Swimming Pool, Landscaped Garden, Clubhouse, Power Backup, CCTV, Gymnasium, Jogging Track",7326.0,10724.0,10970940.0,0.055,603402.0,30000.0,38902.0,4.26,0,1
101735,Bangalore,Electronic City,560100,affordable,3.1,2,693.7,1,Godrej Properties,0.93,Tier1,1,PKAR88235,4,"Visitor Parking, Jogging Track, Children's Play Area, 24/7 Security",8362.0,11683.0,8104054.0,0.055,445723.0,30000.0,21941.0,3.25,1,0
101736,Bangalore,Electronic City,560100,affordable,3.18,3,1171.6,21,Oberoi Realty,0.9,Tier1,1,PKAR34732,6,"24/7 Security, Clubhouse, Children's Play Area, Visitor Parking, Indoor Games Room, Lift",8499.0,10364.0,12142971.0,0.055,667863.0,30000.0,39185.0,3.87,1,1
101737,Bangalore,Electronic City,560100,affordable,3.22,1,429.7,19,Lodha Group,0.95,Tier1,1,PKAR87362,3,"Lift, Indoor Games Room, Jogging Track",7307.0,9577.0,4115134.0,0.055,226332.0,30000.0,11833.0,3.45,1,0
101738,Bangalore,Electronic City,560100,affordable,3.01,2,731.2,7,Puravankara,0.8,Tier2,1,PKAR80033,4,"Jogging Track, Visitor Parking, 24/7 Security, Gymnasium",6043.0,7958.0,5818730.0,0.055,320030.0,30000.0,9335.0,1.93,0,0
101739,Bangalore,Electronic City,560100,affordable,3.18,1,541.6,11,Kolte-Patil,0.82,Tier2,1,PKAR38327,11,"24/7 Security, Clubhouse, CCTV, Indoor Games Room, Power Backup, Swimming Pool, Lift, Landscaped Garden, Children's Play Area, Gymnasium, Visitor Parking",8163.0,12359.0,6692903.0,0.055,368110.0,30000.0,11888.0,2.13,1,1
101740,Bangalore,Electronic City,560100,affordable,2.66,2,832.4,24,Prestige Group,0.92,Tier1,1,PKAR56094,11,"Children's Play Area, Jogging Track, Indoor Games Room, 24/7 Security, Lift, Visitor Parking, Swimming Pool, Gymnasium, Clubhouse, Landscaped Garden, CCTV",7089.0,8528.0,7098296.0,0.055,390406.0,30000.0,24822.0,4.2,1,1
101741,Bangalore,Electronic City,560100,affordable,3.06,4,1623.9,3,Oberoi Realty,0.9,Tier1,1,PKAR82417,6,"Jogging Track, Swimming Pool, Power Backup, Gymnasium, Visitor Parking, Landscaped Garden",7393.0,11509.0,18689212.0,0.055,1027907.0,30000.0,52299.0,3.36,1,1
101742,Bangalore,Electronic City,560100,affordable,3.15,3,1083.3,11,Regional Builders Ltd,0.5,Tier3,1,PKAR53805,12,"Gymnasium, Swimming Pool, Landscaped Garden, Clubhouse, Children's Play Area, 24/7 Security, Visitor Parking, Jogging Track, Indoor Games Room, Lift, CCTV, Power Backup",5729.0,7556.0,8185897.0,0.055,450224.0,30000.0,26301.0,3.86,1,1
101743,Bangalore,Electronic City,560100,affordable,3.11,3,1290.2,6,Regional Builders Ltd,0.5,Tier3,1,PKAR49415,5,"Swimming Pool, Visitor Parking, Clubhouse, Jogging Track, CCTV",8050.0,9758.0,12589210.0,0.055,692407.0,30000.0,41608.0,3.97,1,0
101744,Bangalore,Electronic City,560100,affordable,2.93,3,1300.6,23,Runwal Group,0.78,Tier2,1,PKAR79114,5,"Indoor Games Room, Jogging Track, Clubhouse, Visitor Parking, Lift",8220.0,10019.0,13030920.0,0.055,716701.0,30000.0,29166.0,2.69,0,0
101745,Bangalore,Electronic City,560100,affordable,2.8,3,1394.4,8,Prestige Group,0.92,Tier1,1,PKAR29517,9,"Power Backup, Gymnasium, Visitor Parking, CCTV, Swimming Pool, 24/7 Security, Clubhouse, Landscaped Garden, Indoor Games Room",7569.0,11208.0,15628543.0,0.055,859570.0,30000.0,19689.0,1.51,0,1
101746,Bangalore,Electronic City,560100,affordable,2.76,2,892.4,2,Godrej Properties,0.93,Tier1,1,PKAR24616,10,"CCTV, Indoor Games Room, Children's Play Area, Swimming Pool, Lift, Visitor Parking, Jogging Track, 24/7 Security, Landscaped Garden, Gymnasium",7968.0,12099.0,10797340.0,0.055,593854.0,30000.0,26700.0,2.97,0,1
101747,Bangalore,Electronic City,560100,affordable,2.91,1,417.2,8,Puravankara,0.8,Tier2,1,PKAR20650,12,"Jogging Track, Children's Play Area, Indoor Games Room, Landscaped Garden, Power Backup, Gymnasium, CCTV, Swimming Pool, Clubhouse, Lift, 24/7 Security, Visitor Parking",8353.0,11832.0,4936284.0,0.055,271496.0,30000.0,19392.0,4.71,1,1
101748,Bangalore,Electronic City,560100,affordable,2.88,3,971.6,9,Kolte-Patil,0.82,Tier2,1,PKAR49925,5,"Clubhouse, Swimming Pool, Indoor Games Room, Jogging Track, Power Backup",5625.0,6764.0,6572490.0,0.055,361487.0,30000.0,19093.0,3.49,0,0
101749,Bangalore,Electronic City,560100,affordable,2.82,4,1789.3,15,Runwal Group,0.78,Tier2,1,PKAR54392,12,"CCTV, Indoor Games Room, Children's Play Area, Lift, Landscaped Garden, Clubhouse, Jogging Track, Gymnasium, 24/7 Security, Visitor Parking, Swimming Pool, Power Backup",7672.0,11024.0,19724622.0,0.055,1084854.0,30000.0,72837.0,4.43,1,1
101750,Bangalore,Electronic City,560100,affordable,3.1,4,1875.1,13,Sobha Ltd,0.91,Tier1,1,PKAR11633,6,"24/7 Security, Swimming Pool, CCTV, Indoor Games Room, Clubhouse, Gymnasium",5815.0,8053.0,15099252.0,0.055,830459.0,30000.0,35030.0,2.78,1,1
101751,Bangalore,Electronic City,560100,affordable,2.95,3,978.8,4,Sobha Ltd,0.91,Tier1,1,PKAR77627,9,"Clubhouse, Indoor Games Room, Jogging Track, Landscaped Garden, Swimming Pool, Lift, CCTV, Gymnasium, Children's Play Area",7896.0,11816.0,11565623.0,0.055,636109.0,30000.0,15574.0,1.62,1,1
101752,Bangalore,Electronic City,560100,affordable,2.94,1,457.4,17,Prestige Group,0.92,Tier1,1,PKAR20966,10,"24/7 Security, Lift, Swimming Pool, Children's Play Area, Power Backup, Clubhouse, Jogging Track, Indoor Games Room, CCTV, Visitor Parking",8358.0,11809.0,5401694.0,0.055,297093.0,30000.0,13590.0,3.02,1,1
101753,Bangalore,Electronic City,560100,affordable,2.86,3,1018.2,4,Godrej Properties,0.93,Tier1,1,PKAR65885,12,"Indoor Games Room, Clubhouse, Swimming Pool, Power Backup, Children's Play Area, CCTV, Landscaped Garden, Jogging Track, Gymnasium, 24/7 Security, Lift, Visitor Parking",5577.0,8776.0,8935261.0,0.055,491439.0,30000.0,22292.0,2.99,0,1
101754,Bangalore,Electronic City,560100,affordable,3.02,3,1069.9,3,Prestige Group,0.92,Tier1,1,PKAR86770,6,"Power Backup, CCTV, Landscaped Garden, Lift, Children's Play Area, Swimming Pool",8448.0,12098.0,12943343.0,0.055,711884.0,30000.0,32820.0,3.04,1,1
101755,Bangalore,Electronic City,560100,affordable,2.93,3,1069.2,17,Local Developer Co,0.55,Tier3,0,,8,"24/7 Security, Clubhouse, Landscaped Garden, Lift, Swimming Pool, Jogging Track, Children's Play Area, Gymnasium",6885.0,8046.0,8603588.0,0.055,473197.0,30000.0,18327.0,2.56,1,1
101756,Bangalore,Electronic City,560100,affordable,3.19,4,2054.7,14,Kolte-Patil,0.82,Tier2,1,PKAR34559,8,"Swimming Pool, CCTV, Jogging Track, Clubhouse, Landscaped Garden, Gymnasium, Lift, Power Backup",7399.0,9178.0,18857750.0,0.055,1037176.0,30000.0,72404.0,4.61,1,1
101757,Bangalore,Electronic City,560100,affordable,2.79,3,1175.2,9,Brigade Group,0.88,Tier1,1,PKAR99356,12,"Clubhouse, Landscaped Garden, Jogging Track, Indoor Games Room, Lift, CCTV, Gymnasium, Visitor Parking, Swimming Pool, 24/7 Security, Children's Play Area, Power Backup",5600.0,8011.0,9414271.0,0.055,517785.0,30000.0,27270.0,3.48,0,1
101758,Bangalore,Electronic City,560100,affordable,2.71,3,1386.7,17,Puravankara,0.8,Tier2,1,PKAR94418,8,"Visitor Parking, CCTV, Power Backup, Clubhouse, Lift, Swimming Pool, 24/7 Security, Landscaped Garden",7628.0,9971.0,13826213.0,0.055,760442.0,30000.0,31491.0,2.73,1,1
101759,Bangalore,Electronic City,560100,affordable,2.94,3,969.1,16,Lodha Group,0.95,Tier1,1,PKAR51666,4,"Clubhouse, Jogging Track, Visitor Parking, Swimming Pool",6290.0,7889.0,7644873.0,0.055,420468.0,30000.0,17689.0,2.78,1,0
101760,Bangalore,Electronic City,560100,affordable,2.74,4,1968.0,14,Lodha Group,0.95,Tier1,1,PKAR58722,9,"Gymnasium, Swimming Pool, Power Backup, Jogging Track, Landscaped Garden, Children's Play Area, Visitor Parking, Clubhouse, 24/7 Security",6114.0,8960.0,17633974.0,0.055,969869.0,30000.0,42097.0,2.86,0,1
101761,Bangalore,Electronic City,560100,affordable,2.92,3,1120.5,19,Brigade Group,0.88,Tier1,1,PKAR61607,3,"Jogging Track, Swimming Pool, Children's Play Area",6012.0,6902.0,7733010.0,0.055,425316.0,30000.0,17299.0,2.68,1,0
101762,Bangalore,Electronic City,560100,affordable,3.02,1,455.0,19,Local Developer Co,0.55,Tier3,1,PKAR49251,4,"Jogging Track, Swimming Pool, Gymnasium, Power Backup",5500.0,5914.0,2690991.0,0.055,148005.0,26910.0,4132.0,1.84,1,0
101763,Bangalore,Electronic City,560100,affordable,2.99,2,856.7,20,Kolte-Patil,0.82,Tier2,1,PKAR14905,9,"Swimming Pool, Landscaped Garden, Clubhouse, CCTV, Lift, Indoor Games Room, Jogging Track, Power Backup, Visitor Parking",5609.0,7452.0,6383731.0,0.055,351105.0,30000.0,9273.0,1.74,0,1
101764,Bangalore,Electronic City,560100,affordable,2.83,3,971.9,6,Puravankara,0.8,Tier2,1,PKAR37514,3,"Swimming Pool, 24/7 Security, Landscaped Garden",8295.0,10007.0,9725524.0,0.055,534904.0,30000.0,24521.0,3.03,1,0
101765,Bangalore,Electronic City,560100,affordable,3.08,3,1144.9,2,Puravankara,0.8,Tier2,1,PKAR75427,10,"Lift, Gymnasium, Children's Play Area, CCTV, Indoor Games Room, Swimming Pool, Visitor Parking, Clubhouse, Power Backup, Jogging Track",7709.0,11172.0,12791486.0,0.055,703532.0,30000.0,35471.0,3.33,0,1
101766,Bangalore,Electronic City,560100,affordable,3.06,4,1743.6,15,Puravankara,0.8,Tier2,1,PKAR34185,4,"Visitor Parking, Jogging Track, Gymnasium, CCTV",6811.0,8249.0,14383625.0,0.055,791099.0,30000.0,48775.0,4.07,0,0
101767,Bangalore,Electronic City,560100,affordable,2.78,3,1300.3,0,Lodha Group,0.95,Tier1,1,PKAR32221,9,"Landscaped Garden, Visitor Parking, Children's Play Area, Clubhouse, Power Backup, Gymnasium, Lift, CCTV, Indoor Games Room",7163.0,10162.0,13214482.0,0.055,726797.0,30000.0,30996.0,2.81,0,1
101768,Bangalore,Electronic City,560100,affordable,3.06,2,688.7,2,Lodha Group,0.95,Tier1,1,PKAR19069,12,"Lift, Gymnasium, Swimming Pool, Landscaped Garden, 24/7 Security, Jogging Track, Clubhouse, Power Backup, Visitor Parking, Indoor Games Room, Children's Play Area, CCTV",7733.0,11881.0,8182052.0,0.055,450013.0,30000.0,24288.0,3.56,1,1
101769,Bangalore,Electronic City,560100,affordable,3.18,3,1267.9,14,Puravankara,0.8,Tier2,1,PKAR23936,4,"Gymnasium, 24/7 Security, Indoor Games Room, Landscaped Garden",6144.0,8108.0,10280640.0,0.055,565435.0,30000.0,35357.0,4.13,0,0
101770,Bangalore,Electronic City,560100,affordable,3.01,2,943.2,5,Sobha Ltd,0.91,Tier1,1,PKAR38056,5,"Children's Play Area, CCTV, Landscaped Garden, Clubhouse, 24/7 Security",7858.0,10300.0,9714564.0,0.055,534301.0,30000.0,15240.0,1.88,1,0
101771,Bangalore,Electronic City,560100,affordable,2.85,3,1387.6,8,Puravankara,0.8,Tier2,1,PKAR68779,8,"CCTV, Power Backup, Indoor Games Room, Visitor Parking, Children's Play Area, Gymnasium, Swimming Pool, 24/7 Security",6181.0,8426.0,11691218.0,0.055,643017.0,30000.0,28036.0,2.88,1,1
101772,Bangalore,Electronic City,560100,affordable,2.87,2,713.3,14,Runwal Group,0.78,Tier2,1,PKAR90761,9,"24/7 Security, Lift, Visitor Parking, Children's Play Area, Gymnasium, Jogging Track, CCTV, Swimming Pool, Landscaped Garden",7153.0,9771.0,6969465.0,0.055,383321.0,30000.0,18385.0,3.17,1,1
101773,Bangalore,Electronic City,560100,affordable,3.09,2,692.8,13,Lodha Group,0.95,Tier1,1,PKAR96379,3,"Visitor Parking, 24/7 Security, Power Backup",7124.0,8784.0,6085412.0,0.055,334698.0,30000.0,17152.0,3.38,1,0
101774,Bangalore,Electronic City,560100,affordable,3.0,3,1016.8,5,Sobha Ltd,0.91,Tier1,1,PKAR41857,10,"Swimming Pool, Jogging Track, Lift, Children's Play Area, Indoor Games Room, Visitor Parking, Gymnasium, 24/7 Security, CCTV, Clubhouse",5849.0,9172.0,9325625.0,0.055,512909.0,30000.0,35553.0,4.57,0,1
101775,Bangalore,Electronic City,560100,affordable,3.06,2,938.5,14,Sobha Ltd,0.91,Tier1,1,PKAR27310,4,"Gymnasium, 24/7 Security, Power Backup, Landscaped Garden",5622.0,6925.0,6499212.0,0.055,357457.0,30000.0,18234.0,3.37,0,0
101776,Bangalore,Electronic City,560100,affordable,2.97,3,1250.5,24,Runwal Group,0.78,Tier2,1,PKAR93290,8,"Clubhouse, Lift, 24/7 Security, Indoor Games Room, Jogging Track, Landscaped Garden, Swimming Pool, Children's Play Area",7764.0,9891.0,12368369.0,0.055,680260.0,30000.0,44770.0,4.34,1,1
101777,Bangalore,Electronic City,560100,affordable,2.85,2,811.0,12,Sobha Ltd,0.91,Tier1,1,PKAR29082,11,"Children's Play Area, 24/7 Security, Gymnasium, Clubhouse, Jogging Track, Indoor Games Room, Landscaped Garden, Visitor Parking, Swimming Pool, Lift, Power Backup",7411.0,10576.0,8577534.0,0.055,471764.0,30000.0,26878.0,3.76,0,1
101778,Bangalore,Electronic City,560100,affordable,2.99,4,2043.4,5,Regional Builders Ltd,0.5,Tier3,1,PKAR16640,12,"Lift, Swimming Pool, Jogging Track, Indoor Games Room, Children's Play Area, Gymnasium, Power Backup, CCTV, Landscaped Garden, Visitor Parking, 24/7 Security, Clubhouse",7013.0,8732.0,17841912.0,0.055,981305.0,30000.0,21826.0,1.47,1,1
101779,Bangalore,Electronic City,560100,affordable,2.97,2,847.6,13,Oberoi Realty,0.9,Tier1,1,PKAR59389,7,"Jogging Track, CCTV, Clubhouse, Children's Play Area, Indoor Games Room, Visitor Parking, Swimming Pool",7218.0,10093.0,8555228.0,0.055,470538.0,30000.0,25068.0,3.52,1,1
101780,Bangalore,Electronic City,560100,affordable,2.89,3,1221.7,5,Lodha Group,0.95,Tier1,1,PKAR37966,10,"Landscaped Garden, Children's Play Area, Swimming Pool, Gymnasium, Clubhouse, Power Backup, Jogging Track, Indoor Games Room, Visitor Parking, CCTV",7402.0,11480.0,14025059.0,0.055,771378.0,30000.0,38907.0,3.33,1,1
101781,Bangalore,Electronic City,560100,affordable,2.77,2,684.4,15,Puravankara,0.8,Tier2,1,PKAR21668,8,"Children's Play Area, Clubhouse, 24/7 Security, Gymnasium, Visitor Parking, Swimming Pool, Landscaped Garden, Lift",8153.0,10982.0,7515657.0,0.055,413361.0,30000.0,26100.0,4.17,0,1
101782,Bangalore,Electronic City,560100,affordable,2.78,2,771.1,6,Lodha Group,0.95,Tier1,1,PKAR61003,7,"Visitor Parking, Lift, Children's Play Area, Gymnasium, Landscaped Garden, Clubhouse, CCTV",7382.0,10540.0,8127039.0,0.055,446987.0,30000.0,28516.0,4.21,1,1
101783,Bangalore,Electronic City,560100,affordable,2.89,3,1040.1,13,Sobha Ltd,0.91,Tier1,1,PKAR28798,4,"Power Backup, Clubhouse, Indoor Games Room, Gymnasium",7168.0,8968.0,9327970.0,0.055,513038.0,30000.0,24129.0,3.1,1,0
101784,Bangalore,Electronic City,560100,affordable,2.78,1,447.6,4,Kolte-Patil,0.82,Tier2,1,PKAR42452,11,"Gymnasium, Children's Play Area, Visitor Parking, Swimming Pool, 24/7 Security, Lift, Indoor Games Room, Jogging Track, CCTV, Landscaped Garden, Clubhouse",5843.0,8842.0,3957794.0,0.055,217679.0,30000.0,10934.0,3.32,1,1
101785,Bangalore,Electronic City,560100,affordable,2.92,1,444.8,9,Kolte-Patil,0.82,Tier2,1,PKAR41976,8,"Gymnasium, Children's Play Area, Visitor Parking, Indoor Games Room, 24/7 Security, Power Backup, CCTV, Swimming Pool",8226.0,12031.0,5351575.0,0.055,294337.0,30000.0,20653.0,4.63,1,1
101786,Bangalore,Electronic City,560100,affordable,2.99,2,689.1,1,Prestige Group,0.92,Tier1,1,PKAR16522,3,"Gymnasium, Landscaped Garden, Indoor Games Room",7196.0,8400.0,5788224.0,0.055,318352.0,30000.0,11563.0,2.4,0,0
101787,Bangalore,Electronic City,560100,affordable,3.0,2,746.9,9,Brigade Group,0.88,Tier1,1,PKAR23276,10,"Visitor Parking, Swimming Pool, 24/7 Security, Lift, Indoor Games Room, Clubhouse, CCTV, Landscaped Garden, Children's Play Area, Gymnasium",6526.0,9784.0,7307456.0,0.055,401910.0,30000.0,14976.0,2.46,1,1
101788,Bangalore,Electronic City,560100,affordable,2.99,2,831.8,5,Brigade Group,0.88,Tier1,1,PKAR13166,9,"Lift, Swimming Pool, Jogging Track, Power Backup, Gymnasium, Indoor Games Room, Children's Play Area, Landscaped Garden, 24/7 Security",5522.0,7483.0,6224306.0,0.055,342337.0,30000.0,15914.0,3.07,1,1
101789,Bangalore,Electronic City,560100,affordable,2.74,3,1130.4,10,Local Developer Co,0.55,Tier3,1,PKAR35025,4,"Swimming Pool, Landscaped Garden, Visitor Parking, Indoor Games Room",6484.0,8130.0,9190414.0,0.055,505473.0,30000.0,14995.0,1.96,1,0
101790,Bangalore,Electronic City,560100,affordable,3.09,1,392.0,19,Brigade Group,0.88,Tier1,1,PKAR57575,3,"Children's Play Area, Visitor Parking, Power Backup",6332.0,7906.0,3099157.0,0.055,170454.0,30000.0,5936.0,2.3,1,0
101791,Bangalore,Electronic City,560100,affordable,2.81,2,850.7,8,Regional Builders Ltd,0.5,Tier3,1,PKAR98450,3,"Children's Play Area, Lift, 24/7 Security",6153.0,6728.0,5723996.0,0.055,314820.0,30000.0,10174.0,2.13,0,0
101792,Bangalore,Electronic City,560100,affordable,2.76,2,748.5,12,Brigade Group,0.88,Tier1,1,PKAR15692,9,"Children's Play Area, Swimming Pool, Jogging Track, Gymnasium, Power Backup, Indoor Games Room, Clubhouse, CCTV, Landscaped Garden",5980.0,7703.0,5766215.0,0.055,317142.0,30000.0,31461.0,6.55,1,1
101793,Bangalore,Electronic City,560100,affordable,2.89,3,1128.5,17,Godrej Properties,0.93,Tier1,1,PKAR97427,11,"Lift, Power Backup, Jogging Track, Swimming Pool, Indoor Games Room, Visitor Parking, Landscaped Garden, CCTV, 24/7 Security, Clubhouse, Gymnasium",6152.0,8597.0,9701588.0,0.055,533587.0,30000.0,24117.0,2.98,1,1
101794,Bangalore,Electronic City,560100,affordable,2.83,3,1326.7,1,Prestige Group,0.92,Tier1,1,PKAR27026,11,"CCTV, Gymnasium, 24/7 Security, Jogging Track, Landscaped Garden, Power Backup, Swimming Pool, Children's Play Area, Visitor Parking, Lift, Clubhouse",6905.0,10645.0,14123133.0,0.055,776772.0,30000.0,30677.0,2.61,1,1
101795,Bangalore,Electronic City,560100,affordable,2.99,2,844.6,16,Prestige Group,0.92,Tier1,1,PKAR72852,8,"Gymnasium, Jogging Track, 24/7 Security, Power Backup, Landscaped Garden, Clubhouse, Indoor Games Room, Lift",5979.0,8240.0,6959844.0,0.055,382791.0,30000.0,15691.0,2.71,1,1
101796,Bangalore,Electronic City,560100,affordable,2.7,4,2190.2,4,Puravankara,0.8,Tier2,1,PKAR35448,12,"Jogging Track, Landscaped Garden, CCTV, Lift, Visitor Parking, 24/7 Security, Swimming Pool, Indoor Games Room, Gymnasium, Power Backup, Children's Play Area, Clubhouse",7269.0,10965.0,24015108.0,0.055,1320831.0,30000.0,43705.0,2.18,0,1
101797,Bangalore,Electronic City,560100,affordable,3.04,2,947.1,4,Regional Builders Ltd,0.5,Tier3,1,PKAR61222,4,"Gymnasium, 24/7 Security, CCTV, Jogging Track",6205.0,7759.0,7348066.0,0.055,404144.0,30000.0,16029.0,2.62,0,0
101798,Bangalore,Electronic City,560100,affordable,2.92,3,1383.4,18,Runwal Group,0.78,Tier2,1,PKAR58869,3,"Children's Play Area, Visitor Parking, CCTV",7376.0,8840.0,12229059.0,0.055,672598.0,30000.0,23018.0,2.26,0,0
101799,Bangalore,Electronic City,560100,affordable,3.11,1,484.3,17,Brigade Group,0.88,Tier1,1,PKAR18963,4,"Jogging Track, CCTV, Gymnasium, Swimming Pool",7163.0,9181.0,4446734.0,0.055,244570.0,30000.0,13463.0,3.63,1,0
101800,Bangalore,Electronic City,560100,affordable,3.06,2,838.6,10,Runwal Group,0.78,Tier2,1,PKAR96845,6,"Swimming Pool, Lift, Children's Play Area, Gymnasium, Indoor Games Room, Landscaped Garden",6885.0,8895.0,7459359.0,0.055,410265.0,30000.0,26110.0,4.2,1,1
101801,Bangalore,Hebbal,560024,mid,1.04,1,413.7,2,Runwal Group,0.78,Tier2,1,PKAR23151,5,"Jogging Track, 24/7 Security, Landscaped Garden, Visitor Parking, Lift",9104.0,13569.0,5613108.0,0.055,308721.0,30000.0,11584.0,2.48,0,0
101802,Bangalore,Hebbal,560024,mid,1.27,2,927.5,2,Godrej Properties,0.93,Tier1,1,PKAR74560,12,"Indoor Games Room, 24/7 Security, Swimming Pool, CCTV, Children's Play Area, Jogging Track, Clubhouse, Visitor Parking, Power Backup, Gymnasium, Landscaped Garden, Lift",8864.0,13887.0,12879205.0,0.055,708356.0,30000.0,35730.0,3.33,0,1
101803,Bangalore,Hebbal,560024,mid,1.15,3,1166.9,7,Puravankara,0.8,Tier2,1,PKAR63256,7,"Landscaped Garden, CCTV, 24/7 Security, Jogging Track, Power Backup, Indoor Games Room, Swimming Pool",9002.0,12376.0,14441013.0,0.055,794256.0,30000.0,32238.0,2.68,1,1
101804,Bangalore,Hebbal,560024,mid,0.79,4,1966.9,16,Prestige Group,0.92,Tier1,1,PKAR96868,10,"Power Backup, CCTV, Lift, Visitor Parking, Gymnasium, Landscaped Garden, Indoor Games Room, Jogging Track, Swimming Pool, 24/7 Security",8829.0,12671.0,24922340.0,0.055,1370729.0,30000.0,58073.0,2.8,0,1
101805,Bangalore,Hebbal,560024,mid,0.99,4,2164.6,7,Oberoi Realty,0.9,Tier1,1,PKAR56194,11,"Children's Play Area, Landscaped Garden, CCTV, Visitor Parking, 24/7 Security, Indoor Games Room, Clubhouse, Power Backup, Lift, Gymnasium, Swimming Pool",9137.0,13731.0,29722503.0,0.055,1634738.0,30000.0,57799.0,2.33,0,1
101806,Bangalore,Hebbal,560024,mid,0.99,4,1906.8,16,Regional Builders Ltd,0.5,Tier3,0,,3,"Jogging Track, Visitor Parking, CCTV",10184.0,10943.0,20865110.0,0.055,1147581.0,30000.0,54312.0,3.12,1,0
101807,Bangalore,Hebbal,560024,mid,0.73,4,1854.0,18,Regional Builders Ltd,0.5,Tier3,0,,11,"Swimming Pool, CCTV, Jogging Track, Children's Play Area, Indoor Games Room, Visitor Parking, 24/7 Security, Clubhouse, Lift, Gymnasium, Landscaped Garden",9549.0,11528.0,21371684.0,0.055,1175443.0,30000.0,67140.0,3.77,1,1
101808,Bangalore,Hebbal,560024,mid,0.98,3,1375.4,16,Brigade Group,0.88,Tier1,1,PKAR89405,5,"Visitor Parking, Jogging Track, Swimming Pool, Children's Play Area, Lift",10574.0,14055.0,19331788.0,0.055,1063248.0,30000.0,45560.0,2.83,1,0
101809,Bangalore,Hebbal,560024,mid,1.02,1,533.4,0,Kolte-Patil,0.82,Tier2,1,PKAR88017,3,"Swimming Pool, Lift, Jogging Track",11691.0,15134.0,8071647.0,0.055,443941.0,30000.0,24390.0,3.63,1,0
101810,Bangalore,Hebbal,560024,mid,1.04,1,457.4,22,Regional Builders Ltd,0.5,Tier3,0,,9,"Landscaped Garden, Gymnasium, Swimming Pool, Indoor Games Room, Power Backup, Clubhouse, CCTV, Lift, Jogging Track",11760.0,16617.0,7601300.0,0.055,418071.0,30000.0,22171.0,3.5,0,1
101811,Bangalore,Hebbal,560024,mid,1.02,2,735.1,7,Sobha Ltd,0.91,Tier1,1,PKAR88929,11,"Children's Play Area, 24/7 Security, Power Backup, Visitor Parking, Landscaped Garden, Swimming Pool, CCTV, Indoor Games Room, Jogging Track, Lift, Clubhouse",11194.0,16485.0,12117602.0,0.055,666468.0,30000.0,22947.0,2.27,1,1
101812,Bangalore,Hebbal,560024,mid,1.12,3,1160.7,13,Oberoi Realty,0.9,Tier1,1,PKAR44196,3,"Indoor Games Room, Power Backup, Swimming Pool",8697.0,10090.0,11711855.0,0.055,644152.0,30000.0,19857.0,2.03,1,0
101813,Bangalore,Hebbal,560024,mid,0.86,1,403.2,4,Godrej Properties,0.93,Tier1,1,PKAR58060,4,"Power Backup, Children's Play Area, Gymnasium, Swimming Pool",8634.0,12015.0,4844648.0,0.055,266456.0,30000.0,9994.0,2.48,0,0
101814,Bangalore,Hebbal,560024,mid,0.94,2,899.8,18,Oberoi Realty,0.9,Tier1,1,PKAR36619,12,"Children's Play Area, Visitor Parking, Clubhouse, Power Backup, CCTV, Gymnasium, Indoor Games Room, Landscaped Garden, Lift, Swimming Pool, 24/7 Security, Jogging Track",9755.0,14518.0,13063692.0,0.055,718503.0,30000.0,32233.0,2.96,1,1
101815,Bangalore,Hebbal,560024,mid,0.93,2,746.0,12,Runwal Group,0.78,Tier2,1,PKAR85888,7,"CCTV, Jogging Track, Indoor Games Room, Children's Play Area, Clubhouse, 24/7 Security, Landscaped Garden",9956.0,13143.0,9803985.0,0.055,539219.0,30000.0,22656.0,2.77,0,1
101816,Bangalore,Hebbal,560024,mid,1.07,1,479.1,12,Oberoi Realty,0.9,Tier1,1,PKAR21306,7,"CCTV, Power Backup, Visitor Parking, Jogging Track, Gymnasium, Landscaped Garden, Lift",10458.0,14144.0,6777076.0,0.055,372739.0,30000.0,18910.0,3.35,1,1
101817,Bangalore,Hebbal,560024,mid,0.77,1,455.3,17,Prestige Group,0.92,Tier1,1,PKAR10886,3,"Children's Play Area, Swimming Pool, Power Backup",9791.0,11883.0,5409939.0,0.055,297547.0,30000.0,11551.0,2.56,1,0
101818,Bangalore,Hebbal,560024,mid,0.96,3,1391.4,18,Prestige Group,0.92,Tier1,1,PKAR66433,3,"Visitor Parking, Clubhouse, Jogging Track",9113.0,11344.0,15784209.0,0.055,868132.0,30000.0,25909.0,1.97,1,0
101819,Bangalore,Hebbal,560024,mid,1.09,1,411.0,5,Runwal Group,0.78,Tier2,1,PKAR41924,11,"Lift, Landscaped Garden, 24/7 Security, Indoor Games Room, Swimming Pool, Power Backup, Children's Play Area, Jogging Track, CCTV, Gymnasium, Clubhouse",8019.0,11995.0,4929457.0,0.055,271120.0,30000.0,12477.0,3.04,0,1
101820,Bangalore,Hebbal,560024,mid,1.18,2,817.7,15,Local Developer Co,0.55,Tier3,0,,10,"Swimming Pool, Gymnasium, CCTV, Children's Play Area, Landscaped Garden, Jogging Track, Power Backup, Lift, 24/7 Security, Visitor Parking",8866.0,11726.0,9589104.0,0.055,527401.0,30000.0,24415.0,3.06,1,1
101821,Bangalore,Hebbal,560024,mid,1.15,2,793.5,7,Oberoi Realty,0.9,Tier1,1,PKAR52628,4,"Power Backup, Landscaped Garden, Swimming Pool, Children's Play Area",11386.0,14829.0,11767178.0,0.055,647195.0,30000.0,25789.0,2.63,1,0
101822,Bangalore,Hebbal,560024,mid,0.98,2,861.0,0,Godrej Properties,0.93,Tier1,1,PKAR98246,10,"Gymnasium, Power Backup, Children's Play Area, Landscaped Garden, 24/7 Security, Visitor Parking, Lift, Indoor Games Room, Jogging Track, CCTV",9621.0,15199.0,13086222.0,0.055,719742.0,30000.0,32684.0,3.0,1,1
101823,Bangalore,Hebbal,560024,mid,1.01,3,1186.5,11,Local Developer Co,0.55,Tier3,1,PKAR72672,5,"CCTV, Power Backup, Indoor Games Room, Swimming Pool, Landscaped Garden",8606.0,10389.0,12326687.0,0.055,677968.0,30000.0,20685.0,2.01,1,0
101824,Bangalore,Hebbal,560024,mid,0.89,1,468.4,21,Godrej Properties,0.93,Tier1,1,PKAR80443,11,"Visitor Parking, Landscaped Garden, Power Backup, Gymnasium, Indoor Games Room, Swimming Pool, Children's Play Area, Lift, 24/7 Security, Clubhouse, CCTV",11727.0,17288.0,8096981.0,0.055,445334.0,30000.0,26729.0,3.96,1,1
101825,Bangalore,Hebbal,560024,mid,1.19,1,529.4,3,Kolte-Patil,0.82,Tier2,1,PKAR91909,3,"Jogging Track, Gymnasium, Clubhouse",8368.0,11115.0,5884560.0,0.055,323651.0,30000.0,17533.0,3.58,1,0
101826,Bangalore,Hebbal,560024,mid,1.16,1,444.0,22,Oberoi Realty,0.9,Tier1,1,PKAR46676,6,"Visitor Parking, Power Backup, Gymnasium, Landscaped Garden, 24/7 Security, CCTV",10660.0,13557.0,6018804.0,0.055,331034.0,30000.0,9407.0,1.88,0,1
101827,Bangalore,Hebbal,560024,mid,1.05,3,1040.8,0,Regional Builders Ltd,0.5,Tier3,1,PKAR21307,3,"Indoor Games Room, Jogging Track, Gymnasium",8372.0,9876.0,10279103.0,0.055,565351.0,30000.0,22042.0,2.57,1,0
101828,Bangalore,Hebbal,560024,mid,1.18,3,1033.0,1,Puravankara,0.8,Tier2,1,PKAR50463,3,"Power Backup, Children's Play Area, Jogging Track",8998.0,11227.0,11597161.0,0.055,637844.0,30000.0,28560.0,2.96,1,0
101829,Bangalore,Hebbal,560024,mid,0.97,2,793.2,9,Local Developer Co,0.55,Tier3,1,PKAR32950,6,"Landscaped Garden, Clubhouse, Gymnasium, 24/7 Security, Visitor Parking, Power Backup",8444.0,10242.0,8124585.0,0.055,446852.0,30000.0,21176.0,3.13,1,1
101830,Bangalore,Hebbal,560024,mid,0.96,1,391.3,20,Kolte-Patil,0.82,Tier2,1,PKAR23778,9,"Children's Play Area, Landscaped Garden, Indoor Games Room, Clubhouse, Visitor Parking, Lift, Swimming Pool, Gymnasium, 24/7 Security",9717.0,12332.0,4825892.0,0.055,265424.0,30000.0,16072.0,4.0,0,1
101831,Bangalore,Hebbal,560024,mid,0.94,2,814.3,24,Puravankara,0.8,Tier2,1,PKAR46646,6,"Visitor Parking, Jogging Track, Lift, CCTV, Power Backup, Clubhouse",9875.0,12886.0,10492597.0,0.055,577093.0,30000.0,19995.0,2.29,1,1
101832,Bangalore,Hebbal,560024,mid,0.82,2,743.6,12,Lodha Group,0.95,Tier1,1,PKAR30992,6,"Power Backup, Clubhouse, 24/7 Security, Gymnasium, Swimming Pool, Indoor Games Room",10413.0,15034.0,11179523.0,0.055,614874.0,30000.0,18370.0,1.97,0,1
101833,Bangalore,Hebbal,560024,mid,1.19,3,1163.5,12,Brigade Group,0.88,Tier1,1,PKAR20397,7,"Indoor Games Room, 24/7 Security, Lift, Children's Play Area, Landscaped Garden, Gymnasium, Power Backup",11013.0,15691.0,18256410.0,0.055,1004103.0,30000.0,57229.0,3.76,1,1
101834,Bangalore,Hebbal,560024,mid,1.25,2,844.5,11,Lodha Group,0.95,Tier1,1,PKAR31779,4,"24/7 Security, Indoor Games Room, Visitor Parking, Lift",11792.0,14446.0,12200000.0,0.055,671000.0,30000.0,27780.0,2.73,1,0
101835,Bangalore,Hebbal,560024,mid,0.81,4,1559.7,10,Sobha Ltd,0.91,Tier1,1,PKAR28497,5,"Power Backup, 24/7 Security, Children's Play Area, Landscaped Garden, Swimming Pool",9098.0,11561.0,18031777.0,0.055,991748.0,30000.0,39746.0,2.65,1,0
101836,Bangalore,Hebbal,560024,mid,1.25,1,398.9,6,Local Developer Co,0.55,Tier3,1,PKAR67533,12,"Visitor Parking, Swimming Pool, CCTV, Gymnasium, Power Backup, Jogging Track, Landscaped Garden, Lift, Clubhouse, Children's Play Area, Indoor Games Room, 24/7 Security",10864.0,15356.0,6125344.0,0.055,336894.0,30000.0,16363.0,3.21,1,1
101837,Bangalore,Hebbal,560024,mid,1.0,2,928.8,21,Runwal Group,0.78,Tier2,1,PKAR55543,6,"CCTV, Landscaped Garden, Visitor Parking, Jogging Track, 24/7 Security, Children's Play Area",9038.0,10685.0,9923828.0,0.055,545811.0,30000.0,9907.0,1.2,1,1
101838,Bangalore,Hebbal,560024,mid,0.79,4,1797.8,3,Lodha Group,0.95,Tier1,1,PKAR92258,5,"Indoor Games Room, Jogging Track, Children's Play Area, Gymnasium, Swimming Pool",11017.0,14777.0,26565896.0,0.055,1461124.0,30000.0,80926.0,3.66,0,0
101839,Bangalore,Hebbal,560024,mid,0.79,3,1255.5,15,Kolte-Patil,0.82,Tier2,1,PKAR72735,9,"24/7 Security, Clubhouse, Landscaped Garden, CCTV, Jogging Track, Power Backup, Swimming Pool, Gymnasium, Indoor Games Room",10873.0,15245.0,19140006.0,0.055,1052700.0,30000.0,52249.0,3.28,1,1
101840,Bangalore,Hebbal,560024,mid,1.22,2,825.6,3,Godrej Properties,0.93,Tier1,1,PKAR72226,8,"Gymnasium, Landscaped Garden, Power Backup, Indoor Games Room, Clubhouse, Visitor Parking, Swimming Pool, Jogging Track",8217.0,12963.0,10701983.0,0.055,588609.0,30000.0,28674.0,3.22,1,1
101841,Bangalore,Hebbal,560024,mid,0.95,2,886.4,3,Kolte-Patil,0.82,Tier2,1,PKAR99625,4,"Children's Play Area, Landscaped Garden, Clubhouse, Indoor Games Room",8627.0,11876.0,10526066.0,0.055,578934.0,30000.0,33714.0,3.84,1,0
101842,Bangalore,Hebbal,560024,mid,1.03,4,1500.8,14,Kolte-Patil,0.82,Tier2,1,PKAR92463,10,"Landscaped Garden, Swimming Pool, Gymnasium, 24/7 Security, Power Backup, CCTV, Lift, Children's Play Area, Clubhouse, Jogging Track",9379.0,12133.0,18210065.0,0.055,1001554.0,30000.0,31652.0,2.09,1,1
101843,Bangalore,Hebbal,560024,mid,0.92,2,845.1,24,Oberoi Realty,0.9,Tier1,1,PKAR88682,3,"24/7 Security, Children's Play Area, Power Backup",8081.0,8850.0,7478582.0,0.055,411322.0,30000.0,13466.0,2.16,1,0
101844,Bangalore,Hebbal,560024,mid,1.15,4,1565.0,12,Local Developer Co,0.55,Tier3,1,PKAR55118,3,"CCTV, Children's Play Area, Swimming Pool",11175.0,13793.0,21585916.0,0.055,1187225.0,30000.0,35570.0,1.98,0,0
101845,Bangalore,Hebbal,560024,mid,0.74,3,1276.6,7,Local Developer Co,0.55,Tier3,0,,10,"Swimming Pool, Visitor Parking, Gymnasium, Children's Play Area, Lift, Landscaped Garden, Power Backup, Indoor Games Room, Clubhouse, Jogging Track",11690.0,16817.0,21468410.0,0.055,1180763.0,30000.0,71262.0,3.98,1,1
101846,Bangalore,Hebbal,560024,mid,0.82,3,976.9,11,Runwal Group,0.78,Tier2,1,PKAR21834,4,"Power Backup, Clubhouse, 24/7 Security, Landscaped Garden",8051.0,10257.0,10020133.0,0.055,551107.0,30000.0,29680.0,3.55,0,0
101847,Bangalore,Hebbal,560024,mid,1.21,4,1530.9,10,Lodha Group,0.95,Tier1,1,PKAR13772,9,"Children's Play Area, Visitor Parking, Jogging Track, CCTV, Clubhouse, Lift, Indoor Games Room, Gymnasium, 24/7 Security",10446.0,15560.0,23820676.0,0.055,1310137.0,30000.0,65257.0,3.29,1,1
101848,Bangalore,Hebbal,560024,mid,0.9,1,469.6,18,Regional Builders Ltd,0.5,Tier3,0,,7,"Swimming Pool, Jogging Track, Power Backup, Clubhouse, Children's Play Area, CCTV, 24/7 Security",11704.0,12496.0,5868072.0,0.055,322744.0,30000.0,12881.0,2.63,0,1
101849,Bangalore,Hebbal,560024,mid,0.93,3,1210.1,7,Local Developer Co,0.55,Tier3,1,PKAR36620,9,"CCTV, Indoor Games Room, Gymnasium, Landscaped Garden, Clubhouse, Power Backup, Swimming Pool, 24/7 Security, Visitor Parking",8182.0,10720.0,12972588.0,0.055,713492.0,30000.0,21128.0,1.95,0,1
101850,Bangalore,Hebbal,560024,mid,1.11,4,2156.0,9,Lodha Group,0.95,Tier1,1,PKAR92290,10,"Gymnasium, Children's Play Area, Visitor Parking, Lift, 24/7 Security, Power Backup, Swimming Pool, CCTV, Clubhouse, Indoor Games Room",10541.0,16657.0,35912062.0,0.055,1975163.0,30000.0,87735.0,2.93,0,1
101851,Bangalore,Hebbal,560024,mid,1.13,3,1043.9,8,Puravankara,0.8,Tier2,1,PKAR13130,4,"Clubhouse, Swimming Pool, Power Backup, CCTV",9848.0,13460.0,14050838.0,0.055,772796.0,30000.0,37694.0,3.22,1,0
101852,Bangalore,Hebbal,560024,mid,0.95,2,809.4,14,Oberoi Realty,0.9,Tier1,1,PKAR79819,6,"Visitor Parking, Clubhouse, Lift, 24/7 Security, Power Backup, Gymnasium",8986.0,11524.0,9328100.0,0.055,513045.0,30000.0,25656.0,3.3,1,1
101853,Bangalore,Hebbal,560024,mid,0.95,1,429.7,12,Lodha Group,0.95,Tier1,1,PKAR23760,10,"Jogging Track, Swimming Pool, Power Backup, Lift, Clubhouse, Visitor Parking, CCTV, 24/7 Security, Gymnasium, Landscaped Garden",11006.0,16566.0,7118838.0,0.055,391536.0,30000.0,15953.0,2.69,1,1
101854,Bangalore,Hebbal,560024,mid,0.92,4,1883.5,20,Regional Builders Ltd,0.5,Tier3,0,,9,"Indoor Games Room, Landscaped Garden, Clubhouse, Visitor Parking, CCTV, 24/7 Security, Power Backup, Gymnasium, Children's Play Area",8919.0,10523.0,19820729.0,0.055,1090140.0,30000.0,49420.0,2.99,0,1
101855,Bangalore,Hebbal,560024,mid,1.27,1,475.0,7,Lodha Group,0.95,Tier1,1,PKAR23509,7,"Clubhouse, Landscaped Garden, 24/7 Security, Visitor Parking, Swimming Pool, Lift, Indoor Games Room",8085.0,11831.0,5620252.0,0.055,309114.0,30000.0,14242.0,3.04,1,1
101856,Bangalore,Hebbal,560024,mid,0.96,2,672.2,17,Kolte-Patil,0.82,Tier2,1,PKAR16550,4,"Jogging Track, Indoor Games Room, Power Backup, Gymnasium",9594.0,11675.0,7848509.0,0.055,431668.0,30000.0,15542.0,2.38,1,0
101857,Bangalore,Hebbal,560024,mid,1.07,4,1777.5,7,Kolte-Patil,0.82,Tier2,1,PKAR60611,3,"Jogging Track, Indoor Games Room, Children's Play Area",10626.0,13302.0,23645295.0,0.055,1300491.0,30000.0,67542.0,3.43,1,0
101858,Bangalore,Hebbal,560024,mid,1.01,4,1850.5,3,Regional Builders Ltd,0.5,Tier3,1,PKAR18198,10,"Lift, Swimming Pool, CCTV, Indoor Games Room, Children's Play Area, Power Backup, Jogging Track, Gymnasium, Clubhouse, Visitor Parking",9907.0,13407.0,24810567.0,0.055,1364581.0,30000.0,44310.0,2.14,1,1
101859,Bangalore,Hebbal,560024,mid,0.9,1,496.8,3,Lodha Group,0.95,Tier1,1,PKAR72260,10,"Visitor Parking, Indoor Games Room, Lift, Swimming Pool, 24/7 Security, CCTV, Landscaped Garden, Power Backup, Jogging Track, Gymnasium",10923.0,17413.0,8651414.0,0.055,475828.0,30000.0,23704.0,3.29,1,1
101860,Bangalore,Hebbal,560024,mid,0.85,3,1124.7,7,Oberoi Realty,0.9,Tier1,1,PKAR15265,10,"Jogging Track, Swimming Pool, CCTV, 24/7 Security, Indoor Games Room, Lift, Landscaped Garden, Clubhouse, Children's Play Area, Visitor Parking",10406.0,16178.0,18195246.0,0.055,1000739.0,30000.0,29130.0,1.92,1,1
101861,Bangalore,Hebbal,560024,mid,1.01,3,1038.2,14,Godrej Properties,0.93,Tier1,1,PKAR24397,4,"Swimming Pool, Clubhouse, Children's Play Area, Indoor Games Room",11670.0,15814.0,16417840.0,0.055,902981.0,30000.0,40415.0,2.95,0,0
101862,Bangalore,Hebbal,560024,mid,0.66,2,931.4,14,Kolte-Patil,0.82,Tier2,1,PKAR53056,10,"Lift, Jogging Track, Clubhouse, 24/7 Security, CCTV, Swimming Pool, Visitor Parking, Children's Play Area, Indoor Games Room, Power Backup",11597.0,16292.0,15174146.0,0.055,834578.0,30000.0,50137.0,3.96,1,1
101863,Bangalore,Hebbal,560024,mid,0.96,3,1184.3,16,Sobha Ltd,0.91,Tier1,1,PKAR64645,8,"Landscaped Garden, Jogging Track, 24/7 Security, Indoor Games Room, Clubhouse, Gymnasium, CCTV, Swimming Pool",11822.0,16380.0,19399814.0,0.055,1066990.0,30000.0,41056.0,2.54,1,1
101864,Bangalore,Hebbal,560024,mid,1.07,2,682.6,23,Puravankara,0.8,Tier2,1,PKAR43614,10,"Gymnasium, Children's Play Area, Swimming Pool, Lift, Visitor Parking, 24/7 Security, Jogging Track, Landscaped Garden, CCTV, Indoor Games Room",8587.0,11692.0,7980275.0,0.055,438915.0,30000.0,14222.0,2.14,1,1
101865,Bangalore,Hebbal,560024,mid,0.86,2,660.5,5,Kolte-Patil,0.82,Tier2,1,PKAR27950,12,"Power Backup, Visitor Parking, Landscaped Garden, Indoor Games Room, Lift, 24/7 Security, Gymnasium, Children's Play Area, Jogging Track, CCTV, Clubhouse, Swimming Pool",10728.0,17049.0,11260302.0,0.055,619317.0,30000.0,22023.0,2.35,0,1
101866,Bangalore,Hebbal,560024,mid,1.16,3,1274.4,17,Runwal Group,0.78,Tier2,1,PKAR78246,3,"Lift, Visitor Parking, Swimming Pool",9506.0,10466.0,13337347.0,0.055,733554.0,30000.0,30344.0,2.73,0,0
101867,Bangalore,Hebbal,560024,mid,0.93,4,1999.8,8,Local Developer Co,0.55,Tier3,0,,10,"Power Backup, Lift, Indoor Games Room, Swimming Pool, Landscaped Garden, Jogging Track, Children's Play Area, Gymnasium, Visitor Parking, 24/7 Security",8127.0,11728.0,23453408.0,0.055,1289937.0,30000.0,75648.0,3.87,1,1
101868,Bangalore,Hebbal,560024,mid,0.96,4,1849.8,5,Runwal Group,0.78,Tier2,1,PKAR94582,9,"Lift, Swimming Pool, Landscaped Garden, Visitor Parking, Indoor Games Room, Clubhouse, 24/7 Security, Gymnasium, Power Backup",11656.0,15581.0,28820651.0,0.055,1585136.0,30000.0,57379.0,2.39,1,1
101869,Bangalore,Hebbal,560024,mid,0.83,3,1278.8,12,Oberoi Realty,0.9,Tier1,1,PKAR41774,7,"Indoor Games Room, CCTV, Lift, Landscaped Garden, Clubhouse, 24/7 Security, Jogging Track",8138.0,10609.0,13567500.0,0.055,746213.0,30000.0,40814.0,3.61,1,1
101870,Bangalore,Hebbal,560024,mid,1.03,3,1008.1,21,Brigade Group,0.88,Tier1,1,PKAR40948,6,"Jogging Track, Children's Play Area, Landscaped Garden, Swimming Pool, Clubhouse, Power Backup",8105.0,11680.0,11774807.0,0.055,647614.0,30000.0,19338.0,1.97,0,1
101871,Bangalore,Hebbal,560024,mid,0.88,2,777.9,14,Godrej Properties,0.93,Tier1,1,PKAR94929,3,"Indoor Games Room, CCTV, Landscaped Garden",10726.0,13921.0,10829185.0,0.055,595605.0,30000.0,21625.0,2.4,1,0
101872,Bangalore,Hebbal,560024,mid,0.92,4,1566.4,24,Lodha Group,0.95,Tier1,1,PKAR43811,7,"Children's Play Area, Lift, Visitor Parking, Landscaped Garden, CCTV, Clubhouse, Indoor Games Room",11645.0,15032.0,23545337.0,0.055,1294994.0,30000.0,46600.0,2.38,0,1
101873,Bangalore,Hebbal,560024,mid,0.82,3,1335.1,8,Godrej Properties,0.93,Tier1,1,PKAR41885,6,"Gymnasium, CCTV, Landscaped Garden, Lift, 24/7 Security, Indoor Games Room",8172.0,10246.0,13679271.0,0.055,752360.0,30000.0,27580.0,2.42,0,1
101874,Bangalore,Hebbal,560024,mid,1.14,3,1100.4,12,Puravankara,0.8,Tier2,1,PKAR90592,3,"Power Backup, Indoor Games Room, Gymnasium",9416.0,12536.0,13794700.0,0.055,758708.0,30000.0,21440.0,1.87,0,0
101875,Bangalore,Hebbal,560024,mid,0.78,1,448.8,0,Runwal Group,0.78,Tier2,1,PKAR88585,12,"Landscaped Garden, Gymnasium, Children's Play Area, Clubhouse, CCTV, Lift, Swimming Pool, Indoor Games Room, 24/7 Security, Jogging Track, Visitor Parking, Power Backup",11339.0,18231.0,8182289.0,0.055,450026.0,30000.0,16795.0,2.46,0,1
101876,Bangalore,Hebbal,560024,mid,0.98,2,846.8,23,Kolte-Patil,0.82,Tier2,1,PKAR67828,11,"Clubhouse, Gymnasium, Power Backup, Indoor Games Room, Children's Play Area, Visitor Parking, Lift, Swimming Pool, Jogging Track, Landscaped Garden, 24/7 Security",10642.0,14016.0,11867968.0,0.055,652738.0,30000.0,36956.0,3.74,1,1
101877,Bangalore,Hebbal,560024,mid,0.96,4,1504.7,16,Regional Builders Ltd,0.5,Tier3,1,PKAR24995,5,"Visitor Parking, Jogging Track, 24/7 Security, Swimming Pool, Indoor Games Room",11627.0,14252.0,21445407.0,0.055,1179497.0,30000.0,49433.0,2.77,1,0
101878,Bangalore,Hebbal,560024,mid,1.28,2,937.9,8,Prestige Group,0.92,Tier1,1,PKAR79788,7,"Lift, Swimming Pool, Power Backup, Indoor Games Room, Landscaped Garden, Jogging Track, Visitor Parking",9299.0,12219.0,11459933.0,0.055,630296.0,30000.0,28696.0,3.0,1,1
101879,Bangalore,Hebbal,560024,mid,0.77,1,476.9,9,Kolte-Patil,0.82,Tier2,1,PKAR91881,4,"Visitor Parking, Gymnasium, Children's Play Area, Jogging Track",11342.0,15639.0,7458957.0,0.055,410243.0,30000.0,14882.0,2.39,0,0
101880,Bangalore,Hebbal,560024,mid,0.87,2,804.1,22,Lodha Group,0.95,Tier1,1,PKAR92145,9,"Indoor Games Room, Gymnasium, CCTV, Children's Play Area, Visitor Parking, Power Backup, Landscaped Garden, Lift, Jogging Track",11680.0,14179.0,11401888.0,0.055,627104.0,30000.0,26495.0,2.79,1,1
101881,Bangalore,Hebbal,560024,mid,0.71,2,949.0,21,Oberoi Realty,0.9,Tier1,1,PKAR94151,10,"CCTV, Landscaped Garden, Visitor Parking, Power Backup, Clubhouse, Gymnasium, Jogging Track, 24/7 Security, Children's Play Area, Swimming Pool",9594.0,13744.0,13043092.0,0.055,717370.0,30000.0,42457.0,3.91,1,1
101882,Bangalore,Hebbal,560024,mid,0.82,2,693.0,6,Runwal Group,0.78,Tier2,1,PKAR41746,7,"Lift, Landscaped Garden, Jogging Track, Gymnasium, CCTV, Indoor Games Room, Swimming Pool",10941.0,16986.0,11771460.0,0.055,647430.0,30000.0,26080.0,2.66,1,1
101883,Bangalore,Hebbal,560024,mid,0.97,3,1107.4,2,Regional Builders Ltd,0.5,Tier3,1,PKAR47705,10,"Visitor Parking, Power Backup, Landscaped Garden, 24/7 Security, Indoor Games Room, Clubhouse, Lift, Swimming Pool, Children's Play Area, CCTV",10823.0,14894.0,16493374.0,0.055,907136.0,30000.0,33584.0,2.44,1,1
101884,Bangalore,Hebbal,560024,mid,1.37,1,518.4,15,Puravankara,0.8,Tier2,1,PKAR64454,4,"Indoor Games Room, Clubhouse, Visitor Parking, Lift",11641.0,14173.0,7347028.0,0.055,404087.0,30000.0,15019.0,2.45,0,0
101885,Bangalore,Hebbal,560024,mid,0.73,3,1297.0,13,Lodha Group,0.95,Tier1,1,PKAR29489,4,"Jogging Track, Visitor Parking, Indoor Games Room, Children's Play Area",9320.0,12942.0,16786553.0,0.055,923260.0,30000.0,47417.0,3.39,0,0
101886,Bangalore,Hebbal,560024,mid,1.14,2,920.4,7,Prestige Group,0.92,Tier1,1,PKAR91473,3,"CCTV, Gymnasium, Jogging Track",10821.0,13992.0,12878528.0,0.055,708319.0,30000.0,35982.0,3.35,1,0
101887,Bangalore,Hebbal,560024,mid,1.04,2,659.8,9,Regional Builders Ltd,0.5,Tier3,1,PKAR28859,8,"Jogging Track, CCTV, Gymnasium, 24/7 Security, Lift, Power Backup, Landscaped Garden, Visitor Parking",8893.0,10522.0,6942940.0,0.055,381862.0,30000.0,18096.0,3.13,0,1
101888,Bangalore,Hebbal,560024,mid,1.05,3,1237.5,22,Prestige Group,0.92,Tier1,1,PKAR23855,7,"Visitor Parking, Indoor Games Room, Children's Play Area, Power Backup, Landscaped Garden, Swimming Pool, 24/7 Security",11841.0,16724.0,20696334.0,0.055,1138298.0,30000.0,34253.0,1.99,1,1
101889,Bangalore,Hebbal,560024,mid,0.99,1,443.7,16,Prestige Group,0.92,Tier1,1,PKAR61315,5,"Swimming Pool, Landscaped Garden, Indoor Games Room, Jogging Track, Children's Play Area",8229.0,9819.0,4356305.0,0.055,239597.0,30000.0,10983.0,3.03,0,0
101890,Bangalore,Hebbal,560024,mid,0.69,2,940.0,23,Brigade Group,0.88,Tier1,1,PKAR10695,8,"CCTV, Landscaped Garden, Gymnasium, Children's Play Area, Swimming Pool, Power Backup, Clubhouse, Visitor Parking",11976.0,15864.0,14912107.0,0.055,820166.0,30000.0,29755.0,2.39,0,1
101891,Bangalore,Hebbal,560024,mid,0.92,1,452.0,0,Lodha Group,0.95,Tier1,1,PKAR63709,5,"Swimming Pool, Gymnasium, Children's Play Area, Indoor Games Room, Jogging Track",9801.0,14581.0,6590888.0,0.055,362499.0,30000.0,10561.0,1.92,1,0
101892,Bangalore,Hebbal,560024,mid,1.03,3,1327.4,21,Prestige Group,0.92,Tier1,1,PKAR98453,6,"Visitor Parking, Landscaped Garden, CCTV, Jogging Track, Lift, 24/7 Security",9309.0,12020.0,15955052.0,0.055,877528.0,30000.0,43799.0,3.29,0,1
101893,Bangalore,Hebbal,560024,mid,1.14,2,804.6,9,Runwal Group,0.78,Tier2,1,PKAR59691,7,"Jogging Track, Lift, Swimming Pool, Clubhouse, Indoor Games Room, Power Backup, Gymnasium",9110.0,12232.0,9841445.0,0.055,541279.0,30000.0,23871.0,2.91,0,1
101894,Bangalore,Hebbal,560024,mid,1.07,3,1323.1,22,Puravankara,0.8,Tier2,1,PKAR65115,5,"Visitor Parking, Jogging Track, Power Backup, Lift, Indoor Games Room",9691.0,11491.0,15203799.0,0.055,836209.0,30000.0,37635.0,2.97,1,0
101895,Bangalore,Hebbal,560024,mid,1.04,2,708.0,8,Regional Builders Ltd,0.5,Tier3,0,,11,"Clubhouse, Visitor Parking, CCTV, Power Backup, Swimming Pool, Lift, Indoor Games Room, Landscaped Garden, Gymnasium, Children's Play Area, 24/7 Security",11314.0,14039.0,9939775.0,0.055,546688.0,30000.0,28643.0,3.46,1,1
101896,Bangalore,Hebbal,560024,mid,0.68,3,1168.6,17,Runwal Group,0.78,Tier2,1,PKAR50095,5,"Lift, Visitor Parking, Indoor Games Room, 24/7 Security, Landscaped Garden",8958.0,10632.0,12424461.0,0.055,683345.0,30000.0,24861.0,2.4,1,0
101897,Bangalore,Hebbal,560024,mid,0.95,3,1279.1,3,Godrej Properties,0.93,Tier1,1,PKAR37255,11,"Power Backup, Lift, Visitor Parking, Children's Play Area, Jogging Track, CCTV, Landscaped Garden, Swimming Pool, Indoor Games Room, Gymnasium, Clubhouse",11996.0,18711.0,23933939.0,0.055,1316367.0,30000.0,58955.0,2.96,0,1
101898,Bangalore,Hebbal,560024,mid,1.04,3,1078.0,8,Prestige Group,0.92,Tier1,1,PKAR61921,6,"Clubhouse, 24/7 Security, Gymnasium, Visitor Parking, Landscaped Garden, Indoor Games Room",9393.0,12632.0,13617487.0,0.055,748962.0,30000.0,23957.0,2.11,1,1
101899,Bangalore,Hebbal,560024,mid,0.84,3,1047.8,11,Regional Builders Ltd,0.5,Tier3,1,PKAR56181,5,"Lift, CCTV, Jogging Track, 24/7 Security, Swimming Pool",8355.0,11010.0,11536235.0,0.055,634493.0,30000.0,21019.0,2.19,1,0
101900,Bangalore,Hebbal,560024,mid,0.93,4,1613.3,1,Lodha Group,0.95,Tier1,1,PKAR69623,11,"Children's Play Area, Swimming Pool, Power Backup, CCTV, Landscaped Garden, Indoor Games Room, Visitor Parking, Lift, 24/7 Security, Clubhouse, Jogging Track",10343.0,17441.0,28138320.0,0.055,1547608.0,30000.0,45264.0,1.93,1,1
101901,Bangalore,Hebbal,560024,mid,1.03,4,2195.8,14,Brigade Group,0.88,Tier1,1,PKAR20444,3,"Jogging Track, Visitor Parking, CCTV",10926.0,13685.0,30050504.0,0.055,1652778.0,30000.0,70479.0,2.81,1,0
101902,Bangalore,Hebbal,560024,mid,1.19,2,697.2,17,Puravankara,0.8,Tier2,1,PKAR37540,4,"Indoor Games Room, Jogging Track, 24/7 Security, Visitor Parking",8546.0,11382.0,7935429.0,0.055,436449.0,30000.0,23924.0,3.62,1,0
101903,Bangalore,Hebbal,560024,mid,0.78,2,790.9,11,Runwal Group,0.78,Tier2,1,PKAR37008,12,"Visitor Parking, Landscaped Garden, Children's Play Area, Clubhouse, Lift, Power Backup, Jogging Track, Indoor Games Room, 24/7 Security, Swimming Pool, Gymnasium, CCTV",10216.0,13843.0,10948166.0,0.055,602149.0,30000.0,19974.0,2.19,1,1
101904,Bangalore,Hebbal,560024,mid,1.02,4,2084.8,8,Puravankara,0.8,Tier2,1,PKAR10895,12,"Visitor Parking, Swimming Pool, Power Backup, Jogging Track, Landscaped Garden, Clubhouse, Gymnasium, 24/7 Security, Children's Play Area, Indoor Games Room, CCTV, Lift",8890.0,11858.0,24721945.0,0.055,1359707.0,30000.0,61969.0,3.01,1,1
101905,Bangalore,Hebbal,560024,mid,1.17,1,429.7,19,Local Developer Co,0.55,Tier3,1,PKAR78549,4,"Indoor Games Room, Children's Play Area, Visitor Parking, Landscaped Garden",9405.0,11038.0,4743639.0,0.055,260900.0,30000.0,5263.0,1.33,1,0
101906,Bangalore,Hebbal,560024,mid,0.93,3,1199.8,11,Sobha Ltd,0.91,Tier1,1,PKAR86399,6,"Power Backup, CCTV, Swimming Pool, Visitor Parking, Landscaped Garden, Clubhouse",8120.0,11422.0,13703999.0,0.055,753720.0,30000.0,30516.0,2.67,1,1
101907,Bangalore,Hebbal,560024,mid,1.19,4,1775.8,18,Lodha Group,0.95,Tier1,1,PKAR40759,8,"Gymnasium, 24/7 Security, Jogging Track, CCTV, Clubhouse, Swimming Pool, Power Backup, Landscaped Garden",9888.0,11613.0,20621121.0,0.055,1134162.0,30000.0,43400.0,2.53,1,1
101908,Bangalore,Hebbal,560024,mid,1.0,3,1157.8,13,Oberoi Realty,0.9,Tier1,1,PKAR85353,12,"24/7 Security, Indoor Games Room, Swimming Pool, CCTV, Clubhouse, Jogging Track, Visitor Parking, Gymnasium, Lift, Landscaped Garden, Power Backup, Children's Play Area",9719.0,14393.0,16664327.0,0.055,916538.0,30000.0,32882.0,2.37,1,1
101909,Bangalore,Hebbal,560024,mid,1.08,2,650.5,1,Oberoi Realty,0.9,Tier1,1,PKAR12891,8,"Children's Play Area, Gymnasium, CCTV, Clubhouse, Visitor Parking, Swimming Pool, Indoor Games Room, Jogging Track",9580.0,13891.0,9036383.0,0.055,497001.0,30000.0,24262.0,3.22,1,1
101910,Bangalore,Hebbal,560024,mid,1.01,2,704.5,6,Regional Builders Ltd,0.5,Tier3,1,PKAR52075,9,"Clubhouse, Indoor Games Room, Jogging Track, Visitor Parking, Landscaped Garden, Swimming Pool, CCTV, Gymnasium, Children's Play Area",9041.0,12360.0,8707707.0,0.055,478924.0,30000.0,18411.0,2.54,1,1
101911,Bangalore,Hebbal,560024,mid,0.99,2,807.9,18,Brigade Group,0.88,Tier1,1,PKAR12029,12,"Indoor Games Room, Jogging Track, Clubhouse, Children's Play Area, 24/7 Security, Visitor Parking, Landscaped Garden, CCTV, Power Backup, Gymnasium, Lift, Swimming Pool",11979.0,16115.0,13018710.0,0.055,716029.0,30000.0,34886.0,3.22,1,1
101912,Bangalore,Hebbal,560024,mid,0.85,2,704.4,20,Puravankara,0.8,Tier2,1,PKAR14931,9,"CCTV, Jogging Track, Swimming Pool, 24/7 Security, Clubhouse, Gymnasium, Power Backup, Indoor Games Room, Children's Play Area",11217.0,14564.0,10258553.0,0.055,564220.0,30000.0,21677.0,2.54,0,1
101913,Bangalore,Hebbal,560024,mid,1.05,2,791.7,5,Regional Builders Ltd,0.5,Tier3,0,,12,"CCTV, Indoor Games Room, Children's Play Area, Lift, Power Backup, Visitor Parking, Jogging Track, Swimming Pool, 24/7 Security, Clubhouse, Gymnasium, Landscaped Garden",8301.0,10477.0,8294779.0,0.055,456213.0,30000.0,16085.0,2.33,1,1
101914,Bangalore,Hebbal,560024,mid,0.91,2,739.1,7,Puravankara,0.8,Tier2,1,PKAR19235,8,"24/7 Security, Clubhouse, Visitor Parking, Lift, CCTV, Jogging Track, Gymnasium, Children's Play Area",10119.0,14747.0,10899602.0,0.055,599478.0,30000.0,28549.0,3.14,1,1
101915,Bangalore,Hebbal,560024,mid,0.89,3,1073.9,4,Oberoi Realty,0.9,Tier1,1,PKAR93929,11,"Children's Play Area, Gymnasium, Indoor Games Room, CCTV, Lift, Visitor Parking, Jogging Track, 24/7 Security, Landscaped Garden, Clubhouse, Swimming Pool",9967.0,14674.0,15758357.0,0.055,866710.0,30000.0,43908.0,3.34,1,1
101916,Bangalore,Hebbal,560024,mid,1.05,2,653.4,1,Puravankara,0.8,Tier2,1,PKAR46093,5,"24/7 Security, Clubhouse, Power Backup, Visitor Parking, Gymnasium",10109.0,12151.0,7939389.0,0.055,436666.0,30000.0,20791.0,3.14,1,0
101917,Bangalore,Hebbal,560024,mid,1.0,2,903.7,11,Godrej Properties,0.93,Tier1,1,PKAR82598,6,"Clubhouse, Jogging Track, Gymnasium, 24/7 Security, Indoor Games Room, Power Backup",9244.0,12847.0,11609762.0,0.055,638537.0,30000.0,38135.0,3.94,1,1
101918,Bangalore,Hebbal,560024,mid,0.95,3,1059.7,1,Puravankara,0.8,Tier2,1,PKAR22494,5,"Visitor Parking, CCTV, Jogging Track, Children's Play Area, Gymnasium",8366.0,11254.0,11925413.0,0.055,655898.0,30000.0,42831.0,4.31,1,0
101919,Bangalore,Hebbal,560024,mid,0.93,2,938.2,2,Kolte-Patil,0.82,Tier2,1,PKAR85281,10,"Visitor Parking, Clubhouse, CCTV, Jogging Track, Gymnasium, Swimming Pool, 24/7 Security, Indoor Games Room, Power Backup, Children's Play Area",11394.0,16336.0,15326597.0,0.055,842963.0,30000.0,37759.0,2.96,1,1
101920,Bangalore,Hebbal,560024,mid,0.85,2,812.4,3,Brigade Group,0.88,Tier1,1,PKAR72765,5,"Gymnasium, Lift, Power Backup, Indoor Games Room, Landscaped Garden",11163.0,16042.0,13032464.0,0.055,716786.0,30000.0,40585.0,3.74,1,0
101921,Bangalore,JP Nagar,560078,mid,1.46,3,1293.4,22,Kolte-Patil,0.82,Tier2,1,PKAR87403,4,"Clubhouse, 24/7 Security, Jogging Track, Indoor Games Room",12426.0,14509.0,18765279.0,0.055,1032090.0,30000.0,44187.0,2.83,0,0
101922,Bangalore,JP Nagar,560078,mid,1.43,3,1040.3,21,Local Developer Co,0.55,Tier3,1,PKAR89665,12,"Lift, Visitor Parking, Clubhouse, 24/7 Security, Swimming Pool, CCTV, Children's Play Area, Gymnasium, Power Backup, Landscaped Garden, Jogging Track, Indoor Games Room",9565.0,12221.0,12713980.0,0.055,699269.0,30000.0,15943.0,1.5,1,1
101923,Bangalore,JP Nagar,560078,mid,1.41,4,2134.9,22,Oberoi Realty,0.9,Tier1,1,PKAR34647,11,"Gymnasium, Power Backup, 24/7 Security, Children's Play Area, Lift, Landscaped Garden, Swimming Pool, Visitor Parking, Clubhouse, Jogging Track, Indoor Games Room",11512.0,16136.0,34447692.0,0.055,1894623.0,30000.0,107112.0,3.73,1,1
101924,Bangalore,JP Nagar,560078,mid,1.56,1,450.2,17,Godrej Properties,0.93,Tier1,1,PKAR22360,8,"Jogging Track, Visitor Parking, Clubhouse, Indoor Games Room, CCTV, Gymnasium, Landscaped Garden, Children's Play Area",10021.0,13993.0,6299582.0,0.055,346477.0,30000.0,14192.0,2.7,0,1
101925,Bangalore,JP Nagar,560078,mid,1.72,3,1243.2,11,Oberoi Realty,0.9,Tier1,1,PKAR64998,11,"Gymnasium, CCTV, Children's Play Area, Indoor Games Room, Lift, Visitor Parking, 24/7 Security, Power Backup, Swimming Pool, Landscaped Garden, Clubhouse",11891.0,16085.0,19996095.0,0.055,1099785.0,30000.0,16768.0,1.01,0,1
101926,Bangalore,JP Nagar,560078,mid,1.53,3,1183.6,24,Local Developer Co,0.55,Tier3,1,PKAR89671,12,"Power Backup, 24/7 Security, Landscaped Garden, Jogging Track, CCTV, Children's Play Area, Lift, Visitor Parking, Clubhouse, Swimming Pool, Indoor Games Room, Gymnasium",9401.0,11016.0,13038851.0,0.055,717137.0,30000.0,33346.0,3.07,1,1
101927,Bangalore,JP Nagar,560078,mid,1.73,3,1159.5,3,Lodha Group,0.95,Tier1,1,PKAR74122,4,"Children's Play Area, 24/7 Security, Indoor Games Room, Power Backup",8954.0,12557.0,14560829.0,0.055,800846.0,30000.0,23171.0,1.91,0,0
101928,Bangalore,JP Nagar,560078,mid,1.64,2,902.2,14,Puravankara,0.8,Tier2,1,PKAR93442,4,"Visitor Parking, Jogging Track, Lift, Power Backup",12481.0,14094.0,12716120.0,0.055,699387.0,30000.0,33167.0,3.13,1,0
101929,Bangalore,JP Nagar,560078,mid,1.57,3,1396.5,3,Runwal Group,0.78,Tier2,1,PKAR16873,11,"Jogging Track, CCTV, Visitor Parking, Gymnasium, Power Backup, Children's Play Area, 24/7 Security, Lift, Swimming Pool, Landscaped Garden, Indoor Games Room",11498.0,16649.0,23249971.0,0.055,1278748.0,30000.0,33232.0,1.72,0,1
101930,Bangalore,JP Nagar,560078,mid,1.38,2,703.0,24,Puravankara,0.8,Tier2,1,PKAR94032,12,"CCTV, Lift, Clubhouse, Landscaped Garden, Children's Play Area, Jogging Track, Power Backup, 24/7 Security, Swimming Pool, Visitor Parking, Indoor Games Room, Gymnasium",9616.0,12063.0,8480381.0,0.055,466421.0,30000.0,24664.0,3.49,0,1
101931,Bangalore,JP Nagar,560078,mid,1.51,1,544.4,12,Brigade Group,0.88,Tier1,1,PKAR13593,7,"Children's Play Area, Landscaped Garden, 24/7 Security, Power Backup, CCTV, Visitor Parking, Clubhouse",11848.0,17195.0,9360518.0,0.055,514828.0,30000.0,19702.0,2.53,1,1
101932,Bangalore,JP Nagar,560078,mid,1.64,3,1237.1,13,Runwal Group,0.78,Tier2,1,PKAR80549,3,"Jogging Track, Visitor Parking, Gymnasium",11521.0,14580.0,18037193.0,0.055,992046.0,30000.0,41570.0,2.77,0,0
101933,Bangalore,JP Nagar,560078,mid,1.62,4,1987.8,22,Prestige Group,0.92,Tier1,1,PKAR67813,12,"CCTV, Gymnasium, Children's Play Area, Jogging Track, Visitor Parking, Swimming Pool, Lift, Power Backup, Landscaped Garden, 24/7 Security, Indoor Games Room, Clubhouse",9530.0,13406.0,26649507.0,0.055,1465723.0,30000.0,78559.0,3.54,0,1
101934,Bangalore,JP Nagar,560078,mid,1.49,2,694.8,10,Lodha Group,0.95,Tier1,1,PKAR40923,9,"Landscaped Garden, Clubhouse, 24/7 Security, Indoor Games Room, Power Backup, Visitor Parking, CCTV, Children's Play Area, Gymnasium",11118.0,15153.0,10528195.0,0.055,579051.0,30000.0,26002.0,2.96,1,1
101935,Bangalore,JP Nagar,560078,mid,1.46,3,1161.3,22,Kolte-Patil,0.82,Tier2,1,PKAR91069,7,"Landscaped Garden, Clubhouse, Visitor Parking, Power Backup, CCTV, Lift, Jogging Track",10177.0,12777.0,14838647.0,0.055,816126.0,30000.0,35004.0,2.83,1,1
101936,Bangalore,JP Nagar,560078,mid,1.61,1,458.7,1,Local Developer Co,0.55,Tier3,1,PKAR95353,12,"Jogging Track, Power Backup, Indoor Games Room, Lift, Visitor Parking, Clubhouse, Children's Play Area, 24/7 Security, CCTV, Landscaped Garden, Gymnasium, Swimming Pool",11918.0,18017.0,8265085.0,0.055,454580.0,30000.0,18071.0,2.62,0,1
101937,Bangalore,JP Nagar,560078,mid,1.93,2,783.1,15,Godrej Properties,0.93,Tier1,1,PKAR22381,8,"Indoor Games Room, Gymnasium, Visitor Parking, Swimming Pool, 24/7 Security, Children's Play Area, CCTV, Lift",11465.0,16906.0,13239186.0,0.055,728155.0,30000.0,37184.0,3.37,0,1
101938,Bangalore,JP Nagar,560078,mid,1.51,2,751.9,0,Oberoi Realty,0.9,Tier1,1,PKAR55767,5,"CCTV, Gymnasium, Jogging Track, Indoor Games Room, Swimming Pool",8570.0,12017.0,9035786.0,0.055,496968.0,30000.0,22167.0,2.94,0,0
101939,Bangalore,JP Nagar,560078,mid,1.44,4,1970.0,6,Kolte-Patil,0.82,Tier2,1,PKAR30150,7,"Swimming Pool, Power Backup, 24/7 Security, Jogging Track, Indoor Games Room, Clubhouse, Lift",11273.0,16285.0,32080371.0,0.055,1764420.0,30000.0,53114.0,1.99,0,1
101940,Bangalore,JP Nagar,560078,mid,1.33,3,1323.1,5,Oberoi Realty,0.9,Tier1,1,PKAR60990,10,"Swimming Pool, Power Backup, Landscaped Garden, Visitor Parking, Lift, CCTV, Gymnasium, Children's Play Area, Indoor Games Room, 24/7 Security",9826.0,15723.0,20803101.0,0.055,1144171.0,30000.0,52053.0,3.0,1,1
101941,Bangalore,JP Nagar,560078,mid,1.6,2,860.5,9,Local Developer Co,0.55,Tier3,0,,8,"Children's Play Area, Jogging Track, Indoor Games Room, Power Backup, Landscaped Garden, Visitor Parking, Swimming Pool, Lift",10411.0,13275.0,11422524.0,0.055,628239.0,30000.0,25160.0,2.64,1,1
101942,Bangalore,JP Nagar,560078,mid,1.83,2,938.8,16,Prestige Group,0.92,Tier1,1,PKAR36428,8,"Power Backup, Jogging Track, Clubhouse, Visitor Parking, Indoor Games Room, Lift, Gymnasium, 24/7 Security",12024.0,17244.0,16188635.0,0.055,890375.0,30000.0,48049.0,3.56,0,1
101943,Bangalore,JP Nagar,560078,mid,1.68,2,900.6,23,Local Developer Co,0.55,Tier3,1,PKAR67993,12,"Visitor Parking, 24/7 Security, Clubhouse, Landscaped Garden, Power Backup, Children's Play Area, Gymnasium, Jogging Track, Lift, CCTV, Swimming Pool, Indoor Games Room",9495.0,12264.0,11044499.0,0.055,607447.0,30000.0,24291.0,2.64,0,1
101944,Bangalore,JP Nagar,560078,mid,1.45,2,779.7,6,Brigade Group,0.88,Tier1,1,PKAR14514,8,"Power Backup, Clubhouse, Swimming Pool, Gymnasium, Visitor Parking, CCTV, Jogging Track, Lift",11041.0,15762.0,12289019.0,0.055,675896.0,30000.0,31568.0,3.08,1,1
101945,Bangalore,JP Nagar,560078,mid,1.56,3,1002.8,0,Runwal Group,0.78,Tier2,1,PKAR63814,5,"Children's Play Area, Clubhouse, Swimming Pool, Lift, CCTV",10980.0,15687.0,15731305.0,0.055,865222.0,30000.0,30996.0,2.36,0,0
101946,Bangalore,JP Nagar,560078,mid,1.79,2,774.9,7,Local Developer Co,0.55,Tier3,0,,8,"Jogging Track, Gymnasium, Visitor Parking, Landscaped Garden, 24/7 Security, Indoor Games Room, CCTV, Clubhouse",11066.0,14361.0,11128614.0,0.055,612074.0,30000.0,20995.0,2.26,1,1
101947,Bangalore,JP Nagar,560078,mid,1.65,2,896.5,1,Regional Builders Ltd,0.5,Tier3,1,PKAR27726,9,"CCTV, Landscaped Garden, Indoor Games Room, Swimming Pool, Children's Play Area, 24/7 Security, Gymnasium, Clubhouse, Lift",9836.0,13456.0,12063390.0,0.055,663486.0,30000.0,36504.0,3.63,1,1
101948,Bangalore,JP Nagar,560078,mid,1.52,2,857.0,21,Kolte-Patil,0.82,Tier2,1,PKAR41836,7,"Visitor Parking, Landscaped Garden, Children's Play Area, Jogging Track, Swimming Pool, Lift, Clubhouse",12072.0,16067.0,13769872.0,0.055,757343.0,30000.0,28416.0,2.48,0,1
101949,Bangalore,JP Nagar,560078,mid,1.71,1,528.0,5,Runwal Group,0.78,Tier2,1,PKAR28704,10,"Swimming Pool, Landscaped Garden, Lift, 24/7 Security, Jogging Track, CCTV, Clubhouse, Visitor Parking, Children's Play Area, Gymnasium",9782.0,14880.0,7856389.0,0.055,432101.0,30000.0,23043.0,3.52,0,1
101950,Bangalore,JP Nagar,560078,mid,1.53,3,1183.6,13,Kolte-Patil,0.82,Tier2,1,PKAR63573,12,"Children's Play Area, CCTV, Indoor Games Room, Landscaped Garden, Swimming Pool, Gymnasium, Power Backup, Clubhouse, Jogging Track, 24/7 Security, Lift, Visitor Parking",9431.0,14741.0,17448141.0,0.055,959648.0,30000.0,37558.0,2.58,0,1
101951,Bangalore,JP Nagar,560078,mid,1.54,2,681.3,24,Sobha Ltd,0.91,Tier1,1,PKAR69981,9,"Landscaped Garden, Clubhouse, Visitor Parking, CCTV, Gymnasium, Power Backup, Swimming Pool, Children's Play Area, 24/7 Security",8590.0,11436.0,7791697.0,0.055,428543.0,30000.0,20354.0,3.13,0,1
101952,Bangalore,JP Nagar,560078,mid,1.65,3,1336.3,8,Puravankara,0.8,Tier2,1,PKAR75799,5,"CCTV, Jogging Track, Children's Play Area, Visitor Parking, Swimming Pool",12020.0,15086.0,20159333.0,0.055,1108763.0,30000.0,50873.0,3.03,1,0
101953,Bangalore,JP Nagar,560078,mid,1.66,4,2148.7,16,Lodha Group,0.95,Tier1,1,PKAR21957,7,"Power Backup, Jogging Track, Gymnasium, CCTV, Swimming Pool, Visitor Parking, Lift",9390.0,12019.0,25824866.0,0.055,1420368.0,30000.0,71182.0,3.31,1,1
101954,Bangalore,JP Nagar,560078,mid,1.57,3,1199.6,3,Local Developer Co,0.55,Tier3,1,PKAR74358,10,"Jogging Track, Children's Play Area, Power Backup, CCTV, Gymnasium, Clubhouse, Visitor Parking, Swimming Pool, Indoor Games Room, Lift",11095.0,15442.0,18524586.0,0.055,1018852.0,30000.0,48186.0,3.12,1,1
101955,Bangalore,JP Nagar,560078,mid,1.62,1,466.8,12,Puravankara,0.8,Tier2,1,PKAR55374,3,"Indoor Games Room, Landscaped Garden, 24/7 Security",11446.0,14858.0,6935507.0,0.055,381453.0,30000.0,9162.0,1.59,1,0
101956,Bangalore,JP Nagar,560078,mid,1.67,2,818.3,2,Godrej Properties,0.93,Tier1,1,PKAR37172,3,"Clubhouse, Visitor Parking, Jogging Track",9770.0,14656.0,11993890.0,0.055,659664.0,30000.0,17314.0,1.73,0,0
101957,Bangalore,JP Nagar,560078,mid,1.51,3,1284.7,2,Kolte-Patil,0.82,Tier2,1,PKAR43090,12,"Gymnasium, Clubhouse, 24/7 Security, Jogging Track, Landscaped Garden, Visitor Parking, Children's Play Area, Swimming Pool, Power Backup, CCTV, Lift, Indoor Games Room",11226.0,16681.0,21430334.0,0.055,1178668.0,30000.0,68549.0,3.84,0,1
101958,Bangalore,JP Nagar,560078,mid,1.61,4,2105.3,2,Puravankara,0.8,Tier2,1,PKAR62719,4,"Visitor Parking, Power Backup, Clubhouse, Children's Play Area",10591.0,14429.0,30378533.0,0.055,1670819.0,30000.0,73037.0,2.89,1,0
101959,Bangalore,JP Nagar,560078,mid,1.77,3,1292.5,15,Godrej Properties,0.93,Tier1,1,PKAR34564,11,"Swimming Pool, Children's Play Area, Landscaped Garden, Power Backup, CCTV, 24/7 Security, Gymnasium, Clubhouse, Lift, Indoor Games Room, Jogging Track",9894.0,15074.0,19483482.0,0.055,1071592.0,30000.0,54938.0,3.38,0,1
101960,Bangalore,JP Nagar,560078,mid,1.65,2,736.1,17,Godrej Properties,0.93,Tier1,1,PKAR25864,11,"Lift, Gymnasium, Swimming Pool, 24/7 Security, Indoor Games Room, Landscaped Garden, CCTV, Clubhouse, Power Backup, Visitor Parking, Children's Play Area",11542.0,15117.0,11127154.0,0.055,611993.0,30000.0,23493.0,2.53,1,1
101961,Bangalore,JP Nagar,560078,mid,1.64,1,446.4,3,Lodha Group,0.95,Tier1,1,PKAR55013,5,"Indoor Games Room, Clubhouse, Gymnasium, Landscaped Garden, Swimming Pool",12121.0,16698.0,7453379.0,0.055,409936.0,30000.0,18311.0,2.95,1,0
101962,Bangalore,JP Nagar,560078,mid,1.74,1,499.9,11,Local Developer Co,0.55,Tier3,1,PKAR61794,10,"Children's Play Area, Landscaped Garden, Swimming Pool, Power Backup, Indoor Games Room, Clubhouse, Gymnasium, 24/7 Security, CCTV, Jogging Track",10453.0,13561.0,6779489.0,0.055,372872.0,30000.0,11752.0,2.08,0,1
101963,Bangalore,JP Nagar,560078,mid,1.73,4,1720.4,6,Prestige Group,0.92,Tier1,1,PKAR78155,5,"Gymnasium, Landscaped Garden, Indoor Games Room, CCTV, Visitor Parking",9685.0,12577.0,21637548.0,0.055,1190065.0,30000.0,61116.0,3.39,0,0
101964,Bangalore,JP Nagar,560078,mid,1.35,2,683.4,1,Puravankara,0.8,Tier2,1,PKAR74297,5,"Lift, Power Backup, 24/7 Security, Visitor Parking, CCTV",10106.0,13466.0,9202325.0,0.055,506128.0,30000.0,21961.0,2.86,0,0
101965,Bangalore,JP Nagar,560078,mid,1.64,1,516.9,24,Prestige Group,0.92,Tier1,1,PKAR63744,8,"24/7 Security, Landscaped Garden, Children's Play Area, Power Backup, Indoor Games Room, Visitor Parking, Gymnasium, CCTV",11126.0,14651.0,7572634.0,0.055,416495.0,30000.0,14692.0,2.33,1,1
101966,Bangalore,JP Nagar,560078,mid,1.79,2,805.4,10,Prestige Group,0.92,Tier1,1,PKAR80414,7,"Gymnasium, Swimming Pool, Indoor Games Room, Power Backup, Lift, Clubhouse, Children's Play Area",8936.0,12447.0,10024597.0,0.055,551353.0,30000.0,26320.0,3.15,1,1
101967,Bangalore,JP Nagar,560078,mid,1.49,2,712.2,21,Brigade Group,0.88,Tier1,1,PKAR95539,5,"Lift, 24/7 Security, Swimming Pool, Jogging Track, Power Backup",12103.0,16147.0,11500022.0,0.055,632501.0,30000.0,38438.0,4.01,0,0
101968,Bangalore,JP Nagar,560078,mid,1.68,2,845.3,3,Sobha Ltd,0.91,Tier1,1,PKAR28984,12,"Visitor Parking, Swimming Pool, Jogging Track, Gymnasium, Indoor Games Room, Children's Play Area, Power Backup, 24/7 Security, CCTV, Landscaped Garden, Lift, Clubhouse",11108.0,18528.0,15661263.0,0.055,861369.0,30000.0,18986.0,1.45,0,1
101969,Bangalore,JP Nagar,560078,mid,1.47,1,484.8,23,Regional Builders Ltd,0.5,Tier3,1,PKAR48889,6,"Children's Play Area, Visitor Parking, Clubhouse, Gymnasium, 24/7 Security, Power Backup",8835.0,9228.0,4473837.0,0.055,246061.0,30000.0,13838.0,3.71,0,1
101970,Bangalore,JP Nagar,560078,mid,1.6,2,659.4,16,Lodha Group,0.95,Tier1,1,PKAR62071,7,"Power Backup, Landscaped Garden, Indoor Games Room, Jogging Track, Swimming Pool, Clubhouse, Children's Play Area",9504.0,12692.0,8369768.0,0.055,460337.0,30000.0,16487.0,2.36,0,1
101971,Bangalore,JP Nagar,560078,mid,1.42,3,1096.3,24,Oberoi Realty,0.9,Tier1,1,PKAR68846,12,"Swimming Pool, CCTV, Children's Play Area, Clubhouse, Visitor Parking, 24/7 Security, Lift, Power Backup, Landscaped Garden, Gymnasium, Indoor Games Room, Jogging Track",11394.0,14542.0,15941874.0,0.055,876803.0,30000.0,27596.0,2.08,1,1
101972,Bangalore,JP Nagar,560078,mid,1.77,1,439.2,23,Local Developer Co,0.55,Tier3,1,PKAR29725,11,"24/7 Security, Gymnasium, Landscaped Garden, Children's Play Area, CCTV, Visitor Parking, Lift, Jogging Track, Clubhouse, Indoor Games Room, Power Backup",12040.0,14679.0,6446584.0,0.055,354562.0,30000.0,15362.0,2.86,1,1
101973,Bangalore,JP Nagar,560078,mid,1.59,3,1167.0,18,Oberoi Realty,0.9,Tier1,1,PKAR84216,3,"CCTV, Power Backup, Clubhouse",9219.0,11180.0,13047068.0,0.055,717589.0,30000.0,33135.0,3.05,1,0
101974,Bangalore,JP Nagar,560078,mid,1.34,1,536.6,21,Oberoi Realty,0.9,Tier1,1,PKAR11156,8,"Power Backup, Children's Play Area, CCTV, 24/7 Security, Indoor Games Room, Clubhouse, Landscaped Garden, Visitor Parking",10122.0,13660.0,7329569.0,0.055,403126.0,30000.0,16283.0,2.67,1,1
101975,Bangalore,JP Nagar,560078,mid,1.53,2,919.3,17,Local Developer Co,0.55,Tier3,0,,6,"Gymnasium, 24/7 Security, Children's Play Area, Indoor Games Room, CCTV, Landscaped Garden",10932.0,12442.0,11437971.0,0.055,629088.0,30000.0,19883.0,2.09,0,1
101976,Bangalore,JP Nagar,560078,mid,1.49,3,1269.5,20,Lodha Group,0.95,Tier1,1,PKAR48507,10,"Landscaped Garden, Children's Play Area, Visitor Parking, Gymnasium, 24/7 Security, Jogging Track, Power Backup, Lift, Clubhouse, CCTV",9541.0,12372.0,15706816.0,0.055,863875.0,30000.0,35209.0,2.69,1,1
101977,Bangalore,JP Nagar,560078,mid,1.61,3,1334.9,14,Sobha Ltd,0.91,Tier1,1,PKAR81113,5,"Lift, Children's Play Area, 24/7 Security, Gymnasium, Clubhouse",11525.0,14687.0,19605398.0,0.055,1078297.0,30000.0,55743.0,3.41,1,0
101978,Bangalore,JP Nagar,560078,mid,1.66,1,399.4,21,Local Developer Co,0.55,Tier3,1,PKAR26809,4,"Indoor Games Room, 24/7 Security, CCTV, Children's Play Area",9619.0,10666.0,4260336.0,0.055,234319.0,30000.0,13655.0,3.85,1,0
101979,Bangalore,JP Nagar,560078,mid,1.52,1,528.7,11,Puravankara,0.8,Tier2,1,PKAR43191,9,"Jogging Track, Power Backup, CCTV, Swimming Pool, Gymnasium, Visitor Parking, Lift, Indoor Games Room, Children's Play Area",12346.0,16366.0,8652869.0,0.055,475908.0,30000.0,25200.0,3.49,1,1
101980,Bangalore,JP Nagar,560078,mid,1.68,4,1743.1,17,Runwal Group,0.78,Tier2,1,PKAR46968,7,"24/7 Security, Gymnasium, Lift, Jogging Track, Children's Play Area, Landscaped Garden, Indoor Games Room",8824.0,11692.0,20380250.0,0.055,1120914.0,30000.0,41368.0,2.44,1,1
101981,Bangalore,JP Nagar,560078,mid,1.46,4,2057.3,0,Kolte-Patil,0.82,Tier2,1,PKAR39537,9,"Swimming Pool, Visitor Parking, CCTV, 24/7 Security, Landscaped Garden, Gymnasium, Jogging Track, Children's Play Area, Lift",8847.0,13296.0,27354432.0,0.055,1504494.0,30000.0,68328.0,3.0,0,1
101982,Bangalore,JP Nagar,560078,mid,1.42,1,427.1,18,Puravankara,0.8,Tier2,1,PKAR30463,11,"Indoor Games Room, CCTV, Swimming Pool, Landscaped Garden, Jogging Track, Clubhouse, Gymnasium, 24/7 Security, Lift, Visitor Parking, Power Backup",10647.0,15125.0,6459895.0,0.055,355294.0,30000.0,18309.0,3.4,1,1
101983,Bangalore,JP Nagar,560078,mid,1.62,2,896.9,7,Prestige Group,0.92,Tier1,1,PKAR69217,5,"Landscaped Garden, Indoor Games Room, Jogging Track, Gymnasium, CCTV",10300.0,14285.0,12812361.0,0.055,704680.0,30000.0,24586.0,2.3,0,0
101984,Bangalore,JP Nagar,560078,mid,1.54,3,1121.5,22,Runwal Group,0.78,Tier2,1,PKAR92903,12,"Clubhouse, CCTV, Jogging Track, Lift, Power Backup, Visitor Parking, Landscaped Garden, 24/7 Security, Swimming Pool, Children's Play Area, Indoor Games Room, Gymnasium",8889.0,11073.0,12417967.0,0.055,682988.0,30000.0,23872.0,2.31,0,1
101985,Bangalore,JP Nagar,560078,mid,1.75,2,718.1,21,Lodha Group,0.95,Tier1,1,PKAR15383,8,"24/7 Security, Power Backup, CCTV, Clubhouse, Gymnasium, Visitor Parking, Indoor Games Room, Jogging Track",8820.0,11134.0,7995762.0,0.055,439767.0,30000.0,21766.0,3.27,1,1
101986,Bangalore,JP Nagar,560078,mid,1.66,3,1078.9,2,Lodha Group,0.95,Tier1,1,PKAR14929,9,"Lift, Gymnasium, CCTV, Jogging Track, Swimming Pool, Children's Play Area, Power Backup, Clubhouse, Landscaped Garden",11166.0,16355.0,17646156.0,0.055,970539.0,30000.0,54155.0,3.68,1,1
101987,Bangalore,JP Nagar,560078,mid,1.74,1,523.4,15,Sobha Ltd,0.91,Tier1,1,PKAR46924,3,"Landscaped Garden, Gymnasium, 24/7 Security",8915.0,10945.0,5728969.0,0.055,315093.0,30000.0,7668.0,1.61,1,0
101988,Bangalore,JP Nagar,560078,mid,1.58,4,1824.1,9,Regional Builders Ltd,0.5,Tier3,0,,5,"24/7 Security, Visitor Parking, Jogging Track, Landscaped Garden, Children's Play Area",8814.0,10162.0,18535376.0,0.055,1019446.0,30000.0,49541.0,3.21,0,0
101989,Bangalore,JP Nagar,560078,mid,1.68,1,443.0,5,Oberoi Realty,0.9,Tier1,1,PKAR55600,8,"Lift, Power Backup, Visitor Parking, Swimming Pool, Indoor Games Room, Landscaped Garden, CCTV, Clubhouse",10053.0,15606.0,6913004.0,0.055,380215.0,30000.0,15640.0,2.71,1,1
101990,Bangalore,JP Nagar,560078,mid,1.56,3,1357.0,19,Brigade Group,0.88,Tier1,1,PKAR70990,4,"Power Backup, Children's Play Area, Visitor Parking, 24/7 Security",9268.0,11422.0,15499681.0,0.055,852482.0,30000.0,41181.0,3.19,1,0
101991,Bangalore,JP Nagar,560078,mid,1.6,1,449.8,11,Godrej Properties,0.93,Tier1,1,PKAR99113,6,"Indoor Games Room, Power Backup, Swimming Pool, Landscaped Garden, Visitor Parking, Gymnasium",10232.0,14261.0,6414458.0,0.055,352795.0,30000.0,16544.0,3.1,1,1
101992,Bangalore,JP Nagar,560078,mid,1.68,4,1814.5,15,Oberoi Realty,0.9,Tier1,1,PKAR55987,9,"Landscaped Garden, CCTV, Clubhouse, Jogging Track, Lift, Gymnasium, Swimming Pool, Power Backup, 24/7 Security",10691.0,15606.0,28316796.0,0.055,1557424.0,30000.0,85767.0,3.63,1,1
101993,Bangalore,JP Nagar,560078,mid,1.82,1,403.4,4,Oberoi Realty,0.9,Tier1,1,PKAR80972,8,"Jogging Track, Clubhouse, Gymnasium, Indoor Games Room, 24/7 Security, Landscaped Garden, Visitor Parking, Swimming Pool",9416.0,14236.0,5743200.0,0.055,315876.0,30000.0,14525.0,3.03,0,1
101994,Bangalore,JP Nagar,560078,mid,1.53,2,866.0,19,Regional Builders Ltd,0.5,Tier3,1,PKAR44488,11,"Clubhouse, Gymnasium, CCTV, Landscaped Garden, 24/7 Security, Power Backup, Swimming Pool, Children's Play Area, Lift, Indoor Games Room, Jogging Track",11283.0,14157.0,12260749.0,0.055,674341.0,30000.0,37603.0,3.68,1,1
101995,Bangalore,JP Nagar,560078,mid,1.61,1,457.8,11,Puravankara,0.8,Tier2,1,PKAR86740,7,"Children's Play Area, CCTV, 24/7 Security, Swimming Pool, Jogging Track, Lift, Indoor Games Room",9708.0,12613.0,5774386.0,0.055,317591.0,30000.0,15376.0,3.2,0,1
101996,Bangalore,JP Nagar,560078,mid,1.52,3,1219.0,14,Godrej Properties,0.93,Tier1,1,PKAR79794,6,"Children's Play Area, Swimming Pool, 24/7 Security, Gymnasium, Indoor Games Room, Landscaped Garden",11037.0,14340.0,17480688.0,0.055,961438.0,30000.0,44728.0,3.07,1,1
101997,Bangalore,JP Nagar,560078,mid,1.62,3,1259.2,14,Sobha Ltd,0.91,Tier1,1,PKAR47508,11,"Lift, Clubhouse, Power Backup, Swimming Pool, Jogging Track, Children's Play Area, 24/7 Security, CCTV, Indoor Games Room, Landscaped Garden, Visitor Parking",12084.0,16334.0,20567731.0,0.055,1131225.0,30000.0,37245.0,2.17,0,1
101998,Bangalore,JP Nagar,560078,mid,1.57,2,862.7,15,Sobha Ltd,0.91,Tier1,1,PKAR52292,8,"Indoor Games Room, Visitor Parking, Clubhouse, Swimming Pool, Landscaped Garden, Jogging Track, CCTV, Power Backup",9908.0,13636.0,11764287.0,0.055,647036.0,30000.0,25916.0,2.64,1,1
101999,Bangalore,JP Nagar,560078,mid,1.56,2,675.0,13,Runwal Group,0.78,Tier2,1,PKAR81095,6,"Power Backup, Indoor Games Room, Lift, Gymnasium, 24/7 Security, CCTV",9969.0,12646.0,8535924.0,0.055,469476.0,30000.0,23345.0,3.28,1,1
102000,Bangalore,JP Nagar,560078,mid,1.89,4,2129.7,0,Oberoi Realty,0.9,Tier1,1,PKAR38766,10,"Visitor Parking, Power Backup, Swimming Pool, 24/7 Security, Jogging Track, CCTV, Gymnasium, Indoor Games Room, Clubhouse, Lift",9359.0,14224.0,30293926.0,0.055,1666166.0,30000.0,38607.0,1.53,1,1
102001,Bangalore,JP Nagar,560078,mid,1.61,1,482.4,23,Regional Builders Ltd,0.5,Tier3,1,PKAR91546,9,"Visitor Parking, Lift, 24/7 Security, Landscaped Garden, Clubhouse, Power Backup, Children's Play Area, Jogging Track, Gymnasium",11577.0,14255.0,6876814.0,0.055,378225.0,30000.0,19458.0,3.4,1,1
102002,Bangalore,JP Nagar,560078,mid,1.5,3,1063.5,2,Godrej Properties,0.93,Tier1,1,PKAR51400,9,"Gymnasium, Landscaped Garden, Jogging Track, Indoor Games Room, CCTV, Children's Play Area, Power Backup, 24/7 Security, Visitor Parking",12245.0,17726.0,18851166.0,0.055,1036814.0,30000.0,46275.0,2.95,1,1
102003,Bangalore,JP Nagar,560078,mid,1.62,4,1755.9,2,Local Developer Co,0.55,Tier3,0,,10,"Visitor Parking, Jogging Track, 24/7 Security, Power Backup, CCTV, Gymnasium, Lift, Clubhouse, Swimming Pool, Indoor Games Room",9799.0,12464.0,21885881.0,0.055,1203723.0,30000.0,47858.0,2.62,1,1
102004,Bangalore,JP Nagar,560078,mid,1.44,2,864.7,24,Regional Builders Ltd,0.5,Tier3,0,,10,"Lift, Gymnasium, Children's Play Area, Visitor Parking, Power Backup, Landscaped Garden, Swimming Pool, Jogging Track, 24/7 Security, Clubhouse",9086.0,10632.0,9193924.0,0.055,505666.0,30000.0,19623.0,2.56,1,1
102005,Bangalore,JP Nagar,560078,mid,1.68,2,665.1,13,Runwal Group,0.78,Tier2,1,PKAR24553,5,"Jogging Track, Gymnasium, 24/7 Security, Landscaped Garden, CCTV",11105.0,14304.0,9513245.0,0.055,523228.0,30000.0,28259.0,3.56,0,0
102006,Bangalore,JP Nagar,560078,mid,1.54,3,981.3,1,Local Developer Co,0.55,Tier3,0,,10,"Children's Play Area, Indoor Games Room, Gymnasium, CCTV, 24/7 Security, Lift, Visitor Parking, Jogging Track, Swimming Pool, Power Backup",9402.0,12250.0,12021240.0,0.055,661168.0,30000.0,29796.0,2.97,1,1
102007,Bangalore,JP Nagar,560078,mid,1.7,3,1312.4,24,Runwal Group,0.78,Tier2,1,PKAR40137,8,"24/7 Security, Children's Play Area, Swimming Pool, Clubhouse, Lift, Jogging Track, Gymnasium, CCTV",9638.0,12262.0,16093810.0,0.055,885160.0,30000.0,26693.0,1.99,0,1
102008,Bangalore,JP Nagar,560078,mid,1.64,1,527.7,12,Puravankara,0.8,Tier2,1,PKAR64269,5,"24/7 Security, Clubhouse, Gymnasium, Landscaped Garden, CCTV",12451.0,15314.0,8080612.0,0.055,444434.0,30000.0,14394.0,2.14,1,0
102009,Bangalore,JP Nagar,560078,mid,1.64,2,886.1,15,Lodha Group,0.95,Tier1,1,PKAR55506,10,"Lift, 24/7 Security, Indoor Games Room, CCTV, Clubhouse, Landscaped Garden, Children's Play Area, Power Backup, Gymnasium, Visitor Parking",10347.0,16107.0,14272689.0,0.055,784998.0,30000.0,44154.0,3.71,1,1
102010,Bangalore,JP Nagar,560078,mid,1.6,2,675.3,0,Runwal Group,0.78,Tier2,1,PKAR36519,7,"Gymnasium, Indoor Games Room, Clubhouse, Power Backup, Children's Play Area, Visitor Parking, Landscaped Garden",11516.0,16706.0,11280993.0,0.055,620455.0,30000.0,35570.0,3.78,1,1
102011,Bangalore,JP Nagar,560078,mid,1.52,4,1738.7,9,Kolte-Patil,0.82,Tier2,1,PKAR54145,5,"Lift, Swimming Pool, 24/7 Security, Children's Play Area, Landscaped Garden",9173.0,13206.0,22961320.0,0.055,1262873.0,30000.0,63162.0,3.3,0,0
102012,Bangalore,JP Nagar,560078,mid,1.84,1,532.6,13,Sobha Ltd,0.91,Tier1,1,PKAR61156,6,"24/7 Security, Clubhouse, Children's Play Area, CCTV, Indoor Games Room, Gymnasium",10993.0,15180.0,8085116.0,0.055,444681.0,30000.0,12855.0,1.91,1,1
102013,Bangalore,JP Nagar,560078,mid,1.95,1,473.9,4,Lodha Group,0.95,Tier1,1,PKAR15643,3,"Children's Play Area, Lift, Landscaped Garden",11183.0,14538.0,6889425.0,0.055,378918.0,30000.0,19834.0,3.45,0,0
102014,Bangalore,JP Nagar,560078,mid,1.61,4,1585.7,3,Kolte-Patil,0.82,Tier2,1,PKAR41006,10,"Indoor Games Room, Swimming Pool, Visitor Parking, Clubhouse, Power Backup, Gymnasium, CCTV, Lift, Jogging Track, 24/7 Security",12037.0,20039.0,31776911.0,0.055,1747730.0,30000.0,46324.0,1.75,1,1
102015,Bangalore,JP Nagar,560078,mid,1.52,3,1005.4,24,Lodha Group,0.95,Tier1,1,PKAR37644,7,"Children's Play Area, Landscaped Garden, Lift, Visitor Parking, Gymnasium, CCTV, Jogging Track",10329.0,12809.0,12877278.0,0.055,708250.0,30000.0,48539.0,4.52,1,1
102016,Bangalore,JP Nagar,560078,mid,1.76,2,873.1,8,Oberoi Realty,0.9,Tier1,1,PKAR25378,4,"Visitor Parking, Indoor Games Room, Lift, CCTV",11116.0,14006.0,12229108.0,0.055,672601.0,30000.0,18536.0,1.82,0,0
102017,Bangalore,JP Nagar,560078,mid,1.79,4,1864.5,0,Prestige Group,0.92,Tier1,1,PKAR88743,11,"Power Backup, Indoor Games Room, Clubhouse, CCTV, Visitor Parking, Landscaped Garden, Children's Play Area, Jogging Track, Gymnasium, Lift, 24/7 Security",11537.0,17118.0,31915773.0,0.055,1755368.0,30000.0,67361.0,2.53,0,1
102018,Bangalore,JP Nagar,560078,mid,1.6,4,1764.2,20,Puravankara,0.8,Tier2,1,PKAR42616,11,"Lift, Swimming Pool, Gymnasium, Visitor Parking, Indoor Games Room, 24/7 Security, Landscaped Garden, CCTV, Children's Play Area, Jogging Track, Clubhouse",9823.0,12701.0,22408337.0,0.055,1232459.0,30000.0,68495.0,3.67,0,1
102019,Bangalore,JP Nagar,560078,mid,1.76,2,890.4,4,Puravankara,0.8,Tier2,1,PKAR48320,7,"Visitor Parking, Children's Play Area, Gymnasium, 24/7 Security, Landscaped Garden, CCTV, Power Backup",10331.0,14460.0,12875508.0,0.055,708153.0,30000.0,30548.0,2.85,0,1
102020,Bangalore,JP Nagar,560078,mid,1.61,3,969.8,13,Kolte-Patil,0.82,Tier2,1,PKAR58393,3,"Visitor Parking, 24/7 Security, Gymnasium",10054.0,11109.0,10774048.0,0.055,592573.0,30000.0,23283.0,2.59,0,0
102021,Bangalore,JP Nagar,560078,mid,1.51,3,1277.3,0,Puravankara,0.8,Tier2,1,PKAR45348,11,"Visitor Parking, Jogging Track, Lift, 24/7 Security, Clubhouse, Swimming Pool, Gymnasium, Landscaped Garden, Children's Play Area, CCTV, Indoor Games Room",11827.0,19603.0,25039784.0,0.055,1377188.0,30000.0,71111.0,3.41,1,1
102022,Bangalore,JP Nagar,560078,mid,1.43,4,1844.8,17,Kolte-Patil,0.82,Tier2,1,PKAR43532,7,"Gymnasium, CCTV, Indoor Games Room, 24/7 Security, Visitor Parking, Power Backup, Jogging Track",8757.0,11671.0,21530484.0,0.055,1184177.0,30000.0,65347.0,3.64,1,1
102023,Bangalore,JP Nagar,560078,mid,1.65,1,464.4,13,Runwal Group,0.78,Tier2,1,PKAR67059,12,"Gymnasium, Power Backup, CCTV, Visitor Parking, Indoor Games Room, Jogging Track, Lift, Landscaped Garden, Children's Play Area, 24/7 Security, Swimming Pool, Clubhouse",9133.0,12939.0,6008757.0,0.055,330482.0,30000.0,10425.0,2.08,0,1
102024,Bangalore,JP Nagar,560078,mid,1.63,2,684.3,19,Lodha Group,0.95,Tier1,1,PKAR13228,4,"Children's Play Area, Lift, Gymnasium, Landscaped Garden",12298.0,16071.0,10997848.0,0.055,604882.0,30000.0,28615.0,3.12,1,0
102025,Bangalore,JP Nagar,560078,mid,1.44,1,473.8,12,Godrej Properties,0.93,Tier1,1,PKAR46766,12,"Children's Play Area, Lift, Clubhouse, Gymnasium, Swimming Pool, Jogging Track, 24/7 Security, Power Backup, Visitor Parking, Landscaped Garden, Indoor Games Room, CCTV",10829.0,14551.0,6894165.0,0.055,379179.0,30000.0,19342.0,3.37,0,1
102026,Bangalore,JP Nagar,560078,mid,1.36,2,874.5,7,Sobha Ltd,0.91,Tier1,1,PKAR24206,10,"Lift, 24/7 Security, Swimming Pool, Power Backup, Visitor Parking, CCTV, Clubhouse, Gymnasium, Jogging Track, Landscaped Garden",10174.0,15581.0,13625488.0,0.055,749402.0,30000.0,26290.0,2.32,1,1
102027,Bangalore,JP Nagar,560078,mid,1.74,3,1069.1,7,Local Developer Co,0.55,Tier3,1,PKAR82530,12,"Power Backup, Lift, 24/7 Security, Children's Play Area, Gymnasium, Clubhouse, Indoor Games Room, Swimming Pool, Jogging Track, CCTV, Visitor Parking, Landscaped Garden",12425.0,15471.0,16540413.0,0.055,909723.0,30000.0,28721.0,2.08,0,1
102028,Bangalore,JP Nagar,560078,mid,1.87,2,683.9,0,Brigade Group,0.88,Tier1,1,PKAR85813,4,"Power Backup, Children's Play Area, Indoor Games Room, Gymnasium",12087.0,16887.0,11548721.0,0.055,635180.0,30000.0,18968.0,1.97,1,0
102029,Bangalore,JP Nagar,560078,mid,1.42,2,707.0,20,Sobha Ltd,0.91,Tier1,1,PKAR86303,10,"Lift, 24/7 Security, CCTV, Landscaped Garden, Gymnasium, Swimming Pool, Power Backup, Clubhouse, Jogging Track, Visitor Parking",9011.0,11999.0,8483319.0,0.055,466583.0,30000.0,8583.0,1.21,1,1
102030,Bangalore,JP Nagar,560078,mid,1.47,4,1753.3,18,Runwal Group,0.78,Tier2,1,PKAR19136,8,"Lift, Swimming Pool, Power Backup, Children's Play Area, Indoor Games Room, 24/7 Security, Clubhouse, Visitor Parking",8688.0,11285.0,19785413.0,0.055,1088198.0,30000.0,66799.0,4.05,1,1
102031,Bangalore,JP Nagar,560078,mid,1.81,3,1069.4,18,Local Developer Co,0.55,Tier3,0,,9,"Children's Play Area, Landscaped Garden, Visitor Parking, Lift, Jogging Track, Power Backup, Gymnasium, Indoor Games Room, Clubhouse",11034.0,12673.0,13553347.0,0.055,745434.0,30000.0,38116.0,3.37,1,1
102032,Bangalore,JP Nagar,560078,mid,1.5,3,1120.3,14,Godrej Properties,0.93,Tier1,1,PKAR76135,6,"Lift, Indoor Games Room, Children's Play Area, Landscaped Garden, 24/7 Security, Power Backup",8753.0,11064.0,12395241.0,0.055,681738.0,30000.0,28846.0,2.79,1,1
102033,Bangalore,JP Nagar,560078,mid,1.64,2,712.2,9,Lodha Group,0.95,Tier1,1,PKAR76095,6,"Indoor Games Room, Children's Play Area, Gymnasium, Landscaped Garden, 24/7 Security, Jogging Track",12308.0,18133.0,12915057.0,0.055,710328.0,30000.0,23362.0,2.17,1,1
102034,Bangalore,JP Nagar,560078,mid,1.77,3,1001.1,8,Regional Builders Ltd,0.5,Tier3,1,PKAR78127,6,"CCTV, Indoor Games Room, Landscaped Garden, Clubhouse, Jogging Track, Swimming Pool",10101.0,11594.0,11606180.0,0.055,638340.0,30000.0,24863.0,2.57,1,1
102035,Bangalore,JP Nagar,560078,mid,1.67,2,823.1,23,Brigade Group,0.88,Tier1,1,PKAR43014,3,"Gymnasium, Power Backup, Lift",10485.0,13026.0,10721290.0,0.055,589671.0,30000.0,23192.0,2.6,0,0
102036,Bangalore,JP Nagar,560078,mid,1.71,3,1357.1,8,Lodha Group,0.95,Tier1,1,PKAR94693,7,"Jogging Track, CCTV, Power Backup, Clubhouse, Swimming Pool, Landscaped Garden, Lift",9489.0,13581.0,18430489.0,0.055,1013677.0,30000.0,35469.0,2.31,0,1
102037,Bangalore,JP Nagar,560078,mid,1.77,2,902.1,11,Brigade Group,0.88,Tier1,1,PKAR41613,9,"Jogging Track, Indoor Games Room, Visitor Parking, Swimming Pool, CCTV, Gymnasium, Power Backup, Landscaped Garden, Clubhouse",10246.0,14810.0,13359119.0,0.055,734752.0,30000.0,30610.0,2.75,1,1
102038,Bangalore,JP Nagar,560078,mid,1.5,3,1393.4,4,Oberoi Realty,0.9,Tier1,1,PKAR31788,11,"Lift, Visitor Parking, 24/7 Security, Swimming Pool, Indoor Games Room, Jogging Track, Power Backup, Clubhouse, Gymnasium, Children's Play Area, CCTV",10346.0,15172.0,21140350.0,0.055,1162719.0,30000.0,41942.0,2.38,0,1
102039,Bangalore,JP Nagar,560078,mid,1.47,4,2099.6,12,Sobha Ltd,0.91,Tier1,1,PKAR20376,9,"Clubhouse, Gymnasium, Power Backup, Indoor Games Room, Lift, Landscaped Garden, 24/7 Security, Children's Play Area, Swimming Pool",10240.0,14793.0,31059610.0,0.055,1708279.0,30000.0,65597.0,2.53,1,1
102040,Bangalore,JP Nagar,560078,mid,1.32,2,695.7,20,Runwal Group,0.78,Tier2,1,PKAR20530,12,"Power Backup, Clubhouse, CCTV, Children's Play Area, Lift, Swimming Pool, Jogging Track, Indoor Games Room, Landscaped Garden, Gymnasium, Visitor Parking, 24/7 Security",11541.0,15662.0,10896633.0,0.055,599315.0,30000.0,31143.0,3.43,0,1
102041,Bangalore,Sarjapur Road,560035,affordable,3.32,2,880.5,17,Lodha Group,0.95,Tier1,1,PKAR94223,5,"CCTV, Lift, Gymnasium, Children's Play Area, Indoor Games Room",7547.0,9784.0,8614190.0,0.055,473780.0,30000.0,35181.0,4.9,1,0
102042,Bangalore,Sarjapur Road,560035,affordable,3.65,2,890.2,14,Runwal Group,0.78,Tier2,1,PKAR88008,5,"Swimming Pool, Indoor Games Room, Jogging Track, 24/7 Security, Clubhouse",7009.0,8907.0,7928875.0,0.055,436088.0,30000.0,28782.0,4.36,0,0
102043,Bangalore,Sarjapur Road,560035,affordable,3.16,4,1848.5,8,Oberoi Realty,0.9,Tier1,1,PKAR72806,9,"Power Backup, Jogging Track, Landscaped Garden, Children's Play Area, Lift, Swimming Pool, CCTV, Visitor Parking, Indoor Games Room",7238.0,10732.0,19837602.0,0.055,1091068.0,30000.0,75315.0,4.56,0,1
102044,Bangalore,Sarjapur Road,560035,affordable,3.61,2,826.1,17,Regional Builders Ltd,0.5,Tier3,1,PKAR18463,3,"24/7 Security, Landscaped Garden, Clubhouse",7836.0,9106.0,7522586.0,0.055,413742.0,30000.0,27661.0,4.41,1,0
102045,Bangalore,Sarjapur Road,560035,affordable,3.29,2,857.8,2,Regional Builders Ltd,0.5,Tier3,0,,9,"Visitor Parking, Clubhouse, 24/7 Security, CCTV, Children's Play Area, Landscaped Garden, Power Backup, Indoor Games Room, Lift",8166.0,10982.0,9419811.0,0.055,518090.0,30000.0,32797.0,4.18,1,1
102046,Bangalore,Sarjapur Road,560035,affordable,3.48,2,822.4,3,Sobha Ltd,0.91,Tier1,1,PKAR85883,9,"CCTV, Children's Play Area, Landscaped Garden, Swimming Pool, Jogging Track, Lift, 24/7 Security, Clubhouse, Visitor Parking",8177.0,11314.0,9304685.0,0.055,511758.0,30000.0,23736.0,3.06,0,1
102047,Bangalore,Sarjapur Road,560035,affordable,3.59,3,1333.4,21,Local Developer Co,0.55,Tier3,1,PKAR64290,11,"Indoor Games Room, Clubhouse, Visitor Parking, Gymnasium, Power Backup, CCTV, 24/7 Security, Landscaped Garden, Jogging Track, Lift, Swimming Pool",8983.0,10975.0,14634138.0,0.055,804878.0,30000.0,50697.0,4.16,0,1
102048,Bangalore,Sarjapur Road,560035,affordable,3.68,1,507.9,10,Prestige Group,0.92,Tier1,1,PKAR28138,9,"Landscaped Garden, 24/7 Security, Visitor Parking, Indoor Games Room, CCTV, Clubhouse, Lift, Jogging Track, Children's Play Area",8562.0,11428.0,5803973.0,0.055,319219.0,30000.0,18662.0,3.86,1,1
102049,Bangalore,Sarjapur Road,560035,affordable,3.53,3,1245.6,1,Prestige Group,0.92,Tier1,1,PKAR90813,12,"Landscaped Garden, Visitor Parking, Jogging Track, Indoor Games Room, Swimming Pool, Gymnasium, Clubhouse, 24/7 Security, CCTV, Power Backup, Lift, Children's Play Area",8330.0,12475.0,15539270.0,0.055,854660.0,30000.0,57980.0,4.48,1,1
102050,Bangalore,Sarjapur Road,560035,affordable,3.42,2,684.5,13,Runwal Group,0.78,Tier2,1,PKAR32751,7,"Children's Play Area, Jogging Track, Swimming Pool, Gymnasium, Clubhouse, Landscaped Garden, Power Backup",8118.0,9605.0,6574168.0,0.055,361579.0,30000.0,18985.0,3.47,1,1
102051,Bangalore,Sarjapur Road,560035,affordable,3.23,1,437.4,3,Oberoi Realty,0.9,Tier1,1,PKAR34000,8,"Gymnasium, Jogging Track, Children's Play Area, CCTV, Indoor Games Room, Visitor Parking, 24/7 Security, Clubhouse",7083.0,10725.0,4691533.0,0.055,258034.0,30000.0,16650.0,4.26,0,1
102052,Bangalore,Sarjapur Road,560035,affordable,3.75,2,946.6,6,Regional Builders Ltd,0.5,Tier3,1,PKAR44850,5,"24/7 Security, Landscaped Garden, Children's Play Area, Swimming Pool, Clubhouse",6534.0,8281.0,7838907.0,0.055,431140.0,30000.0,15319.0,2.35,0,0
102053,Bangalore,Sarjapur Road,560035,affordable,3.39,2,915.5,7,Sobha Ltd,0.91,Tier1,1,PKAR93198,7,"Indoor Games Room, Gymnasium, Landscaped Garden, Swimming Pool, Visitor Parking, 24/7 Security, Children's Play Area",8809.0,12167.0,11138682.0,0.055,612627.0,30000.0,26786.0,2.89,0,1
102054,Bangalore,Sarjapur Road,560035,affordable,3.67,3,999.0,15,Sobha Ltd,0.91,Tier1,1,PKAR46692,10,"Lift, Landscaped Garden, 24/7 Security, Visitor Parking, Power Backup, CCTV, Jogging Track, Clubhouse, Children's Play Area, Gymnasium",8971.0,12003.0,11990961.0,0.055,659503.0,30000.0,16595.0,1.66,1,1
102055,Bangalore,Sarjapur Road,560035,affordable,3.48,1,481.1,9,Lodha Group,0.95,Tier1,1,PKAR17678,11,"Lift, Visitor Parking, Power Backup, Swimming Pool, CCTV, Jogging Track, Clubhouse, Landscaped Garden, Indoor Games Room, 24/7 Security, Children's Play Area",7988.0,12190.0,5865122.0,0.055,322582.0,30000.0,10294.0,2.11,0,1
102056,Bangalore,Sarjapur Road,560035,affordable,3.33,2,862.0,13,Lodha Group,0.95,Tier1,1,PKAR98658,8,"Power Backup, 24/7 Security, Jogging Track, Swimming Pool, Visitor Parking, Clubhouse, Indoor Games Room, Lift",7955.0,11616.0,10012546.0,0.055,550690.0,30000.0,35690.0,4.28,1,1
102057,Bangalore,Sarjapur Road,560035,affordable,3.69,1,528.6,5,Sobha Ltd,0.91,Tier1,1,PKAR33188,7,"CCTV, Visitor Parking, Indoor Games Room, Children's Play Area, Landscaped Garden, Swimming Pool, Clubhouse",8170.0,10411.0,5502850.0,0.055,302657.0,30000.0,20160.0,4.4,0,1
102058,Bangalore,Sarjapur Road,560035,affordable,3.52,3,1175.3,19,Kolte-Patil,0.82,Tier2,1,PKAR94287,4,"Power Backup, Landscaped Garden, 24/7 Security, CCTV",7360.0,8635.0,10148861.0,0.055,558187.0,30000.0,35058.0,4.15,0,0
102059,Bangalore,Sarjapur Road,560035,affordable,3.47,3,1109.2,0,Kolte-Patil,0.82,Tier2,1,PKAR75949,9,"Visitor Parking, Indoor Games Room, Lift, CCTV, 24/7 Security, Gymnasium, Swimming Pool, Clubhouse, Landscaped Garden",7828.0,11322.0,12559228.0,0.055,690758.0,30000.0,36348.0,3.47,0,1
102060,Bangalore,Sarjapur Road,560035,affordable,3.39,2,874.4,21,Lodha Group,0.95,Tier1,1,PKAR81439,4,"Indoor Games Room, CCTV, Clubhouse, Gymnasium",8951.0,10429.0,9119546.0,0.055,501575.0,30000.0,19894.0,2.62,0,0
102061,Bangalore,Sarjapur Road,560035,affordable,3.13,2,694.2,21,Lodha Group,0.95,Tier1,1,PKAR55891,10,"24/7 Security, Power Backup, Indoor Games Room, CCTV, Clubhouse, Jogging Track, Lift, Visitor Parking, Landscaped Garden, Gymnasium",6653.0,8808.0,6114265.0,0.055,336285.0,30000.0,8231.0,1.62,1,1
102062,Bangalore,Sarjapur Road,560035,affordable,3.57,1,462.8,9,Brigade Group,0.88,Tier1,1,PKAR74533,12,"CCTV, Children's Play Area, Power Backup, Clubhouse, Swimming Pool, Gymnasium, Visitor Parking, 24/7 Security, Landscaped Garden, Jogging Track, Lift, Indoor Games Room",7228.0,10226.0,4732253.0,0.055,260274.0,30000.0,11525.0,2.92,1,1
102063,Bangalore,Sarjapur Road,560035,affordable,3.49,2,650.7,2,Lodha Group,0.95,Tier1,1,PKAR73922,11,"CCTV, Landscaped Garden, Lift, Gymnasium, Children's Play Area, Visitor Parking, Indoor Games Room, Swimming Pool, Power Backup, 24/7 Security, Jogging Track",8482.0,12629.0,8217763.0,0.055,451977.0,30000.0,35910.0,5.24,0,1
102064,Bangalore,Sarjapur Road,560035,affordable,3.24,2,848.8,8,Brigade Group,0.88,Tier1,1,PKAR80200,10,"Swimming Pool, CCTV, Jogging Track, Lift, Children's Play Area, Indoor Games Room, Gymnasium, Visitor Parking, Landscaped Garden, 24/7 Security",6002.0,9000.0,7638927.0,0.055,420141.0,30000.0,16576.0,2.6,0,1
102065,Bangalore,Sarjapur Road,560035,affordable,3.21,3,1040.4,24,Oberoi Realty,0.9,Tier1,1,PKAR79028,3,"Landscaped Garden, Indoor Games Room, Visitor Parking",6260.0,7449.0,7749686.0,0.055,426233.0,30000.0,27480.0,4.26,1,0
102066,Bangalore,Sarjapur Road,560035,affordable,3.68,4,1877.2,15,Brigade Group,0.88,Tier1,1,PKAR69357,4,"Visitor Parking, Jogging Track, Swimming Pool, Power Backup",7504.0,8243.0,15474464.0,0.055,851096.0,30000.0,47272.0,3.67,1,0
102067,Bangalore,Sarjapur Road,560035,affordable,3.26,1,461.2,0,Sobha Ltd,0.91,Tier1,1,PKAR40132,5,"Visitor Parking, 24/7 Security, Lift, Gymnasium, Clubhouse",8325.0,11238.0,5182918.0,0.055,285061.0,30000.0,17515.0,4.06,1,0
102068,Bangalore,Sarjapur Road,560035,affordable,3.67,2,794.4,11,Prestige Group,0.92,Tier1,1,PKAR83628,9,"Power Backup, Visitor Parking, 24/7 Security, Landscaped Garden, Jogging Track, CCTV, Children's Play Area, Gymnasium, Indoor Games Room",6390.0,9140.0,7261333.0,0.055,399373.0,30000.0,21347.0,3.53,1,1
102069,Bangalore,Sarjapur Road,560035,affordable,3.51,4,1510.3,24,Puravankara,0.8,Tier2,1,PKAR32724,4,"24/7 Security, Power Backup, Children's Play Area, Lift",6900.0,7745.0,11698167.0,0.055,643399.0,30000.0,36967.0,3.79,1,0
102070,Bangalore,Sarjapur Road,560035,affordable,3.34,3,1148.0,10,Lodha Group,0.95,Tier1,1,PKAR38857,9,"Power Backup, Gymnasium, Landscaped Garden, 24/7 Security, Swimming Pool, Lift, Clubhouse, CCTV, Visitor Parking",8644.0,12034.0,13814799.0,0.055,759814.0,30000.0,15739.0,1.37,1,1
102071,Bangalore,Sarjapur Road,560035,affordable,3.68,3,1009.8,4,Lodha Group,0.95,Tier1,1,PKAR46708,4,"Visitor Parking, Swimming Pool, Lift, CCTV",6711.0,9672.0,9767265.0,0.055,537200.0,30000.0,29121.0,3.58,1,0
102072,Bangalore,Sarjapur Road,560035,affordable,3.39,3,1009.2,22,Local Developer Co,0.55,Tier3,1,PKAR58406,6,"Swimming Pool, 24/7 Security, Clubhouse, Lift, Jogging Track, Children's Play Area",7582.0,8208.0,8283996.0,0.055,455620.0,30000.0,22858.0,3.31,1,1
102073,Bangalore,Sarjapur Road,560035,affordable,3.36,2,754.9,22,Local Developer Co,0.55,Tier3,1,PKAR90212,5,"Landscaped Garden, CCTV, Children's Play Area, 24/7 Security, Jogging Track",7538.0,7691.0,5805545.0,0.055,319305.0,30000.0,18296.0,3.78,1,0
102074,Bangalore,Sarjapur Road,560035,affordable,3.4,3,1079.8,9,Kolte-Patil,0.82,Tier2,1,PKAR82021,10,"Clubhouse, Power Backup, Indoor Games Room, Jogging Track, Landscaped Garden, Lift, Visitor Parking, CCTV, Gymnasium, 24/7 Security",6660.0,9612.0,10379287.0,0.055,570861.0,30000.0,32261.0,3.73,0,1
102075,Bangalore,Sarjapur Road,560035,affordable,3.62,4,1658.2,18,Local Developer Co,0.55,Tier3,1,PKAR48117,9,"Children's Play Area, Gymnasium, Visitor Parking, Indoor Games Room, Clubhouse, Lift, Power Backup, 24/7 Security, Jogging Track",6198.0,7919.0,13132202.0,0.055,722271.0,30000.0,44978.0,4.11,1,1
102076,Bangalore,Sarjapur Road,560035,affordable,3.43,3,1250.4,11,Godrej Properties,0.93,Tier1,1,PKAR32225,6,"Gymnasium, Jogging Track, Lift, Children's Play Area, Indoor Games Room, Power Backup",8592.0,10246.0,12811233.0,0.055,704618.0,30000.0,31356.0,2.94,0,1
102077,Bangalore,Sarjapur Road,560035,affordable,3.3,3,1300.4,14,Local Developer Co,0.55,Tier3,1,PKAR75929,7,"Jogging Track, 24/7 Security, Children's Play Area, Power Backup, Visitor Parking, Swimming Pool, Gymnasium",7418.0,8911.0,11587837.0,0.055,637331.0,30000.0,26549.0,2.75,1,1
102078,Bangalore,Sarjapur Road,560035,affordable,3.57,2,724.0,4,Oberoi Realty,0.9,Tier1,1,PKAR56798,7,"Landscaped Garden, Visitor Parking, Children's Play Area, Gymnasium, 24/7 Security, CCTV, Lift",6052.0,8701.0,6299043.0,0.055,346447.0,30000.0,20513.0,3.91,1,1
102079,Bangalore,Sarjapur Road,560035,affordable,3.47,3,1295.1,4,Regional Builders Ltd,0.5,Tier3,1,PKAR31678,6,"CCTV, Indoor Games Room, Clubhouse, Swimming Pool, 24/7 Security, Jogging Track",7875.0,10290.0,13327147.0,0.055,732993.0,30000.0,33945.0,3.06,0,1
102080,Bangalore,Sarjapur Road,560035,affordable,3.67,2,695.8,11,Prestige Group,0.92,Tier1,1,PKAR99281,8,"Landscaped Garden, Children's Play Area, CCTV, Jogging Track, Clubhouse, Indoor Games Room, 24/7 Security, Lift",8433.0,12218.0,8501727.0,0.055,467595.0,30000.0,20857.0,2.94,0,1
102081,Bangalore,Sarjapur Road,560035,affordable,3.6,2,724.2,13,Local Developer Co,0.55,Tier3,0,,8,"Jogging Track, Lift, CCTV, 24/7 Security, Power Backup, Children's Play Area, Gymnasium, Clubhouse",7190.0,9203.0,6664797.0,0.055,366564.0,30000.0,13115.0,2.36,0,1
102082,Bangalore,Sarjapur Road,560035,affordable,3.64,3,1346.1,1,Oberoi Realty,0.9,Tier1,1,PKAR82633,5,"Clubhouse, Visitor Parking, 24/7 Security, Children's Play Area, Power Backup",8550.0,12379.0,16663135.0,0.055,916472.0,30000.0,46644.0,3.36,1,0
102083,Bangalore,Sarjapur Road,560035,affordable,3.66,4,2134.5,4,Godrej Properties,0.93,Tier1,1,PKAR50989,4,"Indoor Games Room, CCTV, Swimming Pool, Power Backup",7018.0,10177.0,21721812.0,0.055,1194700.0,30000.0,62693.0,3.46,0,0
102084,Bangalore,Sarjapur Road,560035,affordable,3.4,2,652.2,21,Prestige Group,0.92,Tier1,1,PKAR49354,7,"Lift, Gymnasium, Power Backup, Landscaped Garden, 24/7 Security, CCTV, Indoor Games Room",7728.0,9441.0,6156870.0,0.055,338628.0,30000.0,23352.0,4.55,1,1
102085,Bangalore,Sarjapur Road,560035,affordable,3.51,2,827.5,16,Lodha Group,0.95,Tier1,1,PKAR28197,7,"Power Backup, Children's Play Area, Lift, Indoor Games Room, Landscaped Garden, 24/7 Security, Gymnasium",6204.0,8669.0,7173730.0,0.055,394555.0,30000.0,19894.0,3.33,1,1
102086,Bangalore,Sarjapur Road,560035,affordable,3.42,3,1241.1,0,Godrej Properties,0.93,Tier1,1,PKAR15666,11,"Landscaped Garden, Indoor Games Room, 24/7 Security, Visitor Parking, Clubhouse, Lift, CCTV, Power Backup, Swimming Pool, Jogging Track, Gymnasium",7118.0,9913.0,12303473.0,0.055,676691.0,30000.0,34957.0,3.41,1,1
102087,Bangalore,Sarjapur Road,560035,affordable,3.44,3,1300.0,14,Local Developer Co,0.55,Tier3,1,PKAR34913,10,"CCTV, Lift, Indoor Games Room, Gymnasium, 24/7 Security, Visitor Parking, Clubhouse, Landscaped Garden, Children's Play Area, Jogging Track",6420.0,8328.0,10826064.0,0.055,595434.0,30000.0,34169.0,3.79,0,1
102088,Bangalore,Sarjapur Road,560035,affordable,3.5,4,1619.7,24,Prestige Group,0.92,Tier1,1,PKAR45215,4,"24/7 Security, CCTV, Clubhouse, Landscaped Garden",8672.0,10653.0,17254619.0,0.055,949004.0,30000.0,32005.0,2.23,1,0
102089,Bangalore,Sarjapur Road,560035,affordable,3.4,4,2084.4,8,Godrej Properties,0.93,Tier1,1,PKAR25032,8,"Lift, Children's Play Area, Power Backup, Indoor Games Room, Swimming Pool, 24/7 Security, Landscaped Garden, Gymnasium",8297.0,11886.0,24774589.0,0.055,1362602.0,30000.0,85163.0,4.12,1,1
102090,Bangalore,Sarjapur Road,560035,affordable,3.43,2,939.3,12,Puravankara,0.8,Tier2,1,PKAR25640,10,"CCTV, Visitor Parking, Landscaped Garden, Power Backup, Gymnasium, Swimming Pool, Indoor Games Room, 24/7 Security, Jogging Track, Children's Play Area",7917.0,10774.0,10119872.0,0.055,556593.0,30000.0,23739.0,2.81,0,1
102091,Bangalore,Sarjapur Road,560035,affordable,3.53,2,817.5,3,Regional Builders Ltd,0.5,Tier3,0,,10,"Power Backup, Children's Play Area, Clubhouse, 24/7 Security, Swimming Pool, Lift, Indoor Games Room, Jogging Track, Visitor Parking, CCTV",8159.0,10419.0,8517906.0,0.055,468485.0,30000.0,29831.0,4.2,0,1
102092,Bangalore,Sarjapur Road,560035,affordable,3.46,3,1208.4,13,Regional Builders Ltd,0.5,Tier3,1,PKAR50286,9,"Children's Play Area, CCTV, Visitor Parking, Landscaped Garden, Gymnasium, Swimming Pool, Lift, Clubhouse, Power Backup",8939.0,10070.0,12168528.0,0.055,669269.0,30000.0,36437.0,3.59,1,1
102093,Bangalore,Sarjapur Road,560035,affordable,3.33,4,1704.0,0,Regional Builders Ltd,0.5,Tier3,0,,4,"Gymnasium, CCTV, Landscaped Garden, Children's Play Area",8715.0,11143.0,18987112.0,0.055,1044291.0,30000.0,47662.0,3.01,1,0
102094,Bangalore,Sarjapur Road,560035,affordable,3.39,2,815.0,15,Godrej Properties,0.93,Tier1,1,PKAR49974,8,"Visitor Parking, 24/7 Security, Power Backup, Swimming Pool, Children's Play Area, Landscaped Garden, Gymnasium, Clubhouse",6964.0,9462.0,7711106.0,0.055,424111.0,30000.0,28811.0,4.48,0,1
102095,Bangalore,Sarjapur Road,560035,affordable,3.42,3,986.0,3,Runwal Group,0.78,Tier2,1,PKAR94531,5,"24/7 Security, Indoor Games Room, Lift, Swimming Pool, Visitor Parking",6545.0,8804.0,8681064.0,0.055,477459.0,30000.0,18875.0,2.61,0,0
102096,Bangalore,Sarjapur Road,560035,affordable,3.3,2,835.5,20,Sobha Ltd,0.91,Tier1,1,PKAR67081,3,"24/7 Security, Landscaped Garden, Lift",7477.0,8792.0,7345522.0,0.055,404004.0,30000.0,16051.0,2.62,1,0
102097,Bangalore,Sarjapur Road,560035,affordable,3.77,3,1029.6,11,Regional Builders Ltd,0.5,Tier3,1,PKAR48268,11,"Swimming Pool, Visitor Parking, Indoor Games Room, 24/7 Security, Clubhouse, Gymnasium, Lift, CCTV, Landscaped Garden, Jogging Track, Power Backup",7788.0,9930.0,10223104.0,0.055,562271.0,30000.0,26841.0,3.15,0,1
102098,Bangalore,Sarjapur Road,560035,affordable,3.53,2,931.8,8,Puravankara,0.8,Tier2,1,PKAR19457,8,"Children's Play Area, CCTV, Visitor Parking, Clubhouse, Gymnasium, Indoor Games Room, 24/7 Security, Swimming Pool",7536.0,10875.0,10133616.0,0.055,557349.0,30000.0,29970.0,3.55,1,1
102099,Bangalore,Sarjapur Road,560035,affordable,3.5,3,1316.9,17,Lodha Group,0.95,Tier1,1,PKAR57277,8,"Children's Play Area, Jogging Track, Power Backup, Swimming Pool, Landscaped Garden, Lift, Clubhouse, Visitor Parking",8502.0,11925.0,15703889.0,0.055,863714.0,30000.0,44758.0,3.42,1,1
102100,Bangalore,Sarjapur Road,560035,affordable,3.5,1,427.9,23,Regional Builders Ltd,0.5,Tier3,0,,6,"24/7 Security, Landscaped Garden, Gymnasium, Children's Play Area, Swimming Pool, CCTV",7289.0,7775.0,3326881.0,0.055,182978.0,30000.0,6194.0,2.23,1,1
102101,Bangalore,Sarjapur Road,560035,affordable,3.22,2,716.5,17,Local Developer Co,0.55,Tier3,1,PKAR59641,11,"Visitor Parking, Children's Play Area, Indoor Games Room, Gymnasium, Clubhouse, 24/7 Security, Landscaped Garden, CCTV, Lift, Swimming Pool, Power Backup",6057.0,7348.0,5264912.0,0.055,289570.0,30000.0,13875.0,3.16,1,1
102102,Bangalore,Sarjapur Road,560035,affordable,3.46,2,714.2,8,Lodha Group,0.95,Tier1,1,PKAR51077,12,"CCTV, Jogging Track, Landscaped Garden, Lift, Visitor Parking, 24/7 Security, Clubhouse, Children's Play Area, Gymnasium, Indoor Games Room, Swimming Pool, Power Backup",8913.0,13201.0,9427563.0,0.055,518516.0,30000.0,29512.0,3.76,0,1
102103,Bangalore,Sarjapur Road,560035,affordable,3.39,2,786.6,18,Puravankara,0.8,Tier2,1,PKAR22247,9,"CCTV, Children's Play Area, Jogging Track, Landscaped Garden, Indoor Games Room, Clubhouse, Power Backup, Visitor Parking, Lift",6150.0,8195.0,6445936.0,0.055,354526.0,30000.0,23505.0,4.38,1,1
102104,Bangalore,Sarjapur Road,560035,affordable,3.66,2,731.3,24,Godrej Properties,0.93,Tier1,1,PKAR14233,10,"Children's Play Area, Clubhouse, Landscaped Garden, Indoor Games Room, Gymnasium, 24/7 Security, Visitor Parking, Jogging Track, Swimming Pool, Power Backup",6951.0,8731.0,6384530.0,0.055,351149.0,30000.0,27753.0,5.22,1,1
102105,Bangalore,Sarjapur Road,560035,affordable,3.32,3,1275.2,11,Godrej Properties,0.93,Tier1,1,PKAR97120,3,"Landscaped Garden, 24/7 Security, CCTV",6091.0,7988.0,10185700.0,0.055,560213.0,30000.0,21974.0,2.59,1,0
102106,Bangalore,Sarjapur Road,560035,affordable,3.59,3,982.5,18,Runwal Group,0.78,Tier2,1,PKAR56619,3,"Swimming Pool, Indoor Games Room, Jogging Track",7999.0,9158.0,8997555.0,0.055,494866.0,30000.0,16386.0,2.19,0,0
102107,Bangalore,Sarjapur Road,560035,affordable,3.6,2,700.7,13,Prestige Group,0.92,Tier1,1,PKAR67669,8,"CCTV, 24/7 Security, Landscaped Garden, Swimming Pool, Children's Play Area, Visitor Parking, Jogging Track, Power Backup",8302.0,11336.0,7943194.0,0.055,436876.0,30000.0,17232.0,2.6,0,1
102108,Bangalore,Sarjapur Road,560035,affordable,3.41,1,443.0,16,Lodha Group,0.95,Tier1,1,PKAR59672,12,"CCTV, Visitor Parking, Indoor Games Room, Power Backup, 24/7 Security, Landscaped Garden, Gymnasium, Swimming Pool, Lift, Children's Play Area, Jogging Track, Clubhouse",8728.0,12432.0,5506870.0,0.055,302878.0,30000.0,16876.0,3.68,0,1
102109,Bangalore,Sarjapur Road,560035,affordable,3.56,1,513.6,21,Puravankara,0.8,Tier2,1,PKAR86100,5,"Gymnasium, Clubhouse, Jogging Track, Power Backup, Visitor Parking",6310.0,7476.0,3839481.0,0.055,211171.0,30000.0,14212.0,4.44,1,0
102110,Bangalore,Sarjapur Road,560035,affordable,3.52,2,874.4,11,Sobha Ltd,0.91,Tier1,1,PKAR67739,9,"Lift, Swimming Pool, Clubhouse, CCTV, Children's Play Area, Power Backup, Jogging Track, Indoor Games Room, Visitor Parking",8674.0,12043.0,10530152.0,0.055,579158.0,30000.0,34189.0,3.9,1,1
102111,Bangalore,Sarjapur Road,560035,affordable,3.52,4,1893.8,2,Kolte-Patil,0.82,Tier2,1,PKAR44473,10,"Jogging Track, Clubhouse, Lift, Landscaped Garden, Indoor Games Room, 24/7 Security, Children's Play Area, Gymnasium, Power Backup, Swimming Pool",8720.0,13107.0,24820918.0,0.055,1365150.0,30000.0,34343.0,1.66,1,1
102112,Bangalore,Sarjapur Road,560035,affordable,3.64,3,1323.2,17,Oberoi Realty,0.9,Tier1,1,PKAR98788,11,"Visitor Parking, Power Backup, CCTV, Swimming Pool, Landscaped Garden, Jogging Track, Indoor Games Room, Clubhouse, 24/7 Security, Gymnasium, Lift",6537.0,9807.0,12977097.0,0.055,713740.0,30000.0,43566.0,4.03,0,1
102113,Bangalore,Sarjapur Road,560035,affordable,3.5,2,683.6,17,Sobha Ltd,0.91,Tier1,1,PKAR73903,8,"Clubhouse, Children's Play Area, Gymnasium, Indoor Games Room, Lift, Landscaped Garden, Swimming Pool, CCTV",7777.0,10228.0,6991896.0,0.055,384554.0,30000.0,12905.0,2.21,1,1
102114,Bangalore,Sarjapur Road,560035,affordable,3.69,2,704.9,22,Godrej Properties,0.93,Tier1,1,PKAR11095,8,"Jogging Track, Children's Play Area, 24/7 Security, Lift, Gymnasium, Clubhouse, CCTV, Swimming Pool",8140.0,10327.0,7279874.0,0.055,400393.0,30000.0,28903.0,4.76,0,1
102115,Bangalore,Sarjapur Road,560035,affordable,3.47,2,737.7,14,Sobha Ltd,0.91,Tier1,1,PKAR92705,9,"Children's Play Area, Visitor Parking, Clubhouse, Lift, Gymnasium, Swimming Pool, Landscaped Garden, CCTV, Indoor Games Room",6874.0,10043.0,7408411.0,0.055,407463.0,30000.0,23774.0,3.85,0,1
102116,Bangalore,Sarjapur Road,560035,affordable,3.5,1,534.0,18,Lodha Group,0.95,Tier1,1,PKAR39665,3,"Clubhouse, Visitor Parking, 24/7 Security",8935.0,10937.0,5840802.0,0.055,321244.0,30000.0,11272.0,2.32,0,0
102117,Bangalore,Sarjapur Road,560035,affordable,3.44,3,992.3,10,Brigade Group,0.88,Tier1,1,PKAR30746,8,"CCTV, Children's Play Area, Clubhouse, Visitor Parking, Power Backup, Swimming Pool, Lift, Gymnasium",6137.0,8338.0,8273427.0,0.055,455038.0,30000.0,26072.0,3.78,0,1
102118,Bangalore,Sarjapur Road,560035,affordable,3.51,3,988.3,13,Sobha Ltd,0.91,Tier1,1,PKAR33809,11,"24/7 Security, Landscaped Garden, Children's Play Area, Lift, Swimming Pool, Gymnasium, Clubhouse, CCTV, Visitor Parking, Power Backup, Jogging Track",6188.0,8725.0,8622448.0,0.055,474235.0,30000.0,26192.0,3.65,1,1
102119,Bangalore,Sarjapur Road,560035,affordable,3.36,3,1014.7,5,Runwal Group,0.78,Tier2,1,PKAR94851,10,"Gymnasium, CCTV, Power Backup, Jogging Track, Swimming Pool, Landscaped Garden, Lift, Visitor Parking, 24/7 Security, Children's Play Area",7693.0,10772.0,10931085.0,0.055,601210.0,30000.0,31944.0,3.51,1,1
102120,Bangalore,Sarjapur Road,560035,affordable,3.64,3,1260.4,14,Lodha Group,0.95,Tier1,1,PKAR47436,3,"24/7 Security, Clubhouse, Visitor Parking",8534.0,10340.0,13032416.0,0.055,716783.0,30000.0,19494.0,1.79,1,0
102121,Bangalore,Sarjapur Road,560035,affordable,3.85,1,502.4,16,Regional Builders Ltd,0.5,Tier3,1,PKAR59938,7,"Power Backup, Visitor Parking, Jogging Track, 24/7 Security, Lift, CCTV, Children's Play Area",8383.0,9357.0,4701029.0,0.055,258557.0,30000.0,19549.0,4.99,1,1
102122,Bangalore,Sarjapur Road,560035,affordable,3.64,2,895.6,18,Prestige Group,0.92,Tier1,1,PKAR59432,10,"Visitor Parking, Swimming Pool, 24/7 Security, Gymnasium, Landscaped Garden, Jogging Track, Children's Play Area, Lift, Clubhouse, CCTV",7922.0,10956.0,9812693.0,0.055,539698.0,30000.0,33837.0,4.14,1,1
102123,Bangalore,Sarjapur Road,560035,affordable,3.36,2,890.2,1,Prestige Group,0.92,Tier1,1,PKAR78647,12,"24/7 Security, Clubhouse, Landscaped Garden, Jogging Track, Power Backup, Swimming Pool, Children's Play Area, CCTV, Gymnasium, Visitor Parking, Indoor Games Room, Lift",7320.0,12074.0,10748242.0,0.055,591153.0,30000.0,17595.0,1.96,1,1
102124,Bangalore,Sarjapur Road,560035,affordable,3.11,3,1153.2,0,Puravankara,0.8,Tier2,1,PKAR59891,3,"Landscaped Garden, Gymnasium, 24/7 Security",8838.0,12285.0,14167711.0,0.055,779224.0,30000.0,31516.0,2.67,1,0
102125,Bangalore,Sarjapur Road,560035,affordable,3.22,2,800.1,6,Godrej Properties,0.93,Tier1,1,PKAR68988,9,"Power Backup, Landscaped Garden, Indoor Games Room, 24/7 Security, Clubhouse, Gymnasium, Visitor Parking, CCTV, Swimming Pool",8599.0,12180.0,9744398.0,0.055,535942.0,30000.0,13816.0,1.7,1,1
102126,Bangalore,Sarjapur Road,560035,affordable,3.6,3,1161.1,7,Godrej Properties,0.93,Tier1,1,PKAR28791,12,"Clubhouse, Indoor Games Room, Gymnasium, Children's Play Area, Jogging Track, Power Backup, Lift, Swimming Pool, 24/7 Security, CCTV, Visitor Parking, Landscaped Garden",7278.0,10375.0,12046391.0,0.055,662552.0,30000.0,30863.0,3.07,1,1
102127,Bangalore,Sarjapur Road,560035,affordable,3.46,4,1754.0,7,Prestige Group,0.92,Tier1,1,PKAR17692,7,"Children's Play Area, Clubhouse, Visitor Parking, Power Backup, Swimming Pool, Jogging Track, Gymnasium",6145.0,8560.0,15013617.0,0.055,825749.0,30000.0,43452.0,3.47,1,1
102128,Bangalore,Sarjapur Road,560035,affordable,3.76,2,736.6,4,Regional Builders Ltd,0.5,Tier3,1,PKAR16502,9,"24/7 Security, Gymnasium, Children's Play Area, Indoor Games Room, CCTV, Visitor Parking, Swimming Pool, Jogging Track, Clubhouse",6859.0,8286.0,6103923.0,0.055,335716.0,30000.0,22956.0,4.51,0,1
102129,Bangalore,Sarjapur Road,560035,affordable,3.37,1,493.1,10,Prestige Group,0.92,Tier1,1,PKAR32899,6,"Visitor Parking, CCTV, Gymnasium, Jogging Track, Lift, Indoor Games Room",8086.0,10354.0,5106062.0,0.055,280833.0,30000.0,18162.0,4.27,0,1
102130,Bangalore,Sarjapur Road,560035,affordable,3.47,3,1232.9,18,Kolte-Patil,0.82,Tier2,1,PKAR45666,3,"24/7 Security, Children's Play Area, Power Backup",6582.0,6784.0,8363651.0,0.055,460001.0,30000.0,20211.0,2.9,1,0
102131,Bangalore,Sarjapur Road,560035,affordable,3.6,3,1337.1,20,Oberoi Realty,0.9,Tier1,1,PKAR25766,5,"CCTV, Swimming Pool, Gymnasium, Children's Play Area, Lift",8213.0,10034.0,13416533.0,0.055,737909.0,30000.0,29542.0,2.64,1,0
102132,Bangalore,Sarjapur Road,560035,affordable,3.4,3,1278.4,10,Godrej Properties,0.93,Tier1,1,PKAR20145,3,"Children's Play Area, Clubhouse, Visitor Parking",6726.0,8189.0,10468919.0,0.055,575791.0,30000.0,32761.0,3.76,1,0
102133,Bangalore,Sarjapur Road,560035,affordable,3.53,4,1717.9,7,Puravankara,0.8,Tier2,1,PKAR12683,8,"Gymnasium, Lift, Clubhouse, Power Backup, Landscaped Garden, 24/7 Security, Children's Play Area, Swimming Pool",6907.0,9103.0,15637947.0,0.055,860087.0,30000.0,64329.0,4.94,0,1
102134,Bangalore,Sarjapur Road,560035,affordable,3.38,3,1349.9,10,Regional Builders Ltd,0.5,Tier3,1,PKAR76131,10,"Jogging Track, Landscaped Garden, Gymnasium, Indoor Games Room, Power Backup, Children's Play Area, Visitor Parking, CCTV, 24/7 Security, Clubhouse",8772.0,12097.0,16330162.0,0.055,898159.0,30000.0,40382.0,2.97,0,1
102135,Bangalore,Sarjapur Road,560035,affordable,3.35,3,1000.9,10,Prestige Group,0.92,Tier1,1,PKAR85851,5,"CCTV, Visitor Parking, 24/7 Security, Swimming Pool, Power Backup",7667.0,9936.0,9944453.0,0.055,546945.0,30000.0,28203.0,3.4,0,0
102136,Bangalore,Sarjapur Road,560035,affordable,3.51,1,437.0,8,Sobha Ltd,0.91,Tier1,1,PKAR69406,5,"Lift, Jogging Track, CCTV, Clubhouse, Children's Play Area",6623.0,8800.0,3845831.0,0.055,211521.0,30000.0,7697.0,2.4,1,0
102137,Bangalore,Sarjapur Road,560035,affordable,3.53,3,1330.5,21,Oberoi Realty,0.9,Tier1,1,PKAR25879,3,"Visitor Parking, Lift, Children's Play Area",7022.0,7532.0,10021430.0,0.055,551179.0,30000.0,34018.0,4.07,0,0
102138,Bangalore,Sarjapur Road,560035,affordable,3.39,2,749.6,13,Kolte-Patil,0.82,Tier2,1,PKAR27335,8,"Visitor Parking, Children's Play Area, 24/7 Security, Jogging Track, Power Backup, Clubhouse, Indoor Games Room, Landscaped Garden",6982.0,9222.0,6913070.0,0.055,380219.0,30000.0,16825.0,2.92,1,1
102139,Bangalore,Sarjapur Road,560035,affordable,3.36,3,1239.7,3,Local Developer Co,0.55,Tier3,1,PKAR86244,10,"Swimming Pool, Gymnasium, Lift, Landscaped Garden, Children's Play Area, Indoor Games Room, Jogging Track, Visitor Parking, 24/7 Security, Power Backup",8703.0,12679.0,15717540.0,0.055,864465.0,30000.0,52904.0,4.04,1,1
102140,Bangalore,Sarjapur Road,560035,affordable,3.23,2,923.3,13,Puravankara,0.8,Tier2,1,PKAR42208,12,"Children's Play Area, Landscaped Garden, Power Backup, Indoor Games Room, Jogging Track, 24/7 Security, Lift, Visitor Parking, Clubhouse, Gymnasium, Swimming Pool, CCTV",7733.0,10304.0,9514509.0,0.055,523298.0,30000.0,19493.0,2.46,0,1
102141,Bangalore,Sarjapur Road,560035,affordable,3.6,3,1357.4,10,Lodha Group,0.95,Tier1,1,PKAR12649,11,"Swimming Pool, Power Backup, Clubhouse, Landscaped Garden, Gymnasium, Indoor Games Room, Visitor Parking, Jogging Track, Lift, Children's Play Area, 24/7 Security",8765.0,12519.0,16992602.0,0.055,934593.0,30000.0,25183.0,1.78,1,1
102142,Bangalore,Sarjapur Road,560035,affordable,3.75,3,1390.3,13,Lodha Group,0.95,Tier1,1,PKAR96964,3,"Jogging Track, Power Backup, Children's Play Area",8949.0,10978.0,15262567.0,0.055,839441.0,30000.0,17005.0,1.34,0,0
102143,Bangalore,Sarjapur Road,560035,affordable,3.34,2,850.3,1,Sobha Ltd,0.91,Tier1,1,PKAR36262,5,"Children's Play Area, Landscaped Garden, Lift, CCTV, Jogging Track",8742.0,12552.0,10672275.0,0.055,586975.0,30000.0,22640.0,2.55,0,0
102144,Bangalore,Sarjapur Road,560035,affordable,3.48,1,528.6,20,Local Developer Co,0.55,Tier3,1,PKAR62186,6,"Children's Play Area, Swimming Pool, 24/7 Security, Visitor Parking, CCTV, Jogging Track",6093.0,6562.0,3468507.0,0.055,190768.0,30000.0,12329.0,4.27,0,1
102145,Bangalore,Sarjapur Road,560035,affordable,3.4,3,1336.5,3,Regional Builders Ltd,0.5,Tier3,1,PKAR85468,4,"Visitor Parking, Indoor Games Room, Children's Play Area, Power Backup",8611.0,9510.0,12710123.0,0.055,699057.0,30000.0,43086.0,4.07,0,0
102146,Bangalore,Sarjapur Road,560035,affordable,3.51,3,1381.8,13,Lodha Group,0.95,Tier1,1,PKAR26897,3,"Jogging Track, Clubhouse, Children's Play Area",7810.0,10138.0,14008233.0,0.055,770453.0,30000.0,46093.0,3.95,1,0
102147,Bangalore,Sarjapur Road,560035,affordable,3.52,2,925.6,10,Regional Builders Ltd,0.5,Tier3,1,PKAR28802,11,"Gymnasium, Swimming Pool, 24/7 Security, Power Backup, Clubhouse, Visitor Parking, Indoor Games Room, Lift, CCTV, Children's Play Area, Landscaped Garden",8250.0,9671.0,8951729.0,0.055,492345.0,30000.0,39060.0,5.24,0,1
102148,Bangalore,Sarjapur Road,560035,affordable,3.72,3,1234.5,15,Puravankara,0.8,Tier2,1,PKAR76451,6,"Swimming Pool, Visitor Parking, Gymnasium, CCTV, Power Backup, Lift",6362.0,7761.0,9581326.0,0.055,526973.0,30000.0,34121.0,4.27,1,1
102149,Bangalore,Sarjapur Road,560035,affordable,3.51,2,863.4,11,Brigade Group,0.88,Tier1,1,PKAR41385,12,"Gymnasium, Children's Play Area, Landscaped Garden, Swimming Pool, 24/7 Security, Jogging Track, Indoor Games Room, Power Backup, Clubhouse, Lift, CCTV, Visitor Parking",6113.0,8957.0,7733525.0,0.055,425344.0,30000.0,24888.0,3.86,1,1
102150,Bangalore,Sarjapur Road,560035,affordable,3.28,2,863.6,7,Prestige Group,0.92,Tier1,1,PKAR90499,12,"Clubhouse, Indoor Games Room, CCTV, Visitor Parking, Gymnasium, Children's Play Area, Landscaped Garden, 24/7 Security, Jogging Track, Swimming Pool, Lift, Power Backup",7835.0,12147.0,10490380.0,0.055,576971.0,30000.0,29618.0,3.39,1,1
102151,Bangalore,Sarjapur Road,560035,affordable,3.64,2,791.3,6,Lodha Group,0.95,Tier1,1,PKAR50873,6,"Indoor Games Room, Landscaped Garden, Power Backup, Swimming Pool, 24/7 Security, CCTV",7794.0,11135.0,8810723.0,0.055,484590.0,30000.0,26660.0,3.63,0,1
102152,Bangalore,Sarjapur Road,560035,affordable,3.76,3,1138.5,5,Oberoi Realty,0.9,Tier1,1,PKAR31760,4,"Landscaped Garden, CCTV, Jogging Track, Swimming Pool",6373.0,8310.0,9461133.0,0.055,520362.0,30000.0,33862.0,4.29,1,0
102153,Bangalore,Sarjapur Road,560035,affordable,3.56,3,978.5,19,Godrej Properties,0.93,Tier1,1,PKAR60772,3,"Power Backup, Landscaped Garden, Clubhouse",6046.0,7193.0,7038439.0,0.055,387114.0,30000.0,16229.0,2.77,1,0
102154,Bangalore,Sarjapur Road,560035,affordable,3.5,3,951.7,3,Prestige Group,0.92,Tier1,1,PKAR36480,3,"Jogging Track, Swimming Pool, Gymnasium",8512.0,11882.0,11307663.0,0.055,621921.0,30000.0,43640.0,4.63,0,0
102155,Bangalore,Sarjapur Road,560035,affordable,3.54,1,393.7,14,Oberoi Realty,0.9,Tier1,1,PKAR73258,11,"24/7 Security, Power Backup, Swimming Pool, CCTV, Jogging Track, Indoor Games Room, Visitor Parking, Landscaped Garden, Lift, Gymnasium, Children's Play Area",7871.0,11513.0,4533060.0,0.055,249318.0,30000.0,15188.0,4.02,1,1
102156,Bangalore,Sarjapur Road,560035,affordable,3.38,1,495.8,4,Regional Builders Ltd,0.5,Tier3,0,,3,"Children's Play Area, Clubhouse, CCTV",8788.0,10829.0,5369547.0,0.055,295325.0,30000.0,14489.0,3.24,0,0
102157,Bangalore,Sarjapur Road,560035,affordable,3.44,2,897.3,6,Runwal Group,0.78,Tier2,1,PKAR91558,5,"Lift, Clubhouse, Swimming Pool, Gymnasium, Visitor Parking",6367.0,8118.0,7284339.0,0.055,400639.0,30000.0,27977.0,4.61,0,0
102158,Bangalore,Sarjapur Road,560035,affordable,3.42,2,689.6,3,Lodha Group,0.95,Tier1,1,PKAR66751,8,"CCTV, Clubhouse, Jogging Track, Children's Play Area, 24/7 Security, Gymnasium, Indoor Games Room, Swimming Pool",6392.0,9011.0,6213724.0,0.055,341755.0,30000.0,16762.0,3.24,0,1
102159,Bangalore,Sarjapur Road,560035,affordable,3.55,1,523.6,21,Sobha Ltd,0.91,Tier1,1,PKAR76581,3,"Power Backup, 24/7 Security, Landscaped Garden",7039.0,8234.0,4311749.0,0.055,237146.0,30000.0,11829.0,3.29,0,0
102160,Bangalore,Sarjapur Road,560035,affordable,3.5,4,1688.4,6,Local Developer Co,0.55,Tier3,1,PKAR98441,8,"Lift, Visitor Parking, CCTV, Landscaped Garden, Indoor Games Room, Power Backup, 24/7 Security, Gymnasium",6167.0,8352.0,14101953.0,0.055,775607.0,30000.0,53914.0,4.59,1,1
102161,Bangalore,Yelahanka,560064,affordable,3.94,2,925.9,23,Kolte-Patil,0.82,Tier2,1,PKAR77551,6,"Jogging Track, Children's Play Area, CCTV, Swimming Pool, Clubhouse, Indoor Games Room",5744.0,7285.0,6744950.0,0.055,370972.0,30000.0,15288.0,2.72,1,1
102162,Bangalore,Yelahanka,560064,affordable,3.8,4,1858.2,14,Regional Builders Ltd,0.5,Tier3,1,PKAR13207,3,"Clubhouse, Visitor Parking, Swimming Pool",7042.0,7779.0,14455176.0,0.055,795035.0,30000.0,54615.0,4.53,1,0
102163,Bangalore,Yelahanka,560064,affordable,3.82,4,1526.6,13,Local Developer Co,0.55,Tier3,1,PKAR14551,5,"Jogging Track, Children's Play Area, Visitor Parking, CCTV, Gymnasium",5150.0,6067.0,9261778.0,0.055,509398.0,30000.0,22924.0,2.97,1,0
102164,Bangalore,Yelahanka,560064,affordable,4.04,3,1218.3,24,Local Developer Co,0.55,Tier3,1,PKAR32131,11,"Landscaped Garden, Clubhouse, Swimming Pool, Visitor Parking, Indoor Games Room, Children's Play Area, CCTV, Gymnasium, Power Backup, Lift, 24/7 Security",6205.0,7060.0,8601454.0,0.055,473080.0,30000.0,17766.0,2.48,1,1
102165,Bangalore,Yelahanka,560064,affordable,3.95,2,819.6,19,Local Developer Co,0.55,Tier3,1,PKAR68624,6,"Gymnasium, Clubhouse, Lift, 24/7 Security, Indoor Games Room, CCTV",5016.0,5738.0,4702795.0,0.055,258654.0,30000.0,15689.0,4.0,0,1
102166,Bangalore,Yelahanka,560064,affordable,4.2,2,783.2,2,Oberoi Realty,0.9,Tier1,1,PKAR28049,4,"Visitor Parking, Landscaped Garden, CCTV, Indoor Games Room",6851.0,9577.0,7501343.0,0.055,412574.0,30000.0,27558.0,4.41,0,0
102167,Bangalore,Yelahanka,560064,affordable,4.08,4,2172.3,6,Lodha Group,0.95,Tier1,1,PKAR34824,11,"Gymnasium, Swimming Pool, Jogging Track, Power Backup, Landscaped Garden, 24/7 Security, Visitor Parking, Indoor Games Room, Clubhouse, CCTV, Children's Play Area",7282.0,10938.0,23759164.0,0.055,1306754.0,30000.0,52658.0,2.66,0,1
102168,Bangalore,Yelahanka,560064,affordable,4.08,2,816.2,2,Kolte-Patil,0.82,Tier2,1,PKAR11213,9,"Power Backup, Visitor Parking, 24/7 Security, Indoor Games Room, CCTV, Swimming Pool, Jogging Track, Clubhouse, Lift",7318.0,10166.0,8297323.0,0.055,456353.0,30000.0,24900.0,3.6,1,1
102169,Bangalore,Yelahanka,560064,affordable,3.99,3,993.5,22,Local Developer Co,0.55,Tier3,1,PKAR35312,7,"Swimming Pool, Children's Play Area, 24/7 Security, Indoor Games Room, Lift, Clubhouse, Jogging Track",7383.0,8318.0,8263889.0,0.055,454514.0,30000.0,16915.0,2.46,1,1
102170,Bangalore,Yelahanka,560064,affordable,4.27,3,1376.1,3,Lodha Group,0.95,Tier1,1,PKAR64049,7,"Indoor Games Room, Children's Play Area, Gymnasium, Power Backup, Landscaped Garden, 24/7 Security, Jogging Track",7302.0,10804.0,14867930.0,0.055,817736.0,30000.0,26924.0,2.17,1,1
102171,Bangalore,Yelahanka,560064,affordable,3.89,2,903.1,0,Sobha Ltd,0.91,Tier1,1,PKAR22278,12,"Power Backup, Lift, 24/7 Security, Clubhouse, Swimming Pool, CCTV, Landscaped Garden, Children's Play Area, Indoor Games Room, Jogging Track, Visitor Parking, Gymnasium",7084.0,11194.0,10108874.0,0.055,555988.0,30000.0,24201.0,2.87,1,1
102172,Bangalore,Yelahanka,560064,affordable,4.07,1,436.6,23,Lodha Group,0.95,Tier1,1,PKAR53440,5,"Children's Play Area, CCTV, Swimming Pool, Power Backup, 24/7 Security",5115.0,6286.0,2744510.0,0.055,150948.0,27445.0,3141.0,1.37,1,0
102173,Bangalore,Yelahanka,560064,affordable,3.91,3,1246.5,6,Puravankara,0.8,Tier2,1,PKAR94344,8,"Landscaped Garden, Swimming Pool, Lift, Children's Play Area, Indoor Games Room, Gymnasium, Power Backup, Visitor Parking",6373.0,9127.0,11377654.0,0.055,625771.0,30000.0,12079.0,1.27,1,1
102174,Bangalore,Yelahanka,560064,affordable,3.96,4,1535.0,11,Brigade Group,0.88,Tier1,1,PKAR91099,4,"Clubhouse, Indoor Games Room, Swimming Pool, Visitor Parking",6223.0,8201.0,12588615.0,0.055,692374.0,30000.0,28409.0,2.71,0,0
102175,Bangalore,Yelahanka,560064,affordable,4.18,3,1387.6,17,Prestige Group,0.92,Tier1,1,PKAR97423,3,"CCTV, Indoor Games Room, Swimming Pool",6305.0,7133.0,9897315.0,0.055,544352.0,30000.0,14347.0,1.74,1,0
102176,Bangalore,Yelahanka,560064,affordable,4.08,4,2009.9,21,Kolte-Patil,0.82,Tier2,1,PKAR41710,12,"Landscaped Garden, Children's Play Area, Indoor Games Room, Lift, Clubhouse, Visitor Parking, 24/7 Security, Swimming Pool, Jogging Track, Power Backup, Gymnasium, CCTV",6903.0,9900.0,19898235.0,0.055,1094403.0,30000.0,52896.0,3.19,1,1
102177,Bangalore,Yelahanka,560064,affordable,4.22,2,821.2,20,Sobha Ltd,0.91,Tier1,1,PKAR82605,5,"Swimming Pool, CCTV, Power Backup, Gymnasium, Jogging Track",5682.0,6594.0,5415093.0,0.055,297830.0,30000.0,12713.0,2.82,1,0
102178,Bangalore,Yelahanka,560064,affordable,3.73,3,954.2,16,Lodha Group,0.95,Tier1,1,PKAR66279,3,"24/7 Security, Jogging Track, Swimming Pool",5749.0,7224.0,6893160.0,0.055,379124.0,30000.0,20418.0,3.55,1,0
102179,Bangalore,Yelahanka,560064,affordable,4.09,3,1069.5,9,Prestige Group,0.92,Tier1,1,PKAR47041,11,"Swimming Pool, 24/7 Security, Jogging Track, CCTV, Lift, Clubhouse, Landscaped Garden, Indoor Games Room, Visitor Parking, Children's Play Area, Gymnasium",5182.0,8178.0,8745951.0,0.055,481027.0,30000.0,14499.0,1.99,1,1
102180,Bangalore,Yelahanka,560064,affordable,3.91,4,1742.4,22,Godrej Properties,0.93,Tier1,1,PKAR31881,9,"Gymnasium, Children's Play Area, Power Backup, Visitor Parking, Landscaped Garden, Swimming Pool, Jogging Track, Lift, Indoor Games Room",7365.0,9334.0,16262623.0,0.055,894444.0,30000.0,32525.0,2.4,0,1
102181,Bangalore,Yelahanka,560064,affordable,4.17,1,408.4,14,Puravankara,0.8,Tier2,1,PKAR14431,6,"Swimming Pool, 24/7 Security, Lift, Gymnasium, Landscaped Garden, Jogging Track",6820.0,9493.0,3877356.0,0.055,213255.0,30000.0,11368.0,3.52,1,1
102182,Bangalore,Yelahanka,560064,affordable,3.79,3,1001.4,0,Lodha Group,0.95,Tier1,1,PKAR44860,12,"Clubhouse, Swimming Pool, Lift, CCTV, Visitor Parking, Jogging Track, Landscaped Garden, 24/7 Security, Indoor Games Room, Children's Play Area, Power Backup, Gymnasium",6444.0,10127.0,10140950.0,0.055,557752.0,30000.0,35839.0,4.24,0,1
102183,Bangalore,Yelahanka,560064,affordable,4.15,3,1292.5,17,Prestige Group,0.92,Tier1,1,PKAR65541,8,"Power Backup, 24/7 Security, Landscaped Garden, Lift, Children's Play Area, Visitor Parking, Gymnasium, Indoor Games Room",5104.0,6742.0,8713305.0,0.055,479232.0,30000.0,25549.0,3.52,0,1
102184,Bangalore,Yelahanka,560064,affordable,3.85,2,763.8,14,Prestige Group,0.92,Tier1,1,PKAR67263,3,"Clubhouse, Power Backup, Landscaped Garden",5383.0,6890.0,5262240.0,0.055,289423.0,30000.0,13238.0,3.02,0,0
102185,Bangalore,Yelahanka,560064,affordable,3.88,2,662.7,24,Local Developer Co,0.55,Tier3,0,,6,"Power Backup, Landscaped Garden, Indoor Games Room, 24/7 Security, Visitor Parking, Gymnasium",7169.0,7008.0,4644177.0,0.055,255430.0,30000.0,8001.0,2.07,1,1
102186,Bangalore,Yelahanka,560064,affordable,3.85,2,920.2,11,Prestige Group,0.92,Tier1,1,PKAR16736,7,"24/7 Security, Visitor Parking, Jogging Track, Lift, Children's Play Area, Indoor Games Room, Power Backup",6430.0,8842.0,8136500.0,0.055,447507.0,30000.0,28805.0,4.25,1,1
102187,Bangalore,Yelahanka,560064,affordable,4.09,3,1129.8,10,Regional Builders Ltd,0.5,Tier3,0,,4,"Gymnasium, Power Backup, Visitor Parking, Indoor Games Room",5717.0,6627.0,7486985.0,0.055,411784.0,30000.0,28342.0,4.54,1,0
102188,Bangalore,Yelahanka,560064,affordable,4.13,2,674.0,20,Lodha Group,0.95,Tier1,1,PKAR13691,9,"24/7 Security, Landscaped Garden, Jogging Track, Indoor Games Room, Gymnasium, Power Backup, CCTV, Swimming Pool, Clubhouse",6908.0,9584.0,6459596.0,0.055,355278.0,30000.0,8892.0,1.65,0,1
102189,Bangalore,Yelahanka,560064,affordable,4.19,1,443.3,5,Puravankara,0.8,Tier2,1,PKAR22603,4,"24/7 Security, Children's Play Area, Power Backup, Gymnasium",6544.0,8655.0,3836656.0,0.055,211016.0,30000.0,10261.0,3.21,1,0
102190,Bangalore,Yelahanka,560064,affordable,4.01,4,2147.4,18,Local Developer Co,0.55,Tier3,1,PKAR59343,4,"CCTV, Landscaped Garden, 24/7 Security, Children's Play Area",6008.0,7247.0,15561745.0,0.055,855896.0,30000.0,34416.0,2.65,1,0
102191,Bangalore,Yelahanka,560064,affordable,3.87,4,1610.0,8,Runwal Group,0.78,Tier2,1,PKAR97292,10,"Children's Play Area, Gymnasium, 24/7 Security, Clubhouse, Jogging Track, Landscaped Garden, CCTV, Lift, Indoor Games Room, Visitor Parking",5044.0,7195.0,11583443.0,0.055,637089.0,30000.0,30646.0,3.17,1,1
102192,Bangalore,Yelahanka,560064,affordable,3.93,2,829.4,4,Regional Builders Ltd,0.5,Tier3,0,,3,"Children's Play Area, Landscaped Garden, Gymnasium",5819.0,7276.0,6034549.0,0.055,331900.0,30000.0,16465.0,3.27,0,0
102193,Bangalore,Yelahanka,560064,affordable,3.82,1,520.0,15,Runwal Group,0.78,Tier2,1,PKAR74379,11,"Indoor Games Room, Children's Play Area, Jogging Track, 24/7 Security, Landscaped Garden, Power Backup, Clubhouse, Visitor Parking, Lift, Swimming Pool, CCTV",5832.0,8121.0,4223208.0,0.055,232276.0,30000.0,10840.0,3.08,0,1
102194,Bangalore,Yelahanka,560064,affordable,4.07,3,1390.1,20,Lodha Group,0.95,Tier1,1,PKAR11702,8,"CCTV, Indoor Games Room, Jogging Track, Lift, Power Backup, Gymnasium, Clubhouse, Children's Play Area",6725.0,8943.0,12430854.0,0.055,683697.0,30000.0,36620.0,3.54,1,1
102195,Bangalore,Yelahanka,560064,affordable,4.01,4,2156.2,20,Regional Builders Ltd,0.5,Tier3,0,,5,"Clubhouse, Gymnasium, Swimming Pool, Power Backup, Children's Play Area",7154.0,7095.0,15297539.0,0.055,841365.0,30000.0,43003.0,3.37,0,0
102196,Bangalore,Yelahanka,560064,affordable,4.17,3,1397.0,7,Runwal Group,0.78,Tier2,1,PKAR52417,9,"Lift, Gymnasium, Children's Play Area, Visitor Parking, Power Backup, 24/7 Security, Clubhouse, Swimming Pool, Landscaped Garden",7047.0,8710.0,12168088.0,0.055,669245.0,30000.0,34194.0,3.37,1,1
102197,Bangalore,Yelahanka,560064,affordable,3.8,3,1383.9,22,Runwal Group,0.78,Tier2,1,PKAR55331,6,"Children's Play Area, Landscaped Garden, Power Backup, 24/7 Security, Gymnasium, Clubhouse",5057.0,5961.0,8250040.0,0.055,453752.0,30000.0,26692.0,3.88,1,1
102198,Bangalore,Yelahanka,560064,affordable,4.03,2,705.2,23,Godrej Properties,0.93,Tier1,1,PKAR26649,3,"Gymnasium, Power Backup, Visitor Parking",6304.0,6940.0,4893799.0,0.055,269159.0,30000.0,9845.0,2.41,1,0
102199,Bangalore,Yelahanka,560064,affordable,3.97,2,863.7,18,Prestige Group,0.92,Tier1,1,PKAR91131,6,"Lift, Clubhouse, Children's Play Area, Gymnasium, Swimming Pool, Indoor Games Room",6951.0,8672.0,7489380.0,0.055,411916.0,30000.0,24846.0,3.98,1,1
102200,Bangalore,Yelahanka,560064,affordable,3.84,4,1646.3,0,Oberoi Realty,0.9,Tier1,1,PKAR41373,9,"Indoor Games Room, Clubhouse, Visitor Parking, Landscaped Garden, Jogging Track, 24/7 Security, Children's Play Area, Gymnasium, Swimming Pool",7194.0,10180.0,16759279.0,0.055,921760.0,30000.0,52262.0,3.74,1,1
102201,Bangalore,Yelahanka,560064,affordable,3.92,4,1624.2,3,Kolte-Patil,0.82,Tier2,1,PKAR88368,3,"Clubhouse, Indoor Games Room, Gymnasium",6683.0,8946.0,14529820.0,0.055,799140.0,30000.0,37467.0,3.09,1,0
102202,Bangalore,Yelahanka,560064,affordable,3.82,1,497.7,21,Kolte-Patil,0.82,Tier2,1,PKAR61322,6,"Children's Play Area, 24/7 Security, Indoor Games Room, Lift, Visitor Parking, Landscaped Garden",5103.0,6219.0,3094918.0,0.055,170221.0,30000.0,9221.0,3.58,0,1
102203,Bangalore,Yelahanka,560064,affordable,3.93,4,2085.0,7,Godrej Properties,0.93,Tier1,1,PKAR54821,7,"Clubhouse, Gymnasium, Landscaped Garden, Lift, 24/7 Security, Indoor Games Room, CCTV",6547.0,9203.0,19187727.0,0.055,1055325.0,30000.0,50520.0,3.16,1,1
102204,Bangalore,Yelahanka,560064,affordable,3.96,4,1743.6,8,Sobha Ltd,0.91,Tier1,1,PKAR66416,4,"Lift, Swimming Pool, Children's Play Area, Jogging Track",7112.0,10352.0,18050115.0,0.055,992756.0,30000.0,50090.0,3.33,1,0
102205,Bangalore,Yelahanka,560064,affordable,4.02,4,2088.9,2,Runwal Group,0.78,Tier2,1,PKAR90936,6,"Clubhouse, Jogging Track, Landscaped Garden, 24/7 Security, Power Backup, CCTV",6349.0,8638.0,18043514.0,0.055,992393.0,30000.0,70979.0,4.72,0,1
102206,Bangalore,Yelahanka,560064,affordable,3.99,3,1290.5,0,Lodha Group,0.95,Tier1,1,PKAR68216,10,"Power Backup, Jogging Track, Indoor Games Room, 24/7 Security, Gymnasium, Swimming Pool, Clubhouse, CCTV, Lift, Children's Play Area",5195.0,7632.0,9849006.0,0.055,541695.0,30000.0,35646.0,4.34,1,1
102207,Bangalore,Yelahanka,560064,affordable,4.21,3,1161.9,12,Regional Builders Ltd,0.5,Tier3,1,PKAR55591,3,"Jogging Track, Clubhouse, CCTV",6019.0,6851.0,7960472.0,0.055,437826.0,30000.0,23477.0,3.54,0,0
102208,Bangalore,Yelahanka,560064,affordable,4.05,2,673.9,4,Regional Builders Ltd,0.5,Tier3,0,,9,"Landscaped Garden, Swimming Pool, Children's Play Area, Clubhouse, CCTV, Power Backup, Indoor Games Room, Lift, Jogging Track",5389.0,7005.0,4720663.0,0.055,259636.0,30000.0,9429.0,2.4,0,1
102209,Bangalore,Yelahanka,560064,affordable,4.0,2,808.0,10,Local Developer Co,0.55,Tier3,1,PKAR90501,9,"Landscaped Garden, Children's Play Area, Clubhouse, Power Backup, Indoor Games Room, Lift, Swimming Pool, 24/7 Security, Jogging Track",6502.0,8493.0,6862683.0,0.055,377448.0,30000.0,25817.0,4.51,0,1
102210,Bangalore,Yelahanka,560064,affordable,4.0,2,903.8,6,Puravankara,0.8,Tier2,1,PKAR64634,10,"Gymnasium, Swimming Pool, Lift, CCTV, Indoor Games Room, Children's Play Area, Power Backup, Jogging Track, Clubhouse, 24/7 Security",7400.0,10208.0,9226514.0,0.055,507458.0,30000.0,23922.0,3.11,1,1
102211,Bangalore,Yelahanka,560064,affordable,4.02,3,1281.1,22,Godrej Properties,0.93,Tier1,1,PKAR89016,7,"Visitor Parking, Children's Play Area, Indoor Games Room, CCTV, Swimming Pool, Lift, Landscaped Garden",5095.0,6135.0,7859500.0,0.055,432272.0,30000.0,19709.0,3.01,1,1
102212,Bangalore,Yelahanka,560064,affordable,4.16,3,1344.3,15,Lodha Group,0.95,Tier1,1,PKAR97080,6,"Gymnasium, 24/7 Security, CCTV, Power Backup, Children's Play Area, Jogging Track",6351.0,8585.0,11540130.0,0.055,634707.0,30000.0,30342.0,3.16,0,1
102213,Bangalore,Yelahanka,560064,affordable,3.99,2,812.9,4,Regional Builders Ltd,0.5,Tier3,1,PKAR78839,8,"CCTV, Children's Play Area, Visitor Parking, Gymnasium, 24/7 Security, Power Backup, Indoor Games Room, Swimming Pool",6831.0,8874.0,7213795.0,0.055,396759.0,30000.0,26794.0,4.46,1,1
102214,Bangalore,Yelahanka,560064,affordable,4.02,3,1281.7,18,Puravankara,0.8,Tier2,1,PKAR34041,4,"Swimming Pool, Children's Play Area, Landscaped Garden, Clubhouse",6567.0,7831.0,10036991.0,0.055,552035.0,30000.0,24654.0,2.95,1,0
102215,Bangalore,Yelahanka,560064,affordable,4.07,2,676.7,13,Runwal Group,0.78,Tier2,1,PKAR26157,3,"Landscaped Garden, Visitor Parking, Power Backup",6078.0,7269.0,4918471.0,0.055,270516.0,30000.0,10878.0,2.65,1,0
102216,Bangalore,Yelahanka,560064,affordable,4.1,1,530.9,10,Lodha Group,0.95,Tier1,1,PKAR81253,8,"Visitor Parking, Swimming Pool, Children's Play Area, Lift, Gymnasium, Clubhouse, Jogging Track, Landscaped Garden",6111.0,8038.0,4267331.0,0.055,234703.0,30000.0,6867.0,1.93,1,1
102217,Bangalore,Yelahanka,560064,affordable,4.03,1,388.0,23,Regional Builders Ltd,0.5,Tier3,1,PKAR67796,6,"CCTV, Jogging Track, 24/7 Security, Clubhouse, Gymnasium, Swimming Pool",5845.0,6529.0,2533258.0,0.055,139329.0,25333.0,7738.0,3.67,1,1
102218,Bangalore,Yelahanka,560064,affordable,3.95,1,547.4,0,Sobha Ltd,0.91,Tier1,1,PKAR31917,9,"Swimming Pool, 24/7 Security, Power Backup, Jogging Track, Children's Play Area, CCTV, Clubhouse, Lift, Indoor Games Room",6019.0,8784.0,4808612.0,0.055,264474.0,30000.0,6831.0,1.7,0,1
102219,Bangalore,Yelahanka,560064,affordable,3.81,2,793.6,13,Brigade Group,0.88,Tier1,1,PKAR50652,7,"Clubhouse, Lift, Jogging Track, Landscaped Garden, Swimming Pool, Power Backup, Visitor Parking",6700.0,9160.0,7269930.0,0.055,399846.0,30000.0,24146.0,3.99,0,1
102220,Bangalore,Yelahanka,560064,affordable,3.81,3,1270.9,21,Regional Builders Ltd,0.5,Tier3,1,PKAR55014,5,"Power Backup, Gymnasium, Landscaped Garden, Lift, CCTV",5844.0,6250.0,7943232.0,0.055,436878.0,30000.0,19627.0,2.97,0,0
102221,Bangalore,Yelahanka,560064,affordable,3.83,2,656.4,19,Kolte-Patil,0.82,Tier2,1,PKAR70026,7,"Lift, Swimming Pool, Gymnasium, Clubhouse, Jogging Track, Landscaped Garden, Visitor Parking",5421.0,7077.0,4645055.0,0.055,255478.0,30000.0,18645.0,4.82,1,1
102222,Bangalore,Yelahanka,560064,affordable,3.88,2,779.2,9,Puravankara,0.8,Tier2,1,PKAR40440,12,"Clubhouse, Power Backup, Visitor Parking, Children's Play Area, Landscaped Garden, Jogging Track, Swimming Pool, CCTV, Indoor Games Room, Gymnasium, 24/7 Security, Lift",6521.0,9178.0,7151650.0,0.055,393341.0,30000.0,21679.0,3.64,1,1
102223,Bangalore,Yelahanka,560064,affordable,3.88,4,1807.5,2,Regional Builders Ltd,0.5,Tier3,1,PKAR18512,7,"Lift, CCTV, Landscaped Garden, Swimming Pool, Children's Play Area, Clubhouse, Indoor Games Room",6024.0,8230.0,14875834.0,0.055,818171.0,30000.0,39198.0,3.16,0,1
102224,Bangalore,Yelahanka,560064,affordable,3.82,2,749.6,6,Kolte-Patil,0.82,Tier2,1,PKAR11599,12,"24/7 Security, Children's Play Area, Swimming Pool, Jogging Track, Lift, Gymnasium, CCTV, Visitor Parking, Indoor Games Room, Landscaped Garden, Power Backup, Clubhouse",6768.0,10361.0,7766691.0,0.055,427168.0,30000.0,23254.0,3.59,1,1
102225,Bangalore,Yelahanka,560064,affordable,4.19,2,888.3,18,Lodha Group,0.95,Tier1,1,PKAR28127,8,"Gymnasium, Jogging Track, Visitor Parking, Landscaped Garden, Clubhouse, CCTV, Indoor Games Room, Swimming Pool",7259.0,9494.0,8433209.0,0.055,463826.0,30000.0,24226.0,3.45,0,1
102226,Bangalore,Yelahanka,560064,affordable,4.06,3,965.2,14,Sobha Ltd,0.91,Tier1,1,PKAR21882,8,"Landscaped Garden, Visitor Parking, Swimming Pool, 24/7 Security, Children's Play Area, Jogging Track, Indoor Games Room, CCTV",6810.0,9785.0,9444755.0,0.055,519462.0,30000.0,27921.0,3.55,0,1
102227,Bangalore,Yelahanka,560064,affordable,3.74,2,673.5,5,Lodha Group,0.95,Tier1,1,PKAR63813,10,"Indoor Games Room, Clubhouse, Power Backup, CCTV, Landscaped Garden, Jogging Track, Visitor Parking, 24/7 Security, Lift, Children's Play Area",6038.0,9247.0,6227909.0,0.055,342535.0,30000.0,14195.0,2.74,1,1
102228,Bangalore,Yelahanka,560064,affordable,3.94,4,2067.1,16,Oberoi Realty,0.9,Tier1,1,PKAR33760,5,"Children's Play Area, Swimming Pool, Power Backup, Lift, CCTV",7295.0,9385.0,19400342.0,0.055,1067019.0,30000.0,44494.0,2.75,1,0
102229,Bangalore,Yelahanka,560064,affordable,3.98,2,932.1,23,Godrej Properties,0.93,Tier1,1,PKAR17661,6,"Gymnasium, CCTV, Power Backup, Children's Play Area, Indoor Games Room, Landscaped Garden",6269.0,8291.0,7728510.0,0.055,425068.0,30000.0,25688.0,3.99,1,1
102230,Bangalore,Yelahanka,560064,affordable,3.77,4,1806.2,17,Prestige Group,0.92,Tier1,1,PKAR82207,11,"Children's Play Area, Lift, Indoor Games Room, 24/7 Security, Clubhouse, Jogging Track, Visitor Parking, CCTV, Gymnasium, Power Backup, Landscaped Garden",7225.0,10017.0,18093318.0,0.055,995132.0,30000.0,45255.0,3.0,1,1
102231,Bangalore,Yelahanka,560064,affordable,4.06,2,676.5,10,Oberoi Realty,0.9,Tier1,1,PKAR78866,5,"Children's Play Area, Swimming Pool, Landscaped Garden, Visitor Parking, Jogging Track",5118.0,6714.0,4541932.0,0.055,249806.0,30000.0,7567.0,2.0,0,0
102232,Bangalore,Yelahanka,560064,affordable,3.71,1,412.5,24,Oberoi Realty,0.9,Tier1,1,PKAR45778,12,"Jogging Track, Visitor Parking, Landscaped Garden, 24/7 Security, Indoor Games Room, Lift, Swimming Pool, Children's Play Area, Gymnasium, Clubhouse, CCTV, Power Backup",7180.0,10071.0,4154624.0,0.055,228504.0,30000.0,11577.0,3.34,0,1
102233,Bangalore,Yelahanka,560064,affordable,3.79,2,908.5,10,Brigade Group,0.88,Tier1,1,PKAR72646,7,"Landscaped Garden, Visitor Parking, Jogging Track, CCTV, 24/7 Security, Children's Play Area, Lift",7367.0,10483.0,9524513.0,0.055,523848.0,30000.0,26923.0,3.39,0,1
102234,Bangalore,Yelahanka,560064,affordable,4.28,3,999.3,23,Godrej Properties,0.93,Tier1,1,PKAR85592,3,"Children's Play Area, Power Backup, CCTV",5356.0,6844.0,6839020.0,0.055,376146.0,30000.0,13668.0,2.4,1,0
102235,Bangalore,Yelahanka,560064,affordable,3.9,4,1619.7,12,Regional Builders Ltd,0.5,Tier3,1,PKAR16126,10,"Gymnasium, CCTV, Clubhouse, Visitor Parking, Power Backup, Jogging Track, Indoor Games Room, 24/7 Security, Children's Play Area, Landscaped Garden",6432.0,8196.0,13275352.0,0.055,730144.0,30000.0,31803.0,2.87,0,1
102236,Bangalore,Yelahanka,560064,affordable,3.92,3,1268.9,14,Godrej Properties,0.93,Tier1,1,PKAR48543,9,"Jogging Track, Power Backup, 24/7 Security, Landscaped Garden, Swimming Pool, Indoor Games Room, CCTV, Clubhouse, Gymnasium",6960.0,9348.0,11860680.0,0.055,652337.0,30000.0,30324.0,3.07,1,1
102237,Bangalore,Yelahanka,560064,affordable,4.22,3,1310.0,11,Godrej Properties,0.93,Tier1,1,PKAR49372,10,"24/7 Security, Indoor Games Room, Clubhouse, Children's Play Area, Jogging Track, Gymnasium, Swimming Pool, Visitor Parking, CCTV, Lift",7027.0,10326.0,13526779.0,0.055,743973.0,30000.0,18938.0,1.68,1,1
102238,Bangalore,Yelahanka,560064,affordable,3.79,3,1127.2,9,Puravankara,0.8,Tier2,1,PKAR96825,6,"Jogging Track, Visitor Parking, 24/7 Security, Lift, Swimming Pool, Indoor Games Room",5667.0,7542.0,8501521.0,0.055,467584.0,30000.0,32702.0,4.62,0,1
102239,Bangalore,Yelahanka,560064,affordable,4.04,3,1139.1,2,Regional Builders Ltd,0.5,Tier3,1,PKAR20978,8,"Indoor Games Room, Jogging Track, Gymnasium, Landscaped Garden, 24/7 Security, Clubhouse, Visitor Parking, Children's Play Area",6394.0,7858.0,8950932.0,0.055,492301.0,30000.0,26569.0,3.56,1,1
102240,Bangalore,Yelahanka,560064,affordable,4.07,2,709.1,21,Oberoi Realty,0.9,Tier1,1,PKAR44003,12,"Swimming Pool, Gymnasium, Indoor Games Room, Power Backup, Clubhouse, 24/7 Security, Lift, Jogging Track, Children's Play Area, Landscaped Garden, CCTV, Visitor Parking",5818.0,8264.0,5859976.0,0.055,322299.0,30000.0,16780.0,3.44,1,1
102241,Bangalore,Yelahanka,560064,affordable,3.85,2,838.0,14,Lodha Group,0.95,Tier1,1,PKAR88419,6,"24/7 Security, Power Backup, Swimming Pool, Jogging Track, Lift, Gymnasium",6556.0,7630.0,6393185.0,0.055,351625.0,30000.0,13529.0,2.54,1,1
102242,Bangalore,Yelahanka,560064,affordable,4.04,2,908.5,7,Sobha Ltd,0.91,Tier1,1,PKAR21184,4,"Power Backup, 24/7 Security, Clubhouse, Jogging Track",6017.0,7719.0,7013244.0,0.055,385728.0,30000.0,15755.0,2.7,1,0
102243,Bangalore,Yelahanka,560064,affordable,3.87,3,1030.1,16,Sobha Ltd,0.91,Tier1,1,PKAR51823,10,"24/7 Security, Indoor Games Room, Visitor Parking, CCTV, Clubhouse, Landscaped Garden, Swimming Pool, Lift, Jogging Track, Gymnasium",6608.0,9287.0,9566893.0,0.055,526179.0,30000.0,26258.0,3.29,1,1
102244,Bangalore,Yelahanka,560064,affordable,4.07,4,1876.5,11,Local Developer Co,0.55,Tier3,0,,7,"Children's Play Area, Indoor Games Room, Landscaped Garden, Gymnasium, Visitor Parking, Lift, 24/7 Security",5160.0,7027.0,13186971.0,0.055,725283.0,30000.0,32461.0,2.95,1,1
102245,Bangalore,Yelahanka,560064,affordable,3.79,1,438.7,0,Local Developer Co,0.55,Tier3,0,,3,"Children's Play Area, CCTV, Power Backup",6832.0,7314.0,3208364.0,0.055,176460.0,30000.0,6797.0,2.54,0,0
102246,Bangalore,Yelahanka,560064,affordable,4.08,2,838.9,6,Godrej Properties,0.93,Tier1,1,PKAR80551,8,"Swimming Pool, 24/7 Security, Power Backup, Clubhouse, Gymnasium, Children's Play Area, Jogging Track, Landscaped Garden",6446.0,8862.0,7433848.0,0.055,408862.0,30000.0,24332.0,3.93,0,1
102247,Bangalore,Yelahanka,560064,affordable,3.89,1,483.3,24,Prestige Group,0.92,Tier1,1,PKAR26060,12,"Landscaped Garden, Clubhouse, Lift, Visitor Parking, Indoor Games Room, Jogging Track, 24/7 Security, Swimming Pool, CCTV, Power Backup, Children's Play Area, Gymnasium",6269.0,8795.0,4250346.0,0.055,233769.0,30000.0,8839.0,2.5,0,1
102248,Bangalore,Yelahanka,560064,affordable,3.75,2,938.9,4,Godrej Properties,0.93,Tier1,1,PKAR39385,5,"Lift, Swimming Pool, Children's Play Area, Clubhouse, Power Backup",7020.0,9171.0,8610410.0,0.055,473573.0,30000.0,35473.0,4.94,0,0
102249,Bangalore,Yelahanka,560064,affordable,4.06,2,653.3,15,Oberoi Realty,0.9,Tier1,1,PKAR38632,11,"Lift, Power Backup, Jogging Track, Gymnasium, Visitor Parking, Children's Play Area, Landscaped Garden, Indoor Games Room, CCTV, Swimming Pool, Clubhouse",6523.0,9744.0,6365632.0,0.055,350110.0,30000.0,16122.0,3.04,1,1
102250,Bangalore,Yelahanka,560064,affordable,4.12,4,2017.8,19,Oberoi Realty,0.9,Tier1,1,PKAR40827,10,"Indoor Games Room, Jogging Track, Gymnasium, Clubhouse, 24/7 Security, Visitor Parking, Landscaped Garden, Swimming Pool, Lift, Power Backup",6359.0,8586.0,17325771.0,0.055,952917.0,30000.0,61066.0,4.23,1,1
102251,Bangalore,Yelahanka,560064,affordable,3.92,2,850.3,9,Runwal Group,0.78,Tier2,1,PKAR62468,9,"Landscaped Garden, Jogging Track, Indoor Games Room, Clubhouse, Swimming Pool, Gymnasium, Children's Play Area, Visitor Parking, CCTV",5744.0,7916.0,6730777.0,0.055,370193.0,30000.0,14886.0,2.65,1,1
102252,Bangalore,Yelahanka,560064,affordable,3.92,3,1085.7,3,Puravankara,0.8,Tier2,1,PKAR65218,12,"Visitor Parking, Children's Play Area, Landscaped Garden, Clubhouse, Lift, Gymnasium, 24/7 Security, Jogging Track, Swimming Pool, CCTV, Power Backup, Indoor Games Room",7434.0,11049.0,11995975.0,0.055,659779.0,30000.0,44083.0,4.41,0,1
102253,Bangalore,Yelahanka,560064,affordable,4.03,1,446.5,0,Runwal Group,0.78,Tier2,1,PKAR72402,11,"Gymnasium, 24/7 Security, Indoor Games Room, Power Backup, Clubhouse, Children's Play Area, Lift, Visitor Parking, CCTV, Jogging Track, Swimming Pool",7135.0,10631.0,4746393.0,0.055,261052.0,30000.0,8369.0,2.12,1,1
102254,Bangalore,Yelahanka,560064,affordable,3.92,1,439.7,4,Godrej Properties,0.93,Tier1,1,PKAR32101,11,"Landscaped Garden, Children's Play Area, 24/7 Security, Jogging Track, Swimming Pool, Lift, Gymnasium, Power Backup, Indoor Games Room, Clubhouse, Visitor Parking",6361.0,9533.0,4191647.0,0.055,230541.0,30000.0,14209.0,4.07,0,1
102255,Bangalore,Yelahanka,560064,affordable,4.1,1,499.0,22,Puravankara,0.8,Tier2,1,PKAR80075,3,"Indoor Games Room, Children's Play Area, Jogging Track",6361.0,7264.0,3625020.0,0.055,199376.0,30000.0,9888.0,3.27,0,0
102256,Bangalore,Yelahanka,560064,affordable,3.96,4,1864.9,10,Regional Builders Ltd,0.5,Tier3,1,PKAR33794,9,"Jogging Track, Gymnasium, Power Backup, Visitor Parking, Children's Play Area, CCTV, Clubhouse, Swimming Pool, Landscaped Garden",6142.0,7986.0,14893688.0,0.055,819153.0,30000.0,38539.0,3.11,1,1
102257,Bangalore,Yelahanka,560064,affordable,3.97,3,1061.4,1,Oberoi Realty,0.9,Tier1,1,PKAR57530,7,"Gymnasium, Clubhouse, Jogging Track, Lift, Children's Play Area, CCTV, Indoor Games Room",5536.0,7906.0,8391103.0,0.055,461511.0,30000.0,25324.0,3.62,0,1
102258,Bangalore,Yelahanka,560064,affordable,4.17,2,709.7,1,Sobha Ltd,0.91,Tier1,1,PKAR39535,7,"Visitor Parking, CCTV, Lift, Indoor Games Room, Clubhouse, Jogging Track, 24/7 Security",6436.0,9298.0,6598906.0,0.055,362940.0,30000.0,27959.0,5.08,1,1
102259,Bangalore,Yelahanka,560064,affordable,4.15,3,1224.7,6,Godrej Properties,0.93,Tier1,1,PKAR83671,7,"Landscaped Garden, Lift, Jogging Track, 24/7 Security, Visitor Parking, Clubhouse, Swimming Pool",7216.0,9774.0,11970698.0,0.055,658388.0,30000.0,18624.0,1.87,1,1
102260,Bangalore,Yelahanka,560064,affordable,3.78,2,796.9,6,Sobha Ltd,0.91,Tier1,1,PKAR53686,11,"Clubhouse, Children's Play Area, Power Backup, Indoor Games Room, Visitor Parking, Lift, CCTV, Landscaped Garden, Swimming Pool, 24/7 Security, Gymnasium",5264.0,7609.0,6063379.0,0.055,333486.0,30000.0,16177.0,3.2,0,1
102261,Bangalore,Yelahanka,560064,affordable,3.95,2,861.6,3,Sobha Ltd,0.91,Tier1,1,PKAR39281,12,"24/7 Security, Children's Play Area, Visitor Parking, Landscaped Garden, Clubhouse, Jogging Track, Lift, Indoor Games Room, CCTV, Power Backup, Gymnasium, Swimming Pool",6256.0,9218.0,7942760.0,0.055,436852.0,30000.0,19799.0,2.99,1,1
102262,Bangalore,Yelahanka,560064,affordable,4.2,4,1872.7,15,Brigade Group,0.88,Tier1,1,PKAR88298,3,"Clubhouse, Landscaped Garden, 24/7 Security",6831.0,9353.0,17515664.0,0.055,963362.0,30000.0,55718.0,3.82,1,0
102263,Bangalore,Yelahanka,560064,affordable,4.01,4,1693.2,12,Sobha Ltd,0.91,Tier1,1,PKAR69455,5,"Swimming Pool, Power Backup, Jogging Track, Landscaped Garden, 24/7 Security",6891.0,9059.0,15338455.0,0.055,843615.0,30000.0,41201.0,3.22,0,0
102264,Bangalore,Yelahanka,560064,affordable,3.97,2,712.1,20,Kolte-Patil,0.82,Tier2,1,PKAR40752,8,"Swimming Pool, Power Backup, Indoor Games Room, Gymnasium, Children's Play Area, Lift, Landscaped Garden, 24/7 Security",7353.0,10235.0,7288058.0,0.055,400843.0,30000.0,19281.0,3.17,0,1
102265,Bangalore,Yelahanka,560064,affordable,4.08,3,1060.1,14,Oberoi Realty,0.9,Tier1,1,PKAR85937,3,"Visitor Parking, 24/7 Security, Lift",5969.0,7299.0,7737510.0,0.055,425563.0,30000.0,29794.0,4.62,1,0
102266,Bangalore,Yelahanka,560064,affordable,3.9,3,1348.8,7,Regional Builders Ltd,0.5,Tier3,1,PKAR34975,10,"Clubhouse, CCTV, Lift, Indoor Games Room, Children's Play Area, Power Backup, 24/7 Security, Gymnasium, Landscaped Garden, Jogging Track",7371.0,9329.0,12583063.0,0.055,692068.0,30000.0,22018.0,2.1,0,1
102267,Bangalore,Yelahanka,560064,affordable,4.13,1,486.1,22,Runwal Group,0.78,Tier2,1,PKAR16812,8,"Visitor Parking, Clubhouse, Jogging Track, Power Backup, Gymnasium, Indoor Games Room, 24/7 Security, Children's Play Area",5817.0,6898.0,3352821.0,0.055,184405.0,30000.0,7600.0,2.72,0,1
102268,Bangalore,Yelahanka,560064,affordable,3.78,3,1162.6,21,Brigade Group,0.88,Tier1,1,PKAR52122,4,"Visitor Parking, Children's Play Area, Indoor Games Room, Swimming Pool",6158.0,7769.0,9032649.0,0.055,496796.0,30000.0,21636.0,2.87,1,0
102269,Bangalore,Yelahanka,560064,affordable,3.71,2,874.5,6,Lodha Group,0.95,Tier1,1,PKAR12836,12,"Visitor Parking, Jogging Track, CCTV, 24/7 Security, Clubhouse, Swimming Pool, Power Backup, Indoor Games Room, Lift, Children's Play Area, Landscaped Garden, Gymnasium",5873.0,8496.0,7429475.0,0.055,408621.0,30000.0,35806.0,5.78,1,1
102270,Bangalore,Yelahanka,560064,affordable,3.92,2,713.6,14,Oberoi Realty,0.9,Tier1,1,PKAR19794,7,"Gymnasium, Lift, Power Backup, Swimming Pool, Visitor Parking, Landscaped Garden, Jogging Track",6691.0,8540.0,6094309.0,0.055,335187.0,30000.0,10690.0,2.1,1,1
102271,Bangalore,Yelahanka,560064,affordable,4.01,3,1244.0,8,Brigade Group,0.88,Tier1,1,PKAR46889,5,"Jogging Track, Clubhouse, CCTV, Children's Play Area, 24/7 Security",6341.0,8033.0,9992983.0,0.055,549614.0,30000.0,19482.0,2.34,0,0
102272,Bangalore,Yelahanka,560064,affordable,4.32,4,1509.7,24,Prestige Group,0.92,Tier1,1,PKAR41028,3,"Swimming Pool, CCTV, Children's Play Area",5312.0,6064.0,9155424.0,0.055,503548.0,30000.0,34546.0,4.53,1,0
102273,Bangalore,Yelahanka,560064,affordable,4.09,3,1056.0,17,Brigade Group,0.88,Tier1,1,PKAR18353,6,"Lift, 24/7 Security, Indoor Games Room, CCTV, Gymnasium, Visitor Parking",7362.0,9367.0,9891884.0,0.055,544054.0,30000.0,18193.0,2.21,1,1
102274,Bangalore,Yelahanka,560064,affordable,4.11,1,410.8,12,Kolte-Patil,0.82,Tier2,1,PKAR50322,6,"Indoor Games Room, Gymnasium, Swimming Pool, Clubhouse, Lift, Jogging Track",7321.0,9248.0,3798915.0,0.055,208940.0,30000.0,15101.0,4.77,0,1
102275,Bangalore,Yelahanka,560064,affordable,3.92,2,757.1,4,Oberoi Realty,0.9,Tier1,1,PKAR93871,4,"24/7 Security, Clubhouse, Children's Play Area, Lift",5304.0,7445.0,5636461.0,0.055,310005.0,30000.0,16025.0,3.41,1,0
102276,Bangalore,Yelahanka,560064,affordable,3.89,2,768.8,19,Runwal Group,0.78,Tier2,1,PKAR65483,11,"CCTV, Jogging Track, Landscaped Garden, Swimming Pool, 24/7 Security, Lift, Gymnasium, Children's Play Area, Visitor Parking, Clubhouse, Indoor Games Room",5366.0,7112.0,5467613.0,0.055,300719.0,30000.0,19041.0,4.18,1,1
102277,Bangalore,Yelahanka,560064,affordable,3.96,3,1159.9,8,Regional Builders Ltd,0.5,Tier3,1,PKAR66908,6,"Lift, Children's Play Area, Swimming Pool, Indoor Games Room, Clubhouse, 24/7 Security",6846.0,8481.0,9837734.0,0.055,541075.0,30000.0,34921.0,4.26,1,1
102278,Bangalore,Yelahanka,560064,affordable,3.84,2,817.3,13,Oberoi Realty,0.9,Tier1,1,PKAR96188,5,"Swimming Pool, CCTV, Lift, 24/7 Security, Gymnasium",5255.0,6712.0,5486058.0,0.055,301733.0,30000.0,17787.0,3.89,0,0
102279,Bangalore,Yelahanka,560064,affordable,3.98,1,413.3,6,Kolte-Patil,0.82,Tier2,1,PKAR62412,11,"Children's Play Area, 24/7 Security, Lift, Clubhouse, Gymnasium, Landscaped Garden, CCTV, Indoor Games Room, Jogging Track, Power Backup, Swimming Pool",6039.0,8824.0,3646864.0,0.055,200578.0,30000.0,7696.0,2.53,0,1
102280,Bangalore,Yelahanka,560064,affordable,4.23,3,993.1,19,Brigade Group,0.88,Tier1,1,PKAR88445,12,"Gymnasium, Indoor Games Room, CCTV, Lift, Clubhouse, 24/7 Security, Visitor Parking, Landscaped Garden, Power Backup, Jogging Track, Swimming Pool, Children's Play Area",7197.0,9841.0,9773063.0,0.055,537518.0,30000.0,28133.0,3.45,1,1
102281,Bangalore,Malleshwaram,560003,premium,0.68,3,1363.0,6,Oberoi Realty,0.9,Tier1,1,PKAR64005,6,"Children's Play Area, Landscaped Garden, Indoor Games Room, Power Backup, 24/7 Security, Swimming Pool",17927.0,25461.0,34702794.0,0.055,1908654.0,30000.0,59428.0,2.05,1,1
102282,Bangalore,Malleshwaram,560003,premium,0.7,2,779.5,9,Oberoi Realty,0.9,Tier1,1,PKAR72387,11,"Clubhouse, Power Backup, Lift, Swimming Pool, Indoor Games Room, 24/7 Security, Jogging Track, CCTV, Landscaped Garden, Children's Play Area, Visitor Parking",16484.0,23154.0,18048107.0,0.055,992646.0,30000.0,25075.0,1.67,1,1
102283,Bangalore,Malleshwaram,560003,premium,0.71,2,913.3,15,Sobha Ltd,0.91,Tier1,1,PKAR57193,3,"Swimming Pool, Gymnasium, Visitor Parking",19654.0,26095.0,23831934.0,0.055,1310756.0,30000.0,39395.0,1.98,1,0
102284,Bangalore,Malleshwaram,560003,premium,0.44,4,2155.4,9,Kolte-Patil,0.82,Tier2,1,PKAR54715,3,"CCTV, Children's Play Area, Gymnasium",15889.0,20435.0,44044867.0,0.055,2422468.0,30000.0,78045.0,2.13,1,0
102285,Bangalore,Malleshwaram,560003,premium,0.42,2,817.5,20,Puravankara,0.8,Tier2,1,PKAR11937,9,"Lift, CCTV, Swimming Pool, Landscaped Garden, Clubhouse, Power Backup, 24/7 Security, Indoor Games Room, Visitor Parking",15120.0,19728.0,16127225.0,0.055,886997.0,30000.0,28010.0,2.08,0,1
102286,Bangalore,Malleshwaram,560003,premium,0.65,2,659.4,11,Sobha Ltd,0.91,Tier1,1,PKAR68914,5,"Clubhouse, Gymnasium, Landscaped Garden, Visitor Parking, Lift",17630.0,23907.0,15765374.0,0.055,867096.0,30000.0,28396.0,2.16,1,0
102287,Bangalore,Malleshwaram,560003,premium,0.64,4,2025.9,16,Prestige Group,0.92,Tier1,1,PKAR11561,8,"Visitor Parking, Clubhouse, Lift, Jogging Track, Indoor Games Room, Gymnasium, 24/7 Security, Children's Play Area",17479.0,23644.0,47899718.0,0.055,2634485.0,30000.0,55042.0,1.38,0,1
102288,Bangalore,Malleshwaram,560003,premium,0.65,1,442.6,23,Puravankara,0.8,Tier2,1,PKAR41114,12,"Landscaped Garden, Jogging Track, Clubhouse, Indoor Games Room, Power Backup, Gymnasium, CCTV, 24/7 Security, Lift, Visitor Parking, Swimming Pool, Children's Play Area",15806.0,20206.0,8942864.0,0.055,491858.0,30000.0,11364.0,1.52,1,1
102289,Bangalore,Malleshwaram,560003,premium,0.57,3,1012.9,19,Sobha Ltd,0.91,Tier1,1,PKAR41217,3,"Indoor Games Room, Swimming Pool, Children's Play Area",18023.0,19373.0,19623536.0,0.055,1079294.0,30000.0,28898.0,1.77,0,0
102290,Bangalore,Malleshwaram,560003,premium,0.67,3,1205.6,0,Puravankara,0.8,Tier2,1,PKAR91645,3,"CCTV, Children's Play Area, Jogging Track",17123.0,23447.0,28268085.0,0.055,1554745.0,30000.0,47210.0,2.0,1,0
102291,Bangalore,Malleshwaram,560003,premium,0.54,3,1394.1,7,Runwal Group,0.78,Tier2,1,PKAR36984,8,"CCTV, Jogging Track, Power Backup, Clubhouse, Visitor Parking, Gymnasium, Indoor Games Room, Children's Play Area",19005.0,24628.0,34334611.0,0.055,1888404.0,30000.0,59248.0,2.07,0,1
102292,Bangalore,Malleshwaram,560003,premium,0.44,2,802.2,15,Kolte-Patil,0.82,Tier2,1,PKAR92936,3,"Visitor Parking, 24/7 Security, Children's Play Area",15927.0,19140.0,15352806.0,0.055,844404.0,30000.0,30267.0,2.37,0,0
102293,Bangalore,Malleshwaram,560003,premium,0.73,4,1923.5,22,Brigade Group,0.88,Tier1,1,PKAR73391,12,"Clubhouse, Visitor Parking, CCTV, Jogging Track, Gymnasium, 24/7 Security, Indoor Games Room, Landscaped Garden, Swimming Pool, Children's Play Area, Power Backup, Lift",15536.0,21497.0,41349548.0,0.055,2274225.0,30000.0,77458.0,2.25,1,1
102294,Bangalore,Malleshwaram,560003,premium,0.91,1,393.8,3,Oberoi Realty,0.9,Tier1,1,PKAR20019,3,"Lift, CCTV, Swimming Pool",17681.0,25598.0,10081211.0,0.055,554467.0,30000.0,16166.0,1.92,1,0
102295,Bangalore,Malleshwaram,560003,premium,0.62,3,1142.9,21,Runwal Group,0.78,Tier2,1,PKAR27043,9,"Visitor Parking, Swimming Pool, Indoor Games Room, Lift, Landscaped Garden, Jogging Track, 24/7 Security, CCTV, Clubhouse",19218.0,24536.0,28042558.0,0.055,1542341.0,30000.0,50894.0,2.18,1,1
102296,Bangalore,Malleshwaram,560003,premium,0.58,1,395.4,20,Godrej Properties,0.93,Tier1,1,PKAR94961,7,"Children's Play Area, Jogging Track, Landscaped Garden, Lift, Gymnasium, CCTV, 24/7 Security",14831.0,20499.0,8106250.0,0.055,445844.0,30000.0,11602.0,1.72,0,1
102297,Bangalore,Malleshwaram,560003,premium,0.55,2,728.1,16,Oberoi Realty,0.9,Tier1,1,PKAR33457,5,"Swimming Pool, 24/7 Security, Clubhouse, CCTV, Jogging Track",16436.0,21119.0,15376034.0,0.055,845682.0,30000.0,24492.0,1.91,0,0
102298,Bangalore,Malleshwaram,560003,premium,0.81,2,946.9,9,Oberoi Realty,0.9,Tier1,1,PKAR49076,12,"CCTV, Swimming Pool, 24/7 Security, Clubhouse, Children's Play Area, Jogging Track, Visitor Parking, Gymnasium, Landscaped Garden, Power Backup, Lift, Indoor Games Room",18747.0,27316.0,25866991.0,0.055,1422685.0,30000.0,30927.0,1.43,1,1
102299,Bangalore,Malleshwaram,560003,premium,0.53,3,1019.9,13,Prestige Group,0.92,Tier1,1,PKAR50929,4,"Power Backup, Landscaped Garden, Children's Play Area, Clubhouse",15636.0,19417.0,19804197.0,0.055,1089231.0,30000.0,35119.0,2.13,1,0
102300,Bangalore,Malleshwaram,560003,premium,0.62,2,736.9,9,Kolte-Patil,0.82,Tier2,1,PKAR15845,7,"Swimming Pool, Lift, Visitor Parking, Indoor Games Room, Power Backup, Jogging Track, Gymnasium",19508.0,25548.0,18827658.0,0.055,1035521.0,30000.0,35782.0,2.28,1,1
102301,Bangalore,Malleshwaram,560003,premium,0.6,2,832.3,20,Puravankara,0.8,Tier2,1,PKAR88132,3,"Visitor Parking, Swimming Pool, Jogging Track",16247.0,20177.0,16793223.0,0.055,923627.0,30000.0,28897.0,2.06,1,0
102302,Bangalore,Malleshwaram,560003,premium,0.78,3,1252.4,17,Regional Builders Ltd,0.5,Tier3,1,PKAR20169,9,"CCTV, Lift, Gymnasium, Indoor Games Room, Power Backup, Jogging Track, 24/7 Security, Children's Play Area, Visitor Parking",15040.0,16806.0,21046523.0,0.055,1157559.0,30000.0,27493.0,1.57,1,1
102303,Bangalore,Malleshwaram,560003,premium,0.35,3,1172.8,4,Sobha Ltd,0.91,Tier1,1,PKAR64625,12,"24/7 Security, Clubhouse, Visitor Parking, Lift, Indoor Games Room, Landscaped Garden, CCTV, Swimming Pool, Jogging Track, Gymnasium, Children's Play Area, Power Backup",17396.0,27162.0,31856237.0,0.055,1752093.0,30000.0,52728.0,1.99,1,1
102304,Bangalore,Malleshwaram,560003,premium,0.67,4,1988.3,22,Local Developer Co,0.55,Tier3,0,,5,"Children's Play Area, Power Backup, Jogging Track, 24/7 Security, Swimming Pool",19618.0,23738.0,47198164.0,0.055,2595899.0,30000.0,75146.0,1.91,1,0
102305,Bangalore,Malleshwaram,560003,premium,0.47,2,670.9,0,Regional Builders Ltd,0.5,Tier3,1,PKAR77883,7,"Jogging Track, CCTV, Swimming Pool, Landscaped Garden, Visitor Parking, Children's Play Area, Power Backup",14317.0,18795.0,12609942.0,0.055,693547.0,30000.0,19887.0,1.89,1,1
102306,Bangalore,Malleshwaram,560003,premium,0.58,2,671.6,22,Regional Builders Ltd,0.5,Tier3,1,PKAR51446,7,"Landscaped Garden, Lift, Gymnasium, Jogging Track, CCTV, Swimming Pool, Indoor Games Room",14715.0,16911.0,11357639.0,0.055,624670.0,30000.0,19843.0,2.1,0,1
102307,Bangalore,Malleshwaram,560003,premium,0.77,3,1388.4,10,Brigade Group,0.88,Tier1,1,PKAR80890,11,"Gymnasium, Lift, Power Backup, Children's Play Area, Swimming Pool, Landscaped Garden, CCTV, Visitor Parking, Clubhouse, Indoor Games Room, Jogging Track",15123.0,21594.0,29980333.0,0.055,1648918.0,30000.0,41462.0,1.66,1,1
102308,Bangalore,Malleshwaram,560003,premium,0.52,2,879.7,21,Oberoi Realty,0.9,Tier1,1,PKAR85569,9,"Children's Play Area, Jogging Track, Clubhouse, Indoor Games Room, Swimming Pool, Power Backup, CCTV, Gymnasium, Visitor Parking",19913.0,24450.0,21509055.0,0.055,1182998.0,30000.0,33662.0,1.88,1,1
102309,Bangalore,Malleshwaram,560003,premium,0.77,2,670.6,1,Godrej Properties,0.93,Tier1,1,PKAR59176,11,"Clubhouse, Lift, 24/7 Security, Landscaped Garden, Gymnasium, Power Backup, Jogging Track, Swimming Pool, Visitor Parking, Children's Play Area, CCTV",18300.0,29400.0,19716361.0,0.055,1084400.0,30000.0,20995.0,1.28,1,1
102310,Bangalore,Malleshwaram,560003,premium,0.78,3,1016.8,1,Lodha Group,0.95,Tier1,1,PKAR49068,4,"Gymnasium, CCTV, Clubhouse, Power Backup",17592.0,23925.0,24327349.0,0.055,1338004.0,30000.0,36878.0,1.82,1,0
102311,Bangalore,Malleshwaram,560003,premium,0.55,2,709.7,0,Oberoi Realty,0.9,Tier1,1,PKAR30468,4,"Jogging Track, 24/7 Security, Lift, Swimming Pool",15052.0,19426.0,13785675.0,0.055,758212.0,30000.0,19712.0,1.72,1,0
102312,Bangalore,Malleshwaram,560003,premium,0.36,3,1287.1,18,Regional Builders Ltd,0.5,Tier3,0,,3,"Gymnasium, Swimming Pool, Indoor Games Room",16236.0,17824.0,22940396.0,0.055,1261722.0,30000.0,40137.0,2.1,1,0
102313,Bangalore,Malleshwaram,560003,premium,0.33,3,967.8,22,Runwal Group,0.78,Tier2,1,PKAR90441,5,"Clubhouse, Landscaped Garden, Lift, Gymnasium, Children's Play Area",15828.0,19382.0,18757305.0,0.055,1031652.0,30000.0,30026.0,1.92,0,0
102314,Bangalore,Malleshwaram,560003,premium,0.28,1,486.9,7,Brigade Group,0.88,Tier1,1,PKAR14810,4,"Swimming Pool, Indoor Games Room, Children's Play Area, CCTV",19409.0,26190.0,12751918.0,0.055,701355.0,30000.0,15069.0,1.42,1,0
102315,Bangalore,Malleshwaram,560003,premium,0.24,4,1996.3,20,Regional Builders Ltd,0.5,Tier3,1,PKAR72994,3,"Visitor Parking, Clubhouse, CCTV",14428.0,15728.0,31398917.0,0.055,1726940.0,30000.0,49432.0,1.89,0,0
102316,Bangalore,Malleshwaram,560003,premium,0.47,1,459.3,19,Lodha Group,0.95,Tier1,1,PKAR38664,8,"Children's Play Area, Power Backup, Gymnasium, Landscaped Garden, Indoor Games Room, CCTV, Jogging Track, Clubhouse",18645.0,23300.0,10702593.0,0.055,588643.0,30000.0,16229.0,1.82,1,1
102317,Bangalore,Malleshwaram,560003,premium,0.61,4,2067.0,1,Regional Builders Ltd,0.5,Tier3,0,,10,"Clubhouse, Power Backup, Gymnasium, 24/7 Security, Indoor Games Room, Lift, Jogging Track, Children's Play Area, Visitor Parking, CCTV",15010.0,20936.0,43275272.0,0.055,2380140.0,30000.0,59278.0,1.64,1,1
102318,Bangalore,Malleshwaram,560003,premium,0.54,2,735.4,13,Puravankara,0.8,Tier2,1,PKAR29326,10,"Gymnasium, Clubhouse, CCTV, Swimming Pool, Landscaped Garden, Power Backup, 24/7 Security, Visitor Parking, Lift, Indoor Games Room",18048.0,24672.0,18143661.0,0.055,997901.0,30000.0,27864.0,1.84,0,1
102319,Bangalore,Malleshwaram,560003,premium,0.85,4,1627.9,11,Kolte-Patil,0.82,Tier2,1,PKAR11204,6,"Indoor Games Room, Gymnasium, Landscaped Garden, Jogging Track, 24/7 Security, Swimming Pool",14234.0,17437.0,28385793.0,0.055,1561219.0,30000.0,39274.0,1.66,1,1
102320,Bangalore,Malleshwaram,560003,premium,0.74,2,789.1,20,Puravankara,0.8,Tier2,1,PKAR27874,3,"Power Backup, Clubhouse, Lift",18768.0,21498.0,16964126.0,0.055,933027.0,30000.0,26891.0,1.9,1,0
102321,Bangalore,Malleshwaram,560003,premium,0.64,2,828.7,17,Runwal Group,0.78,Tier2,1,PKAR54508,11,"Swimming Pool, Power Backup, CCTV, Children's Play Area, Visitor Parking, Jogging Track, Gymnasium, Lift, Landscaped Garden, Indoor Games Room, Clubhouse",19122.0,25264.0,20935424.0,0.055,1151448.0,30000.0,27177.0,1.56,1,1
102322,Bangalore,Malleshwaram,560003,premium,0.61,4,2075.9,18,Oberoi Realty,0.9,Tier1,1,PKAR96710,5,"Indoor Games Room, 24/7 Security, Jogging Track, Landscaped Garden, Swimming Pool",17165.0,22346.0,46387236.0,0.055,2551298.0,30000.0,73781.0,1.91,1,0
102323,Bangalore,Malleshwaram,560003,premium,0.61,3,1035.0,20,Regional Builders Ltd,0.5,Tier3,0,,10,"Children's Play Area, 24/7 Security, Swimming Pool, Visitor Parking, Jogging Track, Clubhouse, Landscaped Garden, CCTV, Indoor Games Room, Gymnasium",17515.0,21889.0,22654544.0,0.055,1246000.0,30000.0,34328.0,1.82,0,1
102324,Bangalore,Malleshwaram,560003,premium,0.4,4,1926.7,12,Runwal Group,0.78,Tier2,1,PKAR73064,7,"Children's Play Area, Clubhouse, Lift, Gymnasium, CCTV, Power Backup, Indoor Games Room",16069.0,21737.0,41881194.0,0.055,2303466.0,30000.0,47967.0,1.37,1,1
102325,Bangalore,Malleshwaram,560003,premium,0.7,2,927.3,8,Puravankara,0.8,Tier2,1,PKAR35769,3,"Power Backup, Indoor Games Room, CCTV",19109.0,24673.0,22879869.0,0.055,1258393.0,30000.0,34802.0,1.83,0,0
102326,Bangalore,Malleshwaram,560003,premium,0.52,1,453.7,3,Lodha Group,0.95,Tier1,1,PKAR45590,5,"Visitor Parking, Power Backup, Clubhouse, Jogging Track, CCTV",18798.0,28420.0,12894290.0,0.055,709186.0,30000.0,19801.0,1.84,1,0
102327,Bangalore,Malleshwaram,560003,premium,0.6,3,986.1,4,Oberoi Realty,0.9,Tier1,1,PKAR35191,6,"Landscaped Garden, Indoor Games Room, Lift, Visitor Parking, CCTV, Gymnasium",19701.0,30155.0,29736431.0,0.055,1635504.0,30000.0,36433.0,1.47,0,1
102328,Bangalore,Malleshwaram,560003,premium,0.68,3,965.5,16,Godrej Properties,0.93,Tier1,1,PKAR69851,3,"Swimming Pool, Power Backup, CCTV",16619.0,20503.0,19795564.0,0.055,1088756.0,30000.0,32338.0,1.96,0,0
102329,Bangalore,Malleshwaram,560003,premium,0.82,3,1117.2,21,Sobha Ltd,0.91,Tier1,1,PKAR33394,12,"24/7 Security, Gymnasium, CCTV, Children's Play Area, Lift, Indoor Games Room, Power Backup, Visitor Parking, Clubhouse, Jogging Track, Swimming Pool, Landscaped Garden",18228.0,27692.0,30936693.0,0.055,1701518.0,30000.0,49500.0,1.92,0,1
102330,Bangalore,Malleshwaram,560003,premium,0.69,4,1713.0,24,Lodha Group,0.95,Tier1,1,PKAR42586,11,"Indoor Games Room, Jogging Track, 24/7 Security, Gymnasium, Children's Play Area, Lift, Clubhouse, Power Backup, Swimming Pool, Visitor Parking, CCTV",17354.0,23002.0,39403878.0,0.055,2167213.0,30000.0,59105.0,1.8,0,1
102331,Bangalore,Malleshwaram,560003,premium,0.47,1,468.5,11,Brigade Group,0.88,Tier1,1,PKAR99286,9,"Gymnasium, Power Backup, Visitor Parking, Landscaped Garden, Clubhouse, Indoor Games Room, Lift, Jogging Track, 24/7 Security",17660.0,23379.0,10953085.0,0.055,602420.0,30000.0,21665.0,2.37,1,1
102332,Bangalore,Malleshwaram,560003,premium,0.57,1,477.5,6,Sobha Ltd,0.91,Tier1,1,PKAR34317,5,"Jogging Track, Lift, CCTV, Children's Play Area, Gymnasium",19082.0,26396.0,12604375.0,0.055,693241.0,30000.0,21327.0,2.03,0,0
102333,Bangalore,Malleshwaram,560003,premium,0.54,2,712.5,1,Prestige Group,0.92,Tier1,1,PKAR49155,6,"Swimming Pool, CCTV, Children's Play Area, 24/7 Security, Gymnasium, Power Backup",18997.0,27829.0,19828032.0,0.055,1090542.0,30000.0,23358.0,1.41,0,1
102334,Bangalore,Malleshwaram,560003,premium,0.58,4,1782.6,15,Oberoi Realty,0.9,Tier1,1,PKAR66612,6,"Visitor Parking, Lift, Indoor Games Room, CCTV, Landscaped Garden, Power Backup",14469.0,18868.0,33633851.0,0.055,1849862.0,30000.0,55817.0,1.99,0,1
102335,Bangalore,Malleshwaram,560003,premium,0.7,3,1041.0,2,Brigade Group,0.88,Tier1,1,PKAR97977,6,"Indoor Games Room, Swimming Pool, CCTV, Visitor Parking, Power Backup, 24/7 Security",14882.0,20260.0,21091439.0,0.055,1160029.0,30000.0,39104.0,2.22,0,1
102336,Bangalore,Malleshwaram,560003,premium,0.53,4,1977.4,21,Sobha Ltd,0.91,Tier1,1,PKAR27132,5,"Visitor Parking, Children's Play Area, Clubhouse, Landscaped Garden, Swimming Pool",19455.0,23433.0,46335748.0,0.055,2548466.0,30000.0,83100.0,2.15,0,0
102337,Bangalore,Malleshwaram,560003,premium,0.63,2,714.1,23,Regional Builders Ltd,0.5,Tier3,0,,4,"Children's Play Area, CCTV, Indoor Games Room, Landscaped Garden",17840.0,20044.0,14314028.0,0.055,787272.0,30000.0,24422.0,2.05,1,0
102338,Bangalore,Malleshwaram,560003,premium,0.52,4,2117.5,16,Regional Builders Ltd,0.5,Tier3,1,PKAR74060,7,"Power Backup, Indoor Games Room, Children's Play Area, Swimming Pool, Clubhouse, Landscaped Garden, 24/7 Security",17148.0,20116.0,42595896.0,0.055,2342774.0,30000.0,88390.0,2.49,1,1
102339,Bangalore,Malleshwaram,560003,premium,0.48,3,1139.2,14,Brigade Group,0.88,Tier1,1,PKAR12299,3,"Gymnasium, Lift, Power Backup",15124.0,19184.0,21855368.0,0.055,1202045.0,30000.0,33710.0,1.85,0,0
102340,Bangalore,Malleshwaram,560003,premium,0.73,2,872.0,9,Runwal Group,0.78,Tier2,1,PKAR28235,7,"CCTV, Swimming Pool, Visitor Parking, Jogging Track, Lift, Power Backup, Landscaped Garden",18204.0,24558.0,21414644.0,0.055,1177805.0,30000.0,33930.0,1.9,1,1
102341,Bangalore,Malleshwaram,560003,premium,0.95,2,947.8,1,Regional Builders Ltd,0.5,Tier3,1,PKAR41842,7,"Jogging Track, Children's Play Area, Power Backup, Indoor Games Room, Landscaped Garden, 24/7 Security, Gymnasium",14165.0,17399.0,16491537.0,0.055,907035.0,30000.0,26902.0,1.96,0,1
102342,Bangalore,Malleshwaram,560003,premium,0.72,2,683.2,11,Brigade Group,0.88,Tier1,1,PKAR49506,10,"Indoor Games Room, Clubhouse, Lift, Children's Play Area, CCTV, Visitor Parking, Gymnasium, Landscaped Garden, Power Backup, 24/7 Security",16256.0,21780.0,14880367.0,0.055,818420.0,30000.0,27220.0,2.2,1,1
102343,Bangalore,Malleshwaram,560003,premium,0.62,3,1081.3,3,Lodha Group,0.95,Tier1,1,PKAR21819,10,"Children's Play Area, Landscaped Garden, Gymnasium, Visitor Parking, CCTV, Swimming Pool, Jogging Track, Lift, Clubhouse, Power Backup",15336.0,23974.0,25923074.0,0.055,1425769.0,30000.0,28239.0,1.31,1,1
102344,Bangalore,Malleshwaram,560003,premium,0.61,2,673.4,13,Local Developer Co,0.55,Tier3,1,PKAR35073,12,"Gymnasium, Jogging Track, Power Backup, Landscaped Garden, Children's Play Area, Clubhouse, Visitor Parking, Lift, CCTV, Swimming Pool, Indoor Games Room, 24/7 Security",18214.0,24317.0,16375571.0,0.055,900656.0,30000.0,19638.0,1.44,0,1
102345,Bangalore,Malleshwaram,560003,premium,0.51,2,666.5,19,Regional Builders Ltd,0.5,Tier3,1,PKAR36353,11,"Gymnasium, Lift, Jogging Track, Clubhouse, CCTV, Swimming Pool, Landscaped Garden, 24/7 Security, Power Backup, Children's Play Area, Indoor Games Room",19958.0,24386.0,16253685.0,0.055,893953.0,30000.0,26852.0,1.98,0,1
102346,Bangalore,Malleshwaram,560003,premium,0.66,1,501.0,0,Prestige Group,0.92,Tier1,1,PKAR56159,11,"CCTV, Landscaped Garden, Power Backup, Clubhouse, Indoor Games Room, Lift, Visitor Parking, Jogging Track, Gymnasium, Children's Play Area, 24/7 Security",19667.0,29569.0,14814227.0,0.055,814783.0,30000.0,23695.0,1.92,1,1
102347,Bangalore,Malleshwaram,560003,premium,0.57,2,783.8,20,Godrej Properties,0.93,Tier1,1,PKAR50463,7,"Swimming Pool, Indoor Games Room, Landscaped Garden, Gymnasium, Power Backup, Lift, Children's Play Area",16364.0,20843.0,16336283.0,0.055,898496.0,30000.0,30812.0,2.26,0,1
102348,Bangalore,Malleshwaram,560003,premium,0.48,2,878.8,17,Regional Builders Ltd,0.5,Tier3,0,,10,"Power Backup, Clubhouse, Swimming Pool, CCTV, Children's Play Area, 24/7 Security, Gymnasium, Lift, Landscaped Garden, Jogging Track",17451.0,21597.0,18980785.0,0.055,1043943.0,30000.0,26565.0,1.68,1,1
102349,Bangalore,Malleshwaram,560003,premium,0.64,3,960.7,17,Local Developer Co,0.55,Tier3,1,PKAR91278,12,"Lift, CCTV, Indoor Games Room, 24/7 Security, Gymnasium, Clubhouse, Visitor Parking, Jogging Track, Children's Play Area, Swimming Pool, Power Backup, Landscaped Garden",18595.0,22073.0,21204416.0,0.055,1166243.0,30000.0,33347.0,1.89,1,1
102350,Bangalore,Malleshwaram,560003,premium,0.61,3,1019.4,14,Puravankara,0.8,Tier2,1,PKAR38115,9,"Landscaped Garden, CCTV, 24/7 Security, Power Backup, Clubhouse, Visitor Parking, Indoor Games Room, Gymnasium, Swimming Pool",18252.0,22656.0,23094525.0,0.055,1270199.0,30000.0,51473.0,2.67,0,1
102351,Bangalore,Malleshwaram,560003,premium,0.74,3,1079.8,15,Godrej Properties,0.93,Tier1,1,PKAR86495,8,"Jogging Track, Gymnasium, CCTV, Landscaped Garden, Swimming Pool, Clubhouse, Children's Play Area, 24/7 Security",17697.0,24610.0,26573581.0,0.055,1461547.0,30000.0,34131.0,1.54,1,1
102352,Bangalore,Malleshwaram,560003,premium,0.41,4,2116.7,2,Prestige Group,0.92,Tier1,1,PKAR64623,11,"24/7 Security, CCTV, Children's Play Area, Visitor Parking, Jogging Track, Power Backup, Indoor Games Room, Landscaped Garden, Swimming Pool, Lift, Clubhouse",19067.0,30402.0,64352156.0,0.055,3539369.0,30000.0,93382.0,1.74,1,1
102353,Bangalore,Malleshwaram,560003,premium,0.9,1,534.3,5,Sobha Ltd,0.91,Tier1,1,PKAR54923,11,"Power Backup, Jogging Track, Visitor Parking, 24/7 Security, Clubhouse, Indoor Games Room, Gymnasium, Swimming Pool, Lift, CCTV, Landscaped Garden",19717.0,31762.0,16969722.0,0.055,933335.0,30000.0,24958.0,1.76,1,1
102354,Bangalore,Malleshwaram,560003,premium,0.46,1,470.9,14,Oberoi Realty,0.9,Tier1,1,PKAR46743,6,"Children's Play Area, Gymnasium, Jogging Track, Lift, Swimming Pool, Clubhouse",17825.0,22174.0,10442232.0,0.055,574323.0,30000.0,22284.0,2.56,0,1
102355,Bangalore,Malleshwaram,560003,premium,0.86,2,689.8,6,Runwal Group,0.78,Tier2,1,PKAR91198,6,"Lift, Indoor Games Room, Jogging Track, Children's Play Area, Power Backup, Clubhouse",15353.0,19727.0,13607547.0,0.055,748415.0,30000.0,20850.0,1.84,1,1
102356,Bangalore,Malleshwaram,560003,premium,0.42,2,793.6,19,Prestige Group,0.92,Tier1,1,PKAR95608,8,"Landscaped Garden, Lift, Indoor Games Room, 24/7 Security, Swimming Pool, Clubhouse, Gymnasium, Power Backup",15166.0,19709.0,15640438.0,0.055,860224.0,30000.0,21333.0,1.64,0,1
102357,Bangalore,Malleshwaram,560003,premium,0.67,2,839.0,17,Puravankara,0.8,Tier2,1,PKAR89277,11,"Jogging Track, Swimming Pool, Power Backup, Lift, Landscaped Garden, Visitor Parking, Clubhouse, Gymnasium, 24/7 Security, Children's Play Area, Indoor Games Room",16664.0,22116.0,18555418.0,0.055,1020548.0,30000.0,29163.0,1.89,0,1
102358,Bangalore,Malleshwaram,560003,premium,0.7,4,2104.6,20,Godrej Properties,0.93,Tier1,1,PKAR45299,7,"Clubhouse, Swimming Pool, Children's Play Area, Power Backup, Gymnasium, Lift, Visitor Parking",15319.0,20945.0,44079018.0,0.055,2424346.0,30000.0,56634.0,1.54,1,1
102359,Bangalore,Malleshwaram,560003,premium,0.56,3,1016.3,0,Oberoi Realty,0.9,Tier1,1,PKAR56716,7,"Children's Play Area, Indoor Games Room, Lift, Power Backup, Landscaped Garden, Jogging Track, Clubhouse",15172.0,23112.0,23488606.0,0.055,1291873.0,30000.0,30713.0,1.57,0,1
102360,Bangalore,Malleshwaram,560003,premium,0.59,1,437.1,6,Regional Builders Ltd,0.5,Tier3,0,,12,"Landscaped Garden, 24/7 Security, Children's Play Area, Lift, Swimming Pool, Jogging Track, Indoor Games Room, Gymnasium, Clubhouse, Visitor Parking, Power Backup, CCTV",16682.0,21989.0,9611757.0,0.055,528647.0,30000.0,16405.0,2.05,0,1
102361,Bangalore,Malleshwaram,560003,premium,0.37,2,915.2,20,Oberoi Realty,0.9,Tier1,1,PKAR33990,5,"Landscaped Garden, CCTV, Children's Play Area, Visitor Parking, Indoor Games Room",17494.0,20651.0,18900890.0,0.055,1039549.0,30000.0,31690.0,2.01,1,0
102362,Bangalore,Malleshwaram,560003,premium,0.77,3,1032.9,12,Runwal Group,0.78,Tier2,1,PKAR90314,5,"Gymnasium, Lift, Clubhouse, Indoor Games Room, Power Backup",17885.0,22475.0,23214134.0,0.055,1276777.0,30000.0,28296.0,1.46,1,0
102363,Bangalore,Malleshwaram,560003,premium,0.38,2,887.6,23,Godrej Properties,0.93,Tier1,1,PKAR15387,7,"Visitor Parking, Lift, Landscaped Garden, Jogging Track, Children's Play Area, Swimming Pool, Power Backup",16034.0,20234.0,17959141.0,0.055,987753.0,30000.0,28180.0,1.88,1,1
102364,Bangalore,Malleshwaram,560003,premium,0.54,3,1017.0,5,Kolte-Patil,0.82,Tier2,1,PKAR92871,8,"Swimming Pool, Jogging Track, Landscaped Garden, Gymnasium, Clubhouse, Indoor Games Room, CCTV, Visitor Parking",18557.0,26393.0,26841595.0,0.055,1476288.0,30000.0,49189.0,2.2,1,1
102365,Bangalore,Malleshwaram,560003,premium,0.5,3,1271.0,10,Godrej Properties,0.93,Tier1,1,PKAR62640,9,"Swimming Pool, Jogging Track, Gymnasium, Power Backup, Clubhouse, Lift, Visitor Parking, Landscaped Garden, CCTV",16552.0,26317.0,33447847.0,0.055,1839632.0,30000.0,60280.0,2.16,0,1
102366,Bangalore,Malleshwaram,560003,premium,0.76,1,437.6,13,Godrej Properties,0.93,Tier1,1,PKAR61544,5,"Landscaped Garden, Children's Play Area, CCTV, Swimming Pool, Visitor Parking",17146.0,20872.0,9134559.0,0.055,502401.0,30000.0,11531.0,1.51,1,0
102367,Bangalore,Malleshwaram,560003,premium,0.74,4,1849.3,3,Oberoi Realty,0.9,Tier1,1,PKAR77394,5,"Power Backup, Children's Play Area, Gymnasium, Clubhouse, Landscaped Garden",18734.0,24928.0,46099250.0,0.055,2535459.0,30000.0,55217.0,1.44,1,0
102368,Bangalore,Malleshwaram,560003,premium,0.7,2,722.3,3,Runwal Group,0.78,Tier2,1,PKAR12029,4,"Landscaped Garden, Children's Play Area, Power Backup, Gymnasium",14288.0,17725.0,12803602.0,0.055,704198.0,30000.0,18439.0,1.73,0,0
102369,Bangalore,Malleshwaram,560003,premium,0.68,4,1743.1,7,Kolte-Patil,0.82,Tier2,1,PKAR74714,11,"Lift, Indoor Games Room, 24/7 Security, Landscaped Garden, Clubhouse, Swimming Pool, Visitor Parking, Gymnasium, Jogging Track, Children's Play Area, CCTV",19115.0,29285.0,51047265.0,0.055,2807600.0,30000.0,91731.0,2.16,1,1
102370,Bangalore,Malleshwaram,560003,premium,0.52,1,480.3,9,Brigade Group,0.88,Tier1,1,PKAR73305,8,"Lift, CCTV, Indoor Games Room, Clubhouse, Jogging Track, Power Backup, Landscaped Garden, Visitor Parking",19757.0,27905.0,13402484.0,0.055,737137.0,30000.0,23178.0,2.08,0,1
102371,Bangalore,Malleshwaram,560003,premium,0.7,3,996.6,16,Brigade Group,0.88,Tier1,1,PKAR63504,7,"CCTV, Swimming Pool, Jogging Track, 24/7 Security, Visitor Parking, Lift, Gymnasium",14851.0,20915.0,20844107.0,0.055,1146426.0,30000.0,40141.0,2.31,1,1
102372,Bangalore,Malleshwaram,560003,premium,0.65,2,856.5,19,Regional Builders Ltd,0.5,Tier3,1,PKAR19128,4,"CCTV, Swimming Pool, Gymnasium, Visitor Parking",18259.0,19784.0,16943957.0,0.055,931918.0,30000.0,28207.0,2.0,0,0
102373,Bangalore,Malleshwaram,560003,premium,0.56,2,847.3,4,Prestige Group,0.92,Tier1,1,PKAR33878,6,"24/7 Security, Gymnasium, Clubhouse, Swimming Pool, Visitor Parking, Jogging Track",18826.0,25073.0,21243391.0,0.055,1168387.0,30000.0,29477.0,1.67,0,1
102374,Bangalore,Malleshwaram,560003,premium,0.38,1,517.5,9,Regional Builders Ltd,0.5,Tier3,1,PKAR95795,4,"Lift, Indoor Games Room, Power Backup, CCTV",17589.0,19533.0,10107447.0,0.055,555910.0,30000.0,16781.0,1.99,0,0
102375,Bangalore,Malleshwaram,560003,premium,0.47,3,1078.3,4,Local Developer Co,0.55,Tier3,0,,11,"CCTV, Jogging Track, 24/7 Security, Indoor Games Room, Clubhouse, Gymnasium, Children's Play Area, Lift, Power Backup, Visitor Parking, Landscaped Garden",17111.0,23619.0,25467433.0,0.055,1400709.0,30000.0,42040.0,1.98,1,1
102376,Bangalore,Malleshwaram,560003,premium,0.73,3,1325.8,23,Brigade Group,0.88,Tier1,1,PKAR47187,10,"Indoor Games Room, 24/7 Security, Landscaped Garden, Clubhouse, Gymnasium, CCTV, Swimming Pool, Jogging Track, Visitor Parking, Power Backup",18456.0,25992.0,34459000.0,0.055,1895245.0,30000.0,56968.0,1.98,1,1
102377,Bangalore,Malleshwaram,560003,premium,0.6,3,1128.5,2,Brigade Group,0.88,Tier1,1,PKAR11588,6,"Children's Play Area, Clubhouse, Jogging Track, Swimming Pool, 24/7 Security, Lift",19690.0,26297.0,29676787.0,0.055,1632223.0,30000.0,70900.0,2.87,0,1
102378,Bangalore,Malleshwaram,560003,premium,0.66,1,473.0,14,Lodha Group,0.95,Tier1,1,PKAR25471,8,"Landscaped Garden, Gymnasium, 24/7 Security, CCTV, Children's Play Area, Jogging Track, Clubhouse, Visitor Parking",15089.0,22254.0,10525360.0,0.055,578895.0,30000.0,19472.0,2.22,1,1
102379,Bangalore,Malleshwaram,560003,premium,0.58,3,1120.9,0,Puravankara,0.8,Tier2,1,PKAR42170,8,"Power Backup, Lift, Clubhouse, Jogging Track, Visitor Parking, Gymnasium, 24/7 Security, Children's Play Area",18687.0,27402.0,30716335.0,0.055,1689398.0,30000.0,48292.0,1.89,1,1
102380,Bangalore,Malleshwaram,560003,premium,0.55,1,470.4,6,Sobha Ltd,0.91,Tier1,1,PKAR78491,3,"Children's Play Area, Power Backup, Clubhouse",16215.0,19637.0,9236126.0,0.055,507987.0,30000.0,16447.0,2.14,1,0
102381,Bangalore,Malleshwaram,560003,premium,0.54,2,774.8,5,Prestige Group,0.92,Tier1,1,PKAR49743,5,"Clubhouse, Power Backup, Visitor Parking, 24/7 Security, Jogging Track",14134.0,19486.0,15098674.0,0.055,830427.0,30000.0,24841.0,1.97,1,0
102382,Bangalore,Malleshwaram,560003,premium,0.71,1,525.3,24,Local Developer Co,0.55,Tier3,1,PKAR80937,6,"Gymnasium, CCTV, Swimming Pool, Power Backup, Children's Play Area, Clubhouse",14367.0,15705.0,8249897.0,0.055,453744.0,30000.0,13601.0,1.98,1,1
102383,Bangalore,Malleshwaram,560003,premium,0.55,2,733.5,12,Puravankara,0.8,Tier2,1,PKAR54944,10,"Indoor Games Room, CCTV, Jogging Track, Swimming Pool, Landscaped Garden, Clubhouse, 24/7 Security, Children's Play Area, Gymnasium, Lift",16561.0,23573.0,17290106.0,0.055,950956.0,30000.0,28956.0,2.01,1,1
102384,Bangalore,Malleshwaram,560003,premium,0.5,1,542.1,17,Puravankara,0.8,Tier2,1,PKAR82925,10,"Lift, Power Backup, Jogging Track, Landscaped Garden, Visitor Parking, 24/7 Security, Clubhouse, Gymnasium, CCTV, Swimming Pool",15936.0,20706.0,11225695.0,0.055,617413.0,30000.0,15342.0,1.64,1,1
102385,Bangalore,Malleshwaram,560003,premium,0.61,1,426.5,0,Godrej Properties,0.93,Tier1,1,PKAR37371,7,"Visitor Parking, Clubhouse, Children's Play Area, Lift, Gymnasium, CCTV, Swimming Pool",17094.0,26429.0,11272649.0,0.055,619996.0,30000.0,14923.0,1.59,1,1
102386,Bangalore,Malleshwaram,560003,premium,0.41,1,524.7,10,Sobha Ltd,0.91,Tier1,1,PKAR57454,5,"Visitor Parking, Power Backup, Children's Play Area, Indoor Games Room, Clubhouse",18479.0,23946.0,12565504.0,0.055,691103.0,30000.0,20915.0,2.0,1,0
102387,Bangalore,Malleshwaram,560003,premium,0.48,2,862.2,22,Brigade Group,0.88,Tier1,1,PKAR47451,4,"CCTV, Landscaped Garden, Power Backup, 24/7 Security",18536.0,20992.0,18098792.0,0.055,995434.0,30000.0,28962.0,1.92,1,0
102388,Bangalore,Malleshwaram,560003,premium,0.82,2,786.9,13,Sobha Ltd,0.91,Tier1,1,PKAR64897,4,"24/7 Security, CCTV, Power Backup, Lift",19370.0,24481.0,19263142.0,0.055,1059473.0,30000.0,29331.0,1.83,0,0
102389,Bangalore,Malleshwaram,560003,premium,0.71,3,1102.6,5,Prestige Group,0.92,Tier1,1,PKAR53282,4,"CCTV, Children's Play Area, Power Backup, Swimming Pool",17556.0,22401.0,24700609.0,0.055,1358533.0,30000.0,34837.0,1.69,1,0
102390,Bangalore,Malleshwaram,560003,premium,0.4,3,1244.2,18,Brigade Group,0.88,Tier1,1,PKAR10747,12,"Jogging Track, Visitor Parking, 24/7 Security, CCTV, Clubhouse, Power Backup, Indoor Games Room, Landscaped Garden, Lift, Gymnasium, Swimming Pool, Children's Play Area",19271.0,26083.0,32451890.0,0.055,1784854.0,30000.0,52713.0,1.95,1,1
102391,Bangalore,Malleshwaram,560003,premium,0.64,2,794.4,8,Regional Builders Ltd,0.5,Tier3,1,PKAR29346,4,"Indoor Games Room, Swimming Pool, Children's Play Area, Gymnasium",17941.0,20569.0,16340680.0,0.055,898737.0,30000.0,23373.0,1.72,1,0
102392,Bangalore,Malleshwaram,560003,premium,0.69,3,988.1,4,Lodha Group,0.95,Tier1,1,PKAR70458,3,"Lift, Landscaped Garden, Visitor Parking",17562.0,21152.0,20899162.0,0.055,1149454.0,30000.0,30420.0,1.75,0,0
102393,Bangalore,Malleshwaram,560003,premium,0.74,1,461.7,4,Regional Builders Ltd,0.5,Tier3,1,PKAR83513,5,"Lift, Indoor Games Room, Swimming Pool, 24/7 Security, Power Backup",16637.0,19662.0,9077094.0,0.055,499240.0,30000.0,13842.0,1.83,0,0
102394,Bangalore,Malleshwaram,560003,premium,0.42,3,1261.1,4,Local Developer Co,0.55,Tier3,1,PKAR78072,6,"CCTV, Gymnasium, Jogging Track, Children's Play Area, Lift, Power Backup",14493.0,19334.0,24380935.0,0.055,1340951.0,30000.0,36748.0,1.81,1,1
102395,Bangalore,Malleshwaram,560003,premium,0.75,2,677.9,9,Brigade Group,0.88,Tier1,1,PKAR79389,7,"Clubhouse, CCTV, Swimming Pool, 24/7 Security, Indoor Games Room, Visitor Parking, Jogging Track",16297.0,21466.0,14551876.0,0.055,800353.0,30000.0,23180.0,1.91,1,1
102396,Bangalore,Malleshwaram,560003,premium,0.62,3,1234.7,8,Oberoi Realty,0.9,Tier1,1,PKAR92089,4,"Lift, CCTV, Landscaped Garden, Children's Play Area",18208.0,23873.0,29476724.0,0.055,1621220.0,30000.0,43785.0,1.78,1,0
102397,Bangalore,Malleshwaram,560003,premium,0.81,3,1328.9,1,Puravankara,0.8,Tier2,1,PKAR63256,5,"Children's Play Area, Clubhouse, Visitor Parking, Gymnasium, Indoor Games Room",17915.0,23291.0,30952130.0,0.055,1702367.0,30000.0,53305.0,2.07,0,0
102398,Bangalore,Malleshwaram,560003,premium,0.82,4,1606.2,17,Runwal Group,0.78,Tier2,1,PKAR28515,8,"CCTV, 24/7 Security, Swimming Pool, Indoor Games Room, Power Backup, Landscaped Garden, Gymnasium, Visitor Parking",15364.0,18720.0,30069135.0,0.055,1653802.0,30000.0,53080.0,2.12,1,1
102399,Bangalore,Malleshwaram,560003,premium,0.57,2,836.2,6,Godrej Properties,0.93,Tier1,1,PKAR90755,7,"Landscaped Garden, Clubhouse, Indoor Games Room, CCTV, 24/7 Security, Swimming Pool, Jogging Track",16456.0,22801.0,19066477.0,0.055,1048656.0,30000.0,23263.0,1.46,1,1
102400,Bangalore,Malleshwaram,560003,premium,0.24,3,1215.7,23,Prestige Group,0.92,Tier1,1,PKAR86492,3,"Jogging Track, Landscaped Garden, Gymnasium",14492.0,16309.0,19827147.0,0.055,1090493.0,30000.0,24699.0,1.49,0,0
